run_id,domain,task_set_name,task_split_name,task_id,shard_id,shard_index,task_index,status,attempts,save_to,result_path,failure_type,updated_at
tau2_airline_retail_full_telecom_base_glm5_no_thinking,airline,airline,none,0,airline_0000,0,0,passed,1,tau2_airline_retail_full_telecom_base_glm5_no_thinking_airline_0000,C:\Users\86132\Desktop\SafeDesk\benchmarks\tau2-bench\data\simulations\tau2_airline_retail_full_telecom_base_glm5_no_thinking_airline_0000\results.json,,2026-07-11T23:16:47
tau2_airline_retail_full_telecom_base_glm5_no_thinking,airline,airline,none,1,airline_0000,0,1,passed,1,tau2_airline_retail_full_telecom_base_glm5_no_thinking_airline_0000,C:\Users\86132\Desktop\SafeDesk\benchmarks\tau2-bench\data\simulations\tau2_airline_retail_full_telecom_base_glm5_no_thinking_airline_0000\results.json,,2026-07-11T23:16:47
tau2_airline_retail_full_telecom_base_glm5_no_thinking,airline,airline,none,2,airline_0000,0,2,passed,1,tau2_airline_retail_full_telecom_base_glm5_no_thinking_airline_0000,C:\Users\86132\Desktop\SafeDesk\benchmarks\tau2-bench\data\simulations\tau2_airline_retail_full_telecom_base_glm5_no_thinking_airline_0000\results.json,,2026-07-11T23:16:47
tau2_airline_retail_full_telecom_base_glm5_no_thinking,airline,airline,none,3,airline_0000,0,3,passed,1,tau2_airline_retail_full_telecom_base_glm5_no_thinking_airline_0000,C:\Users\86132\Desktop\SafeDesk\benchmarks\tau2-bench\data\simulations\tau2_airline_retail_full_telecom_base_glm5_no_thinking_airline_0000\results.json,,2026-07-11T23:16:47
tau2_airline_retail_full_telecom_base_glm5_no_thinking,airline,airline,none,4,airline_0000,0,4,passed,1,tau2_airline_retail_full_telecom_base_glm5_no_thinking_airline_0000,C:\Users\86132\Desktop\SafeDesk\benchmarks\tau2-bench\data\simulations\tau2_airline_retail_full_telecom_base_glm5_no_thinking_airline_0000\results.json,,2026-07-11T23:16:47
tau2_airline_retail_full_telecom_base_glm5_no_thinking,airline,airline,none,5,airline_0000,0,5,passed,1,tau2_airline_retail_full_telecom_base_glm5_no_thinking_airline_0000,C:\Users\86132\Desktop\SafeDesk\benchmarks\tau2-bench\data\simulations\tau2_airline_retail_full_telecom_base_glm5_no_thinking_airline_0000\results.json,,2026-07-11T23:16:47
tau2_airline_retail_full_telecom_base_glm5_no_thinking,airline,airline,none,6,airline_0000,0,6,passed,1,tau2_airline_retail_full_telecom_base_glm5_no_thinking_airline_0000,C:\Users\86132\Desktop\SafeDesk\benchmarks\tau2-bench\data\simulations\tau2_airline_retail_full_telecom_base_glm5_no_thinking_airline_0000\results.json,,2026-07-11T23:16:47
tau2_airline_retail_full_telecom_base_glm5_no_thinking,airline,airline,none,7,airline_0000,0,7,failed_model,1,tau2_airline_retail_full_telecom_base_glm5_no_thinking_airline_0000,C:\Users\86132\Desktop\SafeDesk\benchmarks\tau2-bench\data\simulations\tau2_airline_retail_full_telecom_base_glm5_no_thinking_airline_0000\results.json,model_failure,2026-07-11T23:16:47
tau2_airline_retail_full_telecom_base_glm5_no_thinking,airline,airline,none,8,airline_0000,0,8,passed,1,tau2_airline_retail_full_telecom_base_glm5_no_thinking_airline_0000,C:\Users\86132\Desktop\SafeDesk\benchmarks\tau2-bench\data\simulations\tau2_airline_retail_full_telecom_base_glm5_no_thinking_airline_0000\results.json,,2026-07-11T23:16:47
tau2_airline_retail_full_telecom_base_glm5_no_thinking,airline,airline,none,9,airline_0000,0,9,failed_model,1,tau2_airline_retail_full_telecom_base_glm5_no_thinking_airline_0000,C:\Users\86132\Desktop\SafeDesk\benchmarks\tau2-bench\data\simulations\tau2_airline_retail_full_telecom_base_glm5_no_thinking_airline_0000\results.json,model_failure,2026-07-11T23:16:47
tau2_airline_retail_full_telecom_base_glm5_no_thinking,airline,airline,none,10,airline_0001,1,0,passed,1,tau2_airline_retail_full_telecom_base_glm5_no_thinking_airline_0001,C:\Users\86132\Desktop\SafeDesk\benchmarks\tau2-bench\data\simulations\tau2_airline_retail_full_telecom_base_glm5_no_thinking_airline_0001\results.json,,2026-07-11T23:16:47
tau2_airline_retail_full_telecom_base_glm5_no_thinking,airline,airline,none,11,airline_0001,1,1,failed_model,1,tau2_airline_retail_full_telecom_base_glm5_no_thinking_airline_0001,C:\Users\86132\Desktop\SafeDesk\benchmarks\tau2-bench\data\simulations\tau2_airline_retail_full_telecom_base_glm5_no_thinking_airline_0001\results.json,model_failure,2026-07-11T23:16:47
tau2_airline_retail_full_telecom_base_glm5_no_thinking,airline,airline,none,12,airline_0001,1,2,passed,1,tau2_airline_retail_full_telecom_base_glm5_no_thinking_airline_0001,C:\Users\86132\Desktop\SafeDesk\benchmarks\tau2-bench\data\simulations\tau2_airline_retail_full_telecom_base_glm5_no_thinking_airline_0001\results.json,,2026-07-11T23:16:47
tau2_airline_retail_full_telecom_base_glm5_no_thinking,airline,airline,none,13,airline_0001,1,3,passed,1,tau2_airline_retail_full_telecom_base_glm5_no_thinking_airline_0001,C:\Users\86132\Desktop\SafeDesk\benchmarks\tau2-bench\data\simulations\tau2_airline_retail_full_telecom_base_glm5_no_thinking_airline_0001\results.json,,2026-07-11T23:16:47
tau2_airline_retail_full_telecom_base_glm5_no_thinking,airline,airline,none,14,airline_0001,1,4,failed_model,1,tau2_airline_retail_full_telecom_base_glm5_no_thinking_airline_0001,C:\Users\86132\Desktop\SafeDesk\benchmarks\tau2-bench\data\simulations\tau2_airline_retail_full_telecom_base_glm5_no_thinking_airline_0001\results.json,model_failure,2026-07-11T23:16:47
tau2_airline_retail_full_telecom_base_glm5_no_thinking,airline,airline,none,15,airline_0001,1,5,failed_model,1,tau2_airline_retail_full_telecom_base_glm5_no_thinking_airline_0001,C:\Users\86132\Desktop\SafeDesk\benchmarks\tau2-bench\data\simulations\tau2_airline_retail_full_telecom_base_glm5_no_thinking_airline_0001\results.json,model_failure,2026-07-11T23:16:47
tau2_airline_retail_full_telecom_base_glm5_no_thinking,airline,airline,none,16,airline_0001,1,6,failed_model,1,tau2_airline_retail_full_telecom_base_glm5_no_thinking_airline_0001,C:\Users\86132\Desktop\SafeDesk\benchmarks\tau2-bench\data\simulations\tau2_airline_retail_full_telecom_base_glm5_no_thinking_airline_0001\results.json,model_failure,2026-07-11T23:16:47
tau2_airline_retail_full_telecom_base_glm5_no_thinking,airline,airline,none,17,airline_0001,1,7,failed_model,1,tau2_airline_retail_full_telecom_base_glm5_no_thinking_airline_0001,C:\Users\86132\Desktop\SafeDesk\benchmarks\tau2-bench\data\simulations\tau2_airline_retail_full_telecom_base_glm5_no_thinking_airline_0001\results.json,model_failure,2026-07-11T23:16:47
tau2_airline_retail_full_telecom_base_glm5_no_thinking,airline,airline,none,18,airline_0001,1,8,failed_model,1,tau2_airline_retail_full_telecom_base_glm5_no_thinking_airline_0001,C:\Users\86132\Desktop\SafeDesk\benchmarks\tau2-bench\data\simulations\tau2_airline_retail_full_telecom_base_glm5_no_thinking_airline_0001\results.json,model_failure,2026-07-11T23:16:47
tau2_airline_retail_full_telecom_base_glm5_no_thinking,airline,airline,none,19,airline_0001,1,9,passed,1,tau2_airline_retail_full_telecom_base_glm5_no_thinking_airline_0001,C:\Users\86132\Desktop\SafeDesk\benchmarks\tau2-bench\data\simulations\tau2_airline_retail_full_telecom_base_glm5_no_thinking_airline_0001\results.json,,2026-07-11T23:16:47
tau2_airline_retail_full_telecom_base_glm5_no_thinking,airline,airline,none,20,airline_0002,2,0,passed,1,tau2_airline_retail_full_telecom_base_glm5_no_thinking_airline_0002,C:\Users\86132\Desktop\SafeDesk\benchmarks\tau2-bench\data\simulations\tau2_airline_retail_full_telecom_base_glm5_no_thinking_airline_0002\results.json,,2026-07-11T23:16:47
tau2_airline_retail_full_telecom_base_glm5_no_thinking,airline,airline,none,21,airline_0002,2,1,failed_model,1,tau2_airline_retail_full_telecom_base_glm5_no_thinking_airline_0002,C:\Users\86132\Desktop\SafeDesk\benchmarks\tau2-bench\data\simulations\tau2_airline_retail_full_telecom_base_glm5_no_thinking_airline_0002\results.json,model_failure,2026-07-11T23:16:47
tau2_airline_retail_full_telecom_base_glm5_no_thinking,airline,airline,none,22,airline_0002,2,2,passed,1,tau2_airline_retail_full_telecom_base_glm5_no_thinking_airline_0002,C:\Users\86132\Desktop\SafeDesk\benchmarks\tau2-bench\data\simulations\tau2_airline_retail_full_telecom_base_glm5_no_thinking_airline_0002\results.json,,2026-07-11T23:16:47
tau2_airline_retail_full_telecom_base_glm5_no_thinking,airline,airline,none,23,airline_0002,2,3,failed_model,1,tau2_airline_retail_full_telecom_base_glm5_no_thinking_airline_0002,C:\Users\86132\Desktop\SafeDesk\benchmarks\tau2-bench\data\simulations\tau2_airline_retail_full_telecom_base_glm5_no_thinking_airline_0002\results.json,model_failure,2026-07-11T23:16:47
tau2_airline_retail_full_telecom_base_glm5_no_thinking,airline,airline,none,24,airline_0002,2,4,failed_model,1,tau2_airline_retail_full_telecom_base_glm5_no_thinking_airline_0002,C:\Users\86132\Desktop\SafeDesk\benchmarks\tau2-bench\data\simulations\tau2_airline_retail_full_telecom_base_glm5_no_thinking_airline_0002\results.json,model_failure,2026-07-11T23:16:47
tau2_airline_retail_full_telecom_base_glm5_no_thinking,airline,airline,none,25,airline_0002,2,5,failed_model,1,tau2_airline_retail_full_telecom_base_glm5_no_thinking_airline_0002,C:\Users\86132\Desktop\SafeDesk\benchmarks\tau2-bench\data\simulations\tau2_airline_retail_full_telecom_base_glm5_no_thinking_airline_0002\results.json,model_failure,2026-07-11T23:16:47
tau2_airline_retail_full_telecom_base_glm5_no_thinking,airline,airline,none,26,airline_0002,2,6,passed,1,tau2_airline_retail_full_telecom_base_glm5_no_thinking_airline_0002,C:\Users\86132\Desktop\SafeDesk\benchmarks\tau2-bench\data\simulations\tau2_airline_retail_full_telecom_base_glm5_no_thinking_airline_0002\results.json,,2026-07-11T23:16:47
tau2_airline_retail_full_telecom_base_glm5_no_thinking,airline,airline,none,27,airline_0002,2,7,passed,1,tau2_airline_retail_full_telecom_base_glm5_no_thinking_airline_0002,C:\Users\86132\Desktop\SafeDesk\benchmarks\tau2-bench\data\simulations\tau2_airline_retail_full_telecom_base_glm5_no_thinking_airline_0002\results.json,,2026-07-11T23:16:47
tau2_airline_retail_full_telecom_base_glm5_no_thinking,airline,airline,none,28,airline_0002,2,8,passed,1,tau2_airline_retail_full_telecom_base_glm5_no_thinking_airline_0002,C:\Users\86132\Desktop\SafeDesk\benchmarks\tau2-bench\data\simulations\tau2_airline_retail_full_telecom_base_glm5_no_thinking_airline_0002\results.json,,2026-07-11T23:16:47
tau2_airline_retail_full_telecom_base_glm5_no_thinking,airline,airline,none,29,airline_0002,2,9,failed_model,1,tau2_airline_retail_full_telecom_base_glm5_no_thinking_airline_0002,C:\Users\86132\Desktop\SafeDesk\benchmarks\tau2-bench\data\simulations\tau2_airline_retail_full_telecom_base_glm5_no_thinking_airline_0002\results.json,model_failure,2026-07-11T23:16:47
tau2_airline_retail_full_telecom_base_glm5_no_thinking,airline,airline,none,30,airline_0003,3,0,passed,2,tau2_airline_retail_full_telecom_base_glm5_no_thinking_airline_0003,C:\Users\86132\Desktop\SafeDesk\benchmarks\tau2-bench\data\simulations\tau2_airline_retail_full_telecom_base_glm5_no_thinking_airline_0003\results.json,,2026-07-11T23:27:35
tau2_airline_retail_full_telecom_base_glm5_no_thinking,airline,airline,none,31,airline_0003,3,1,passed,2,tau2_airline_retail_full_telecom_base_glm5_no_thinking_airline_0003,C:\Users\86132\Desktop\SafeDesk\benchmarks\tau2-bench\data\simulations\tau2_airline_retail_full_telecom_base_glm5_no_thinking_airline_0003\results.json,,2026-07-11T23:27:35
tau2_airline_retail_full_telecom_base_glm5_no_thinking,airline,airline,none,32,airline_0003,3,2,failed_model,2,tau2_airline_retail_full_telecom_base_glm5_no_thinking_airline_0003,C:\Users\86132\Desktop\SafeDesk\benchmarks\tau2-bench\data\simulations\tau2_airline_retail_full_telecom_base_glm5_no_thinking_airline_0003\results.json,model_failure,2026-07-11T23:27:35
tau2_airline_retail_full_telecom_base_glm5_no_thinking,airline,airline,none,33,airline_0003,3,3,passed,2,tau2_airline_retail_full_telecom_base_glm5_no_thinking_airline_0003,C:\Users\86132\Desktop\SafeDesk\benchmarks\tau2-bench\data\simulations\tau2_airline_retail_full_telecom_base_glm5_no_thinking_airline_0003\results.json,,2026-07-11T23:27:35
tau2_airline_retail_full_telecom_base_glm5_no_thinking,airline,airline,none,34,airline_0003,3,4,passed,2,tau2_airline_retail_full_telecom_base_glm5_no_thinking_airline_0003,C:\Users\86132\Desktop\SafeDesk\benchmarks\tau2-bench\data\simulations\tau2_airline_retail_full_telecom_base_glm5_no_thinking_airline_0003\results.json,,2026-07-11T23:27:35
tau2_airline_retail_full_telecom_base_glm5_no_thinking,airline,airline,none,35,airline_0003,3,5,failed_model,2,tau2_airline_retail_full_telecom_base_glm5_no_thinking_airline_0003,C:\Users\86132\Desktop\SafeDesk\benchmarks\tau2-bench\data\simulations\tau2_airline_retail_full_telecom_base_glm5_no_thinking_airline_0003\results.json,model_failure,2026-07-11T23:27:35
tau2_airline_retail_full_telecom_base_glm5_no_thinking,airline,airline,none,36,airline_0003,3,6,passed,2,tau2_airline_retail_full_telecom_base_glm5_no_thinking_airline_0003,C:\Users\86132\Desktop\SafeDesk\benchmarks\tau2-bench\data\simulations\tau2_airline_retail_full_telecom_base_glm5_no_thinking_airline_0003\results.json,,2026-07-11T23:27:35
tau2_airline_retail_full_telecom_base_glm5_no_thinking,airline,airline,none,37,airline_0003,3,7,passed,2,tau2_airline_retail_full_telecom_base_glm5_no_thinking_airline_0003,C:\Users\86132\Desktop\SafeDesk\benchmarks\tau2-bench\data\simulations\tau2_airline_retail_full_telecom_base_glm5_no_thinking_airline_0003\results.json,,2026-07-11T23:27:35
tau2_airline_retail_full_telecom_base_glm5_no_thinking,airline,airline,none,38,airline_0003,3,8,failed_model,2,tau2_airline_retail_full_telecom_base_glm5_no_thinking_airline_0003,C:\Users\86132\Desktop\SafeDesk\benchmarks\tau2-bench\data\simulations\tau2_airline_retail_full_telecom_base_glm5_no_thinking_airline_0003\results.json,model_failure,2026-07-11T23:27:35
tau2_airline_retail_full_telecom_base_glm5_no_thinking,airline,airline,none,39,airline_0003,3,9,passed,2,tau2_airline_retail_full_telecom_base_glm5_no_thinking_airline_0003,C:\Users\86132\Desktop\SafeDesk\benchmarks\tau2-bench\data\simulations\tau2_airline_retail_full_telecom_base_glm5_no_thinking_airline_0003\results.json,,2026-07-11T23:27:35
tau2_airline_retail_full_telecom_base_glm5_no_thinking,airline,airline,none,40,airline_0004,4,0,passed,1,tau2_airline_retail_full_telecom_base_glm5_no_thinking_airline_0004,C:\Users\86132\Desktop\SafeDesk\benchmarks\tau2-bench\data\simulations\tau2_airline_retail_full_telecom_base_glm5_no_thinking_airline_0004\results.json,,2026-07-11T23:35:43
tau2_airline_retail_full_telecom_base_glm5_no_thinking,airline,airline,none,41,airline_0004,4,1,failed_model,1,tau2_airline_retail_full_telecom_base_glm5_no_thinking_airline_0004,C:\Users\86132\Desktop\SafeDesk\benchmarks\tau2-bench\data\simulations\tau2_airline_retail_full_telecom_base_glm5_no_thinking_airline_0004\results.json,model_failure,2026-07-11T23:35:43
tau2_airline_retail_full_telecom_base_glm5_no_thinking,airline,airline,none,42,airline_0004,4,2,passed,1,tau2_airline_retail_full_telecom_base_glm5_no_thinking_airline_0004,C:\Users\86132\Desktop\SafeDesk\benchmarks\tau2-bench\data\simulations\tau2_airline_retail_full_telecom_base_glm5_no_thinking_airline_0004\results.json,,2026-07-11T23:35:43
tau2_airline_retail_full_telecom_base_glm5_no_thinking,airline,airline,none,43,airline_0004,4,3,passed,1,tau2_airline_retail_full_telecom_base_glm5_no_thinking_airline_0004,C:\Users\86132\Desktop\SafeDesk\benchmarks\tau2-bench\data\simulations\tau2_airline_retail_full_telecom_base_glm5_no_thinking_airline_0004\results.json,,2026-07-11T23:35:43
tau2_airline_retail_full_telecom_base_glm5_no_thinking,airline,airline,none,44,airline_0004,4,4,failed_model,1,tau2_airline_retail_full_telecom_base_glm5_no_thinking_airline_0004,C:\Users\86132\Desktop\SafeDesk\benchmarks\tau2-bench\data\simulations\tau2_airline_retail_full_telecom_base_glm5_no_thinking_airline_0004\results.json,model_failure,2026-07-11T23:35:43
tau2_airline_retail_full_telecom_base_glm5_no_thinking,airline,airline,none,45,airline_0004,4,5,passed,1,tau2_airline_retail_full_telecom_base_glm5_no_thinking_airline_0004,C:\Users\86132\Desktop\SafeDesk\benchmarks\tau2-bench\data\simulations\tau2_airline_retail_full_telecom_base_glm5_no_thinking_airline_0004\results.json,,2026-07-11T23:35:43
tau2_airline_retail_full_telecom_base_glm5_no_thinking,airline,airline,none,46,airline_0004,4,6,passed,1,tau2_airline_retail_full_telecom_base_glm5_no_thinking_airline_0004,C:\Users\86132\Desktop\SafeDesk\benchmarks\tau2-bench\data\simulations\tau2_airline_retail_full_telecom_base_glm5_no_thinking_airline_0004\results.json,,2026-07-11T23:35:43
tau2_airline_retail_full_telecom_base_glm5_no_thinking,airline,airline,none,47,airline_0004,4,7,passed,1,tau2_airline_retail_full_telecom_base_glm5_no_thinking_airline_0004,C:\Users\86132\Desktop\SafeDesk\benchmarks\tau2-bench\data\simulations\tau2_airline_retail_full_telecom_base_glm5_no_thinking_airline_0004\results.json,,2026-07-11T23:35:43
tau2_airline_retail_full_telecom_base_glm5_no_thinking,airline,airline,none,48,airline_0004,4,8,passed,1,tau2_airline_retail_full_telecom_base_glm5_no_thinking_airline_0004,C:\Users\86132\Desktop\SafeDesk\benchmarks\tau2-bench\data\simulations\tau2_airline_retail_full_telecom_base_glm5_no_thinking_airline_0004\results.json,,2026-07-11T23:35:43
tau2_airline_retail_full_telecom_base_glm5_no_thinking,airline,airline,none,49,airline_0004,4,9,passed,1,tau2_airline_retail_full_telecom_base_glm5_no_thinking_airline_0004,C:\Users\86132\Desktop\SafeDesk\benchmarks\tau2-bench\data\simulations\tau2_airline_retail_full_telecom_base_glm5_no_thinking_airline_0004\results.json,,2026-07-11T23:35:43
tau2_airline_retail_full_telecom_base_glm5_no_thinking,retail,retail,none,0,retail_0000,0,0,passed,1,tau2_airline_retail_full_telecom_base_glm5_no_thinking_retail_0000,C:\Users\86132\Desktop\SafeDesk\benchmarks\tau2-bench\data\simulations\tau2_airline_retail_full_telecom_base_glm5_no_thinking_retail_0000\results.json,,2026-07-11T23:44:53
tau2_airline_retail_full_telecom_base_glm5_no_thinking,retail,retail,none,1,retail_0000,0,1,passed,1,tau2_airline_retail_full_telecom_base_glm5_no_thinking_retail_0000,C:\Users\86132\Desktop\SafeDesk\benchmarks\tau2-bench\data\simulations\tau2_airline_retail_full_telecom_base_glm5_no_thinking_retail_0000\results.json,,2026-07-11T23:44:53
tau2_airline_retail_full_telecom_base_glm5_no_thinking,retail,retail,none,2,retail_0000,0,2,passed,1,tau2_airline_retail_full_telecom_base_glm5_no_thinking_retail_0000,C:\Users\86132\Desktop\SafeDesk\benchmarks\tau2-bench\data\simulations\tau2_airline_retail_full_telecom_base_glm5_no_thinking_retail_0000\results.json,,2026-07-11T23:44:53
tau2_airline_retail_full_telecom_base_glm5_no_thinking,retail,retail,none,3,retail_0000,0,3,failed_model,1,tau2_airline_retail_full_telecom_base_glm5_no_thinking_retail_0000,C:\Users\86132\Desktop\SafeDesk\benchmarks\tau2-bench\data\simulations\tau2_airline_retail_full_telecom_base_glm5_no_thinking_retail_0000\results.json,model_failure,2026-07-11T23:44:53
tau2_airline_retail_full_telecom_base_glm5_no_thinking,retail,retail,none,4,retail_0000,0,4,failed_model,1,tau2_airline_retail_full_telecom_base_glm5_no_thinking_retail_0000,C:\Users\86132\Desktop\SafeDesk\benchmarks\tau2-bench\data\simulations\tau2_airline_retail_full_telecom_base_glm5_no_thinking_retail_0000\results.json,model_failure,2026-07-11T23:44:53
tau2_airline_retail_full_telecom_base_glm5_no_thinking,retail,retail,none,5,retail_0000,0,5,passed,1,tau2_airline_retail_full_telecom_base_glm5_no_thinking_retail_0000,C:\Users\86132\Desktop\SafeDesk\benchmarks\tau2-bench\data\simulations\tau2_airline_retail_full_telecom_base_glm5_no_thinking_retail_0000\results.json,,2026-07-11T23:44:53
tau2_airline_retail_full_telecom_base_glm5_no_thinking,retail,retail,none,6,retail_0000,0,6,passed,1,tau2_airline_retail_full_telecom_base_glm5_no_thinking_retail_0000,C:\Users\86132\Desktop\SafeDesk\benchmarks\tau2-bench\data\simulations\tau2_airline_retail_full_telecom_base_glm5_no_thinking_retail_0000\results.json,,2026-07-11T23:44:53
tau2_airline_retail_full_telecom_base_glm5_no_thinking,retail,retail,none,7,retail_0000,0,7,passed,1,tau2_airline_retail_full_telecom_base_glm5_no_thinking_retail_0000,C:\Users\86132\Desktop\SafeDesk\benchmarks\tau2-bench\data\simulations\tau2_airline_retail_full_telecom_base_glm5_no_thinking_retail_0000\results.json,,2026-07-11T23:44:53
tau2_airline_retail_full_telecom_base_glm5_no_thinking,retail,retail,none,8,retail_0000,0,8,passed,1,tau2_airline_retail_full_telecom_base_glm5_no_thinking_retail_0000,C:\Users\86132\Desktop\SafeDesk\benchmarks\tau2-bench\data\simulations\tau2_airline_retail_full_telecom_base_glm5_no_thinking_retail_0000\results.json,,2026-07-11T23:44:53
tau2_airline_retail_full_telecom_base_glm5_no_thinking,retail,retail,none,9,retail_0000,0,9,passed,1,tau2_airline_retail_full_telecom_base_glm5_no_thinking_retail_0000,C:\Users\86132\Desktop\SafeDesk\benchmarks\tau2-bench\data\simulations\tau2_airline_retail_full_telecom_base_glm5_no_thinking_retail_0000\results.json,,2026-07-11T23:44:53
tau2_airline_retail_full_telecom_base_glm5_no_thinking,retail,retail,none,10,retail_0001,1,0,passed,1,tau2_airline_retail_full_telecom_base_glm5_no_thinking_retail_0001,C:\Users\86132\Desktop\SafeDesk\benchmarks\tau2-bench\data\simulations\tau2_airline_retail_full_telecom_base_glm5_no_thinking_retail_0001\results.json,,2026-07-11T23:53:58
tau2_airline_retail_full_telecom_base_glm5_no_thinking,retail,retail,none,11,retail_0001,1,1,passed,1,tau2_airline_retail_full_telecom_base_glm5_no_thinking_retail_0001,C:\Users\86132\Desktop\SafeDesk\benchmarks\tau2-bench\data\simulations\tau2_airline_retail_full_telecom_base_glm5_no_thinking_retail_0001\results.json,,2026-07-11T23:53:58
tau2_airline_retail_full_telecom_base_glm5_no_thinking,retail,retail,none,12,retail_0001,1,2,passed,1,tau2_airline_retail_full_telecom_base_glm5_no_thinking_retail_0001,C:\Users\86132\Desktop\SafeDesk\benchmarks\tau2-bench\data\simulations\tau2_airline_retail_full_telecom_base_glm5_no_thinking_retail_0001\results.json,,2026-07-11T23:53:58
tau2_airline_retail_full_telecom_base_glm5_no_thinking,retail,retail,none,13,retail_0001,1,3,passed,1,tau2_airline_retail_full_telecom_base_glm5_no_thinking_retail_0001,C:\Users\86132\Desktop\SafeDesk\benchmarks\tau2-bench\data\simulations\tau2_airline_retail_full_telecom_base_glm5_no_thinking_retail_0001\results.json,,2026-07-11T23:53:58
tau2_airline_retail_full_telecom_base_glm5_no_thinking,retail,retail,none,14,retail_0001,1,4,passed,1,tau2_airline_retail_full_telecom_base_glm5_no_thinking_retail_0001,C:\Users\86132\Desktop\SafeDesk\benchmarks\tau2-bench\data\simulations\tau2_airline_retail_full_telecom_base_glm5_no_thinking_retail_0001\results.json,,2026-07-11T23:53:58
tau2_airline_retail_full_telecom_base_glm5_no_thinking,retail,retail,none,15,retail_0001,1,5,passed,1,tau2_airline_retail_full_telecom_base_glm5_no_thinking_retail_0001,C:\Users\86132\Desktop\SafeDesk\benchmarks\tau2-bench\data\simulations\tau2_airline_retail_full_telecom_base_glm5_no_thinking_retail_0001\results.json,,2026-07-11T23:53:58
tau2_airline_retail_full_telecom_base_glm5_no_thinking,retail,retail,none,16,retail_0001,1,6,passed,1,tau2_airline_retail_full_telecom_base_glm5_no_thinking_retail_0001,C:\Users\86132\Desktop\SafeDesk\benchmarks\tau2-bench\data\simulations\tau2_airline_retail_full_telecom_base_glm5_no_thinking_retail_0001\results.json,,2026-07-11T23:53:58
tau2_airline_retail_full_telecom_base_glm5_no_thinking,retail,retail,none,17,retail_0001,1,7,passed,1,tau2_airline_retail_full_telecom_base_glm5_no_thinking_retail_0001,C:\Users\86132\Desktop\SafeDesk\benchmarks\tau2-bench\data\simulations\tau2_airline_retail_full_telecom_base_glm5_no_thinking_retail_0001\results.json,,2026-07-11T23:53:58
tau2_airline_retail_full_telecom_base_glm5_no_thinking,retail,retail,none,18,retail_0001,1,8,failed_model,1,tau2_airline_retail_full_telecom_base_glm5_no_thinking_retail_0001,C:\Users\86132\Desktop\SafeDesk\benchmarks\tau2-bench\data\simulations\tau2_airline_retail_full_telecom_base_glm5_no_thinking_retail_0001\results.json,model_failure,2026-07-11T23:53:58
tau2_airline_retail_full_telecom_base_glm5_no_thinking,retail,retail,none,19,retail_0001,1,9,passed,1,tau2_airline_retail_full_telecom_base_glm5_no_thinking_retail_0001,C:\Users\86132\Desktop\SafeDesk\benchmarks\tau2-bench\data\simulations\tau2_airline_retail_full_telecom_base_glm5_no_thinking_retail_0001\results.json,,2026-07-11T23:53:58
tau2_airline_retail_full_telecom_base_glm5_no_thinking,retail,retail,none,20,retail_0002,2,0,passed,1,tau2_airline_retail_full_telecom_base_glm5_no_thinking_retail_0002,C:\Users\86132\Desktop\SafeDesk\benchmarks\tau2-bench\data\simulations\tau2_airline_retail_full_telecom_base_glm5_no_thinking_retail_0002\results.json,,2026-07-12T00:07:02
tau2_airline_retail_full_telecom_base_glm5_no_thinking,retail,retail,none,21,retail_0002,2,1,passed,1,tau2_airline_retail_full_telecom_base_glm5_no_thinking_retail_0002,C:\Users\86132\Desktop\SafeDesk\benchmarks\tau2-bench\data\simulations\tau2_airline_retail_full_telecom_base_glm5_no_thinking_retail_0002\results.json,,2026-07-12T00:07:02
tau2_airline_retail_full_telecom_base_glm5_no_thinking,retail,retail,none,22,retail_0002,2,2,passed,1,tau2_airline_retail_full_telecom_base_glm5_no_thinking_retail_0002,C:\Users\86132\Desktop\SafeDesk\benchmarks\tau2-bench\data\simulations\tau2_airline_retail_full_telecom_base_glm5_no_thinking_retail_0002\results.json,,2026-07-12T00:07:02
tau2_airline_retail_full_telecom_base_glm5_no_thinking,retail,retail,none,23,retail_0002,2,3,passed,1,tau2_airline_retail_full_telecom_base_glm5_no_thinking_retail_0002,C:\Users\86132\Desktop\SafeDesk\benchmarks\tau2-bench\data\simulations\tau2_airline_retail_full_telecom_base_glm5_no_thinking_retail_0002\results.json,,2026-07-12T00:07:02
tau2_airline_retail_full_telecom_base_glm5_no_thinking,retail,retail,none,24,retail_0002,2,4,passed,1,tau2_airline_retail_full_telecom_base_glm5_no_thinking_retail_0002,C:\Users\86132\Desktop\SafeDesk\benchmarks\tau2-bench\data\simulations\tau2_airline_retail_full_telecom_base_glm5_no_thinking_retail_0002\results.json,,2026-07-12T00:07:02
tau2_airline_retail_full_telecom_base_glm5_no_thinking,retail,retail,none,25,retail_0002,2,5,passed,1,tau2_airline_retail_full_telecom_base_glm5_no_thinking_retail_0002,C:\Users\86132\Desktop\SafeDesk\benchmarks\tau2-bench\data\simulations\tau2_airline_retail_full_telecom_base_glm5_no_thinking_retail_0002\results.json,,2026-07-12T00:07:02
tau2_airline_retail_full_telecom_base_glm5_no_thinking,retail,retail,none,26,retail_0002,2,6,passed,1,tau2_airline_retail_full_telecom_base_glm5_no_thinking_retail_0002,C:\Users\86132\Desktop\SafeDesk\benchmarks\tau2-bench\data\simulations\tau2_airline_retail_full_telecom_base_glm5_no_thinking_retail_0002\results.json,,2026-07-12T00:07:02
tau2_airline_retail_full_telecom_base_glm5_no_thinking,retail,retail,none,27,retail_0002,2,7,failed_model,1,tau2_airline_retail_full_telecom_base_glm5_no_thinking_retail_0002,C:\Users\86132\Desktop\SafeDesk\benchmarks\tau2-bench\data\simulations\tau2_airline_retail_full_telecom_base_glm5_no_thinking_retail_0002\results.json,model_failure,2026-07-12T00:07:02
tau2_airline_retail_full_telecom_base_glm5_no_thinking,retail,retail,none,28,retail_0002,2,8,passed,1,tau2_airline_retail_full_telecom_base_glm5_no_thinking_retail_0002,C:\Users\86132\Desktop\SafeDesk\benchmarks\tau2-bench\data\simulations\tau2_airline_retail_full_telecom_base_glm5_no_thinking_retail_0002\results.json,,2026-07-12T00:07:02
tau2_airline_retail_full_telecom_base_glm5_no_thinking,retail,retail,none,29,retail_0002,2,9,passed,1,tau2_airline_retail_full_telecom_base_glm5_no_thinking_retail_0002,C:\Users\86132\Desktop\SafeDesk\benchmarks\tau2-bench\data\simulations\tau2_airline_retail_full_telecom_base_glm5_no_thinking_retail_0002\results.json,,2026-07-12T00:07:02
tau2_airline_retail_full_telecom_base_glm5_no_thinking,retail,retail,none,30,retail_0003,3,0,passed,1,tau2_airline_retail_full_telecom_base_glm5_no_thinking_retail_0003,C:\Users\86132\Desktop\SafeDesk\benchmarks\tau2-bench\data\simulations\tau2_airline_retail_full_telecom_base_glm5_no_thinking_retail_0003\results.json,,2026-07-12T00:20:03
tau2_airline_retail_full_telecom_base_glm5_no_thinking,retail,retail,none,31,retail_0003,3,1,passed,1,tau2_airline_retail_full_telecom_base_glm5_no_thinking_retail_0003,C:\Users\86132\Desktop\SafeDesk\benchmarks\tau2-bench\data\simulations\tau2_airline_retail_full_telecom_base_glm5_no_thinking_retail_0003\results.json,,2026-07-12T00:20:03
tau2_airline_retail_full_telecom_base_glm5_no_thinking,retail,retail,none,32,retail_0003,3,2,passed,1,tau2_airline_retail_full_telecom_base_glm5_no_thinking_retail_0003,C:\Users\86132\Desktop\SafeDesk\benchmarks\tau2-bench\data\simulations\tau2_airline_retail_full_telecom_base_glm5_no_thinking_retail_0003\results.json,,2026-07-12T00:20:03
tau2_airline_retail_full_telecom_base_glm5_no_thinking,retail,retail,none,33,retail_0003,3,3,passed,1,tau2_airline_retail_full_telecom_base_glm5_no_thinking_retail_0003,C:\Users\86132\Desktop\SafeDesk\benchmarks\tau2-bench\data\simulations\tau2_airline_retail_full_telecom_base_glm5_no_thinking_retail_0003\results.json,,2026-07-12T00:20:03
tau2_airline_retail_full_telecom_base_glm5_no_thinking,retail,retail,none,34,retail_0003,3,4,failed_model,1,tau2_airline_retail_full_telecom_base_glm5_no_thinking_retail_0003,C:\Users\86132\Desktop\SafeDesk\benchmarks\tau2-bench\data\simulations\tau2_airline_retail_full_telecom_base_glm5_no_thinking_retail_0003\results.json,model_failure,2026-07-12T00:20:03
tau2_airline_retail_full_telecom_base_glm5_no_thinking,retail,retail,none,35,retail_0003,3,5,passed,1,tau2_airline_retail_full_telecom_base_glm5_no_thinking_retail_0003,C:\Users\86132\Desktop\SafeDesk\benchmarks\tau2-bench\data\simulations\tau2_airline_retail_full_telecom_base_glm5_no_thinking_retail_0003\results.json,,2026-07-12T00:20:03
tau2_airline_retail_full_telecom_base_glm5_no_thinking,retail,retail,none,36,retail_0003,3,6,failed_model,1,tau2_airline_retail_full_telecom_base_glm5_no_thinking_retail_0003,C:\Users\86132\Desktop\SafeDesk\benchmarks\tau2-bench\data\simulations\tau2_airline_retail_full_telecom_base_glm5_no_thinking_retail_0003\results.json,model_failure,2026-07-12T00:20:03
tau2_airline_retail_full_telecom_base_glm5_no_thinking,retail,retail,none,37,retail_0003,3,7,failed_model,1,tau2_airline_retail_full_telecom_base_glm5_no_thinking_retail_0003,C:\Users\86132\Desktop\SafeDesk\benchmarks\tau2-bench\data\simulations\tau2_airline_retail_full_telecom_base_glm5_no_thinking_retail_0003\results.json,model_failure,2026-07-12T00:20:03
tau2_airline_retail_full_telecom_base_glm5_no_thinking,retail,retail,none,38,retail_0003,3,8,failed_model,1,tau2_airline_retail_full_telecom_base_glm5_no_thinking_retail_0003,C:\Users\86132\Desktop\SafeDesk\benchmarks\tau2-bench\data\simulations\tau2_airline_retail_full_telecom_base_glm5_no_thinking_retail_0003\results.json,model_failure,2026-07-12T00:20:03
tau2_airline_retail_full_telecom_base_glm5_no_thinking,retail,retail,none,39,retail_0003,3,9,passed,1,tau2_airline_retail_full_telecom_base_glm5_no_thinking_retail_0003,C:\Users\86132\Desktop\SafeDesk\benchmarks\tau2-bench\data\simulations\tau2_airline_retail_full_telecom_base_glm5_no_thinking_retail_0003\results.json,,2026-07-12T00:20:03
tau2_airline_retail_full_telecom_base_glm5_no_thinking,retail,retail,none,40,retail_0004,4,0,passed,1,tau2_airline_retail_full_telecom_base_glm5_no_thinking_retail_0004,C:\Users\86132\Desktop\SafeDesk\benchmarks\tau2-bench\data\simulations\tau2_airline_retail_full_telecom_base_glm5_no_thinking_retail_0004\results.json,,2026-07-12T00:30:14
tau2_airline_retail_full_telecom_base_glm5_no_thinking,retail,retail,none,41,retail_0004,4,1,passed,1,tau2_airline_retail_full_telecom_base_glm5_no_thinking_retail_0004,C:\Users\86132\Desktop\SafeDesk\benchmarks\tau2-bench\data\simulations\tau2_airline_retail_full_telecom_base_glm5_no_thinking_retail_0004\results.json,,2026-07-12T00:30:14
tau2_airline_retail_full_telecom_base_glm5_no_thinking,retail,retail,none,42,retail_0004,4,2,failed_model,1,tau2_airline_retail_full_telecom_base_glm5_no_thinking_retail_0004,C:\Users\86132\Desktop\SafeDesk\benchmarks\tau2-bench\data\simulations\tau2_airline_retail_full_telecom_base_glm5_no_thinking_retail_0004\results.json,model_failure,2026-07-12T00:30:14
tau2_airline_retail_full_telecom_base_glm5_no_thinking,retail,retail,none,43,retail_0004,4,3,failed_model,1,tau2_airline_retail_full_telecom_base_glm5_no_thinking_retail_0004,C:\Users\86132\Desktop\SafeDesk\benchmarks\tau2-bench\data\simulations\tau2_airline_retail_full_telecom_base_glm5_no_thinking_retail_0004\results.json,model_failure,2026-07-12T00:30:14
tau2_airline_retail_full_telecom_base_glm5_no_thinking,retail,retail,none,44,retail_0004,4,4,passed,1,tau2_airline_retail_full_telecom_base_glm5_no_thinking_retail_0004,C:\Users\86132\Desktop\SafeDesk\benchmarks\tau2-bench\data\simulations\tau2_airline_retail_full_telecom_base_glm5_no_thinking_retail_0004\results.json,,2026-07-12T00:30:14
tau2_airline_retail_full_telecom_base_glm5_no_thinking,retail,retail,none,45,retail_0004,4,5,passed,1,tau2_airline_retail_full_telecom_base_glm5_no_thinking_retail_0004,C:\Users\86132\Desktop\SafeDesk\benchmarks\tau2-bench\data\simulations\tau2_airline_retail_full_telecom_base_glm5_no_thinking_retail_0004\results.json,,2026-07-12T00:30:14
tau2_airline_retail_full_telecom_base_glm5_no_thinking,retail,retail,none,46,retail_0004,4,6,passed,1,tau2_airline_retail_full_telecom_base_glm5_no_thinking_retail_0004,C:\Users\86132\Desktop\SafeDesk\benchmarks\tau2-bench\data\simulations\tau2_airline_retail_full_telecom_base_glm5_no_thinking_retail_0004\results.json,,2026-07-12T00:30:14
tau2_airline_retail_full_telecom_base_glm5_no_thinking,retail,retail,none,47,retail_0004,4,7,passed,1,tau2_airline_retail_full_telecom_base_glm5_no_thinking_retail_0004,C:\Users\86132\Desktop\SafeDesk\benchmarks\tau2-bench\data\simulations\tau2_airline_retail_full_telecom_base_glm5_no_thinking_retail_0004\results.json,,2026-07-12T00:30:14
tau2_airline_retail_full_telecom_base_glm5_no_thinking,retail,retail,none,48,retail_0004,4,8,passed,1,tau2_airline_retail_full_telecom_base_glm5_no_thinking_retail_0004,C:\Users\86132\Desktop\SafeDesk\benchmarks\tau2-bench\data\simulations\tau2_airline_retail_full_telecom_base_glm5_no_thinking_retail_0004\results.json,,2026-07-12T00:30:14
tau2_airline_retail_full_telecom_base_glm5_no_thinking,retail,retail,none,49,retail_0004,4,9,passed,1,tau2_airline_retail_full_telecom_base_glm5_no_thinking_retail_0004,C:\Users\86132\Desktop\SafeDesk\benchmarks\tau2-bench\data\simulations\tau2_airline_retail_full_telecom_base_glm5_no_thinking_retail_0004\results.json,,2026-07-12T00:30:14
tau2_airline_retail_full_telecom_base_glm5_no_thinking,retail,retail,none,50,retail_0005,5,0,passed,1,tau2_airline_retail_full_telecom_base_glm5_no_thinking_retail_0005,C:\Users\86132\Desktop\SafeDesk\benchmarks\tau2-bench\data\simulations\tau2_airline_retail_full_telecom_base_glm5_no_thinking_retail_0005\results.json,,2026-07-12T00:43:51
tau2_airline_retail_full_telecom_base_glm5_no_thinking,retail,retail,none,51,retail_0005,5,1,passed,1,tau2_airline_retail_full_telecom_base_glm5_no_thinking_retail_0005,C:\Users\86132\Desktop\SafeDesk\benchmarks\tau2-bench\data\simulations\tau2_airline_retail_full_telecom_base_glm5_no_thinking_retail_0005\results.json,,2026-07-12T00:43:51
tau2_airline_retail_full_telecom_base_glm5_no_thinking,retail,retail,none,52,retail_0005,5,2,passed,1,tau2_airline_retail_full_telecom_base_glm5_no_thinking_retail_0005,C:\Users\86132\Desktop\SafeDesk\benchmarks\tau2-bench\data\simulations\tau2_airline_retail_full_telecom_base_glm5_no_thinking_retail_0005\results.json,,2026-07-12T00:43:51
tau2_airline_retail_full_telecom_base_glm5_no_thinking,retail,retail,none,53,retail_0005,5,3,passed,1,tau2_airline_retail_full_telecom_base_glm5_no_thinking_retail_0005,C:\Users\86132\Desktop\SafeDesk\benchmarks\tau2-bench\data\simulations\tau2_airline_retail_full_telecom_base_glm5_no_thinking_retail_0005\results.json,,2026-07-12T00:43:51
tau2_airline_retail_full_telecom_base_glm5_no_thinking,retail,retail,none,54,retail_0005,5,4,passed,1,tau2_airline_retail_full_telecom_base_glm5_no_thinking_retail_0005,C:\Users\86132\Desktop\SafeDesk\benchmarks\tau2-bench\data\simulations\tau2_airline_retail_full_telecom_base_glm5_no_thinking_retail_0005\results.json,,2026-07-12T00:43:51
tau2_airline_retail_full_telecom_base_glm5_no_thinking,retail,retail,none,55,retail_0005,5,5,passed,1,tau2_airline_retail_full_telecom_base_glm5_no_thinking_retail_0005,C:\Users\86132\Desktop\SafeDesk\benchmarks\tau2-bench\data\simulations\tau2_airline_retail_full_telecom_base_glm5_no_thinking_retail_0005\results.json,,2026-07-12T00:43:51
tau2_airline_retail_full_telecom_base_glm5_no_thinking,retail,retail,none,56,retail_0005,5,6,passed,1,tau2_airline_retail_full_telecom_base_glm5_no_thinking_retail_0005,C:\Users\86132\Desktop\SafeDesk\benchmarks\tau2-bench\data\simulations\tau2_airline_retail_full_telecom_base_glm5_no_thinking_retail_0005\results.json,,2026-07-12T00:43:51
tau2_airline_retail_full_telecom_base_glm5_no_thinking,retail,retail,none,57,retail_0005,5,7,passed,1,tau2_airline_retail_full_telecom_base_glm5_no_thinking_retail_0005,C:\Users\86132\Desktop\SafeDesk\benchmarks\tau2-bench\data\simulations\tau2_airline_retail_full_telecom_base_glm5_no_thinking_retail_0005\results.json,,2026-07-12T00:43:51
tau2_airline_retail_full_telecom_base_glm5_no_thinking,retail,retail,none,58,retail_0005,5,8,passed,1,tau2_airline_retail_full_telecom_base_glm5_no_thinking_retail_0005,C:\Users\86132\Desktop\SafeDesk\benchmarks\tau2-bench\data\simulations\tau2_airline_retail_full_telecom_base_glm5_no_thinking_retail_0005\results.json,,2026-07-12T00:43:51
tau2_airline_retail_full_telecom_base_glm5_no_thinking,retail,retail,none,59,retail_0005,5,9,failed_model,1,tau2_airline_retail_full_telecom_base_glm5_no_thinking_retail_0005,C:\Users\86132\Desktop\SafeDesk\benchmarks\tau2-bench\data\simulations\tau2_airline_retail_full_telecom_base_glm5_no_thinking_retail_0005\results.json,model_failure,2026-07-12T00:43:51
tau2_airline_retail_full_telecom_base_glm5_no_thinking,retail,retail,none,60,retail_0006,6,0,passed,1,tau2_airline_retail_full_telecom_base_glm5_no_thinking_retail_0006,C:\Users\86132\Desktop\SafeDesk\benchmarks\tau2-bench\data\simulations\tau2_airline_retail_full_telecom_base_glm5_no_thinking_retail_0006\results.json,,2026-07-12T00:53:30
tau2_airline_retail_full_telecom_base_glm5_no_thinking,retail,retail,none,61,retail_0006,6,1,passed,1,tau2_airline_retail_full_telecom_base_glm5_no_thinking_retail_0006,C:\Users\86132\Desktop\SafeDesk\benchmarks\tau2-bench\data\simulations\tau2_airline_retail_full_telecom_base_glm5_no_thinking_retail_0006\results.json,,2026-07-12T00:53:30
tau2_airline_retail_full_telecom_base_glm5_no_thinking,retail,retail,none,62,retail_0006,6,2,passed,1,tau2_airline_retail_full_telecom_base_glm5_no_thinking_retail_0006,C:\Users\86132\Desktop\SafeDesk\benchmarks\tau2-bench\data\simulations\tau2_airline_retail_full_telecom_base_glm5_no_thinking_retail_0006\results.json,,2026-07-12T00:53:30
tau2_airline_retail_full_telecom_base_glm5_no_thinking,retail,retail,none,63,retail_0006,6,3,passed,1,tau2_airline_retail_full_telecom_base_glm5_no_thinking_retail_0006,C:\Users\86132\Desktop\SafeDesk\benchmarks\tau2-bench\data\simulations\tau2_airline_retail_full_telecom_base_glm5_no_thinking_retail_0006\results.json,,2026-07-12T00:53:30
tau2_airline_retail_full_telecom_base_glm5_no_thinking,retail,retail,none,64,retail_0006,6,4,failed_model,1,tau2_airline_retail_full_telecom_base_glm5_no_thinking_retail_0006,C:\Users\86132\Desktop\SafeDesk\benchmarks\tau2-bench\data\simulations\tau2_airline_retail_full_telecom_base_glm5_no_thinking_retail_0006\results.json,model_failure,2026-07-12T00:53:30
tau2_airline_retail_full_telecom_base_glm5_no_thinking,retail,retail,none,65,retail_0006,6,5,passed,1,tau2_airline_retail_full_telecom_base_glm5_no_thinking_retail_0006,C:\Users\86132\Desktop\SafeDesk\benchmarks\tau2-bench\data\simulations\tau2_airline_retail_full_telecom_base_glm5_no_thinking_retail_0006\results.json,,2026-07-12T00:53:30
tau2_airline_retail_full_telecom_base_glm5_no_thinking,retail,retail,none,66,retail_0006,6,6,passed,1,tau2_airline_retail_full_telecom_base_glm5_no_thinking_retail_0006,C:\Users\86132\Desktop\SafeDesk\benchmarks\tau2-bench\data\simulations\tau2_airline_retail_full_telecom_base_glm5_no_thinking_retail_0006\results.json,,2026-07-12T00:53:30
tau2_airline_retail_full_telecom_base_glm5_no_thinking,retail,retail,none,67,retail_0006,6,7,passed,1,tau2_airline_retail_full_telecom_base_glm5_no_thinking_retail_0006,C:\Users\86132\Desktop\SafeDesk\benchmarks\tau2-bench\data\simulations\tau2_airline_retail_full_telecom_base_glm5_no_thinking_retail_0006\results.json,,2026-07-12T00:53:30
tau2_airline_retail_full_telecom_base_glm5_no_thinking,retail,retail,none,68,retail_0006,6,8,passed,1,tau2_airline_retail_full_telecom_base_glm5_no_thinking_retail_0006,C:\Users\86132\Desktop\SafeDesk\benchmarks\tau2-bench\data\simulations\tau2_airline_retail_full_telecom_base_glm5_no_thinking_retail_0006\results.json,,2026-07-12T00:53:30
tau2_airline_retail_full_telecom_base_glm5_no_thinking,retail,retail,none,69,retail_0006,6,9,failed_model,1,tau2_airline_retail_full_telecom_base_glm5_no_thinking_retail_0006,C:\Users\86132\Desktop\SafeDesk\benchmarks\tau2-bench\data\simulations\tau2_airline_retail_full_telecom_base_glm5_no_thinking_retail_0006\results.json,model_failure,2026-07-12T00:53:30
tau2_airline_retail_full_telecom_base_glm5_no_thinking,retail,retail,none,70,retail_0007,7,0,passed,1,tau2_airline_retail_full_telecom_base_glm5_no_thinking_retail_0007,C:\Users\86132\Desktop\SafeDesk\benchmarks\tau2-bench\data\simulations\tau2_airline_retail_full_telecom_base_glm5_no_thinking_retail_0007\results.json,,2026-07-12T01:05:57
tau2_airline_retail_full_telecom_base_glm5_no_thinking,retail,retail,none,71,retail_0007,7,1,failed_model,1,tau2_airline_retail_full_telecom_base_glm5_no_thinking_retail_0007,C:\Users\86132\Desktop\SafeDesk\benchmarks\tau2-bench\data\simulations\tau2_airline_retail_full_telecom_base_glm5_no_thinking_retail_0007\results.json,model_failure,2026-07-12T01:05:57
tau2_airline_retail_full_telecom_base_glm5_no_thinking,retail,retail,none,72,retail_0007,7,2,passed,1,tau2_airline_retail_full_telecom_base_glm5_no_thinking_retail_0007,C:\Users\86132\Desktop\SafeDesk\benchmarks\tau2-bench\data\simulations\tau2_airline_retail_full_telecom_base_glm5_no_thinking_retail_0007\results.json,,2026-07-12T01:05:57
tau2_airline_retail_full_telecom_base_glm5_no_thinking,retail,retail,none,73,retail_0007,7,3,passed,1,tau2_airline_retail_full_telecom_base_glm5_no_thinking_retail_0007,C:\Users\86132\Desktop\SafeDesk\benchmarks\tau2-bench\data\simulations\tau2_airline_retail_full_telecom_base_glm5_no_thinking_retail_0007\results.json,,2026-07-12T01:05:57
tau2_airline_retail_full_telecom_base_glm5_no_thinking,retail,retail,none,74,retail_0007,7,4,failed_model,1,tau2_airline_retail_full_telecom_base_glm5_no_thinking_retail_0007,C:\Users\86132\Desktop\SafeDesk\benchmarks\tau2-bench\data\simulations\tau2_airline_retail_full_telecom_base_glm5_no_thinking_retail_0007\results.json,model_failure,2026-07-12T01:05:57
tau2_airline_retail_full_telecom_base_glm5_no_thinking,retail,retail,none,75,retail_0007,7,5,passed,1,tau2_airline_retail_full_telecom_base_glm5_no_thinking_retail_0007,C:\Users\86132\Desktop\SafeDesk\benchmarks\tau2-bench\data\simulations\tau2_airline_retail_full_telecom_base_glm5_no_thinking_retail_0007\results.json,,2026-07-12T01:05:57
tau2_airline_retail_full_telecom_base_glm5_no_thinking,retail,retail,none,76,retail_0007,7,6,passed,1,tau2_airline_retail_full_telecom_base_glm5_no_thinking_retail_0007,C:\Users\86132\Desktop\SafeDesk\benchmarks\tau2-bench\data\simulations\tau2_airline_retail_full_telecom_base_glm5_no_thinking_retail_0007\results.json,,2026-07-12T01:05:57
tau2_airline_retail_full_telecom_base_glm5_no_thinking,retail,retail,none,77,retail_0007,7,7,passed,1,tau2_airline_retail_full_telecom_base_glm5_no_thinking_retail_0007,C:\Users\86132\Desktop\SafeDesk\benchmarks\tau2-bench\data\simulations\tau2_airline_retail_full_telecom_base_glm5_no_thinking_retail_0007\results.json,,2026-07-12T01:05:57
tau2_airline_retail_full_telecom_base_glm5_no_thinking,retail,retail,none,78,retail_0007,7,8,passed,1,tau2_airline_retail_full_telecom_base_glm5_no_thinking_retail_0007,C:\Users\86132\Desktop\SafeDesk\benchmarks\tau2-bench\data\simulations\tau2_airline_retail_full_telecom_base_glm5_no_thinking_retail_0007\results.json,,2026-07-12T01:05:57
tau2_airline_retail_full_telecom_base_glm5_no_thinking,retail,retail,none,79,retail_0007,7,9,failed_model,1,tau2_airline_retail_full_telecom_base_glm5_no_thinking_retail_0007,C:\Users\86132\Desktop\SafeDesk\benchmarks\tau2-bench\data\simulations\tau2_airline_retail_full_telecom_base_glm5_no_thinking_retail_0007\results.json,model_failure,2026-07-12T01:05:57
tau2_airline_retail_full_telecom_base_glm5_no_thinking,retail,retail,none,80,retail_0008,8,0,passed,1,tau2_airline_retail_full_telecom_base_glm5_no_thinking_retail_0008,C:\Users\86132\Desktop\SafeDesk\benchmarks\tau2-bench\data\simulations\tau2_airline_retail_full_telecom_base_glm5_no_thinking_retail_0008\results.json,,2026-07-12T01:16:34
tau2_airline_retail_full_telecom_base_glm5_no_thinking,retail,retail,none,81,retail_0008,8,1,passed,1,tau2_airline_retail_full_telecom_base_glm5_no_thinking_retail_0008,C:\Users\86132\Desktop\SafeDesk\benchmarks\tau2-bench\data\simulations\tau2_airline_retail_full_telecom_base_glm5_no_thinking_retail_0008\results.json,,2026-07-12T01:16:34
tau2_airline_retail_full_telecom_base_glm5_no_thinking,retail,retail,none,82,retail_0008,8,2,passed,1,tau2_airline_retail_full_telecom_base_glm5_no_thinking_retail_0008,C:\Users\86132\Desktop\SafeDesk\benchmarks\tau2-bench\data\simulations\tau2_airline_retail_full_telecom_base_glm5_no_thinking_retail_0008\results.json,,2026-07-12T01:16:34
tau2_airline_retail_full_telecom_base_glm5_no_thinking,retail,retail,none,83,retail_0008,8,3,passed,1,tau2_airline_retail_full_telecom_base_glm5_no_thinking_retail_0008,C:\Users\86132\Desktop\SafeDesk\benchmarks\tau2-bench\data\simulations\tau2_airline_retail_full_telecom_base_glm5_no_thinking_retail_0008\results.json,,2026-07-12T01:16:34
tau2_airline_retail_full_telecom_base_glm5_no_thinking,retail,retail,none,84,retail_0008,8,4,passed,1,tau2_airline_retail_full_telecom_base_glm5_no_thinking_retail_0008,C:\Users\86132\Desktop\SafeDesk\benchmarks\tau2-bench\data\simulations\tau2_airline_retail_full_telecom_base_glm5_no_thinking_retail_0008\results.json,,2026-07-12T01:16:34
tau2_airline_retail_full_telecom_base_glm5_no_thinking,retail,retail,none,85,retail_0008,8,5,passed,1,tau2_airline_retail_full_telecom_base_glm5_no_thinking_retail_0008,C:\Users\86132\Desktop\SafeDesk\benchmarks\tau2-bench\data\simulations\tau2_airline_retail_full_telecom_base_glm5_no_thinking_retail_0008\results.json,,2026-07-12T01:16:34
tau2_airline_retail_full_telecom_base_glm5_no_thinking,retail,retail,none,86,retail_0008,8,6,passed,1,tau2_airline_retail_full_telecom_base_glm5_no_thinking_retail_0008,C:\Users\86132\Desktop\SafeDesk\benchmarks\tau2-bench\data\simulations\tau2_airline_retail_full_telecom_base_glm5_no_thinking_retail_0008\results.json,,2026-07-12T01:16:34
tau2_airline_retail_full_telecom_base_glm5_no_thinking,retail,retail,none,87,retail_0008,8,7,passed,1,tau2_airline_retail_full_telecom_base_glm5_no_thinking_retail_0008,C:\Users\86132\Desktop\SafeDesk\benchmarks\tau2-bench\data\simulations\tau2_airline_retail_full_telecom_base_glm5_no_thinking_retail_0008\results.json,,2026-07-12T01:16:34
tau2_airline_retail_full_telecom_base_glm5_no_thinking,retail,retail,none,88,retail_0008,8,8,passed,1,tau2_airline_retail_full_telecom_base_glm5_no_thinking_retail_0008,C:\Users\86132\Desktop\SafeDesk\benchmarks\tau2-bench\data\simulations\tau2_airline_retail_full_telecom_base_glm5_no_thinking_retail_0008\results.json,,2026-07-12T01:16:34
tau2_airline_retail_full_telecom_base_glm5_no_thinking,retail,retail,none,89,retail_0008,8,9,failed_model,1,tau2_airline_retail_full_telecom_base_glm5_no_thinking_retail_0008,C:\Users\86132\Desktop\SafeDesk\benchmarks\tau2-bench\data\simulations\tau2_airline_retail_full_telecom_base_glm5_no_thinking_retail_0008\results.json,model_failure,2026-07-12T01:16:34
tau2_airline_retail_full_telecom_base_glm5_no_thinking,retail,retail,none,90,retail_0009,9,0,passed,1,tau2_airline_retail_full_telecom_base_glm5_no_thinking_retail_0009,C:\Users\86132\Desktop\SafeDesk\benchmarks\tau2-bench\data\simulations\tau2_airline_retail_full_telecom_base_glm5_no_thinking_retail_0009\results.json,,2026-07-12T01:27:46
tau2_airline_retail_full_telecom_base_glm5_no_thinking,retail,retail,none,91,retail_0009,9,1,failed_model,1,tau2_airline_retail_full_telecom_base_glm5_no_thinking_retail_0009,C:\Users\86132\Desktop\SafeDesk\benchmarks\tau2-bench\data\simulations\tau2_airline_retail_full_telecom_base_glm5_no_thinking_retail_0009\results.json,model_failure,2026-07-12T01:27:46
tau2_airline_retail_full_telecom_base_glm5_no_thinking,retail,retail,none,92,retail_0009,9,2,failed_model,1,tau2_airline_retail_full_telecom_base_glm5_no_thinking_retail_0009,C:\Users\86132\Desktop\SafeDesk\benchmarks\tau2-bench\data\simulations\tau2_airline_retail_full_telecom_base_glm5_no_thinking_retail_0009\results.json,model_failure,2026-07-12T01:27:46
tau2_airline_retail_full_telecom_base_glm5_no_thinking,retail,retail,none,93,retail_0009,9,3,passed,1,tau2_airline_retail_full_telecom_base_glm5_no_thinking_retail_0009,C:\Users\86132\Desktop\SafeDesk\benchmarks\tau2-bench\data\simulations\tau2_airline_retail_full_telecom_base_glm5_no_thinking_retail_0009\results.json,,2026-07-12T01:27:46
tau2_airline_retail_full_telecom_base_glm5_no_thinking,retail,retail,none,94,retail_0009,9,4,passed,1,tau2_airline_retail_full_telecom_base_glm5_no_thinking_retail_0009,C:\Users\86132\Desktop\SafeDesk\benchmarks\tau2-bench\data\simulations\tau2_airline_retail_full_telecom_base_glm5_no_thinking_retail_0009\results.json,,2026-07-12T01:27:46
tau2_airline_retail_full_telecom_base_glm5_no_thinking,retail,retail,none,95,retail_0009,9,5,passed,1,tau2_airline_retail_full_telecom_base_glm5_no_thinking_retail_0009,C:\Users\86132\Desktop\SafeDesk\benchmarks\tau2-bench\data\simulations\tau2_airline_retail_full_telecom_base_glm5_no_thinking_retail_0009\results.json,,2026-07-12T01:27:46
tau2_airline_retail_full_telecom_base_glm5_no_thinking,retail,retail,none,96,retail_0009,9,6,passed,1,tau2_airline_retail_full_telecom_base_glm5_no_thinking_retail_0009,C:\Users\86132\Desktop\SafeDesk\benchmarks\tau2-bench\data\simulations\tau2_airline_retail_full_telecom_base_glm5_no_thinking_retail_0009\results.json,,2026-07-12T01:27:46
tau2_airline_retail_full_telecom_base_glm5_no_thinking,retail,retail,none,97,retail_0009,9,7,passed,1,tau2_airline_retail_full_telecom_base_glm5_no_thinking_retail_0009,C:\Users\86132\Desktop\SafeDesk\benchmarks\tau2-bench\data\simulations\tau2_airline_retail_full_telecom_base_glm5_no_thinking_retail_0009\results.json,,2026-07-12T01:27:46
tau2_airline_retail_full_telecom_base_glm5_no_thinking,retail,retail,none,98,retail_0009,9,8,failed_model,1,tau2_airline_retail_full_telecom_base_glm5_no_thinking_retail_0009,C:\Users\86132\Desktop\SafeDesk\benchmarks\tau2-bench\data\simulations\tau2_airline_retail_full_telecom_base_glm5_no_thinking_retail_0009\results.json,model_failure,2026-07-12T01:27:46
tau2_airline_retail_full_telecom_base_glm5_no_thinking,retail,retail,none,99,retail_0009,9,9,passed,1,tau2_airline_retail_full_telecom_base_glm5_no_thinking_retail_0009,C:\Users\86132\Desktop\SafeDesk\benchmarks\tau2-bench\data\simulations\tau2_airline_retail_full_telecom_base_glm5_no_thinking_retail_0009\results.json,,2026-07-12T01:27:46
tau2_airline_retail_full_telecom_base_glm5_no_thinking,retail,retail,none,100,retail_0010,10,0,passed,1,tau2_airline_retail_full_telecom_base_glm5_no_thinking_retail_0010,C:\Users\86132\Desktop\SafeDesk\benchmarks\tau2-bench\data\simulations\tau2_airline_retail_full_telecom_base_glm5_no_thinking_retail_0010\results.json,,2026-07-12T01:42:20
tau2_airline_retail_full_telecom_base_glm5_no_thinking,retail,retail,none,101,retail_0010,10,1,passed,1,tau2_airline_retail_full_telecom_base_glm5_no_thinking_retail_0010,C:\Users\86132\Desktop\SafeDesk\benchmarks\tau2-bench\data\simulations\tau2_airline_retail_full_telecom_base_glm5_no_thinking_retail_0010\results.json,,2026-07-12T01:42:20
tau2_airline_retail_full_telecom_base_glm5_no_thinking,retail,retail,none,102,retail_0010,10,2,passed,1,tau2_airline_retail_full_telecom_base_glm5_no_thinking_retail_0010,C:\Users\86132\Desktop\SafeDesk\benchmarks\tau2-bench\data\simulations\tau2_airline_retail_full_telecom_base_glm5_no_thinking_retail_0010\results.json,,2026-07-12T01:42:20
tau2_airline_retail_full_telecom_base_glm5_no_thinking,retail,retail,none,103,retail_0010,10,3,passed,1,tau2_airline_retail_full_telecom_base_glm5_no_thinking_retail_0010,C:\Users\86132\Desktop\SafeDesk\benchmarks\tau2-bench\data\simulations\tau2_airline_retail_full_telecom_base_glm5_no_thinking_retail_0010\results.json,,2026-07-12T01:42:20
tau2_airline_retail_full_telecom_base_glm5_no_thinking,retail,retail,none,104,retail_0010,10,4,failed_model,1,tau2_airline_retail_full_telecom_base_glm5_no_thinking_retail_0010,C:\Users\86132\Desktop\SafeDesk\benchmarks\tau2-bench\data\simulations\tau2_airline_retail_full_telecom_base_glm5_no_thinking_retail_0010\results.json,model_failure,2026-07-12T01:42:20
tau2_airline_retail_full_telecom_base_glm5_no_thinking,retail,retail,none,105,retail_0010,10,5,failed_model,1,tau2_airline_retail_full_telecom_base_glm5_no_thinking_retail_0010,C:\Users\86132\Desktop\SafeDesk\benchmarks\tau2-bench\data\simulations\tau2_airline_retail_full_telecom_base_glm5_no_thinking_retail_0010\results.json,model_failure,2026-07-12T01:42:20
tau2_airline_retail_full_telecom_base_glm5_no_thinking,retail,retail,none,106,retail_0010,10,6,failed_model,1,tau2_airline_retail_full_telecom_base_glm5_no_thinking_retail_0010,C:\Users\86132\Desktop\SafeDesk\benchmarks\tau2-bench\data\simulations\tau2_airline_retail_full_telecom_base_glm5_no_thinking_retail_0010\results.json,model_failure,2026-07-12T01:42:20
tau2_airline_retail_full_telecom_base_glm5_no_thinking,retail,retail,none,107,retail_0010,10,7,passed,1,tau2_airline_retail_full_telecom_base_glm5_no_thinking_retail_0010,C:\Users\86132\Desktop\SafeDesk\benchmarks\tau2-bench\data\simulations\tau2_airline_retail_full_telecom_base_glm5_no_thinking_retail_0010\results.json,,2026-07-12T01:42:20
tau2_airline_retail_full_telecom_base_glm5_no_thinking,retail,retail,none,108,retail_0010,10,8,passed,1,tau2_airline_retail_full_telecom_base_glm5_no_thinking_retail_0010,C:\Users\86132\Desktop\SafeDesk\benchmarks\tau2-bench\data\simulations\tau2_airline_retail_full_telecom_base_glm5_no_thinking_retail_0010\results.json,,2026-07-12T01:42:20
tau2_airline_retail_full_telecom_base_glm5_no_thinking,retail,retail,none,109,retail_0010,10,9,passed,1,tau2_airline_retail_full_telecom_base_glm5_no_thinking_retail_0010,C:\Users\86132\Desktop\SafeDesk\benchmarks\tau2-bench\data\simulations\tau2_airline_retail_full_telecom_base_glm5_no_thinking_retail_0010\results.json,,2026-07-12T01:42:20
tau2_airline_retail_full_telecom_base_glm5_no_thinking,retail,retail,none,110,retail_0011,11,0,passed,1,tau2_airline_retail_full_telecom_base_glm5_no_thinking_retail_0011,C:\Users\86132\Desktop\SafeDesk\benchmarks\tau2-bench\data\simulations\tau2_airline_retail_full_telecom_base_glm5_no_thinking_retail_0011\results.json,,2026-07-12T01:47:28
tau2_airline_retail_full_telecom_base_glm5_no_thinking,retail,retail,none,111,retail_0011,11,1,passed,1,tau2_airline_retail_full_telecom_base_glm5_no_thinking_retail_0011,C:\Users\86132\Desktop\SafeDesk\benchmarks\tau2-bench\data\simulations\tau2_airline_retail_full_telecom_base_glm5_no_thinking_retail_0011\results.json,,2026-07-12T01:47:28
tau2_airline_retail_full_telecom_base_glm5_no_thinking,retail,retail,none,112,retail_0011,11,2,passed,1,tau2_airline_retail_full_telecom_base_glm5_no_thinking_retail_0011,C:\Users\86132\Desktop\SafeDesk\benchmarks\tau2-bench\data\simulations\tau2_airline_retail_full_telecom_base_glm5_no_thinking_retail_0011\results.json,,2026-07-12T01:47:28
tau2_airline_retail_full_telecom_base_glm5_no_thinking,retail,retail,none,113,retail_0011,11,3,passed,1,tau2_airline_retail_full_telecom_base_glm5_no_thinking_retail_0011,C:\Users\86132\Desktop\SafeDesk\benchmarks\tau2-bench\data\simulations\tau2_airline_retail_full_telecom_base_glm5_no_thinking_retail_0011\results.json,,2026-07-12T01:47:28
tau2_airline_retail_full_telecom_base_glm5_no_thinking,telecom,telecom,base,[mobile_data_issue]airplane_mode_on|user_abroad_roaming_enabled_off[PERSONA:None],telecom_0000,0,0,pending,0,tau2_airline_retail_full_telecom_base_glm5_no_thinking_telecom_0000,C:\Users\86132\Desktop\SafeDesk\benchmarks\tau2-bench\data\simulations\tau2_airline_retail_full_telecom_base_glm5_no_thinking_telecom_0000\results.json,,2026-07-11T22:39:25
tau2_airline_retail_full_telecom_base_glm5_no_thinking,telecom,telecom,base,[mobile_data_issue]airplane_mode_on|data_mode_off[PERSONA:None],telecom_0000,0,1,pending,0,tau2_airline_retail_full_telecom_base_glm5_no_thinking_telecom_0000,C:\Users\86132\Desktop\SafeDesk\benchmarks\tau2-bench\data\simulations\tau2_airline_retail_full_telecom_base_glm5_no_thinking_telecom_0000\results.json,,2026-07-11T22:39:25
tau2_airline_retail_full_telecom_base_glm5_no_thinking,telecom,telecom,base,[mobile_data_issue]airplane_mode_on|bad_network_preference[PERSONA:Hard],telecom_0000,0,2,pending,0,tau2_airline_retail_full_telecom_base_glm5_no_thinking_telecom_0000,C:\Users\86132\Desktop\SafeDesk\benchmarks\tau2-bench\data\simulations\tau2_airline_retail_full_telecom_base_glm5_no_thinking_telecom_0000\results.json,,2026-07-11T22:39:25
tau2_airline_retail_full_telecom_base_glm5_no_thinking,telecom,telecom,base,[mobile_data_issue]data_saver_mode_on|user_abroad_roaming_enabled_off[PERSONA:Easy],telecom_0000,0,3,pending,0,tau2_airline_retail_full_telecom_base_glm5_no_thinking_telecom_0000,C:\Users\86132\Desktop\SafeDesk\benchmarks\tau2-bench\data\simulations\tau2_airline_retail_full_telecom_base_glm5_no_thinking_telecom_0000\results.json,,2026-07-11T22:39:25
tau2_airline_retail_full_telecom_base_glm5_no_thinking,telecom,telecom,base,[mobile_data_issue]bad_network_preference|user_abroad_roaming_enabled_off[PERSONA:Hard],telecom_0000,0,4,pending,0,tau2_airline_retail_full_telecom_base_glm5_no_thinking_telecom_0000,C:\Users\86132\Desktop\SafeDesk\benchmarks\tau2-bench\data\simulations\tau2_airline_retail_full_telecom_base_glm5_no_thinking_telecom_0000\results.json,,2026-07-11T22:39:25
tau2_airline_retail_full_telecom_base_glm5_no_thinking,telecom,telecom,base,[mobile_data_issue]data_usage_exceeded|user_abroad_roaming_enabled_off[PERSONA:Easy],telecom_0000,0,5,pending,0,tau2_airline_retail_full_telecom_base_glm5_no_thinking_telecom_0000,C:\Users\86132\Desktop\SafeDesk\benchmarks\tau2-bench\data\simulations\tau2_airline_retail_full_telecom_base_glm5_no_thinking_telecom_0000\results.json,,2026-07-11T22:39:25
tau2_airline_retail_full_telecom_base_glm5_no_thinking,telecom,telecom,base,[mobile_data_issue]data_mode_off|data_usage_exceeded[PERSONA:None],telecom_0000,0,6,pending,0,tau2_airline_retail_full_telecom_base_glm5_no_thinking_telecom_0000,C:\Users\86132\Desktop\SafeDesk\benchmarks\tau2-bench\data\simulations\tau2_airline_retail_full_telecom_base_glm5_no_thinking_telecom_0000\results.json,,2026-07-11T22:39:25
tau2_airline_retail_full_telecom_base_glm5_no_thinking,telecom,telecom,base,[mobile_data_issue]data_saver_mode_on|data_usage_exceeded[PERSONA:Easy],telecom_0000,0,7,pending,0,tau2_airline_retail_full_telecom_base_glm5_no_thinking_telecom_0000,C:\Users\86132\Desktop\SafeDesk\benchmarks\tau2-bench\data\simulations\tau2_airline_retail_full_telecom_base_glm5_no_thinking_telecom_0000\results.json,,2026-07-11T22:39:25
tau2_airline_retail_full_telecom_base_glm5_no_thinking,telecom,telecom,base,[mobile_data_issue]airplane_mode_on|bad_network_preference|user_abroad_roaming_enabled_off[PERSONA:Easy],telecom_0000,0,8,pending,0,tau2_airline_retail_full_telecom_base_glm5_no_thinking_telecom_0000,C:\Users\86132\Desktop\SafeDesk\benchmarks\tau2-bench\data\simulations\tau2_airline_retail_full_telecom_base_glm5_no_thinking_telecom_0000\results.json,,2026-07-11T22:39:25
tau2_airline_retail_full_telecom_base_glm5_no_thinking,telecom,telecom,base,[mobile_data_issue]airplane_mode_on|data_saver_mode_on|user_abroad_roaming_disabled_on[PERSONA:None],telecom_0000,0,9,pending,0,tau2_airline_retail_full_telecom_base_glm5_no_thinking_telecom_0000,C:\Users\86132\Desktop\SafeDesk\benchmarks\tau2-bench\data\simulations\tau2_airline_retail_full_telecom_base_glm5_no_thinking_telecom_0000\results.json,,2026-07-11T22:39:25
tau2_airline_retail_full_telecom_base_glm5_no_thinking,telecom,telecom,base,[mobile_data_issue]bad_network_preference|bad_vpn|user_abroad_roaming_enabled_off[PERSONA:Easy],telecom_0001,1,0,pending,0,tau2_airline_retail_full_telecom_base_glm5_no_thinking_telecom_0001,C:\Users\86132\Desktop\SafeDesk\benchmarks\tau2-bench\data\simulations\tau2_airline_retail_full_telecom_base_glm5_no_thinking_telecom_0001\results.json,,2026-07-11T22:39:25
tau2_airline_retail_full_telecom_base_glm5_no_thinking,telecom,telecom,base,[mobile_data_issue]bad_vpn|data_saver_mode_on|user_abroad_roaming_disabled_on[PERSONA:None],telecom_0001,1,1,pending,0,tau2_airline_retail_full_telecom_base_glm5_no_thinking_telecom_0001,C:\Users\86132\Desktop\SafeDesk\benchmarks\tau2-bench\data\simulations\tau2_airline_retail_full_telecom_base_glm5_no_thinking_telecom_0001\results.json,,2026-07-11T22:39:25
tau2_airline_retail_full_telecom_base_glm5_no_thinking,telecom,telecom,base,[mobile_data_issue]bad_network_preference|bad_vpn|user_abroad_roaming_disabled_on[PERSONA:None],telecom_0001,1,2,pending,0,tau2_airline_retail_full_telecom_base_glm5_no_thinking_telecom_0001,C:\Users\86132\Desktop\SafeDesk\benchmarks\tau2-bench\data\simulations\tau2_airline_retail_full_telecom_base_glm5_no_thinking_telecom_0001\results.json,,2026-07-11T22:39:25
tau2_airline_retail_full_telecom_base_glm5_no_thinking,telecom,telecom,base,[mobile_data_issue]data_mode_off|data_usage_exceeded|user_abroad_roaming_disabled_off[PERSONA:Hard],telecom_0001,1,3,pending,0,tau2_airline_retail_full_telecom_base_glm5_no_thinking_telecom_0001,C:\Users\86132\Desktop\SafeDesk\benchmarks\tau2-bench\data\simulations\tau2_airline_retail_full_telecom_base_glm5_no_thinking_telecom_0001\results.json,,2026-07-11T22:39:25
tau2_airline_retail_full_telecom_base_glm5_no_thinking,telecom,telecom,base,[mobile_data_issue]bad_network_preference|bad_vpn|user_abroad_roaming_disabled_off[PERSONA:Hard],telecom_0001,1,4,pending,0,tau2_airline_retail_full_telecom_base_glm5_no_thinking_telecom_0001,C:\Users\86132\Desktop\SafeDesk\benchmarks\tau2-bench\data\simulations\tau2_airline_retail_full_telecom_base_glm5_no_thinking_telecom_0001\results.json,,2026-07-11T22:39:25
tau2_airline_retail_full_telecom_base_glm5_no_thinking,telecom,telecom,base,[mobile_data_issue]bad_network_preference|data_saver_mode_on|data_usage_exceeded[PERSONA:Hard],telecom_0001,1,5,pending,0,tau2_airline_retail_full_telecom_base_glm5_no_thinking_telecom_0001,C:\Users\86132\Desktop\SafeDesk\benchmarks\tau2-bench\data\simulations\tau2_airline_retail_full_telecom_base_glm5_no_thinking_telecom_0001\results.json,,2026-07-11T22:39:25
tau2_airline_retail_full_telecom_base_glm5_no_thinking,telecom,telecom,base,[mobile_data_issue]airplane_mode_on|bad_network_preference|data_mode_off|user_abroad_roaming_disabled_on[PERSONA:Hard],telecom_0001,1,6,pending,0,tau2_airline_retail_full_telecom_base_glm5_no_thinking_telecom_0001,C:\Users\86132\Desktop\SafeDesk\benchmarks\tau2-bench\data\simulations\tau2_airline_retail_full_telecom_base_glm5_no_thinking_telecom_0001\results.json,,2026-07-11T22:39:25
tau2_airline_retail_full_telecom_base_glm5_no_thinking,telecom,telecom,base,[mobile_data_issue]airplane_mode_on|bad_network_preference|data_usage_exceeded|user_abroad_roaming_disabled_off[PERSONA:Easy],telecom_0001,1,7,pending,0,tau2_airline_retail_full_telecom_base_glm5_no_thinking_telecom_0001,C:\Users\86132\Desktop\SafeDesk\benchmarks\tau2-bench\data\simulations\tau2_airline_retail_full_telecom_base_glm5_no_thinking_telecom_0001\results.json,,2026-07-11T22:39:25
tau2_airline_retail_full_telecom_base_glm5_no_thinking,telecom,telecom,base,[mobile_data_issue]airplane_mode_on|bad_network_preference|data_mode_off|data_saver_mode_on[PERSONA:Hard],telecom_0001,1,8,pending,0,tau2_airline_retail_full_telecom_base_glm5_no_thinking_telecom_0001,C:\Users\86132\Desktop\SafeDesk\benchmarks\tau2-bench\data\simulations\tau2_airline_retail_full_telecom_base_glm5_no_thinking_telecom_0001\results.json,,2026-07-11T22:39:25
tau2_airline_retail_full_telecom_base_glm5_no_thinking,telecom,telecom,base,[mobile_data_issue]bad_vpn|data_mode_off|data_usage_exceeded|user_abroad_roaming_disabled_off[PERSONA:None],telecom_0001,1,9,pending,0,tau2_airline_retail_full_telecom_base_glm5_no_thinking_telecom_0001,C:\Users\86132\Desktop\SafeDesk\benchmarks\tau2-bench\data\simulations\tau2_airline_retail_full_telecom_base_glm5_no_thinking_telecom_0001\results.json,,2026-07-11T22:39:25
tau2_airline_retail_full_telecom_base_glm5_no_thinking,telecom,telecom,base,[mobile_data_issue]bad_network_preference|bad_vpn|data_usage_exceeded|user_abroad_roaming_disabled_off[PERSONA:Easy],telecom_0002,2,0,pending,0,tau2_airline_retail_full_telecom_base_glm5_no_thinking_telecom_0002,C:\Users\86132\Desktop\SafeDesk\benchmarks\tau2-bench\data\simulations\tau2_airline_retail_full_telecom_base_glm5_no_thinking_telecom_0002\results.json,,2026-07-11T22:39:25
tau2_airline_retail_full_telecom_base_glm5_no_thinking,telecom,telecom,base,[mobile_data_issue]bad_network_preference|bad_vpn|data_mode_off|data_saver_mode_on[PERSONA:None],telecom_0002,2,1,pending,0,tau2_airline_retail_full_telecom_base_glm5_no_thinking_telecom_0002,C:\Users\86132\Desktop\SafeDesk\benchmarks\tau2-bench\data\simulations\tau2_airline_retail_full_telecom_base_glm5_no_thinking_telecom_0002\results.json,,2026-07-11T22:39:25
tau2_airline_retail_full_telecom_base_glm5_no_thinking,telecom,telecom,base,[mobile_data_issue]airplane_mode_on|data_mode_off|data_saver_mode_on|data_usage_exceeded|user_abroad_roaming_enabled_off[PERSONA:Hard],telecom_0002,2,2,pending,0,tau2_airline_retail_full_telecom_base_glm5_no_thinking_telecom_0002,C:\Users\86132\Desktop\SafeDesk\benchmarks\tau2-bench\data\simulations\tau2_airline_retail_full_telecom_base_glm5_no_thinking_telecom_0002\results.json,,2026-07-11T22:39:25
tau2_airline_retail_full_telecom_base_glm5_no_thinking,telecom,telecom,base,[mobile_data_issue]airplane_mode_on|bad_network_preference|data_mode_off|data_usage_exceeded|user_abroad_roaming_disabled_on[PERSONA:None],telecom_0002,2,3,pending,0,tau2_airline_retail_full_telecom_base_glm5_no_thinking_telecom_0002,C:\Users\86132\Desktop\SafeDesk\benchmarks\tau2-bench\data\simulations\tau2_airline_retail_full_telecom_base_glm5_no_thinking_telecom_0002\results.json,,2026-07-11T22:39:25
tau2_airline_retail_full_telecom_base_glm5_no_thinking,telecom,telecom,base,[mobile_data_issue]airplane_mode_on|bad_network_preference|bad_vpn|data_saver_mode_on|user_abroad_roaming_disabled_on[PERSONA:Easy],telecom_0002,2,4,pending,0,tau2_airline_retail_full_telecom_base_glm5_no_thinking_telecom_0002,C:\Users\86132\Desktop\SafeDesk\benchmarks\tau2-bench\data\simulations\tau2_airline_retail_full_telecom_base_glm5_no_thinking_telecom_0002\results.json,,2026-07-11T22:39:25
tau2_airline_retail_full_telecom_base_glm5_no_thinking,telecom,telecom,base,[mobile_data_issue]airplane_mode_on|bad_network_preference|data_saver_mode_on|data_usage_exceeded|user_abroad_roaming_disabled_off[PERSONA:None],telecom_0002,2,5,pending,0,tau2_airline_retail_full_telecom_base_glm5_no_thinking_telecom_0002,C:\Users\86132\Desktop\SafeDesk\benchmarks\tau2-bench\data\simulations\tau2_airline_retail_full_telecom_base_glm5_no_thinking_telecom_0002\results.json,,2026-07-11T22:39:25
tau2_airline_retail_full_telecom_base_glm5_no_thinking,telecom,telecom,base,[mobile_data_issue]bad_network_preference|data_mode_off|data_saver_mode_on|data_usage_exceeded|user_abroad_roaming_disabled_off[PERSONA:Easy],telecom_0002,2,6,pending,0,tau2_airline_retail_full_telecom_base_glm5_no_thinking_telecom_0002,C:\Users\86132\Desktop\SafeDesk\benchmarks\tau2-bench\data\simulations\tau2_airline_retail_full_telecom_base_glm5_no_thinking_telecom_0002\results.json,,2026-07-11T22:39:25
tau2_airline_retail_full_telecom_base_glm5_no_thinking,telecom,telecom,base,[mobile_data_issue]bad_network_preference|bad_vpn|data_saver_mode_on|data_usage_exceeded|user_abroad_roaming_disabled_off[PERSONA:Easy],telecom_0002,2,7,pending,0,tau2_airline_retail_full_telecom_base_glm5_no_thinking_telecom_0002,C:\Users\86132\Desktop\SafeDesk\benchmarks\tau2-bench\data\simulations\tau2_airline_retail_full_telecom_base_glm5_no_thinking_telecom_0002\results.json,,2026-07-11T22:39:25
tau2_airline_retail_full_telecom_base_glm5_no_thinking,telecom,telecom,base,[mobile_data_issue]airplane_mode_on|bad_network_preference|bad_vpn|data_mode_off|data_usage_exceeded|user_abroad_roaming_enabled_off[PERSONA:Easy],telecom_0002,2,8,pending,0,tau2_airline_retail_full_telecom_base_glm5_no_thinking_telecom_0002,C:\Users\86132\Desktop\SafeDesk\benchmarks\tau2-bench\data\simulations\tau2_airline_retail_full_telecom_base_glm5_no_thinking_telecom_0002\results.json,,2026-07-11T22:39:25
tau2_airline_retail_full_telecom_base_glm5_no_thinking,telecom,telecom,base,[mobile_data_issue]airplane_mode_on|bad_network_preference|bad_vpn|data_saver_mode_on|data_usage_exceeded|user_abroad_roaming_enabled_off[PERSONA:None],telecom_0002,2,9,pending,0,tau2_airline_retail_full_telecom_base_glm5_no_thinking_telecom_0002,C:\Users\86132\Desktop\SafeDesk\benchmarks\tau2-bench\data\simulations\tau2_airline_retail_full_telecom_base_glm5_no_thinking_telecom_0002\results.json,,2026-07-11T22:39:25
tau2_airline_retail_full_telecom_base_glm5_no_thinking,telecom,telecom,base,[mobile_data_issue]airplane_mode_on|bad_network_preference|data_mode_off|data_saver_mode_on|data_usage_exceeded|user_abroad_roaming_disabled_on[PERSONA:None],telecom_0003,3,0,pending,0,tau2_airline_retail_full_telecom_base_glm5_no_thinking_telecom_0003,C:\Users\86132\Desktop\SafeDesk\benchmarks\tau2-bench\data\simulations\tau2_airline_retail_full_telecom_base_glm5_no_thinking_telecom_0003\results.json,,2026-07-11T22:39:25
tau2_airline_retail_full_telecom_base_glm5_no_thinking,telecom,telecom,base,[mobile_data_issue]airplane_mode_on|bad_network_preference|bad_vpn|data_mode_off|data_saver_mode_on|user_abroad_roaming_disabled_off[PERSONA:Hard],telecom_0003,3,1,pending,0,tau2_airline_retail_full_telecom_base_glm5_no_thinking_telecom_0003,C:\Users\86132\Desktop\SafeDesk\benchmarks\tau2-bench\data\simulations\tau2_airline_retail_full_telecom_base_glm5_no_thinking_telecom_0003\results.json,,2026-07-11T22:39:25
tau2_airline_retail_full_telecom_base_glm5_no_thinking,telecom,telecom,base,[mobile_data_issue]bad_network_preference|bad_vpn|data_mode_off|data_saver_mode_on|data_usage_exceeded|user_abroad_roaming_enabled_off[PERSONA:Easy],telecom_0003,3,2,pending,0,tau2_airline_retail_full_telecom_base_glm5_no_thinking_telecom_0003,C:\Users\86132\Desktop\SafeDesk\benchmarks\tau2-bench\data\simulations\tau2_airline_retail_full_telecom_base_glm5_no_thinking_telecom_0003\results.json,,2026-07-11T22:39:25
tau2_airline_retail_full_telecom_base_glm5_no_thinking,telecom,telecom,base,[mobile_data_issue]airplane_mode_on|bad_network_preference|bad_vpn|data_mode_off|data_saver_mode_on|data_usage_exceeded|user_abroad_roaming_enabled_off[PERSONA:Easy],telecom_0003,3,3,pending,0,tau2_airline_retail_full_telecom_base_glm5_no_thinking_telecom_0003,C:\Users\86132\Desktop\SafeDesk\benchmarks\tau2-bench\data\simulations\tau2_airline_retail_full_telecom_base_glm5_no_thinking_telecom_0003\results.json,,2026-07-11T22:39:25
tau2_airline_retail_full_telecom_base_glm5_no_thinking,telecom,telecom,base,[mobile_data_issue]airplane_mode_on|bad_network_preference|bad_vpn|data_mode_off|data_saver_mode_on|data_usage_exceeded|user_abroad_roaming_disabled_on[PERSONA:None],telecom_0003,3,4,pending,0,tau2_airline_retail_full_telecom_base_glm5_no_thinking_telecom_0003,C:\Users\86132\Desktop\SafeDesk\benchmarks\tau2-bench\data\simulations\tau2_airline_retail_full_telecom_base_glm5_no_thinking_telecom_0003\results.json,,2026-07-11T22:39:25
tau2_airline_retail_full_telecom_base_glm5_no_thinking,telecom,telecom,base,[mobile_data_issue]airplane_mode_on|bad_network_preference|bad_vpn|data_mode_off|data_saver_mode_on|data_usage_exceeded|user_abroad_roaming_disabled_off[PERSONA:Hard],telecom_0003,3,5,pending,0,tau2_airline_retail_full_telecom_base_glm5_no_thinking_telecom_0003,C:\Users\86132\Desktop\SafeDesk\benchmarks\tau2-bench\data\simulations\tau2_airline_retail_full_telecom_base_glm5_no_thinking_telecom_0003\results.json,,2026-07-11T22:39:25
tau2_airline_retail_full_telecom_base_glm5_no_thinking,telecom,telecom,base,[service_issue]airplane_mode_on|unseat_sim_card[PERSONA:None],telecom_0003,3,6,pending,0,tau2_airline_retail_full_telecom_base_glm5_no_thinking_telecom_0003,C:\Users\86132\Desktop\SafeDesk\benchmarks\tau2-bench\data\simulations\tau2_airline_retail_full_telecom_base_glm5_no_thinking_telecom_0003\results.json,,2026-07-11T22:39:25
tau2_airline_retail_full_telecom_base_glm5_no_thinking,telecom,telecom,base,[service_issue]airplane_mode_on|lock_sim_card_pin[PERSONA:Easy],telecom_0003,3,7,pending,0,tau2_airline_retail_full_telecom_base_glm5_no_thinking_telecom_0003,C:\Users\86132\Desktop\SafeDesk\benchmarks\tau2-bench\data\simulations\tau2_airline_retail_full_telecom_base_glm5_no_thinking_telecom_0003\results.json,,2026-07-11T22:39:25
tau2_airline_retail_full_telecom_base_glm5_no_thinking,telecom,telecom,base,[service_issue]airplane_mode_on|break_apn_settings[PERSONA:Hard],telecom_0003,3,8,pending,0,tau2_airline_retail_full_telecom_base_glm5_no_thinking_telecom_0003,C:\Users\86132\Desktop\SafeDesk\benchmarks\tau2-bench\data\simulations\tau2_airline_retail_full_telecom_base_glm5_no_thinking_telecom_0003\results.json,,2026-07-11T22:39:25
tau2_airline_retail_full_telecom_base_glm5_no_thinking,telecom,telecom,base,[service_issue]airplane_mode_on|overdue_bill_suspension[PERSONA:None],telecom_0003,3,9,pending,0,tau2_airline_retail_full_telecom_base_glm5_no_thinking_telecom_0003,C:\Users\86132\Desktop\SafeDesk\benchmarks\tau2-bench\data\simulations\tau2_airline_retail_full_telecom_base_glm5_no_thinking_telecom_0003\results.json,,2026-07-11T22:39:25
tau2_airline_retail_full_telecom_base_glm5_no_thinking,telecom,telecom,base,[service_issue]overdue_bill_suspension|unseat_sim_card[PERSONA:Easy],telecom_0004,4,0,pending,0,tau2_airline_retail_full_telecom_base_glm5_no_thinking_telecom_0004,C:\Users\86132\Desktop\SafeDesk\benchmarks\tau2-bench\data\simulations\tau2_airline_retail_full_telecom_base_glm5_no_thinking_telecom_0004\results.json,,2026-07-11T22:39:25
tau2_airline_retail_full_telecom_base_glm5_no_thinking,telecom,telecom,base,[service_issue]contract_end_suspension|unseat_sim_card[PERSONA:Hard],telecom_0004,4,1,pending,0,tau2_airline_retail_full_telecom_base_glm5_no_thinking_telecom_0004,C:\Users\86132\Desktop\SafeDesk\benchmarks\tau2-bench\data\simulations\tau2_airline_retail_full_telecom_base_glm5_no_thinking_telecom_0004\results.json,,2026-07-11T22:39:25
tau2_airline_retail_full_telecom_base_glm5_no_thinking,telecom,telecom,base,[service_issue]break_apn_settings|lock_sim_card_pin[PERSONA:None],telecom_0004,4,2,pending,0,tau2_airline_retail_full_telecom_base_glm5_no_thinking_telecom_0004,C:\Users\86132\Desktop\SafeDesk\benchmarks\tau2-bench\data\simulations\tau2_airline_retail_full_telecom_base_glm5_no_thinking_telecom_0004\results.json,,2026-07-11T22:39:25
tau2_airline_retail_full_telecom_base_glm5_no_thinking,telecom,telecom,base,[service_issue]lock_sim_card_pin|overdue_bill_suspension[PERSONA:Easy],telecom_0004,4,3,pending,0,tau2_airline_retail_full_telecom_base_glm5_no_thinking_telecom_0004,C:\Users\86132\Desktop\SafeDesk\benchmarks\tau2-bench\data\simulations\tau2_airline_retail_full_telecom_base_glm5_no_thinking_telecom_0004\results.json,,2026-07-11T22:39:25
tau2_airline_retail_full_telecom_base_glm5_no_thinking,telecom,telecom,base,[service_issue]contract_end_suspension|lock_sim_card_pin[PERSONA:Hard],telecom_0004,4,4,pending,0,tau2_airline_retail_full_telecom_base_glm5_no_thinking_telecom_0004,C:\Users\86132\Desktop\SafeDesk\benchmarks\tau2-bench\data\simulations\tau2_airline_retail_full_telecom_base_glm5_no_thinking_telecom_0004\results.json,,2026-07-11T22:39:25
tau2_airline_retail_full_telecom_base_glm5_no_thinking,telecom,telecom,base,[service_issue]airplane_mode_on|lock_sim_card_pin|unseat_sim_card[PERSONA:Hard],telecom_0004,4,5,pending,0,tau2_airline_retail_full_telecom_base_glm5_no_thinking_telecom_0004,C:\Users\86132\Desktop\SafeDesk\benchmarks\tau2-bench\data\simulations\tau2_airline_retail_full_telecom_base_glm5_no_thinking_telecom_0004\results.json,,2026-07-11T22:39:25
tau2_airline_retail_full_telecom_base_glm5_no_thinking,telecom,telecom,base,[service_issue]airplane_mode_on|break_apn_settings|unseat_sim_card[PERSONA:None],telecom_0004,4,6,pending,0,tau2_airline_retail_full_telecom_base_glm5_no_thinking_telecom_0004,C:\Users\86132\Desktop\SafeDesk\benchmarks\tau2-bench\data\simulations\tau2_airline_retail_full_telecom_base_glm5_no_thinking_telecom_0004\results.json,,2026-07-11T22:39:25
tau2_airline_retail_full_telecom_base_glm5_no_thinking,telecom,telecom,base,[service_issue]airplane_mode_on|overdue_bill_suspension|unseat_sim_card[PERSONA:Easy],telecom_0004,4,7,pending,0,tau2_airline_retail_full_telecom_base_glm5_no_thinking_telecom_0004,C:\Users\86132\Desktop\SafeDesk\benchmarks\tau2-bench\data\simulations\tau2_airline_retail_full_telecom_base_glm5_no_thinking_telecom_0004\results.json,,2026-07-11T22:39:25
tau2_airline_retail_full_telecom_base_glm5_no_thinking,telecom,telecom,base,[service_issue]airplane_mode_on|break_apn_settings|lock_sim_card_pin[PERSONA:None],telecom_0004,4,8,pending,0,tau2_airline_retail_full_telecom_base_glm5_no_thinking_telecom_0004,C:\Users\86132\Desktop\SafeDesk\benchmarks\tau2-bench\data\simulations\tau2_airline_retail_full_telecom_base_glm5_no_thinking_telecom_0004\results.json,,2026-07-11T22:39:25
tau2_airline_retail_full_telecom_base_glm5_no_thinking,telecom,telecom,base,[service_issue]airplane_mode_on|lock_sim_card_pin|overdue_bill_suspension[PERSONA:Easy],telecom_0004,4,9,pending,0,tau2_airline_retail_full_telecom_base_glm5_no_thinking_telecom_0004,C:\Users\86132\Desktop\SafeDesk\benchmarks\tau2-bench\data\simulations\tau2_airline_retail_full_telecom_base_glm5_no_thinking_telecom_0004\results.json,,2026-07-11T22:39:25
tau2_airline_retail_full_telecom_base_glm5_no_thinking,telecom,telecom,base,[service_issue]airplane_mode_on|break_apn_settings|overdue_bill_suspension[PERSONA:None],telecom_0005,5,0,pending,0,tau2_airline_retail_full_telecom_base_glm5_no_thinking_telecom_0005,C:\Users\86132\Desktop\SafeDesk\benchmarks\tau2-bench\data\simulations\tau2_airline_retail_full_telecom_base_glm5_no_thinking_telecom_0005\results.json,,2026-07-11T22:39:25
tau2_airline_retail_full_telecom_base_glm5_no_thinking,telecom,telecom,base,[service_issue]break_apn_settings|overdue_bill_suspension|unseat_sim_card[PERSONA:Hard],telecom_0005,5,1,pending,0,tau2_airline_retail_full_telecom_base_glm5_no_thinking_telecom_0005,C:\Users\86132\Desktop\SafeDesk\benchmarks\tau2-bench\data\simulations\tau2_airline_retail_full_telecom_base_glm5_no_thinking_telecom_0005\results.json,,2026-07-11T22:39:25
tau2_airline_retail_full_telecom_base_glm5_no_thinking,telecom,telecom,base,[service_issue]break_apn_settings|lock_sim_card_pin|overdue_bill_suspension[PERSONA:Easy],telecom_0005,5,2,pending,0,tau2_airline_retail_full_telecom_base_glm5_no_thinking_telecom_0005,C:\Users\86132\Desktop\SafeDesk\benchmarks\tau2-bench\data\simulations\tau2_airline_retail_full_telecom_base_glm5_no_thinking_telecom_0005\results.json,,2026-07-11T22:39:25
tau2_airline_retail_full_telecom_base_glm5_no_thinking,telecom,telecom,base,[service_issue]break_apn_settings|contract_end_suspension|lock_sim_card_pin[PERSONA:Hard],telecom_0005,5,3,pending,0,tau2_airline_retail_full_telecom_base_glm5_no_thinking_telecom_0005,C:\Users\86132\Desktop\SafeDesk\benchmarks\tau2-bench\data\simulations\tau2_airline_retail_full_telecom_base_glm5_no_thinking_telecom_0005\results.json,,2026-07-11T22:39:25
tau2_airline_retail_full_telecom_base_glm5_no_thinking,telecom,telecom,base,[service_issue]airplane_mode_on|break_apn_settings|lock_sim_card_pin|unseat_sim_card[PERSONA:None],telecom_0005,5,4,pending,0,tau2_airline_retail_full_telecom_base_glm5_no_thinking_telecom_0005,C:\Users\86132\Desktop\SafeDesk\benchmarks\tau2-bench\data\simulations\tau2_airline_retail_full_telecom_base_glm5_no_thinking_telecom_0005\results.json,,2026-07-11T22:39:25
tau2_airline_retail_full_telecom_base_glm5_no_thinking,telecom,telecom,base,[service_issue]airplane_mode_on|lock_sim_card_pin|overdue_bill_suspension|unseat_sim_card[PERSONA:Easy],telecom_0005,5,5,pending,0,tau2_airline_retail_full_telecom_base_glm5_no_thinking_telecom_0005,C:\Users\86132\Desktop\SafeDesk\benchmarks\tau2-bench\data\simulations\tau2_airline_retail_full_telecom_base_glm5_no_thinking_telecom_0005\results.json,,2026-07-11T22:39:25
tau2_airline_retail_full_telecom_base_glm5_no_thinking,telecom,telecom,base,[service_issue]airplane_mode_on|contract_end_suspension|lock_sim_card_pin|unseat_sim_card[PERSONA:Hard],telecom_0005,5,6,pending,0,tau2_airline_retail_full_telecom_base_glm5_no_thinking_telecom_0005,C:\Users\86132\Desktop\SafeDesk\benchmarks\tau2-bench\data\simulations\tau2_airline_retail_full_telecom_base_glm5_no_thinking_telecom_0005\results.json,,2026-07-11T22:39:25
tau2_airline_retail_full_telecom_base_glm5_no_thinking,telecom,telecom,base,[service_issue]airplane_mode_on|break_apn_settings|overdue_bill_suspension|unseat_sim_card[PERSONA:None],telecom_0005,5,7,pending,0,tau2_airline_retail_full_telecom_base_glm5_no_thinking_telecom_0005,C:\Users\86132\Desktop\SafeDesk\benchmarks\tau2-bench\data\simulations\tau2_airline_retail_full_telecom_base_glm5_no_thinking_telecom_0005\results.json,,2026-07-11T22:39:25
tau2_airline_retail_full_telecom_base_glm5_no_thinking,telecom,telecom,base,[service_issue]airplane_mode_on|break_apn_settings|contract_end_suspension|unseat_sim_card[PERSONA:Easy],telecom_0005,5,8,pending,0,tau2_airline_retail_full_telecom_base_glm5_no_thinking_telecom_0005,C:\Users\86132\Desktop\SafeDesk\benchmarks\tau2-bench\data\simulations\tau2_airline_retail_full_telecom_base_glm5_no_thinking_telecom_0005\results.json,,2026-07-11T22:39:25
tau2_airline_retail_full_telecom_base_glm5_no_thinking,telecom,telecom,base,[service_issue]airplane_mode_on|break_apn_settings|lock_sim_card_pin|overdue_bill_suspension[PERSONA:Hard],telecom_0005,5,9,pending,0,tau2_airline_retail_full_telecom_base_glm5_no_thinking_telecom_0005,C:\Users\86132\Desktop\SafeDesk\benchmarks\tau2-bench\data\simulations\tau2_airline_retail_full_telecom_base_glm5_no_thinking_telecom_0005\results.json,,2026-07-11T22:39:25
tau2_airline_retail_full_telecom_base_glm5_no_thinking,telecom,telecom,base,[service_issue]airplane_mode_on|break_apn_settings|contract_end_suspension|lock_sim_card_pin[PERSONA:None],telecom_0006,6,0,pending,0,tau2_airline_retail_full_telecom_base_glm5_no_thinking_telecom_0006,C:\Users\86132\Desktop\SafeDesk\benchmarks\tau2-bench\data\simulations\tau2_airline_retail_full_telecom_base_glm5_no_thinking_telecom_0006\results.json,,2026-07-11T22:39:25
tau2_airline_retail_full_telecom_base_glm5_no_thinking,telecom,telecom,base,[service_issue]break_apn_settings|lock_sim_card_pin|overdue_bill_suspension|unseat_sim_card[PERSONA:Easy],telecom_0006,6,1,pending,0,tau2_airline_retail_full_telecom_base_glm5_no_thinking_telecom_0006,C:\Users\86132\Desktop\SafeDesk\benchmarks\tau2-bench\data\simulations\tau2_airline_retail_full_telecom_base_glm5_no_thinking_telecom_0006\results.json,,2026-07-11T22:39:25
tau2_airline_retail_full_telecom_base_glm5_no_thinking,telecom,telecom,base,[service_issue]break_apn_settings|contract_end_suspension|lock_sim_card_pin|unseat_sim_card[PERSONA:Hard],telecom_0006,6,2,pending,0,tau2_airline_retail_full_telecom_base_glm5_no_thinking_telecom_0006,C:\Users\86132\Desktop\SafeDesk\benchmarks\tau2-bench\data\simulations\tau2_airline_retail_full_telecom_base_glm5_no_thinking_telecom_0006\results.json,,2026-07-11T22:39:25
tau2_airline_retail_full_telecom_base_glm5_no_thinking,telecom,telecom,base,[service_issue]airplane_mode_on|break_apn_settings|lock_sim_card_pin|overdue_bill_suspension|unseat_sim_card[PERSONA:None],telecom_0006,6,3,pending,0,tau2_airline_retail_full_telecom_base_glm5_no_thinking_telecom_0006,C:\Users\86132\Desktop\SafeDesk\benchmarks\tau2-bench\data\simulations\tau2_airline_retail_full_telecom_base_glm5_no_thinking_telecom_0006\results.json,,2026-07-11T22:39:25
tau2_airline_retail_full_telecom_base_glm5_no_thinking,telecom,telecom,base,[service_issue]airplane_mode_on|break_apn_settings|contract_end_suspension|lock_sim_card_pin|unseat_sim_card[PERSONA:Easy],telecom_0006,6,4,pending,0,tau2_airline_retail_full_telecom_base_glm5_no_thinking_telecom_0006,C:\Users\86132\Desktop\SafeDesk\benchmarks\tau2-bench\data\simulations\tau2_airline_retail_full_telecom_base_glm5_no_thinking_telecom_0006\results.json,,2026-07-11T22:39:25
tau2_airline_retail_full_telecom_base_glm5_no_thinking,telecom,telecom,base,[mms_issue]airplane_mode_on|break_app_both_permissions[PERSONA:Hard],telecom_0006,6,5,pending,0,tau2_airline_retail_full_telecom_base_glm5_no_thinking_telecom_0006,C:\Users\86132\Desktop\SafeDesk\benchmarks\tau2-bench\data\simulations\tau2_airline_retail_full_telecom_base_glm5_no_thinking_telecom_0006\results.json,,2026-07-11T22:39:25
tau2_airline_retail_full_telecom_base_glm5_no_thinking,telecom,telecom,base,[mms_issue]break_app_sms_permission|data_mode_off[PERSONA:None],telecom_0006,6,6,pending,0,tau2_airline_retail_full_telecom_base_glm5_no_thinking_telecom_0006,C:\Users\86132\Desktop\SafeDesk\benchmarks\tau2-bench\data\simulations\tau2_airline_retail_full_telecom_base_glm5_no_thinking_telecom_0006\results.json,,2026-07-11T22:39:25
tau2_airline_retail_full_telecom_base_glm5_no_thinking,telecom,telecom,base,[mms_issue]break_app_storage_permission|data_usage_exceeded[PERSONA:Easy],telecom_0006,6,7,pending,0,tau2_airline_retail_full_telecom_base_glm5_no_thinking_telecom_0006,C:\Users\86132\Desktop\SafeDesk\benchmarks\tau2-bench\data\simulations\tau2_airline_retail_full_telecom_base_glm5_no_thinking_telecom_0006\results.json,,2026-07-11T22:39:25
tau2_airline_retail_full_telecom_base_glm5_no_thinking,telecom,telecom,base,[mms_issue]break_app_both_permissions|data_usage_exceeded[PERSONA:Hard],telecom_0006,6,8,pending,0,tau2_airline_retail_full_telecom_base_glm5_no_thinking_telecom_0006,C:\Users\86132\Desktop\SafeDesk\benchmarks\tau2-bench\data\simulations\tau2_airline_retail_full_telecom_base_glm5_no_thinking_telecom_0006\results.json,,2026-07-11T22:39:25
tau2_airline_retail_full_telecom_base_glm5_no_thinking,telecom,telecom,base,[mms_issue]break_apn_mms_setting|user_abroad_roaming_enabled_off[PERSONA:Hard],telecom_0006,6,9,pending,0,tau2_airline_retail_full_telecom_base_glm5_no_thinking_telecom_0006,C:\Users\86132\Desktop\SafeDesk\benchmarks\tau2-bench\data\simulations\tau2_airline_retail_full_telecom_base_glm5_no_thinking_telecom_0006\results.json,,2026-07-11T22:39:25
tau2_airline_retail_full_telecom_base_glm5_no_thinking,telecom,telecom,base,[mms_issue]bad_network_preference|user_abroad_roaming_disabled_on[PERSONA:None],telecom_0007,7,0,pending,0,tau2_airline_retail_full_telecom_base_glm5_no_thinking_telecom_0007,C:\Users\86132\Desktop\SafeDesk\benchmarks\tau2-bench\data\simulations\tau2_airline_retail_full_telecom_base_glm5_no_thinking_telecom_0007\results.json,,2026-07-11T22:39:25
tau2_airline_retail_full_telecom_base_glm5_no_thinking,telecom,telecom,base,[mms_issue]bad_network_preference|user_abroad_roaming_disabled_off[PERSONA:None],telecom_0007,7,1,pending,0,tau2_airline_retail_full_telecom_base_glm5_no_thinking_telecom_0007,C:\Users\86132\Desktop\SafeDesk\benchmarks\tau2-bench\data\simulations\tau2_airline_retail_full_telecom_base_glm5_no_thinking_telecom_0007\results.json,,2026-07-11T22:39:25
tau2_airline_retail_full_telecom_base_glm5_no_thinking,telecom,telecom,base,[mms_issue]bad_network_preference|break_app_both_permissions[PERSONA:Easy],telecom_0007,7,2,pending,0,tau2_airline_retail_full_telecom_base_glm5_no_thinking_telecom_0007,C:\Users\86132\Desktop\SafeDesk\benchmarks\tau2-bench\data\simulations\tau2_airline_retail_full_telecom_base_glm5_no_thinking_telecom_0007\results.json,,2026-07-11T22:39:25
tau2_airline_retail_full_telecom_base_glm5_no_thinking,telecom,telecom,base,[mms_issue]airplane_mode_on|bad_network_preference|data_usage_exceeded[PERSONA:None],telecom_0007,7,3,pending,0,tau2_airline_retail_full_telecom_base_glm5_no_thinking_telecom_0007,C:\Users\86132\Desktop\SafeDesk\benchmarks\tau2-bench\data\simulations\tau2_airline_retail_full_telecom_base_glm5_no_thinking_telecom_0007\results.json,,2026-07-11T22:39:25
tau2_airline_retail_full_telecom_base_glm5_no_thinking,telecom,telecom,base,[mms_issue]airplane_mode_on|bad_wifi_calling|user_abroad_roaming_enabled_off[PERSONA:Easy],telecom_0007,7,4,pending,0,tau2_airline_retail_full_telecom_base_glm5_no_thinking_telecom_0007,C:\Users\86132\Desktop\SafeDesk\benchmarks\tau2-bench\data\simulations\tau2_airline_retail_full_telecom_base_glm5_no_thinking_telecom_0007\results.json,,2026-07-11T22:39:25
tau2_airline_retail_full_telecom_base_glm5_no_thinking,telecom,telecom,base,[mms_issue]break_app_storage_permission|unseat_sim_card|user_abroad_roaming_disabled_on[PERSONA:Easy],telecom_0007,7,5,pending,0,tau2_airline_retail_full_telecom_base_glm5_no_thinking_telecom_0007,C:\Users\86132\Desktop\SafeDesk\benchmarks\tau2-bench\data\simulations\tau2_airline_retail_full_telecom_base_glm5_no_thinking_telecom_0007\results.json,,2026-07-11T22:39:25
tau2_airline_retail_full_telecom_base_glm5_no_thinking,telecom,telecom,base,[mms_issue]break_app_both_permissions|unseat_sim_card|user_abroad_roaming_disabled_on[PERSONA:Hard],telecom_0007,7,6,pending,0,tau2_airline_retail_full_telecom_base_glm5_no_thinking_telecom_0007,C:\Users\86132\Desktop\SafeDesk\benchmarks\tau2-bench\data\simulations\tau2_airline_retail_full_telecom_base_glm5_no_thinking_telecom_0007\results.json,,2026-07-11T22:39:25
tau2_airline_retail_full_telecom_base_glm5_no_thinking,telecom,telecom,base,[mms_issue]bad_wifi_calling|data_mode_off|data_usage_exceeded[PERSONA:Easy],telecom_0007,7,7,pending,0,tau2_airline_retail_full_telecom_base_glm5_no_thinking_telecom_0007,C:\Users\86132\Desktop\SafeDesk\benchmarks\tau2-bench\data\simulations\tau2_airline_retail_full_telecom_base_glm5_no_thinking_telecom_0007\results.json,,2026-07-11T22:39:25
tau2_airline_retail_full_telecom_base_glm5_no_thinking,telecom,telecom,base,[mms_issue]bad_network_preference|data_mode_off|user_abroad_roaming_disabled_on[PERSONA:None],telecom_0007,7,8,pending,0,tau2_airline_retail_full_telecom_base_glm5_no_thinking_telecom_0007,C:\Users\86132\Desktop\SafeDesk\benchmarks\tau2-bench\data\simulations\tau2_airline_retail_full_telecom_base_glm5_no_thinking_telecom_0007\results.json,,2026-07-11T22:39:25
tau2_airline_retail_full_telecom_base_glm5_no_thinking,telecom,telecom,base,[mms_issue]break_apn_mms_setting|data_mode_off|user_abroad_roaming_disabled_on[PERSONA:Hard],telecom_0007,7,9,pending,0,tau2_airline_retail_full_telecom_base_glm5_no_thinking_telecom_0007,C:\Users\86132\Desktop\SafeDesk\benchmarks\tau2-bench\data\simulations\tau2_airline_retail_full_telecom_base_glm5_no_thinking_telecom_0007\results.json,,2026-07-11T22:39:25
tau2_airline_retail_full_telecom_base_glm5_no_thinking,telecom,telecom,base,[mms_issue]break_app_sms_permission|data_usage_exceeded|user_abroad_roaming_disabled_on[PERSONA:None],telecom_0008,8,0,pending,0,tau2_airline_retail_full_telecom_base_glm5_no_thinking_telecom_0008,C:\Users\86132\Desktop\SafeDesk\benchmarks\tau2-bench\data\simulations\tau2_airline_retail_full_telecom_base_glm5_no_thinking_telecom_0008\results.json,,2026-07-11T22:39:25
tau2_airline_retail_full_telecom_base_glm5_no_thinking,telecom,telecom,base,[mms_issue]bad_network_preference|break_app_sms_permission|user_abroad_roaming_disabled_on[PERSONA:Hard],telecom_0008,8,1,pending,0,tau2_airline_retail_full_telecom_base_glm5_no_thinking_telecom_0008,C:\Users\86132\Desktop\SafeDesk\benchmarks\tau2-bench\data\simulations\tau2_airline_retail_full_telecom_base_glm5_no_thinking_telecom_0008\results.json,,2026-07-11T22:39:25
tau2_airline_retail_full_telecom_base_glm5_no_thinking,telecom,telecom,base,[mms_issue]airplane_mode_on|break_app_both_permissions|data_usage_exceeded|user_abroad_roaming_disabled_off[PERSONA:None],telecom_0008,8,2,pending,0,tau2_airline_retail_full_telecom_base_glm5_no_thinking_telecom_0008,C:\Users\86132\Desktop\SafeDesk\benchmarks\tau2-bench\data\simulations\tau2_airline_retail_full_telecom_base_glm5_no_thinking_telecom_0008\results.json,,2026-07-11T22:39:25
tau2_airline_retail_full_telecom_base_glm5_no_thinking,telecom,telecom,base,[mms_issue]airplane_mode_on|bad_network_preference|break_apn_mms_setting|data_usage_exceeded[PERSONA:Hard],telecom_0008,8,3,pending,0,tau2_airline_retail_full_telecom_base_glm5_no_thinking_telecom_0008,C:\Users\86132\Desktop\SafeDesk\benchmarks\tau2-bench\data\simulations\tau2_airline_retail_full_telecom_base_glm5_no_thinking_telecom_0008\results.json,,2026-07-11T22:39:25
tau2_airline_retail_full_telecom_base_glm5_no_thinking,telecom,telecom,base,[mms_issue]airplane_mode_on|bad_network_preference|break_apn_mms_setting|break_app_storage_permission[PERSONA:None],telecom_0008,8,4,pending,0,tau2_airline_retail_full_telecom_base_glm5_no_thinking_telecom_0008,C:\Users\86132\Desktop\SafeDesk\benchmarks\tau2-bench\data\simulations\tau2_airline_retail_full_telecom_base_glm5_no_thinking_telecom_0008\results.json,,2026-07-11T22:39:25
tau2_airline_retail_full_telecom_base_glm5_no_thinking,telecom,telecom,base,[mms_issue]bad_wifi_calling|break_apn_mms_setting|unseat_sim_card|user_abroad_roaming_enabled_off[PERSONA:Easy],telecom_0008,8,5,pending,0,tau2_airline_retail_full_telecom_base_glm5_no_thinking_telecom_0008,C:\Users\86132\Desktop\SafeDesk\benchmarks\tau2-bench\data\simulations\tau2_airline_retail_full_telecom_base_glm5_no_thinking_telecom_0008\results.json,,2026-07-11T22:39:25
tau2_airline_retail_full_telecom_base_glm5_no_thinking,telecom,telecom,base,[mms_issue]break_apn_mms_setting|data_mode_off|data_usage_exceeded|user_abroad_roaming_disabled_on[PERSONA:Hard],telecom_0008,8,6,pending,0,tau2_airline_retail_full_telecom_base_glm5_no_thinking_telecom_0008,C:\Users\86132\Desktop\SafeDesk\benchmarks\tau2-bench\data\simulations\tau2_airline_retail_full_telecom_base_glm5_no_thinking_telecom_0008\results.json,,2026-07-11T22:39:25
tau2_airline_retail_full_telecom_base_glm5_no_thinking,telecom,telecom,base,[mms_issue]bad_wifi_calling|break_apn_mms_setting|break_app_sms_permission|data_usage_exceeded[PERSONA:Hard],telecom_0008,8,7,pending,0,tau2_airline_retail_full_telecom_base_glm5_no_thinking_telecom_0008,C:\Users\86132\Desktop\SafeDesk\benchmarks\tau2-bench\data\simulations\tau2_airline_retail_full_telecom_base_glm5_no_thinking_telecom_0008\results.json,,2026-07-11T22:39:25
tau2_airline_retail_full_telecom_base_glm5_no_thinking,telecom,telecom,base,[mms_issue]airplane_mode_on|bad_network_preference|bad_wifi_calling|break_app_storage_permission|unseat_sim_card[PERSONA:Hard],telecom_0008,8,8,pending,0,tau2_airline_retail_full_telecom_base_glm5_no_thinking_telecom_0008,C:\Users\86132\Desktop\SafeDesk\benchmarks\tau2-bench\data\simulations\tau2_airline_retail_full_telecom_base_glm5_no_thinking_telecom_0008\results.json,,2026-07-11T22:39:25
tau2_airline_retail_full_telecom_base_glm5_no_thinking,telecom,telecom,base,[mms_issue]airplane_mode_on|bad_network_preference|break_app_storage_permission|data_mode_off|user_abroad_roaming_enabled_off[PERSONA:Easy],telecom_0008,8,9,pending,0,tau2_airline_retail_full_telecom_base_glm5_no_thinking_telecom_0008,C:\Users\86132\Desktop\SafeDesk\benchmarks\tau2-bench\data\simulations\tau2_airline_retail_full_telecom_base_glm5_no_thinking_telecom_0008\results.json,,2026-07-11T22:39:25
tau2_airline_retail_full_telecom_base_glm5_no_thinking,telecom,telecom,base,[mms_issue]bad_wifi_calling|break_apn_mms_setting|data_mode_off|data_usage_exceeded|unseat_sim_card[PERSONA:None],telecom_0009,9,0,pending,0,tau2_airline_retail_full_telecom_base_glm5_no_thinking_telecom_0009,C:\Users\86132\Desktop\SafeDesk\benchmarks\tau2-bench\data\simulations\tau2_airline_retail_full_telecom_base_glm5_no_thinking_telecom_0009\results.json,,2026-07-11T22:39:25
tau2_airline_retail_full_telecom_base_glm5_no_thinking,telecom,telecom,base,[mms_issue]bad_network_preference|break_app_sms_permission|data_mode_off|data_usage_exceeded|user_abroad_roaming_enabled_off[PERSONA:None],telecom_0009,9,1,pending,0,tau2_airline_retail_full_telecom_base_glm5_no_thinking_telecom_0009,C:\Users\86132\Desktop\SafeDesk\benchmarks\tau2-bench\data\simulations\tau2_airline_retail_full_telecom_base_glm5_no_thinking_telecom_0009\results.json,,2026-07-11T22:39:25
tau2_airline_retail_full_telecom_base_glm5_no_thinking,telecom,telecom,base,[mms_issue]bad_network_preference|bad_wifi_calling|break_app_both_permissions|data_usage_exceeded|user_abroad_roaming_disabled_off[PERSONA:Hard],telecom_0009,9,2,pending,0,tau2_airline_retail_full_telecom_base_glm5_no_thinking_telecom_0009,C:\Users\86132\Desktop\SafeDesk\benchmarks\tau2-bench\data\simulations\tau2_airline_retail_full_telecom_base_glm5_no_thinking_telecom_0009\results.json,,2026-07-11T22:39:25
tau2_airline_retail_full_telecom_base_glm5_no_thinking,telecom,telecom,base,[mms_issue]airplane_mode_on|bad_network_preference|break_apn_mms_setting|data_mode_off|unseat_sim_card|user_abroad_roaming_disabled_off[PERSONA:Easy],telecom_0009,9,3,pending,0,tau2_airline_retail_full_telecom_base_glm5_no_thinking_telecom_0009,C:\Users\86132\Desktop\SafeDesk\benchmarks\tau2-bench\data\simulations\tau2_airline_retail_full_telecom_base_glm5_no_thinking_telecom_0009\results.json,,2026-07-11T22:39:25
tau2_airline_retail_full_telecom_base_glm5_no_thinking,telecom,telecom,base,[mms_issue]airplane_mode_on|bad_network_preference|bad_wifi_calling|data_usage_exceeded|unseat_sim_card|user_abroad_roaming_disabled_on[PERSONA:Easy],telecom_0009,9,4,pending,0,tau2_airline_retail_full_telecom_base_glm5_no_thinking_telecom_0009,C:\Users\86132\Desktop\SafeDesk\benchmarks\tau2-bench\data\simulations\tau2_airline_retail_full_telecom_base_glm5_no_thinking_telecom_0009\results.json,,2026-07-11T22:39:25
tau2_airline_retail_full_telecom_base_glm5_no_thinking,telecom,telecom,base,[mms_issue]airplane_mode_on|bad_network_preference|break_app_both_permissions|data_usage_exceeded|unseat_sim_card|user_abroad_roaming_disabled_on[PERSONA:Hard],telecom_0009,9,5,pending,0,tau2_airline_retail_full_telecom_base_glm5_no_thinking_telecom_0009,C:\Users\86132\Desktop\SafeDesk\benchmarks\tau2-bench\data\simulations\tau2_airline_retail_full_telecom_base_glm5_no_thinking_telecom_0009\results.json,,2026-07-11T22:39:25
tau2_airline_retail_full_telecom_base_glm5_no_thinking,telecom,telecom,base,[mms_issue]bad_network_preference|bad_wifi_calling|break_app_sms_permission|data_mode_off|unseat_sim_card|user_abroad_roaming_enabled_off[PERSONA:Hard],telecom_0009,9,6,pending,0,tau2_airline_retail_full_telecom_base_glm5_no_thinking_telecom_0009,C:\Users\86132\Desktop\SafeDesk\benchmarks\tau2-bench\data\simulations\tau2_airline_retail_full_telecom_base_glm5_no_thinking_telecom_0009\results.json,,2026-07-11T22:39:25
tau2_airline_retail_full_telecom_base_glm5_no_thinking,telecom,telecom,base,[mms_issue]bad_network_preference|bad_wifi_calling|break_app_both_permissions|data_usage_exceeded|unseat_sim_card|user_abroad_roaming_disabled_off[PERSONA:None],telecom_0009,9,7,pending,0,tau2_airline_retail_full_telecom_base_glm5_no_thinking_telecom_0009,C:\Users\86132\Desktop\SafeDesk\benchmarks\tau2-bench\data\simulations\tau2_airline_retail_full_telecom_base_glm5_no_thinking_telecom_0009\results.json,,2026-07-11T22:39:25
tau2_airline_retail_full_telecom_base_glm5_no_thinking,telecom,telecom,base,[mms_issue]bad_wifi_calling|break_apn_mms_setting|break_app_both_permissions|data_mode_off|data_usage_exceeded|user_abroad_roaming_disabled_off[PERSONA:None],telecom_0009,9,8,pending,0,tau2_airline_retail_full_telecom_base_glm5_no_thinking_telecom_0009,C:\Users\86132\Desktop\SafeDesk\benchmarks\tau2-bench\data\simulations\tau2_airline_retail_full_telecom_base_glm5_no_thinking_telecom_0009\results.json,,2026-07-11T22:39:25
tau2_airline_retail_full_telecom_base_glm5_no_thinking,telecom,telecom,base,[mms_issue]airplane_mode_on|bad_wifi_calling|break_app_both_permissions|data_mode_off|data_usage_exceeded|unseat_sim_card|user_abroad_roaming_enabled_off[PERSONA:None],telecom_0009,9,9,pending,0,tau2_airline_retail_full_telecom_base_glm5_no_thinking_telecom_0009,C:\Users\86132\Desktop\SafeDesk\benchmarks\tau2-bench\data\simulations\tau2_airline_retail_full_telecom_base_glm5_no_thinking_telecom_0009\results.json,,2026-07-11T22:39:25
tau2_airline_retail_full_telecom_base_glm5_no_thinking,telecom,telecom,base,[mms_issue]airplane_mode_on|bad_network_preference|bad_wifi_calling|break_apn_mms_setting|break_app_both_permissions|unseat_sim_card|user_abroad_roaming_enabled_off[PERSONA:Hard],telecom_0010,10,0,pending,0,tau2_airline_retail_full_telecom_base_glm5_no_thinking_telecom_0010,C:\Users\86132\Desktop\SafeDesk\benchmarks\tau2-bench\data\simulations\tau2_airline_retail_full_telecom_base_glm5_no_thinking_telecom_0010\results.json,,2026-07-11T22:39:25
tau2_airline_retail_full_telecom_base_glm5_no_thinking,telecom,telecom,base,[mms_issue]airplane_mode_on|bad_network_preference|break_apn_mms_setting|break_app_both_permissions|data_mode_off|data_usage_exceeded|user_abroad_roaming_enabled_off[PERSONA:None],telecom_0010,10,1,pending,0,tau2_airline_retail_full_telecom_base_glm5_no_thinking_telecom_0010,C:\Users\86132\Desktop\SafeDesk\benchmarks\tau2-bench\data\simulations\tau2_airline_retail_full_telecom_base_glm5_no_thinking_telecom_0010\results.json,,2026-07-11T22:39:25
tau2_airline_retail_full_telecom_base_glm5_no_thinking,telecom,telecom,base,[mms_issue]bad_network_preference|bad_wifi_calling|break_app_sms_permission|data_mode_off|data_usage_exceeded|unseat_sim_card|user_abroad_roaming_enabled_off[PERSONA:Easy],telecom_0010,10,2,pending,0,tau2_airline_retail_full_telecom_base_glm5_no_thinking_telecom_0010,C:\Users\86132\Desktop\SafeDesk\benchmarks\tau2-bench\data\simulations\tau2_airline_retail_full_telecom_base_glm5_no_thinking_telecom_0010\results.json,,2026-07-11T22:39:25
tau2_airline_retail_full_telecom_base_glm5_no_thinking,telecom,telecom,base,[mms_issue]bad_network_preference|bad_wifi_calling|break_apn_mms_setting|break_app_storage_permission|data_mode_off|data_usage_exceeded|unseat_sim_card[PERSONA:Easy],telecom_0010,10,3,pending,0,tau2_airline_retail_full_telecom_base_glm5_no_thinking_telecom_0010,C:\Users\86132\Desktop\SafeDesk\benchmarks\tau2-bench\data\simulations\tau2_airline_retail_full_telecom_base_glm5_no_thinking_telecom_0010\results.json,,2026-07-11T22:39:25
tau2_airline_retail_full_telecom_base_glm5_no_thinking,telecom,telecom,base,[mms_issue]airplane_mode_on|bad_network_preference|bad_wifi_calling|break_app_storage_permission|data_mode_off|data_usage_exceeded|unseat_sim_card|user_abroad_roaming_enabled_off[PERSONA:Hard],telecom_0010,10,4,pending,0,tau2_airline_retail_full_telecom_base_glm5_no_thinking_telecom_0010,C:\Users\86132\Desktop\SafeDesk\benchmarks\tau2-bench\data\simulations\tau2_airline_retail_full_telecom_base_glm5_no_thinking_telecom_0010\results.json,,2026-07-11T22:39:25
tau2_airline_retail_full_telecom_base_glm5_no_thinking,telecom,telecom,base,[mms_issue]airplane_mode_on|bad_network_preference|bad_wifi_calling|break_app_sms_permission|data_mode_off|data_usage_exceeded|unseat_sim_card|user_abroad_roaming_disabled_off[PERSONA:None],telecom_0010,10,5,pending,0,tau2_airline_retail_full_telecom_base_glm5_no_thinking_telecom_0010,C:\Users\86132\Desktop\SafeDesk\benchmarks\tau2-bench\data\simulations\tau2_airline_retail_full_telecom_base_glm5_no_thinking_telecom_0010\results.json,,2026-07-11T22:39:25
tau2_airline_retail_full_telecom_base_glm5_no_thinking,telecom,telecom,base,[mms_issue]airplane_mode_on|bad_network_preference|bad_wifi_calling|break_apn_mms_setting|break_app_storage_permission|data_mode_off|data_usage_exceeded|unseat_sim_card[PERSONA:Easy],telecom_0010,10,6,pending,0,tau2_airline_retail_full_telecom_base_glm5_no_thinking_telecom_0010,C:\Users\86132\Desktop\SafeDesk\benchmarks\tau2-bench\data\simulations\tau2_airline_retail_full_telecom_base_glm5_no_thinking_telecom_0010\results.json,,2026-07-11T22:39:25
tau2_airline_retail_full_telecom_base_glm5_no_thinking,telecom,telecom,base,[mms_issue]airplane_mode_on|bad_network_preference|bad_wifi_calling|break_apn_mms_setting|break_app_storage_permission|data_usage_exceeded|unseat_sim_card|user_abroad_roaming_disabled_off[PERSONA:Easy],telecom_0010,10,7,pending,0,tau2_airline_retail_full_telecom_base_glm5_no_thinking_telecom_0010,C:\Users\86132\Desktop\SafeDesk\benchmarks\tau2-bench\data\simulations\tau2_airline_retail_full_telecom_base_glm5_no_thinking_telecom_0010\results.json,,2026-07-11T22:39:25
tau2_airline_retail_full_telecom_base_glm5_no_thinking,telecom,telecom,base,[mms_issue]airplane_mode_on|bad_network_preference|bad_wifi_calling|break_apn_mms_setting|break_app_sms_permission|data_mode_off|data_usage_exceeded|unseat_sim_card|user_abroad_roaming_enabled_off[PERSONA:None],telecom_0010,10,8,pending,0,tau2_airline_retail_full_telecom_base_glm5_no_thinking_telecom_0010,C:\Users\86132\Desktop\SafeDesk\benchmarks\tau2-bench\data\simulations\tau2_airline_retail_full_telecom_base_glm5_no_thinking_telecom_0010\results.json,,2026-07-11T22:39:25
tau2_airline_retail_full_telecom_base_glm5_no_thinking,telecom,telecom,base,[mms_issue]airplane_mode_on|bad_network_preference|bad_wifi_calling|break_apn_mms_setting|break_app_sms_permission|data_mode_off|data_usage_exceeded|unseat_sim_card|user_abroad_roaming_disabled_on[PERSONA:None],telecom_0010,10,9,pending,0,tau2_airline_retail_full_telecom_base_glm5_no_thinking_telecom_0010,C:\Users\86132\Desktop\SafeDesk\benchmarks\tau2-bench\data\simulations\tau2_airline_retail_full_telecom_base_glm5_no_thinking_telecom_0010\results.json,,2026-07-11T22:39:25
tau2_airline_retail_full_telecom_base_glm5_no_thinking,telecom,telecom,base,[mms_issue]airplane_mode_on|bad_network_preference|bad_wifi_calling|break_apn_mms_setting|break_app_storage_permission|data_mode_off|data_usage_exceeded|unseat_sim_card|user_abroad_roaming_disabled_on[PERSONA:Easy],telecom_0011,11,0,pending,0,tau2_airline_retail_full_telecom_base_glm5_no_thinking_telecom_0011,C:\Users\86132\Desktop\SafeDesk\benchmarks\tau2-bench\data\simulations\tau2_airline_retail_full_telecom_base_glm5_no_thinking_telecom_0011\results.json,,2026-07-11T22:39:25
tau2_airline_retail_full_telecom_base_glm5_no_thinking,telecom,telecom,base,[mms_issue]airplane_mode_on|bad_network_preference|bad_wifi_calling|break_apn_mms_setting|break_app_both_permissions|data_mode_off|data_usage_exceeded|unseat_sim_card|user_abroad_roaming_disabled_on[PERSONA:Hard],telecom_0011,11,1,pending,0,tau2_airline_retail_full_telecom_base_glm5_no_thinking_telecom_0011,C:\Users\86132\Desktop\SafeDesk\benchmarks\tau2-bench\data\simulations\tau2_airline_retail_full_telecom_base_glm5_no_thinking_telecom_0011\results.json,,2026-07-11T22:39:25
tau2_airline_retail_full_telecom_base_glm5_no_thinking,telecom,telecom,base,[mms_issue]airplane_mode_on|bad_network_preference|bad_wifi_calling|break_apn_mms_setting|break_app_storage_permission|data_mode_off|data_usage_exceeded|unseat_sim_card|user_abroad_roaming_disabled_off[PERSONA:Easy],telecom_0011,11,2,pending,0,tau2_airline_retail_full_telecom_base_glm5_no_thinking_telecom_0011,C:\Users\86132\Desktop\SafeDesk\benchmarks\tau2-bench\data\simulations\tau2_airline_retail_full_telecom_base_glm5_no_thinking_telecom_0011\results.json,,2026-07-11T22:39:25
tau2_airline_retail_full_telecom_base_glm5_no_thinking,telecom,telecom,base,[mms_issue]airplane_mode_on|bad_network_preference|bad_wifi_calling|break_apn_mms_setting|break_app_both_permissions|data_mode_off|data_usage_exceeded|unseat_sim_card|user_abroad_roaming_disabled_off[PERSONA:Hard],telecom_0011,11,3,pending,0,tau2_airline_retail_full_telecom_base_glm5_no_thinking_telecom_0011,C:\Users\86132\Desktop\SafeDesk\benchmarks\tau2-bench\data\simulations\tau2_airline_retail_full_telecom_base_glm5_no_thinking_telecom_0011\results.json,,2026-07-11T22:39:25
