run_id,domain,task_set_name,task_split_name,task_id,shard_id,shard_index,task_index,status,attempts,save_to,result_path,failure_type,updated_at
tau2_prep_check,airline,airline,none,0,airline_0000,0,0,pending,0,tau2_prep_check_airline_0000,C:\Users\86132\Desktop\SafeDesk\benchmarks\tau2-bench\data\simulations\tau2_prep_check_airline_0000\results.json,,2026-07-09T22:52:02
tau2_prep_check,airline,airline,none,1,airline_0000,0,1,pending,0,tau2_prep_check_airline_0000,C:\Users\86132\Desktop\SafeDesk\benchmarks\tau2-bench\data\simulations\tau2_prep_check_airline_0000\results.json,,2026-07-09T22:52:02
tau2_prep_check,airline,airline,none,2,airline_0000,0,2,pending,0,tau2_prep_check_airline_0000,C:\Users\86132\Desktop\SafeDesk\benchmarks\tau2-bench\data\simulations\tau2_prep_check_airline_0000\results.json,,2026-07-09T22:52:02
tau2_prep_check,airline,airline,none,3,airline_0000,0,3,pending,0,tau2_prep_check_airline_0000,C:\Users\86132\Desktop\SafeDesk\benchmarks\tau2-bench\data\simulations\tau2_prep_check_airline_0000\results.json,,2026-07-09T22:52:02
tau2_prep_check,airline,airline,none,4,airline_0000,0,4,pending,0,tau2_prep_check_airline_0000,C:\Users\86132\Desktop\SafeDesk\benchmarks\tau2-bench\data\simulations\tau2_prep_check_airline_0000\results.json,,2026-07-09T22:52:02
tau2_prep_check,airline,airline,none,5,airline_0000,0,5,pending,0,tau2_prep_check_airline_0000,C:\Users\86132\Desktop\SafeDesk\benchmarks\tau2-bench\data\simulations\tau2_prep_check_airline_0000\results.json,,2026-07-09T22:52:02
tau2_prep_check,airline,airline,none,6,airline_0000,0,6,pending,0,tau2_prep_check_airline_0000,C:\Users\86132\Desktop\SafeDesk\benchmarks\tau2-bench\data\simulations\tau2_prep_check_airline_0000\results.json,,2026-07-09T22:52:02
tau2_prep_check,airline,airline,none,7,airline_0000,0,7,pending,0,tau2_prep_check_airline_0000,C:\Users\86132\Desktop\SafeDesk\benchmarks\tau2-bench\data\simulations\tau2_prep_check_airline_0000\results.json,,2026-07-09T22:52:02
tau2_prep_check,airline,airline,none,8,airline_0000,0,8,pending,0,tau2_prep_check_airline_0000,C:\Users\86132\Desktop\SafeDesk\benchmarks\tau2-bench\data\simulations\tau2_prep_check_airline_0000\results.json,,2026-07-09T22:52:02
tau2_prep_check,airline,airline,none,9,airline_0000,0,9,pending,0,tau2_prep_check_airline_0000,C:\Users\86132\Desktop\SafeDesk\benchmarks\tau2-bench\data\simulations\tau2_prep_check_airline_0000\results.json,,2026-07-09T22:52:02
tau2_prep_check,airline,airline,none,10,airline_0000,0,10,pending,0,tau2_prep_check_airline_0000,C:\Users\86132\Desktop\SafeDesk\benchmarks\tau2-bench\data\simulations\tau2_prep_check_airline_0000\results.json,,2026-07-09T22:52:02
tau2_prep_check,airline,airline,none,11,airline_0000,0,11,pending,0,tau2_prep_check_airline_0000,C:\Users\86132\Desktop\SafeDesk\benchmarks\tau2-bench\data\simulations\tau2_prep_check_airline_0000\results.json,,2026-07-09T22:52:02
tau2_prep_check,airline,airline,none,12,airline_0000,0,12,pending,0,tau2_prep_check_airline_0000,C:\Users\86132\Desktop\SafeDesk\benchmarks\tau2-bench\data\simulations\tau2_prep_check_airline_0000\results.json,,2026-07-09T22:52:02
tau2_prep_check,airline,airline,none,13,airline_0000,0,13,pending,0,tau2_prep_check_airline_0000,C:\Users\86132\Desktop\SafeDesk\benchmarks\tau2-bench\data\simulations\tau2_prep_check_airline_0000\results.json,,2026-07-09T22:52:02
tau2_prep_check,airline,airline,none,14,airline_0000,0,14,pending,0,tau2_prep_check_airline_0000,C:\Users\86132\Desktop\SafeDesk\benchmarks\tau2-bench\data\simulations\tau2_prep_check_airline_0000\results.json,,2026-07-09T22:52:02
tau2_prep_check,airline,airline,none,15,airline_0000,0,15,pending,0,tau2_prep_check_airline_0000,C:\Users\86132\Desktop\SafeDesk\benchmarks\tau2-bench\data\simulations\tau2_prep_check_airline_0000\results.json,,2026-07-09T22:52:02
tau2_prep_check,airline,airline,none,16,airline_0000,0,16,pending,0,tau2_prep_check_airline_0000,C:\Users\86132\Desktop\SafeDesk\benchmarks\tau2-bench\data\simulations\tau2_prep_check_airline_0000\results.json,,2026-07-09T22:52:02
tau2_prep_check,airline,airline,none,17,airline_0000,0,17,pending,0,tau2_prep_check_airline_0000,C:\Users\86132\Desktop\SafeDesk\benchmarks\tau2-bench\data\simulations\tau2_prep_check_airline_0000\results.json,,2026-07-09T22:52:02
tau2_prep_check,airline,airline,none,18,airline_0000,0,18,pending,0,tau2_prep_check_airline_0000,C:\Users\86132\Desktop\SafeDesk\benchmarks\tau2-bench\data\simulations\tau2_prep_check_airline_0000\results.json,,2026-07-09T22:52:02
tau2_prep_check,airline,airline,none,19,airline_0000,0,19,pending,0,tau2_prep_check_airline_0000,C:\Users\86132\Desktop\SafeDesk\benchmarks\tau2-bench\data\simulations\tau2_prep_check_airline_0000\results.json,,2026-07-09T22:52:02
tau2_prep_check,airline,airline,none,20,airline_0000,0,20,pending,0,tau2_prep_check_airline_0000,C:\Users\86132\Desktop\SafeDesk\benchmarks\tau2-bench\data\simulations\tau2_prep_check_airline_0000\results.json,,2026-07-09T22:52:02
tau2_prep_check,airline,airline,none,21,airline_0000,0,21,pending,0,tau2_prep_check_airline_0000,C:\Users\86132\Desktop\SafeDesk\benchmarks\tau2-bench\data\simulations\tau2_prep_check_airline_0000\results.json,,2026-07-09T22:52:02
tau2_prep_check,airline,airline,none,22,airline_0000,0,22,pending,0,tau2_prep_check_airline_0000,C:\Users\86132\Desktop\SafeDesk\benchmarks\tau2-bench\data\simulations\tau2_prep_check_airline_0000\results.json,,2026-07-09T22:52:02
tau2_prep_check,airline,airline,none,23,airline_0000,0,23,pending,0,tau2_prep_check_airline_0000,C:\Users\86132\Desktop\SafeDesk\benchmarks\tau2-bench\data\simulations\tau2_prep_check_airline_0000\results.json,,2026-07-09T22:52:02
tau2_prep_check,airline,airline,none,24,airline_0000,0,24,pending,0,tau2_prep_check_airline_0000,C:\Users\86132\Desktop\SafeDesk\benchmarks\tau2-bench\data\simulations\tau2_prep_check_airline_0000\results.json,,2026-07-09T22:52:02
tau2_prep_check,airline,airline,none,25,airline_0000,0,25,pending,0,tau2_prep_check_airline_0000,C:\Users\86132\Desktop\SafeDesk\benchmarks\tau2-bench\data\simulations\tau2_prep_check_airline_0000\results.json,,2026-07-09T22:52:02
tau2_prep_check,airline,airline,none,26,airline_0000,0,26,pending,0,tau2_prep_check_airline_0000,C:\Users\86132\Desktop\SafeDesk\benchmarks\tau2-bench\data\simulations\tau2_prep_check_airline_0000\results.json,,2026-07-09T22:52:02
tau2_prep_check,airline,airline,none,27,airline_0000,0,27,pending,0,tau2_prep_check_airline_0000,C:\Users\86132\Desktop\SafeDesk\benchmarks\tau2-bench\data\simulations\tau2_prep_check_airline_0000\results.json,,2026-07-09T22:52:02
tau2_prep_check,airline,airline,none,28,airline_0000,0,28,pending,0,tau2_prep_check_airline_0000,C:\Users\86132\Desktop\SafeDesk\benchmarks\tau2-bench\data\simulations\tau2_prep_check_airline_0000\results.json,,2026-07-09T22:52:02
tau2_prep_check,airline,airline,none,29,airline_0000,0,29,pending,0,tau2_prep_check_airline_0000,C:\Users\86132\Desktop\SafeDesk\benchmarks\tau2-bench\data\simulations\tau2_prep_check_airline_0000\results.json,,2026-07-09T22:52:02
tau2_prep_check,airline,airline,none,30,airline_0000,0,30,pending,0,tau2_prep_check_airline_0000,C:\Users\86132\Desktop\SafeDesk\benchmarks\tau2-bench\data\simulations\tau2_prep_check_airline_0000\results.json,,2026-07-09T22:52:02
tau2_prep_check,airline,airline,none,31,airline_0000,0,31,pending,0,tau2_prep_check_airline_0000,C:\Users\86132\Desktop\SafeDesk\benchmarks\tau2-bench\data\simulations\tau2_prep_check_airline_0000\results.json,,2026-07-09T22:52:02
tau2_prep_check,airline,airline,none,32,airline_0000,0,32,pending,0,tau2_prep_check_airline_0000,C:\Users\86132\Desktop\SafeDesk\benchmarks\tau2-bench\data\simulations\tau2_prep_check_airline_0000\results.json,,2026-07-09T22:52:02
tau2_prep_check,airline,airline,none,33,airline_0000,0,33,pending,0,tau2_prep_check_airline_0000,C:\Users\86132\Desktop\SafeDesk\benchmarks\tau2-bench\data\simulations\tau2_prep_check_airline_0000\results.json,,2026-07-09T22:52:02
tau2_prep_check,airline,airline,none,34,airline_0000,0,34,pending,0,tau2_prep_check_airline_0000,C:\Users\86132\Desktop\SafeDesk\benchmarks\tau2-bench\data\simulations\tau2_prep_check_airline_0000\results.json,,2026-07-09T22:52:02
tau2_prep_check,airline,airline,none,35,airline_0000,0,35,pending,0,tau2_prep_check_airline_0000,C:\Users\86132\Desktop\SafeDesk\benchmarks\tau2-bench\data\simulations\tau2_prep_check_airline_0000\results.json,,2026-07-09T22:52:02
tau2_prep_check,airline,airline,none,36,airline_0000,0,36,pending,0,tau2_prep_check_airline_0000,C:\Users\86132\Desktop\SafeDesk\benchmarks\tau2-bench\data\simulations\tau2_prep_check_airline_0000\results.json,,2026-07-09T22:52:02
tau2_prep_check,airline,airline,none,37,airline_0000,0,37,pending,0,tau2_prep_check_airline_0000,C:\Users\86132\Desktop\SafeDesk\benchmarks\tau2-bench\data\simulations\tau2_prep_check_airline_0000\results.json,,2026-07-09T22:52:02
tau2_prep_check,airline,airline,none,38,airline_0000,0,38,pending,0,tau2_prep_check_airline_0000,C:\Users\86132\Desktop\SafeDesk\benchmarks\tau2-bench\data\simulations\tau2_prep_check_airline_0000\results.json,,2026-07-09T22:52:02
tau2_prep_check,airline,airline,none,39,airline_0000,0,39,pending,0,tau2_prep_check_airline_0000,C:\Users\86132\Desktop\SafeDesk\benchmarks\tau2-bench\data\simulations\tau2_prep_check_airline_0000\results.json,,2026-07-09T22:52:02
tau2_prep_check,airline,airline,none,40,airline_0000,0,40,pending,0,tau2_prep_check_airline_0000,C:\Users\86132\Desktop\SafeDesk\benchmarks\tau2-bench\data\simulations\tau2_prep_check_airline_0000\results.json,,2026-07-09T22:52:02
tau2_prep_check,airline,airline,none,41,airline_0000,0,41,pending,0,tau2_prep_check_airline_0000,C:\Users\86132\Desktop\SafeDesk\benchmarks\tau2-bench\data\simulations\tau2_prep_check_airline_0000\results.json,,2026-07-09T22:52:02
tau2_prep_check,airline,airline,none,42,airline_0000,0,42,pending,0,tau2_prep_check_airline_0000,C:\Users\86132\Desktop\SafeDesk\benchmarks\tau2-bench\data\simulations\tau2_prep_check_airline_0000\results.json,,2026-07-09T22:52:02
tau2_prep_check,airline,airline,none,43,airline_0000,0,43,pending,0,tau2_prep_check_airline_0000,C:\Users\86132\Desktop\SafeDesk\benchmarks\tau2-bench\data\simulations\tau2_prep_check_airline_0000\results.json,,2026-07-09T22:52:02
tau2_prep_check,airline,airline,none,44,airline_0000,0,44,pending,0,tau2_prep_check_airline_0000,C:\Users\86132\Desktop\SafeDesk\benchmarks\tau2-bench\data\simulations\tau2_prep_check_airline_0000\results.json,,2026-07-09T22:52:02
tau2_prep_check,airline,airline,none,45,airline_0000,0,45,pending,0,tau2_prep_check_airline_0000,C:\Users\86132\Desktop\SafeDesk\benchmarks\tau2-bench\data\simulations\tau2_prep_check_airline_0000\results.json,,2026-07-09T22:52:02
tau2_prep_check,airline,airline,none,46,airline_0000,0,46,pending,0,tau2_prep_check_airline_0000,C:\Users\86132\Desktop\SafeDesk\benchmarks\tau2-bench\data\simulations\tau2_prep_check_airline_0000\results.json,,2026-07-09T22:52:02
tau2_prep_check,airline,airline,none,47,airline_0000,0,47,pending,0,tau2_prep_check_airline_0000,C:\Users\86132\Desktop\SafeDesk\benchmarks\tau2-bench\data\simulations\tau2_prep_check_airline_0000\results.json,,2026-07-09T22:52:02
tau2_prep_check,airline,airline,none,48,airline_0000,0,48,pending,0,tau2_prep_check_airline_0000,C:\Users\86132\Desktop\SafeDesk\benchmarks\tau2-bench\data\simulations\tau2_prep_check_airline_0000\results.json,,2026-07-09T22:52:02
tau2_prep_check,airline,airline,none,49,airline_0000,0,49,pending,0,tau2_prep_check_airline_0000,C:\Users\86132\Desktop\SafeDesk\benchmarks\tau2-bench\data\simulations\tau2_prep_check_airline_0000\results.json,,2026-07-09T22:52:02
tau2_prep_check,retail,retail,none,0,retail_0000,0,0,pending,0,tau2_prep_check_retail_0000,C:\Users\86132\Desktop\SafeDesk\benchmarks\tau2-bench\data\simulations\tau2_prep_check_retail_0000\results.json,,2026-07-09T22:52:02
tau2_prep_check,retail,retail,none,1,retail_0000,0,1,pending,0,tau2_prep_check_retail_0000,C:\Users\86132\Desktop\SafeDesk\benchmarks\tau2-bench\data\simulations\tau2_prep_check_retail_0000\results.json,,2026-07-09T22:52:02
tau2_prep_check,retail,retail,none,2,retail_0000,0,2,pending,0,tau2_prep_check_retail_0000,C:\Users\86132\Desktop\SafeDesk\benchmarks\tau2-bench\data\simulations\tau2_prep_check_retail_0000\results.json,,2026-07-09T22:52:02
tau2_prep_check,retail,retail,none,3,retail_0000,0,3,pending,0,tau2_prep_check_retail_0000,C:\Users\86132\Desktop\SafeDesk\benchmarks\tau2-bench\data\simulations\tau2_prep_check_retail_0000\results.json,,2026-07-09T22:52:02
tau2_prep_check,retail,retail,none,4,retail_0000,0,4,pending,0,tau2_prep_check_retail_0000,C:\Users\86132\Desktop\SafeDesk\benchmarks\tau2-bench\data\simulations\tau2_prep_check_retail_0000\results.json,,2026-07-09T22:52:02
tau2_prep_check,retail,retail,none,5,retail_0000,0,5,pending,0,tau2_prep_check_retail_0000,C:\Users\86132\Desktop\SafeDesk\benchmarks\tau2-bench\data\simulations\tau2_prep_check_retail_0000\results.json,,2026-07-09T22:52:02
tau2_prep_check,retail,retail,none,6,retail_0000,0,6,pending,0,tau2_prep_check_retail_0000,C:\Users\86132\Desktop\SafeDesk\benchmarks\tau2-bench\data\simulations\tau2_prep_check_retail_0000\results.json,,2026-07-09T22:52:02
tau2_prep_check,retail,retail,none,7,retail_0000,0,7,pending,0,tau2_prep_check_retail_0000,C:\Users\86132\Desktop\SafeDesk\benchmarks\tau2-bench\data\simulations\tau2_prep_check_retail_0000\results.json,,2026-07-09T22:52:02
tau2_prep_check,retail,retail,none,8,retail_0000,0,8,pending,0,tau2_prep_check_retail_0000,C:\Users\86132\Desktop\SafeDesk\benchmarks\tau2-bench\data\simulations\tau2_prep_check_retail_0000\results.json,,2026-07-09T22:52:02
tau2_prep_check,retail,retail,none,9,retail_0000,0,9,pending,0,tau2_prep_check_retail_0000,C:\Users\86132\Desktop\SafeDesk\benchmarks\tau2-bench\data\simulations\tau2_prep_check_retail_0000\results.json,,2026-07-09T22:52:02
tau2_prep_check,retail,retail,none,10,retail_0000,0,10,pending,0,tau2_prep_check_retail_0000,C:\Users\86132\Desktop\SafeDesk\benchmarks\tau2-bench\data\simulations\tau2_prep_check_retail_0000\results.json,,2026-07-09T22:52:02
tau2_prep_check,retail,retail,none,11,retail_0000,0,11,pending,0,tau2_prep_check_retail_0000,C:\Users\86132\Desktop\SafeDesk\benchmarks\tau2-bench\data\simulations\tau2_prep_check_retail_0000\results.json,,2026-07-09T22:52:02
tau2_prep_check,retail,retail,none,12,retail_0000,0,12,pending,0,tau2_prep_check_retail_0000,C:\Users\86132\Desktop\SafeDesk\benchmarks\tau2-bench\data\simulations\tau2_prep_check_retail_0000\results.json,,2026-07-09T22:52:02
tau2_prep_check,retail,retail,none,13,retail_0000,0,13,pending,0,tau2_prep_check_retail_0000,C:\Users\86132\Desktop\SafeDesk\benchmarks\tau2-bench\data\simulations\tau2_prep_check_retail_0000\results.json,,2026-07-09T22:52:02
tau2_prep_check,retail,retail,none,14,retail_0000,0,14,pending,0,tau2_prep_check_retail_0000,C:\Users\86132\Desktop\SafeDesk\benchmarks\tau2-bench\data\simulations\tau2_prep_check_retail_0000\results.json,,2026-07-09T22:52:02
tau2_prep_check,retail,retail,none,15,retail_0000,0,15,pending,0,tau2_prep_check_retail_0000,C:\Users\86132\Desktop\SafeDesk\benchmarks\tau2-bench\data\simulations\tau2_prep_check_retail_0000\results.json,,2026-07-09T22:52:02
tau2_prep_check,retail,retail,none,16,retail_0000,0,16,pending,0,tau2_prep_check_retail_0000,C:\Users\86132\Desktop\SafeDesk\benchmarks\tau2-bench\data\simulations\tau2_prep_check_retail_0000\results.json,,2026-07-09T22:52:02
tau2_prep_check,retail,retail,none,17,retail_0000,0,17,pending,0,tau2_prep_check_retail_0000,C:\Users\86132\Desktop\SafeDesk\benchmarks\tau2-bench\data\simulations\tau2_prep_check_retail_0000\results.json,,2026-07-09T22:52:02
tau2_prep_check,retail,retail,none,18,retail_0000,0,18,pending,0,tau2_prep_check_retail_0000,C:\Users\86132\Desktop\SafeDesk\benchmarks\tau2-bench\data\simulations\tau2_prep_check_retail_0000\results.json,,2026-07-09T22:52:02
tau2_prep_check,retail,retail,none,19,retail_0000,0,19,pending,0,tau2_prep_check_retail_0000,C:\Users\86132\Desktop\SafeDesk\benchmarks\tau2-bench\data\simulations\tau2_prep_check_retail_0000\results.json,,2026-07-09T22:52:02
tau2_prep_check,retail,retail,none,20,retail_0000,0,20,pending,0,tau2_prep_check_retail_0000,C:\Users\86132\Desktop\SafeDesk\benchmarks\tau2-bench\data\simulations\tau2_prep_check_retail_0000\results.json,,2026-07-09T22:52:02
tau2_prep_check,retail,retail,none,21,retail_0000,0,21,pending,0,tau2_prep_check_retail_0000,C:\Users\86132\Desktop\SafeDesk\benchmarks\tau2-bench\data\simulations\tau2_prep_check_retail_0000\results.json,,2026-07-09T22:52:02
tau2_prep_check,retail,retail,none,22,retail_0000,0,22,pending,0,tau2_prep_check_retail_0000,C:\Users\86132\Desktop\SafeDesk\benchmarks\tau2-bench\data\simulations\tau2_prep_check_retail_0000\results.json,,2026-07-09T22:52:02
tau2_prep_check,retail,retail,none,23,retail_0000,0,23,pending,0,tau2_prep_check_retail_0000,C:\Users\86132\Desktop\SafeDesk\benchmarks\tau2-bench\data\simulations\tau2_prep_check_retail_0000\results.json,,2026-07-09T22:52:02
tau2_prep_check,retail,retail,none,24,retail_0000,0,24,pending,0,tau2_prep_check_retail_0000,C:\Users\86132\Desktop\SafeDesk\benchmarks\tau2-bench\data\simulations\tau2_prep_check_retail_0000\results.json,,2026-07-09T22:52:02
tau2_prep_check,retail,retail,none,25,retail_0000,0,25,pending,0,tau2_prep_check_retail_0000,C:\Users\86132\Desktop\SafeDesk\benchmarks\tau2-bench\data\simulations\tau2_prep_check_retail_0000\results.json,,2026-07-09T22:52:02
tau2_prep_check,retail,retail,none,26,retail_0000,0,26,pending,0,tau2_prep_check_retail_0000,C:\Users\86132\Desktop\SafeDesk\benchmarks\tau2-bench\data\simulations\tau2_prep_check_retail_0000\results.json,,2026-07-09T22:52:02
tau2_prep_check,retail,retail,none,27,retail_0000,0,27,pending,0,tau2_prep_check_retail_0000,C:\Users\86132\Desktop\SafeDesk\benchmarks\tau2-bench\data\simulations\tau2_prep_check_retail_0000\results.json,,2026-07-09T22:52:02
tau2_prep_check,retail,retail,none,28,retail_0000,0,28,pending,0,tau2_prep_check_retail_0000,C:\Users\86132\Desktop\SafeDesk\benchmarks\tau2-bench\data\simulations\tau2_prep_check_retail_0000\results.json,,2026-07-09T22:52:02
tau2_prep_check,retail,retail,none,29,retail_0000,0,29,pending,0,tau2_prep_check_retail_0000,C:\Users\86132\Desktop\SafeDesk\benchmarks\tau2-bench\data\simulations\tau2_prep_check_retail_0000\results.json,,2026-07-09T22:52:02
tau2_prep_check,retail,retail,none,30,retail_0000,0,30,pending,0,tau2_prep_check_retail_0000,C:\Users\86132\Desktop\SafeDesk\benchmarks\tau2-bench\data\simulations\tau2_prep_check_retail_0000\results.json,,2026-07-09T22:52:02
tau2_prep_check,retail,retail,none,31,retail_0000,0,31,pending,0,tau2_prep_check_retail_0000,C:\Users\86132\Desktop\SafeDesk\benchmarks\tau2-bench\data\simulations\tau2_prep_check_retail_0000\results.json,,2026-07-09T22:52:02
tau2_prep_check,retail,retail,none,32,retail_0000,0,32,pending,0,tau2_prep_check_retail_0000,C:\Users\86132\Desktop\SafeDesk\benchmarks\tau2-bench\data\simulations\tau2_prep_check_retail_0000\results.json,,2026-07-09T22:52:02
tau2_prep_check,retail,retail,none,33,retail_0000,0,33,pending,0,tau2_prep_check_retail_0000,C:\Users\86132\Desktop\SafeDesk\benchmarks\tau2-bench\data\simulations\tau2_prep_check_retail_0000\results.json,,2026-07-09T22:52:02
tau2_prep_check,retail,retail,none,34,retail_0000,0,34,pending,0,tau2_prep_check_retail_0000,C:\Users\86132\Desktop\SafeDesk\benchmarks\tau2-bench\data\simulations\tau2_prep_check_retail_0000\results.json,,2026-07-09T22:52:02
tau2_prep_check,retail,retail,none,35,retail_0000,0,35,pending,0,tau2_prep_check_retail_0000,C:\Users\86132\Desktop\SafeDesk\benchmarks\tau2-bench\data\simulations\tau2_prep_check_retail_0000\results.json,,2026-07-09T22:52:02
tau2_prep_check,retail,retail,none,36,retail_0000,0,36,pending,0,tau2_prep_check_retail_0000,C:\Users\86132\Desktop\SafeDesk\benchmarks\tau2-bench\data\simulations\tau2_prep_check_retail_0000\results.json,,2026-07-09T22:52:02
tau2_prep_check,retail,retail,none,37,retail_0000,0,37,pending,0,tau2_prep_check_retail_0000,C:\Users\86132\Desktop\SafeDesk\benchmarks\tau2-bench\data\simulations\tau2_prep_check_retail_0000\results.json,,2026-07-09T22:52:02
tau2_prep_check,retail,retail,none,38,retail_0000,0,38,pending,0,tau2_prep_check_retail_0000,C:\Users\86132\Desktop\SafeDesk\benchmarks\tau2-bench\data\simulations\tau2_prep_check_retail_0000\results.json,,2026-07-09T22:52:02
tau2_prep_check,retail,retail,none,39,retail_0000,0,39,pending,0,tau2_prep_check_retail_0000,C:\Users\86132\Desktop\SafeDesk\benchmarks\tau2-bench\data\simulations\tau2_prep_check_retail_0000\results.json,,2026-07-09T22:52:02
tau2_prep_check,retail,retail,none,40,retail_0000,0,40,pending,0,tau2_prep_check_retail_0000,C:\Users\86132\Desktop\SafeDesk\benchmarks\tau2-bench\data\simulations\tau2_prep_check_retail_0000\results.json,,2026-07-09T22:52:02
tau2_prep_check,retail,retail,none,41,retail_0000,0,41,pending,0,tau2_prep_check_retail_0000,C:\Users\86132\Desktop\SafeDesk\benchmarks\tau2-bench\data\simulations\tau2_prep_check_retail_0000\results.json,,2026-07-09T22:52:02
tau2_prep_check,retail,retail,none,42,retail_0000,0,42,pending,0,tau2_prep_check_retail_0000,C:\Users\86132\Desktop\SafeDesk\benchmarks\tau2-bench\data\simulations\tau2_prep_check_retail_0000\results.json,,2026-07-09T22:52:02
tau2_prep_check,retail,retail,none,43,retail_0000,0,43,pending,0,tau2_prep_check_retail_0000,C:\Users\86132\Desktop\SafeDesk\benchmarks\tau2-bench\data\simulations\tau2_prep_check_retail_0000\results.json,,2026-07-09T22:52:02
tau2_prep_check,retail,retail,none,44,retail_0000,0,44,pending,0,tau2_prep_check_retail_0000,C:\Users\86132\Desktop\SafeDesk\benchmarks\tau2-bench\data\simulations\tau2_prep_check_retail_0000\results.json,,2026-07-09T22:52:02
tau2_prep_check,retail,retail,none,45,retail_0000,0,45,pending,0,tau2_prep_check_retail_0000,C:\Users\86132\Desktop\SafeDesk\benchmarks\tau2-bench\data\simulations\tau2_prep_check_retail_0000\results.json,,2026-07-09T22:52:02
tau2_prep_check,retail,retail,none,46,retail_0000,0,46,pending,0,tau2_prep_check_retail_0000,C:\Users\86132\Desktop\SafeDesk\benchmarks\tau2-bench\data\simulations\tau2_prep_check_retail_0000\results.json,,2026-07-09T22:52:02
tau2_prep_check,retail,retail,none,47,retail_0000,0,47,pending,0,tau2_prep_check_retail_0000,C:\Users\86132\Desktop\SafeDesk\benchmarks\tau2-bench\data\simulations\tau2_prep_check_retail_0000\results.json,,2026-07-09T22:52:02
tau2_prep_check,retail,retail,none,48,retail_0000,0,48,pending,0,tau2_prep_check_retail_0000,C:\Users\86132\Desktop\SafeDesk\benchmarks\tau2-bench\data\simulations\tau2_prep_check_retail_0000\results.json,,2026-07-09T22:52:02
tau2_prep_check,retail,retail,none,49,retail_0000,0,49,pending,0,tau2_prep_check_retail_0000,C:\Users\86132\Desktop\SafeDesk\benchmarks\tau2-bench\data\simulations\tau2_prep_check_retail_0000\results.json,,2026-07-09T22:52:02
tau2_prep_check,retail,retail,none,50,retail_0000,0,50,pending,0,tau2_prep_check_retail_0000,C:\Users\86132\Desktop\SafeDesk\benchmarks\tau2-bench\data\simulations\tau2_prep_check_retail_0000\results.json,,2026-07-09T22:52:02
tau2_prep_check,retail,retail,none,51,retail_0000,0,51,pending,0,tau2_prep_check_retail_0000,C:\Users\86132\Desktop\SafeDesk\benchmarks\tau2-bench\data\simulations\tau2_prep_check_retail_0000\results.json,,2026-07-09T22:52:02
tau2_prep_check,retail,retail,none,52,retail_0000,0,52,pending,0,tau2_prep_check_retail_0000,C:\Users\86132\Desktop\SafeDesk\benchmarks\tau2-bench\data\simulations\tau2_prep_check_retail_0000\results.json,,2026-07-09T22:52:02
tau2_prep_check,retail,retail,none,53,retail_0000,0,53,pending,0,tau2_prep_check_retail_0000,C:\Users\86132\Desktop\SafeDesk\benchmarks\tau2-bench\data\simulations\tau2_prep_check_retail_0000\results.json,,2026-07-09T22:52:02
tau2_prep_check,retail,retail,none,54,retail_0000,0,54,pending,0,tau2_prep_check_retail_0000,C:\Users\86132\Desktop\SafeDesk\benchmarks\tau2-bench\data\simulations\tau2_prep_check_retail_0000\results.json,,2026-07-09T22:52:02
tau2_prep_check,retail,retail,none,55,retail_0000,0,55,pending,0,tau2_prep_check_retail_0000,C:\Users\86132\Desktop\SafeDesk\benchmarks\tau2-bench\data\simulations\tau2_prep_check_retail_0000\results.json,,2026-07-09T22:52:02
tau2_prep_check,retail,retail,none,56,retail_0000,0,56,pending,0,tau2_prep_check_retail_0000,C:\Users\86132\Desktop\SafeDesk\benchmarks\tau2-bench\data\simulations\tau2_prep_check_retail_0000\results.json,,2026-07-09T22:52:02
tau2_prep_check,retail,retail,none,57,retail_0000,0,57,pending,0,tau2_prep_check_retail_0000,C:\Users\86132\Desktop\SafeDesk\benchmarks\tau2-bench\data\simulations\tau2_prep_check_retail_0000\results.json,,2026-07-09T22:52:02
tau2_prep_check,retail,retail,none,58,retail_0000,0,58,pending,0,tau2_prep_check_retail_0000,C:\Users\86132\Desktop\SafeDesk\benchmarks\tau2-bench\data\simulations\tau2_prep_check_retail_0000\results.json,,2026-07-09T22:52:02
tau2_prep_check,retail,retail,none,59,retail_0000,0,59,pending,0,tau2_prep_check_retail_0000,C:\Users\86132\Desktop\SafeDesk\benchmarks\tau2-bench\data\simulations\tau2_prep_check_retail_0000\results.json,,2026-07-09T22:52:02
tau2_prep_check,retail,retail,none,60,retail_0000,0,60,pending,0,tau2_prep_check_retail_0000,C:\Users\86132\Desktop\SafeDesk\benchmarks\tau2-bench\data\simulations\tau2_prep_check_retail_0000\results.json,,2026-07-09T22:52:02
tau2_prep_check,retail,retail,none,61,retail_0000,0,61,pending,0,tau2_prep_check_retail_0000,C:\Users\86132\Desktop\SafeDesk\benchmarks\tau2-bench\data\simulations\tau2_prep_check_retail_0000\results.json,,2026-07-09T22:52:02
tau2_prep_check,retail,retail,none,62,retail_0000,0,62,pending,0,tau2_prep_check_retail_0000,C:\Users\86132\Desktop\SafeDesk\benchmarks\tau2-bench\data\simulations\tau2_prep_check_retail_0000\results.json,,2026-07-09T22:52:02
tau2_prep_check,retail,retail,none,63,retail_0000,0,63,pending,0,tau2_prep_check_retail_0000,C:\Users\86132\Desktop\SafeDesk\benchmarks\tau2-bench\data\simulations\tau2_prep_check_retail_0000\results.json,,2026-07-09T22:52:02
tau2_prep_check,retail,retail,none,64,retail_0000,0,64,pending,0,tau2_prep_check_retail_0000,C:\Users\86132\Desktop\SafeDesk\benchmarks\tau2-bench\data\simulations\tau2_prep_check_retail_0000\results.json,,2026-07-09T22:52:02
tau2_prep_check,retail,retail,none,65,retail_0000,0,65,pending,0,tau2_prep_check_retail_0000,C:\Users\86132\Desktop\SafeDesk\benchmarks\tau2-bench\data\simulations\tau2_prep_check_retail_0000\results.json,,2026-07-09T22:52:02
tau2_prep_check,retail,retail,none,66,retail_0000,0,66,pending,0,tau2_prep_check_retail_0000,C:\Users\86132\Desktop\SafeDesk\benchmarks\tau2-bench\data\simulations\tau2_prep_check_retail_0000\results.json,,2026-07-09T22:52:02
tau2_prep_check,retail,retail,none,67,retail_0000,0,67,pending,0,tau2_prep_check_retail_0000,C:\Users\86132\Desktop\SafeDesk\benchmarks\tau2-bench\data\simulations\tau2_prep_check_retail_0000\results.json,,2026-07-09T22:52:02
tau2_prep_check,retail,retail,none,68,retail_0000,0,68,pending,0,tau2_prep_check_retail_0000,C:\Users\86132\Desktop\SafeDesk\benchmarks\tau2-bench\data\simulations\tau2_prep_check_retail_0000\results.json,,2026-07-09T22:52:02
tau2_prep_check,retail,retail,none,69,retail_0000,0,69,pending,0,tau2_prep_check_retail_0000,C:\Users\86132\Desktop\SafeDesk\benchmarks\tau2-bench\data\simulations\tau2_prep_check_retail_0000\results.json,,2026-07-09T22:52:02
tau2_prep_check,retail,retail,none,70,retail_0000,0,70,pending,0,tau2_prep_check_retail_0000,C:\Users\86132\Desktop\SafeDesk\benchmarks\tau2-bench\data\simulations\tau2_prep_check_retail_0000\results.json,,2026-07-09T22:52:02
tau2_prep_check,retail,retail,none,71,retail_0000,0,71,pending,0,tau2_prep_check_retail_0000,C:\Users\86132\Desktop\SafeDesk\benchmarks\tau2-bench\data\simulations\tau2_prep_check_retail_0000\results.json,,2026-07-09T22:52:02
tau2_prep_check,retail,retail,none,72,retail_0000,0,72,pending,0,tau2_prep_check_retail_0000,C:\Users\86132\Desktop\SafeDesk\benchmarks\tau2-bench\data\simulations\tau2_prep_check_retail_0000\results.json,,2026-07-09T22:52:02
tau2_prep_check,retail,retail,none,73,retail_0000,0,73,pending,0,tau2_prep_check_retail_0000,C:\Users\86132\Desktop\SafeDesk\benchmarks\tau2-bench\data\simulations\tau2_prep_check_retail_0000\results.json,,2026-07-09T22:52:02
tau2_prep_check,retail,retail,none,74,retail_0000,0,74,pending,0,tau2_prep_check_retail_0000,C:\Users\86132\Desktop\SafeDesk\benchmarks\tau2-bench\data\simulations\tau2_prep_check_retail_0000\results.json,,2026-07-09T22:52:02
tau2_prep_check,retail,retail,none,75,retail_0000,0,75,pending,0,tau2_prep_check_retail_0000,C:\Users\86132\Desktop\SafeDesk\benchmarks\tau2-bench\data\simulations\tau2_prep_check_retail_0000\results.json,,2026-07-09T22:52:02
tau2_prep_check,retail,retail,none,76,retail_0000,0,76,pending,0,tau2_prep_check_retail_0000,C:\Users\86132\Desktop\SafeDesk\benchmarks\tau2-bench\data\simulations\tau2_prep_check_retail_0000\results.json,,2026-07-09T22:52:02
tau2_prep_check,retail,retail,none,77,retail_0000,0,77,pending,0,tau2_prep_check_retail_0000,C:\Users\86132\Desktop\SafeDesk\benchmarks\tau2-bench\data\simulations\tau2_prep_check_retail_0000\results.json,,2026-07-09T22:52:02
tau2_prep_check,retail,retail,none,78,retail_0000,0,78,pending,0,tau2_prep_check_retail_0000,C:\Users\86132\Desktop\SafeDesk\benchmarks\tau2-bench\data\simulations\tau2_prep_check_retail_0000\results.json,,2026-07-09T22:52:02
tau2_prep_check,retail,retail,none,79,retail_0000,0,79,pending,0,tau2_prep_check_retail_0000,C:\Users\86132\Desktop\SafeDesk\benchmarks\tau2-bench\data\simulations\tau2_prep_check_retail_0000\results.json,,2026-07-09T22:52:02
tau2_prep_check,retail,retail,none,80,retail_0000,0,80,pending,0,tau2_prep_check_retail_0000,C:\Users\86132\Desktop\SafeDesk\benchmarks\tau2-bench\data\simulations\tau2_prep_check_retail_0000\results.json,,2026-07-09T22:52:02
tau2_prep_check,retail,retail,none,81,retail_0000,0,81,pending,0,tau2_prep_check_retail_0000,C:\Users\86132\Desktop\SafeDesk\benchmarks\tau2-bench\data\simulations\tau2_prep_check_retail_0000\results.json,,2026-07-09T22:52:02
tau2_prep_check,retail,retail,none,82,retail_0000,0,82,pending,0,tau2_prep_check_retail_0000,C:\Users\86132\Desktop\SafeDesk\benchmarks\tau2-bench\data\simulations\tau2_prep_check_retail_0000\results.json,,2026-07-09T22:52:02
tau2_prep_check,retail,retail,none,83,retail_0000,0,83,pending,0,tau2_prep_check_retail_0000,C:\Users\86132\Desktop\SafeDesk\benchmarks\tau2-bench\data\simulations\tau2_prep_check_retail_0000\results.json,,2026-07-09T22:52:02
tau2_prep_check,retail,retail,none,84,retail_0000,0,84,pending,0,tau2_prep_check_retail_0000,C:\Users\86132\Desktop\SafeDesk\benchmarks\tau2-bench\data\simulations\tau2_prep_check_retail_0000\results.json,,2026-07-09T22:52:02
tau2_prep_check,retail,retail,none,85,retail_0000,0,85,pending,0,tau2_prep_check_retail_0000,C:\Users\86132\Desktop\SafeDesk\benchmarks\tau2-bench\data\simulations\tau2_prep_check_retail_0000\results.json,,2026-07-09T22:52:02
tau2_prep_check,retail,retail,none,86,retail_0000,0,86,pending,0,tau2_prep_check_retail_0000,C:\Users\86132\Desktop\SafeDesk\benchmarks\tau2-bench\data\simulations\tau2_prep_check_retail_0000\results.json,,2026-07-09T22:52:02
tau2_prep_check,retail,retail,none,87,retail_0000,0,87,pending,0,tau2_prep_check_retail_0000,C:\Users\86132\Desktop\SafeDesk\benchmarks\tau2-bench\data\simulations\tau2_prep_check_retail_0000\results.json,,2026-07-09T22:52:02
tau2_prep_check,retail,retail,none,88,retail_0000,0,88,pending,0,tau2_prep_check_retail_0000,C:\Users\86132\Desktop\SafeDesk\benchmarks\tau2-bench\data\simulations\tau2_prep_check_retail_0000\results.json,,2026-07-09T22:52:02
tau2_prep_check,retail,retail,none,89,retail_0000,0,89,pending,0,tau2_prep_check_retail_0000,C:\Users\86132\Desktop\SafeDesk\benchmarks\tau2-bench\data\simulations\tau2_prep_check_retail_0000\results.json,,2026-07-09T22:52:02
tau2_prep_check,retail,retail,none,90,retail_0000,0,90,pending,0,tau2_prep_check_retail_0000,C:\Users\86132\Desktop\SafeDesk\benchmarks\tau2-bench\data\simulations\tau2_prep_check_retail_0000\results.json,,2026-07-09T22:52:02
tau2_prep_check,retail,retail,none,91,retail_0000,0,91,pending,0,tau2_prep_check_retail_0000,C:\Users\86132\Desktop\SafeDesk\benchmarks\tau2-bench\data\simulations\tau2_prep_check_retail_0000\results.json,,2026-07-09T22:52:02
tau2_prep_check,retail,retail,none,92,retail_0000,0,92,pending,0,tau2_prep_check_retail_0000,C:\Users\86132\Desktop\SafeDesk\benchmarks\tau2-bench\data\simulations\tau2_prep_check_retail_0000\results.json,,2026-07-09T22:52:02
tau2_prep_check,retail,retail,none,93,retail_0000,0,93,pending,0,tau2_prep_check_retail_0000,C:\Users\86132\Desktop\SafeDesk\benchmarks\tau2-bench\data\simulations\tau2_prep_check_retail_0000\results.json,,2026-07-09T22:52:02
tau2_prep_check,retail,retail,none,94,retail_0000,0,94,pending,0,tau2_prep_check_retail_0000,C:\Users\86132\Desktop\SafeDesk\benchmarks\tau2-bench\data\simulations\tau2_prep_check_retail_0000\results.json,,2026-07-09T22:52:02
tau2_prep_check,retail,retail,none,95,retail_0000,0,95,pending,0,tau2_prep_check_retail_0000,C:\Users\86132\Desktop\SafeDesk\benchmarks\tau2-bench\data\simulations\tau2_prep_check_retail_0000\results.json,,2026-07-09T22:52:02
tau2_prep_check,retail,retail,none,96,retail_0000,0,96,pending,0,tau2_prep_check_retail_0000,C:\Users\86132\Desktop\SafeDesk\benchmarks\tau2-bench\data\simulations\tau2_prep_check_retail_0000\results.json,,2026-07-09T22:52:02
tau2_prep_check,retail,retail,none,97,retail_0000,0,97,pending,0,tau2_prep_check_retail_0000,C:\Users\86132\Desktop\SafeDesk\benchmarks\tau2-bench\data\simulations\tau2_prep_check_retail_0000\results.json,,2026-07-09T22:52:02
tau2_prep_check,retail,retail,none,98,retail_0000,0,98,pending,0,tau2_prep_check_retail_0000,C:\Users\86132\Desktop\SafeDesk\benchmarks\tau2-bench\data\simulations\tau2_prep_check_retail_0000\results.json,,2026-07-09T22:52:02
tau2_prep_check,retail,retail,none,99,retail_0000,0,99,pending,0,tau2_prep_check_retail_0000,C:\Users\86132\Desktop\SafeDesk\benchmarks\tau2-bench\data\simulations\tau2_prep_check_retail_0000\results.json,,2026-07-09T22:52:02
tau2_prep_check,retail,retail,none,100,retail_0000,0,100,pending,0,tau2_prep_check_retail_0000,C:\Users\86132\Desktop\SafeDesk\benchmarks\tau2-bench\data\simulations\tau2_prep_check_retail_0000\results.json,,2026-07-09T22:52:02
tau2_prep_check,retail,retail,none,101,retail_0000,0,101,pending,0,tau2_prep_check_retail_0000,C:\Users\86132\Desktop\SafeDesk\benchmarks\tau2-bench\data\simulations\tau2_prep_check_retail_0000\results.json,,2026-07-09T22:52:02
tau2_prep_check,retail,retail,none,102,retail_0000,0,102,pending,0,tau2_prep_check_retail_0000,C:\Users\86132\Desktop\SafeDesk\benchmarks\tau2-bench\data\simulations\tau2_prep_check_retail_0000\results.json,,2026-07-09T22:52:02
tau2_prep_check,retail,retail,none,103,retail_0000,0,103,pending,0,tau2_prep_check_retail_0000,C:\Users\86132\Desktop\SafeDesk\benchmarks\tau2-bench\data\simulations\tau2_prep_check_retail_0000\results.json,,2026-07-09T22:52:02
tau2_prep_check,retail,retail,none,104,retail_0000,0,104,pending,0,tau2_prep_check_retail_0000,C:\Users\86132\Desktop\SafeDesk\benchmarks\tau2-bench\data\simulations\tau2_prep_check_retail_0000\results.json,,2026-07-09T22:52:02
tau2_prep_check,retail,retail,none,105,retail_0000,0,105,pending,0,tau2_prep_check_retail_0000,C:\Users\86132\Desktop\SafeDesk\benchmarks\tau2-bench\data\simulations\tau2_prep_check_retail_0000\results.json,,2026-07-09T22:52:02
tau2_prep_check,retail,retail,none,106,retail_0000,0,106,pending,0,tau2_prep_check_retail_0000,C:\Users\86132\Desktop\SafeDesk\benchmarks\tau2-bench\data\simulations\tau2_prep_check_retail_0000\results.json,,2026-07-09T22:52:02
tau2_prep_check,retail,retail,none,107,retail_0000,0,107,pending,0,tau2_prep_check_retail_0000,C:\Users\86132\Desktop\SafeDesk\benchmarks\tau2-bench\data\simulations\tau2_prep_check_retail_0000\results.json,,2026-07-09T22:52:02
tau2_prep_check,retail,retail,none,108,retail_0000,0,108,pending,0,tau2_prep_check_retail_0000,C:\Users\86132\Desktop\SafeDesk\benchmarks\tau2-bench\data\simulations\tau2_prep_check_retail_0000\results.json,,2026-07-09T22:52:02
tau2_prep_check,retail,retail,none,109,retail_0000,0,109,pending,0,tau2_prep_check_retail_0000,C:\Users\86132\Desktop\SafeDesk\benchmarks\tau2-bench\data\simulations\tau2_prep_check_retail_0000\results.json,,2026-07-09T22:52:02
tau2_prep_check,retail,retail,none,110,retail_0000,0,110,pending,0,tau2_prep_check_retail_0000,C:\Users\86132\Desktop\SafeDesk\benchmarks\tau2-bench\data\simulations\tau2_prep_check_retail_0000\results.json,,2026-07-09T22:52:02
tau2_prep_check,retail,retail,none,111,retail_0000,0,111,pending,0,tau2_prep_check_retail_0000,C:\Users\86132\Desktop\SafeDesk\benchmarks\tau2-bench\data\simulations\tau2_prep_check_retail_0000\results.json,,2026-07-09T22:52:02
tau2_prep_check,retail,retail,none,112,retail_0000,0,112,pending,0,tau2_prep_check_retail_0000,C:\Users\86132\Desktop\SafeDesk\benchmarks\tau2-bench\data\simulations\tau2_prep_check_retail_0000\results.json,,2026-07-09T22:52:02
tau2_prep_check,retail,retail,none,113,retail_0000,0,113,pending,0,tau2_prep_check_retail_0000,C:\Users\86132\Desktop\SafeDesk\benchmarks\tau2-bench\data\simulations\tau2_prep_check_retail_0000\results.json,,2026-07-09T22:52:02
tau2_prep_check,telecom,telecom,none,[mobile_data_issue]user_abroad_roaming_enabled_off[PERSONA:None],telecom_0000,0,0,pending,0,tau2_prep_check_telecom_0000,C:\Users\86132\Desktop\SafeDesk\benchmarks\tau2-bench\data\simulations\tau2_prep_check_telecom_0000\results.json,,2026-07-09T22:52:02
tau2_prep_check,telecom,telecom,none,[mobile_data_issue]user_abroad_roaming_disabled_on[PERSONA:Easy],telecom_0000,0,1,pending,0,tau2_prep_check_telecom_0000,C:\Users\86132\Desktop\SafeDesk\benchmarks\tau2-bench\data\simulations\tau2_prep_check_telecom_0000\results.json,,2026-07-09T22:52:02
tau2_prep_check,telecom,telecom,none,[mobile_data_issue]user_abroad_roaming_disabled_off[PERSONA:Hard],telecom_0000,0,2,pending,0,tau2_prep_check_telecom_0000,C:\Users\86132\Desktop\SafeDesk\benchmarks\tau2-bench\data\simulations\tau2_prep_check_telecom_0000\results.json,,2026-07-09T22:52:02
tau2_prep_check,telecom,telecom,none,[mobile_data_issue]data_mode_off[PERSONA:None],telecom_0000,0,3,pending,0,tau2_prep_check_telecom_0000,C:\Users\86132\Desktop\SafeDesk\benchmarks\tau2-bench\data\simulations\tau2_prep_check_telecom_0000\results.json,,2026-07-09T22:52:02
tau2_prep_check,telecom,telecom,none,[mobile_data_issue]data_saver_mode_on[PERSONA:Easy],telecom_0000,0,4,pending,0,tau2_prep_check_telecom_0000,C:\Users\86132\Desktop\SafeDesk\benchmarks\tau2-bench\data\simulations\tau2_prep_check_telecom_0000\results.json,,2026-07-09T22:52:02
tau2_prep_check,telecom,telecom,none,[mobile_data_issue]bad_network_preference[PERSONA:Hard],telecom_0000,0,5,pending,0,tau2_prep_check_telecom_0000,C:\Users\86132\Desktop\SafeDesk\benchmarks\tau2-bench\data\simulations\tau2_prep_check_telecom_0000\results.json,,2026-07-09T22:52:02
tau2_prep_check,telecom,telecom,none,[mobile_data_issue]bad_vpn[PERSONA:None],telecom_0000,0,6,pending,0,tau2_prep_check_telecom_0000,C:\Users\86132\Desktop\SafeDesk\benchmarks\tau2-bench\data\simulations\tau2_prep_check_telecom_0000\results.json,,2026-07-09T22:52:02
tau2_prep_check,telecom,telecom,none,[mobile_data_issue]data_usage_exceeded[PERSONA:Easy],telecom_0000,0,7,pending,0,tau2_prep_check_telecom_0000,C:\Users\86132\Desktop\SafeDesk\benchmarks\tau2-bench\data\simulations\tau2_prep_check_telecom_0000\results.json,,2026-07-09T22:52:02
tau2_prep_check,telecom,telecom,none,[mobile_data_issue]airplane_mode_on|user_abroad_roaming_enabled_off[PERSONA:None],telecom_0000,0,8,pending,0,tau2_prep_check_telecom_0000,C:\Users\86132\Desktop\SafeDesk\benchmarks\tau2-bench\data\simulations\tau2_prep_check_telecom_0000\results.json,,2026-07-09T22:52:02
tau2_prep_check,telecom,telecom,none,[mobile_data_issue]airplane_mode_on|user_abroad_roaming_disabled_on[PERSONA:Easy],telecom_0000,0,9,pending,0,tau2_prep_check_telecom_0000,C:\Users\86132\Desktop\SafeDesk\benchmarks\tau2-bench\data\simulations\tau2_prep_check_telecom_0000\results.json,,2026-07-09T22:52:02
tau2_prep_check,telecom,telecom,none,[mobile_data_issue]airplane_mode_on|user_abroad_roaming_disabled_off[PERSONA:Hard],telecom_0000,0,10,pending,0,tau2_prep_check_telecom_0000,C:\Users\86132\Desktop\SafeDesk\benchmarks\tau2-bench\data\simulations\tau2_prep_check_telecom_0000\results.json,,2026-07-09T22:52:02
tau2_prep_check,telecom,telecom,none,[mobile_data_issue]airplane_mode_on|data_mode_off[PERSONA:None],telecom_0000,0,11,pending,0,tau2_prep_check_telecom_0000,C:\Users\86132\Desktop\SafeDesk\benchmarks\tau2-bench\data\simulations\tau2_prep_check_telecom_0000\results.json,,2026-07-09T22:52:02
tau2_prep_check,telecom,telecom,none,[mobile_data_issue]airplane_mode_on|data_saver_mode_on[PERSONA:Easy],telecom_0000,0,12,pending,0,tau2_prep_check_telecom_0000,C:\Users\86132\Desktop\SafeDesk\benchmarks\tau2-bench\data\simulations\tau2_prep_check_telecom_0000\results.json,,2026-07-09T22:52:02
tau2_prep_check,telecom,telecom,none,[mobile_data_issue]airplane_mode_on|bad_network_preference[PERSONA:Hard],telecom_0000,0,13,pending,0,tau2_prep_check_telecom_0000,C:\Users\86132\Desktop\SafeDesk\benchmarks\tau2-bench\data\simulations\tau2_prep_check_telecom_0000\results.json,,2026-07-09T22:52:02
tau2_prep_check,telecom,telecom,none,[mobile_data_issue]airplane_mode_on|bad_vpn[PERSONA:None],telecom_0000,0,14,pending,0,tau2_prep_check_telecom_0000,C:\Users\86132\Desktop\SafeDesk\benchmarks\tau2-bench\data\simulations\tau2_prep_check_telecom_0000\results.json,,2026-07-09T22:52:02
tau2_prep_check,telecom,telecom,none,[mobile_data_issue]airplane_mode_on|data_usage_exceeded[PERSONA:Easy],telecom_0000,0,15,pending,0,tau2_prep_check_telecom_0000,C:\Users\86132\Desktop\SafeDesk\benchmarks\tau2-bench\data\simulations\tau2_prep_check_telecom_0000\results.json,,2026-07-09T22:52:02
tau2_prep_check,telecom,telecom,none,[mobile_data_issue]data_mode_off|user_abroad_roaming_enabled_off[PERSONA:None],telecom_0000,0,16,pending,0,tau2_prep_check_telecom_0000,C:\Users\86132\Desktop\SafeDesk\benchmarks\tau2-bench\data\simulations\tau2_prep_check_telecom_0000\results.json,,2026-07-09T22:52:02
tau2_prep_check,telecom,telecom,none,[mobile_data_issue]data_saver_mode_on|user_abroad_roaming_enabled_off[PERSONA:Easy],telecom_0000,0,17,pending,0,tau2_prep_check_telecom_0000,C:\Users\86132\Desktop\SafeDesk\benchmarks\tau2-bench\data\simulations\tau2_prep_check_telecom_0000\results.json,,2026-07-09T22:52:02
tau2_prep_check,telecom,telecom,none,[mobile_data_issue]bad_network_preference|user_abroad_roaming_enabled_off[PERSONA:Hard],telecom_0000,0,18,pending,0,tau2_prep_check_telecom_0000,C:\Users\86132\Desktop\SafeDesk\benchmarks\tau2-bench\data\simulations\tau2_prep_check_telecom_0000\results.json,,2026-07-09T22:52:02
tau2_prep_check,telecom,telecom,none,[mobile_data_issue]bad_vpn|user_abroad_roaming_enabled_off[PERSONA:None],telecom_0000,0,19,pending,0,tau2_prep_check_telecom_0000,C:\Users\86132\Desktop\SafeDesk\benchmarks\tau2-bench\data\simulations\tau2_prep_check_telecom_0000\results.json,,2026-07-09T22:52:02
tau2_prep_check,telecom,telecom,none,[mobile_data_issue]data_usage_exceeded|user_abroad_roaming_enabled_off[PERSONA:Easy],telecom_0000,0,20,pending,0,tau2_prep_check_telecom_0000,C:\Users\86132\Desktop\SafeDesk\benchmarks\tau2-bench\data\simulations\tau2_prep_check_telecom_0000\results.json,,2026-07-09T22:52:02
tau2_prep_check,telecom,telecom,none,[mobile_data_issue]data_mode_off|user_abroad_roaming_disabled_on[PERSONA:None],telecom_0000,0,21,pending,0,tau2_prep_check_telecom_0000,C:\Users\86132\Desktop\SafeDesk\benchmarks\tau2-bench\data\simulations\tau2_prep_check_telecom_0000\results.json,,2026-07-09T22:52:02
tau2_prep_check,telecom,telecom,none,[mobile_data_issue]data_saver_mode_on|user_abroad_roaming_disabled_on[PERSONA:Easy],telecom_0000,0,22,pending,0,tau2_prep_check_telecom_0000,C:\Users\86132\Desktop\SafeDesk\benchmarks\tau2-bench\data\simulations\tau2_prep_check_telecom_0000\results.json,,2026-07-09T22:52:02
tau2_prep_check,telecom,telecom,none,[mobile_data_issue]bad_network_preference|user_abroad_roaming_disabled_on[PERSONA:Hard],telecom_0000,0,23,pending,0,tau2_prep_check_telecom_0000,C:\Users\86132\Desktop\SafeDesk\benchmarks\tau2-bench\data\simulations\tau2_prep_check_telecom_0000\results.json,,2026-07-09T22:52:02
tau2_prep_check,telecom,telecom,none,[mobile_data_issue]bad_vpn|user_abroad_roaming_disabled_on[PERSONA:None],telecom_0000,0,24,pending,0,tau2_prep_check_telecom_0000,C:\Users\86132\Desktop\SafeDesk\benchmarks\tau2-bench\data\simulations\tau2_prep_check_telecom_0000\results.json,,2026-07-09T22:52:02
tau2_prep_check,telecom,telecom,none,[mobile_data_issue]data_usage_exceeded|user_abroad_roaming_disabled_on[PERSONA:Easy],telecom_0000,0,25,pending,0,tau2_prep_check_telecom_0000,C:\Users\86132\Desktop\SafeDesk\benchmarks\tau2-bench\data\simulations\tau2_prep_check_telecom_0000\results.json,,2026-07-09T22:52:02
tau2_prep_check,telecom,telecom,none,[mobile_data_issue]data_mode_off|user_abroad_roaming_disabled_off[PERSONA:None],telecom_0000,0,26,pending,0,tau2_prep_check_telecom_0000,C:\Users\86132\Desktop\SafeDesk\benchmarks\tau2-bench\data\simulations\tau2_prep_check_telecom_0000\results.json,,2026-07-09T22:52:02
tau2_prep_check,telecom,telecom,none,[mobile_data_issue]data_saver_mode_on|user_abroad_roaming_disabled_off[PERSONA:Easy],telecom_0000,0,27,pending,0,tau2_prep_check_telecom_0000,C:\Users\86132\Desktop\SafeDesk\benchmarks\tau2-bench\data\simulations\tau2_prep_check_telecom_0000\results.json,,2026-07-09T22:52:02
tau2_prep_check,telecom,telecom,none,[mobile_data_issue]bad_network_preference|user_abroad_roaming_disabled_off[PERSONA:Hard],telecom_0000,0,28,pending,0,tau2_prep_check_telecom_0000,C:\Users\86132\Desktop\SafeDesk\benchmarks\tau2-bench\data\simulations\tau2_prep_check_telecom_0000\results.json,,2026-07-09T22:52:02
tau2_prep_check,telecom,telecom,none,[mobile_data_issue]bad_vpn|user_abroad_roaming_disabled_off[PERSONA:None],telecom_0000,0,29,pending,0,tau2_prep_check_telecom_0000,C:\Users\86132\Desktop\SafeDesk\benchmarks\tau2-bench\data\simulations\tau2_prep_check_telecom_0000\results.json,,2026-07-09T22:52:02
tau2_prep_check,telecom,telecom,none,[mobile_data_issue]data_usage_exceeded|user_abroad_roaming_disabled_off[PERSONA:Easy],telecom_0000,0,30,pending,0,tau2_prep_check_telecom_0000,C:\Users\86132\Desktop\SafeDesk\benchmarks\tau2-bench\data\simulations\tau2_prep_check_telecom_0000\results.json,,2026-07-09T22:52:02
tau2_prep_check,telecom,telecom,none,[mobile_data_issue]data_mode_off|data_saver_mode_on[PERSONA:None],telecom_0000,0,31,pending,0,tau2_prep_check_telecom_0000,C:\Users\86132\Desktop\SafeDesk\benchmarks\tau2-bench\data\simulations\tau2_prep_check_telecom_0000\results.json,,2026-07-09T22:52:02
tau2_prep_check,telecom,telecom,none,[mobile_data_issue]bad_network_preference|data_mode_off[PERSONA:Easy],telecom_0000,0,32,pending,0,tau2_prep_check_telecom_0000,C:\Users\86132\Desktop\SafeDesk\benchmarks\tau2-bench\data\simulations\tau2_prep_check_telecom_0000\results.json,,2026-07-09T22:52:02
tau2_prep_check,telecom,telecom,none,[mobile_data_issue]bad_vpn|data_mode_off[PERSONA:Hard],telecom_0000,0,33,pending,0,tau2_prep_check_telecom_0000,C:\Users\86132\Desktop\SafeDesk\benchmarks\tau2-bench\data\simulations\tau2_prep_check_telecom_0000\results.json,,2026-07-09T22:52:02
tau2_prep_check,telecom,telecom,none,[mobile_data_issue]data_mode_off|data_usage_exceeded[PERSONA:None],telecom_0000,0,34,pending,0,tau2_prep_check_telecom_0000,C:\Users\86132\Desktop\SafeDesk\benchmarks\tau2-bench\data\simulations\tau2_prep_check_telecom_0000\results.json,,2026-07-09T22:52:02
tau2_prep_check,telecom,telecom,none,[mobile_data_issue]bad_network_preference|data_saver_mode_on[PERSONA:Hard],telecom_0000,0,35,pending,0,tau2_prep_check_telecom_0000,C:\Users\86132\Desktop\SafeDesk\benchmarks\tau2-bench\data\simulations\tau2_prep_check_telecom_0000\results.json,,2026-07-09T22:52:02
tau2_prep_check,telecom,telecom,none,[mobile_data_issue]bad_vpn|data_saver_mode_on[PERSONA:None],telecom_0000,0,36,pending,0,tau2_prep_check_telecom_0000,C:\Users\86132\Desktop\SafeDesk\benchmarks\tau2-bench\data\simulations\tau2_prep_check_telecom_0000\results.json,,2026-07-09T22:52:02
tau2_prep_check,telecom,telecom,none,[mobile_data_issue]data_saver_mode_on|data_usage_exceeded[PERSONA:Easy],telecom_0000,0,37,pending,0,tau2_prep_check_telecom_0000,C:\Users\86132\Desktop\SafeDesk\benchmarks\tau2-bench\data\simulations\tau2_prep_check_telecom_0000\results.json,,2026-07-09T22:52:02
tau2_prep_check,telecom,telecom,none,[mobile_data_issue]bad_network_preference|bad_vpn[PERSONA:None],telecom_0000,0,38,pending,0,tau2_prep_check_telecom_0000,C:\Users\86132\Desktop\SafeDesk\benchmarks\tau2-bench\data\simulations\tau2_prep_check_telecom_0000\results.json,,2026-07-09T22:52:02
tau2_prep_check,telecom,telecom,none,[mobile_data_issue]bad_network_preference|data_usage_exceeded[PERSONA:Easy],telecom_0000,0,39,pending,0,tau2_prep_check_telecom_0000,C:\Users\86132\Desktop\SafeDesk\benchmarks\tau2-bench\data\simulations\tau2_prep_check_telecom_0000\results.json,,2026-07-09T22:52:02
tau2_prep_check,telecom,telecom,none,[mobile_data_issue]bad_vpn|data_usage_exceeded[PERSONA:None],telecom_0000,0,40,pending,0,tau2_prep_check_telecom_0000,C:\Users\86132\Desktop\SafeDesk\benchmarks\tau2-bench\data\simulations\tau2_prep_check_telecom_0000\results.json,,2026-07-09T22:52:02
tau2_prep_check,telecom,telecom,none,[mobile_data_issue]airplane_mode_on|data_mode_off|user_abroad_roaming_enabled_off[PERSONA:Hard],telecom_0000,0,41,pending,0,tau2_prep_check_telecom_0000,C:\Users\86132\Desktop\SafeDesk\benchmarks\tau2-bench\data\simulations\tau2_prep_check_telecom_0000\results.json,,2026-07-09T22:52:02
tau2_prep_check,telecom,telecom,none,[mobile_data_issue]airplane_mode_on|data_saver_mode_on|user_abroad_roaming_enabled_off[PERSONA:None],telecom_0000,0,42,pending,0,tau2_prep_check_telecom_0000,C:\Users\86132\Desktop\SafeDesk\benchmarks\tau2-bench\data\simulations\tau2_prep_check_telecom_0000\results.json,,2026-07-09T22:52:02
tau2_prep_check,telecom,telecom,none,[mobile_data_issue]airplane_mode_on|bad_network_preference|user_abroad_roaming_enabled_off[PERSONA:Easy],telecom_0000,0,43,pending,0,tau2_prep_check_telecom_0000,C:\Users\86132\Desktop\SafeDesk\benchmarks\tau2-bench\data\simulations\tau2_prep_check_telecom_0000\results.json,,2026-07-09T22:52:02
tau2_prep_check,telecom,telecom,none,[mobile_data_issue]airplane_mode_on|bad_vpn|user_abroad_roaming_enabled_off[PERSONA:Hard],telecom_0000,0,44,pending,0,tau2_prep_check_telecom_0000,C:\Users\86132\Desktop\SafeDesk\benchmarks\tau2-bench\data\simulations\tau2_prep_check_telecom_0000\results.json,,2026-07-09T22:52:02
tau2_prep_check,telecom,telecom,none,[mobile_data_issue]airplane_mode_on|data_usage_exceeded|user_abroad_roaming_enabled_off[PERSONA:None],telecom_0000,0,45,pending,0,tau2_prep_check_telecom_0000,C:\Users\86132\Desktop\SafeDesk\benchmarks\tau2-bench\data\simulations\tau2_prep_check_telecom_0000\results.json,,2026-07-09T22:52:02
tau2_prep_check,telecom,telecom,none,[mobile_data_issue]airplane_mode_on|data_mode_off|user_abroad_roaming_disabled_on[PERSONA:Hard],telecom_0000,0,46,pending,0,tau2_prep_check_telecom_0000,C:\Users\86132\Desktop\SafeDesk\benchmarks\tau2-bench\data\simulations\tau2_prep_check_telecom_0000\results.json,,2026-07-09T22:52:02
tau2_prep_check,telecom,telecom,none,[mobile_data_issue]airplane_mode_on|data_saver_mode_on|user_abroad_roaming_disabled_on[PERSONA:None],telecom_0000,0,47,pending,0,tau2_prep_check_telecom_0000,C:\Users\86132\Desktop\SafeDesk\benchmarks\tau2-bench\data\simulations\tau2_prep_check_telecom_0000\results.json,,2026-07-09T22:52:02
tau2_prep_check,telecom,telecom,none,[mobile_data_issue]airplane_mode_on|bad_network_preference|user_abroad_roaming_disabled_on[PERSONA:Easy],telecom_0000,0,48,pending,0,tau2_prep_check_telecom_0000,C:\Users\86132\Desktop\SafeDesk\benchmarks\tau2-bench\data\simulations\tau2_prep_check_telecom_0000\results.json,,2026-07-09T22:52:02
tau2_prep_check,telecom,telecom,none,[mobile_data_issue]airplane_mode_on|bad_vpn|user_abroad_roaming_disabled_on[PERSONA:Hard],telecom_0000,0,49,pending,0,tau2_prep_check_telecom_0000,C:\Users\86132\Desktop\SafeDesk\benchmarks\tau2-bench\data\simulations\tau2_prep_check_telecom_0000\results.json,,2026-07-09T22:52:02
tau2_prep_check,telecom,telecom,none,[mobile_data_issue]airplane_mode_on|data_usage_exceeded|user_abroad_roaming_disabled_on[PERSONA:None],telecom_0000,0,50,pending,0,tau2_prep_check_telecom_0000,C:\Users\86132\Desktop\SafeDesk\benchmarks\tau2-bench\data\simulations\tau2_prep_check_telecom_0000\results.json,,2026-07-09T22:52:02
tau2_prep_check,telecom,telecom,none,[mobile_data_issue]airplane_mode_on|data_mode_off|user_abroad_roaming_disabled_off[PERSONA:Hard],telecom_0000,0,51,pending,0,tau2_prep_check_telecom_0000,C:\Users\86132\Desktop\SafeDesk\benchmarks\tau2-bench\data\simulations\tau2_prep_check_telecom_0000\results.json,,2026-07-09T22:52:02
tau2_prep_check,telecom,telecom,none,[mobile_data_issue]airplane_mode_on|data_saver_mode_on|user_abroad_roaming_disabled_off[PERSONA:None],telecom_0000,0,52,pending,0,tau2_prep_check_telecom_0000,C:\Users\86132\Desktop\SafeDesk\benchmarks\tau2-bench\data\simulations\tau2_prep_check_telecom_0000\results.json,,2026-07-09T22:52:02
tau2_prep_check,telecom,telecom,none,[mobile_data_issue]airplane_mode_on|bad_network_preference|user_abroad_roaming_disabled_off[PERSONA:Easy],telecom_0000,0,53,pending,0,tau2_prep_check_telecom_0000,C:\Users\86132\Desktop\SafeDesk\benchmarks\tau2-bench\data\simulations\tau2_prep_check_telecom_0000\results.json,,2026-07-09T22:52:02
tau2_prep_check,telecom,telecom,none,[mobile_data_issue]airplane_mode_on|bad_vpn|user_abroad_roaming_disabled_off[PERSONA:Hard],telecom_0000,0,54,pending,0,tau2_prep_check_telecom_0000,C:\Users\86132\Desktop\SafeDesk\benchmarks\tau2-bench\data\simulations\tau2_prep_check_telecom_0000\results.json,,2026-07-09T22:52:02
tau2_prep_check,telecom,telecom,none,[mobile_data_issue]airplane_mode_on|data_usage_exceeded|user_abroad_roaming_disabled_off[PERSONA:None],telecom_0000,0,55,pending,0,tau2_prep_check_telecom_0000,C:\Users\86132\Desktop\SafeDesk\benchmarks\tau2-bench\data\simulations\tau2_prep_check_telecom_0000\results.json,,2026-07-09T22:52:02
tau2_prep_check,telecom,telecom,none,[mobile_data_issue]airplane_mode_on|data_mode_off|data_saver_mode_on[PERSONA:Hard],telecom_0000,0,56,pending,0,tau2_prep_check_telecom_0000,C:\Users\86132\Desktop\SafeDesk\benchmarks\tau2-bench\data\simulations\tau2_prep_check_telecom_0000\results.json,,2026-07-09T22:52:02
tau2_prep_check,telecom,telecom,none,[mobile_data_issue]airplane_mode_on|bad_network_preference|data_mode_off[PERSONA:None],telecom_0000,0,57,pending,0,tau2_prep_check_telecom_0000,C:\Users\86132\Desktop\SafeDesk\benchmarks\tau2-bench\data\simulations\tau2_prep_check_telecom_0000\results.json,,2026-07-09T22:52:02
tau2_prep_check,telecom,telecom,none,[mobile_data_issue]airplane_mode_on|bad_vpn|data_mode_off[PERSONA:Easy],telecom_0000,0,58,pending,0,tau2_prep_check_telecom_0000,C:\Users\86132\Desktop\SafeDesk\benchmarks\tau2-bench\data\simulations\tau2_prep_check_telecom_0000\results.json,,2026-07-09T22:52:02
tau2_prep_check,telecom,telecom,none,[mobile_data_issue]airplane_mode_on|data_mode_off|data_usage_exceeded[PERSONA:Hard],telecom_0000,0,59,pending,0,tau2_prep_check_telecom_0000,C:\Users\86132\Desktop\SafeDesk\benchmarks\tau2-bench\data\simulations\tau2_prep_check_telecom_0000\results.json,,2026-07-09T22:52:02
tau2_prep_check,telecom,telecom,none,[mobile_data_issue]airplane_mode_on|bad_network_preference|data_saver_mode_on[PERSONA:Easy],telecom_0000,0,60,pending,0,tau2_prep_check_telecom_0000,C:\Users\86132\Desktop\SafeDesk\benchmarks\tau2-bench\data\simulations\tau2_prep_check_telecom_0000\results.json,,2026-07-09T22:52:02
tau2_prep_check,telecom,telecom,none,[mobile_data_issue]airplane_mode_on|bad_vpn|data_saver_mode_on[PERSONA:Hard],telecom_0000,0,61,pending,0,tau2_prep_check_telecom_0000,C:\Users\86132\Desktop\SafeDesk\benchmarks\tau2-bench\data\simulations\tau2_prep_check_telecom_0000\results.json,,2026-07-09T22:52:02
tau2_prep_check,telecom,telecom,none,[mobile_data_issue]airplane_mode_on|data_saver_mode_on|data_usage_exceeded[PERSONA:None],telecom_0000,0,62,pending,0,tau2_prep_check_telecom_0000,C:\Users\86132\Desktop\SafeDesk\benchmarks\tau2-bench\data\simulations\tau2_prep_check_telecom_0000\results.json,,2026-07-09T22:52:02
tau2_prep_check,telecom,telecom,none,[mobile_data_issue]airplane_mode_on|bad_network_preference|bad_vpn[PERSONA:Hard],telecom_0000,0,63,pending,0,tau2_prep_check_telecom_0000,C:\Users\86132\Desktop\SafeDesk\benchmarks\tau2-bench\data\simulations\tau2_prep_check_telecom_0000\results.json,,2026-07-09T22:52:02
tau2_prep_check,telecom,telecom,none,[mobile_data_issue]airplane_mode_on|bad_network_preference|data_usage_exceeded[PERSONA:None],telecom_0000,0,64,pending,0,tau2_prep_check_telecom_0000,C:\Users\86132\Desktop\SafeDesk\benchmarks\tau2-bench\data\simulations\tau2_prep_check_telecom_0000\results.json,,2026-07-09T22:52:02
tau2_prep_check,telecom,telecom,none,[mobile_data_issue]airplane_mode_on|bad_vpn|data_usage_exceeded[PERSONA:Hard],telecom_0000,0,65,pending,0,tau2_prep_check_telecom_0000,C:\Users\86132\Desktop\SafeDesk\benchmarks\tau2-bench\data\simulations\tau2_prep_check_telecom_0000\results.json,,2026-07-09T22:52:02
tau2_prep_check,telecom,telecom,none,[mobile_data_issue]data_mode_off|data_saver_mode_on|user_abroad_roaming_enabled_off[PERSONA:Easy],telecom_0000,0,66,pending,0,tau2_prep_check_telecom_0000,C:\Users\86132\Desktop\SafeDesk\benchmarks\tau2-bench\data\simulations\tau2_prep_check_telecom_0000\results.json,,2026-07-09T22:52:02
tau2_prep_check,telecom,telecom,none,[mobile_data_issue]bad_network_preference|data_mode_off|user_abroad_roaming_enabled_off[PERSONA:Hard],telecom_0000,0,67,pending,0,tau2_prep_check_telecom_0000,C:\Users\86132\Desktop\SafeDesk\benchmarks\tau2-bench\data\simulations\tau2_prep_check_telecom_0000\results.json,,2026-07-09T22:52:02
tau2_prep_check,telecom,telecom,none,[mobile_data_issue]bad_vpn|data_mode_off|user_abroad_roaming_enabled_off[PERSONA:None],telecom_0000,0,68,pending,0,tau2_prep_check_telecom_0000,C:\Users\86132\Desktop\SafeDesk\benchmarks\tau2-bench\data\simulations\tau2_prep_check_telecom_0000\results.json,,2026-07-09T22:52:02
tau2_prep_check,telecom,telecom,none,[mobile_data_issue]data_mode_off|data_usage_exceeded|user_abroad_roaming_enabled_off[PERSONA:Easy],telecom_0000,0,69,pending,0,tau2_prep_check_telecom_0000,C:\Users\86132\Desktop\SafeDesk\benchmarks\tau2-bench\data\simulations\tau2_prep_check_telecom_0000\results.json,,2026-07-09T22:52:02
tau2_prep_check,telecom,telecom,none,[mobile_data_issue]bad_network_preference|data_saver_mode_on|user_abroad_roaming_enabled_off[PERSONA:None],telecom_0000,0,70,pending,0,tau2_prep_check_telecom_0000,C:\Users\86132\Desktop\SafeDesk\benchmarks\tau2-bench\data\simulations\tau2_prep_check_telecom_0000\results.json,,2026-07-09T22:52:02
tau2_prep_check,telecom,telecom,none,[mobile_data_issue]bad_vpn|data_saver_mode_on|user_abroad_roaming_enabled_off[PERSONA:Easy],telecom_0000,0,71,pending,0,tau2_prep_check_telecom_0000,C:\Users\86132\Desktop\SafeDesk\benchmarks\tau2-bench\data\simulations\tau2_prep_check_telecom_0000\results.json,,2026-07-09T22:52:02
tau2_prep_check,telecom,telecom,none,[mobile_data_issue]data_saver_mode_on|data_usage_exceeded|user_abroad_roaming_enabled_off[PERSONA:Hard],telecom_0000,0,72,pending,0,tau2_prep_check_telecom_0000,C:\Users\86132\Desktop\SafeDesk\benchmarks\tau2-bench\data\simulations\tau2_prep_check_telecom_0000\results.json,,2026-07-09T22:52:02
tau2_prep_check,telecom,telecom,none,[mobile_data_issue]bad_network_preference|bad_vpn|user_abroad_roaming_enabled_off[PERSONA:Easy],telecom_0000,0,73,pending,0,tau2_prep_check_telecom_0000,C:\Users\86132\Desktop\SafeDesk\benchmarks\tau2-bench\data\simulations\tau2_prep_check_telecom_0000\results.json,,2026-07-09T22:52:02
tau2_prep_check,telecom,telecom,none,[mobile_data_issue]bad_network_preference|data_usage_exceeded|user_abroad_roaming_enabled_off[PERSONA:Hard],telecom_0000,0,74,pending,0,tau2_prep_check_telecom_0000,C:\Users\86132\Desktop\SafeDesk\benchmarks\tau2-bench\data\simulations\tau2_prep_check_telecom_0000\results.json,,2026-07-09T22:52:02
tau2_prep_check,telecom,telecom,none,[mobile_data_issue]bad_vpn|data_usage_exceeded|user_abroad_roaming_enabled_off[PERSONA:Easy],telecom_0000,0,75,pending,0,tau2_prep_check_telecom_0000,C:\Users\86132\Desktop\SafeDesk\benchmarks\tau2-bench\data\simulations\tau2_prep_check_telecom_0000\results.json,,2026-07-09T22:52:02
tau2_prep_check,telecom,telecom,none,[mobile_data_issue]data_mode_off|data_saver_mode_on|user_abroad_roaming_disabled_on[PERSONA:None],telecom_0000,0,76,pending,0,tau2_prep_check_telecom_0000,C:\Users\86132\Desktop\SafeDesk\benchmarks\tau2-bench\data\simulations\tau2_prep_check_telecom_0000\results.json,,2026-07-09T22:52:02
tau2_prep_check,telecom,telecom,none,[mobile_data_issue]bad_network_preference|data_mode_off|user_abroad_roaming_disabled_on[PERSONA:Easy],telecom_0000,0,77,pending,0,tau2_prep_check_telecom_0000,C:\Users\86132\Desktop\SafeDesk\benchmarks\tau2-bench\data\simulations\tau2_prep_check_telecom_0000\results.json,,2026-07-09T22:52:02
tau2_prep_check,telecom,telecom,none,[mobile_data_issue]bad_vpn|data_mode_off|user_abroad_roaming_disabled_on[PERSONA:Hard],telecom_0000,0,78,pending,0,tau2_prep_check_telecom_0000,C:\Users\86132\Desktop\SafeDesk\benchmarks\tau2-bench\data\simulations\tau2_prep_check_telecom_0000\results.json,,2026-07-09T22:52:02
tau2_prep_check,telecom,telecom,none,[mobile_data_issue]data_mode_off|data_usage_exceeded|user_abroad_roaming_disabled_on[PERSONA:None],telecom_0000,0,79,pending,0,tau2_prep_check_telecom_0000,C:\Users\86132\Desktop\SafeDesk\benchmarks\tau2-bench\data\simulations\tau2_prep_check_telecom_0000\results.json,,2026-07-09T22:52:02
tau2_prep_check,telecom,telecom,none,[mobile_data_issue]bad_network_preference|data_saver_mode_on|user_abroad_roaming_disabled_on[PERSONA:Hard],telecom_0000,0,80,pending,0,tau2_prep_check_telecom_0000,C:\Users\86132\Desktop\SafeDesk\benchmarks\tau2-bench\data\simulations\tau2_prep_check_telecom_0000\results.json,,2026-07-09T22:52:02
tau2_prep_check,telecom,telecom,none,[mobile_data_issue]bad_vpn|data_saver_mode_on|user_abroad_roaming_disabled_on[PERSONA:None],telecom_0000,0,81,pending,0,tau2_prep_check_telecom_0000,C:\Users\86132\Desktop\SafeDesk\benchmarks\tau2-bench\data\simulations\tau2_prep_check_telecom_0000\results.json,,2026-07-09T22:52:02
tau2_prep_check,telecom,telecom,none,[mobile_data_issue]data_saver_mode_on|data_usage_exceeded|user_abroad_roaming_disabled_on[PERSONA:Easy],telecom_0000,0,82,pending,0,tau2_prep_check_telecom_0000,C:\Users\86132\Desktop\SafeDesk\benchmarks\tau2-bench\data\simulations\tau2_prep_check_telecom_0000\results.json,,2026-07-09T22:52:02
tau2_prep_check,telecom,telecom,none,[mobile_data_issue]bad_network_preference|bad_vpn|user_abroad_roaming_disabled_on[PERSONA:None],telecom_0000,0,83,pending,0,tau2_prep_check_telecom_0000,C:\Users\86132\Desktop\SafeDesk\benchmarks\tau2-bench\data\simulations\tau2_prep_check_telecom_0000\results.json,,2026-07-09T22:52:02
tau2_prep_check,telecom,telecom,none,[mobile_data_issue]bad_network_preference|data_usage_exceeded|user_abroad_roaming_disabled_on[PERSONA:Easy],telecom_0000,0,84,pending,0,tau2_prep_check_telecom_0000,C:\Users\86132\Desktop\SafeDesk\benchmarks\tau2-bench\data\simulations\tau2_prep_check_telecom_0000\results.json,,2026-07-09T22:52:02
tau2_prep_check,telecom,telecom,none,[mobile_data_issue]bad_vpn|data_usage_exceeded|user_abroad_roaming_disabled_on[PERSONA:None],telecom_0000,0,85,pending,0,tau2_prep_check_telecom_0000,C:\Users\86132\Desktop\SafeDesk\benchmarks\tau2-bench\data\simulations\tau2_prep_check_telecom_0000\results.json,,2026-07-09T22:52:02
tau2_prep_check,telecom,telecom,none,[mobile_data_issue]data_mode_off|data_saver_mode_on|user_abroad_roaming_disabled_off[PERSONA:Hard],telecom_0000,0,86,pending,0,tau2_prep_check_telecom_0000,C:\Users\86132\Desktop\SafeDesk\benchmarks\tau2-bench\data\simulations\tau2_prep_check_telecom_0000\results.json,,2026-07-09T22:52:02
tau2_prep_check,telecom,telecom,none,[mobile_data_issue]bad_network_preference|data_mode_off|user_abroad_roaming_disabled_off[PERSONA:None],telecom_0000,0,87,pending,0,tau2_prep_check_telecom_0000,C:\Users\86132\Desktop\SafeDesk\benchmarks\tau2-bench\data\simulations\tau2_prep_check_telecom_0000\results.json,,2026-07-09T22:52:02
tau2_prep_check,telecom,telecom,none,[mobile_data_issue]bad_vpn|data_mode_off|user_abroad_roaming_disabled_off[PERSONA:Easy],telecom_0000,0,88,pending,0,tau2_prep_check_telecom_0000,C:\Users\86132\Desktop\SafeDesk\benchmarks\tau2-bench\data\simulations\tau2_prep_check_telecom_0000\results.json,,2026-07-09T22:52:02
tau2_prep_check,telecom,telecom,none,[mobile_data_issue]data_mode_off|data_usage_exceeded|user_abroad_roaming_disabled_off[PERSONA:Hard],telecom_0000,0,89,pending,0,tau2_prep_check_telecom_0000,C:\Users\86132\Desktop\SafeDesk\benchmarks\tau2-bench\data\simulations\tau2_prep_check_telecom_0000\results.json,,2026-07-09T22:52:02
tau2_prep_check,telecom,telecom,none,[mobile_data_issue]bad_network_preference|data_saver_mode_on|user_abroad_roaming_disabled_off[PERSONA:Easy],telecom_0000,0,90,pending,0,tau2_prep_check_telecom_0000,C:\Users\86132\Desktop\SafeDesk\benchmarks\tau2-bench\data\simulations\tau2_prep_check_telecom_0000\results.json,,2026-07-09T22:52:02
tau2_prep_check,telecom,telecom,none,[mobile_data_issue]bad_vpn|data_saver_mode_on|user_abroad_roaming_disabled_off[PERSONA:Hard],telecom_0000,0,91,pending,0,tau2_prep_check_telecom_0000,C:\Users\86132\Desktop\SafeDesk\benchmarks\tau2-bench\data\simulations\tau2_prep_check_telecom_0000\results.json,,2026-07-09T22:52:02
tau2_prep_check,telecom,telecom,none,[mobile_data_issue]data_saver_mode_on|data_usage_exceeded|user_abroad_roaming_disabled_off[PERSONA:None],telecom_0000,0,92,pending,0,tau2_prep_check_telecom_0000,C:\Users\86132\Desktop\SafeDesk\benchmarks\tau2-bench\data\simulations\tau2_prep_check_telecom_0000\results.json,,2026-07-09T22:52:02
tau2_prep_check,telecom,telecom,none,[mobile_data_issue]bad_network_preference|bad_vpn|user_abroad_roaming_disabled_off[PERSONA:Hard],telecom_0000,0,93,pending,0,tau2_prep_check_telecom_0000,C:\Users\86132\Desktop\SafeDesk\benchmarks\tau2-bench\data\simulations\tau2_prep_check_telecom_0000\results.json,,2026-07-09T22:52:02
tau2_prep_check,telecom,telecom,none,[mobile_data_issue]bad_network_preference|data_usage_exceeded|user_abroad_roaming_disabled_off[PERSONA:None],telecom_0000,0,94,pending,0,tau2_prep_check_telecom_0000,C:\Users\86132\Desktop\SafeDesk\benchmarks\tau2-bench\data\simulations\tau2_prep_check_telecom_0000\results.json,,2026-07-09T22:52:02
tau2_prep_check,telecom,telecom,none,[mobile_data_issue]bad_vpn|data_usage_exceeded|user_abroad_roaming_disabled_off[PERSONA:Hard],telecom_0000,0,95,pending,0,tau2_prep_check_telecom_0000,C:\Users\86132\Desktop\SafeDesk\benchmarks\tau2-bench\data\simulations\tau2_prep_check_telecom_0000\results.json,,2026-07-09T22:52:02
tau2_prep_check,telecom,telecom,none,[mobile_data_issue]bad_network_preference|data_mode_off|data_saver_mode_on[PERSONA:Easy],telecom_0000,0,96,pending,0,tau2_prep_check_telecom_0000,C:\Users\86132\Desktop\SafeDesk\benchmarks\tau2-bench\data\simulations\tau2_prep_check_telecom_0000\results.json,,2026-07-09T22:52:02
tau2_prep_check,telecom,telecom,none,[mobile_data_issue]bad_vpn|data_mode_off|data_saver_mode_on[PERSONA:Hard],telecom_0000,0,97,pending,0,tau2_prep_check_telecom_0000,C:\Users\86132\Desktop\SafeDesk\benchmarks\tau2-bench\data\simulations\tau2_prep_check_telecom_0000\results.json,,2026-07-09T22:52:02
tau2_prep_check,telecom,telecom,none,[mobile_data_issue]data_mode_off|data_saver_mode_on|data_usage_exceeded[PERSONA:None],telecom_0000,0,98,pending,0,tau2_prep_check_telecom_0000,C:\Users\86132\Desktop\SafeDesk\benchmarks\tau2-bench\data\simulations\tau2_prep_check_telecom_0000\results.json,,2026-07-09T22:52:02
tau2_prep_check,telecom,telecom,none,[mobile_data_issue]bad_network_preference|bad_vpn|data_mode_off[PERSONA:Hard],telecom_0000,0,99,pending,0,tau2_prep_check_telecom_0000,C:\Users\86132\Desktop\SafeDesk\benchmarks\tau2-bench\data\simulations\tau2_prep_check_telecom_0000\results.json,,2026-07-09T22:52:02
tau2_prep_check,telecom,telecom,none,[mobile_data_issue]bad_network_preference|data_mode_off|data_usage_exceeded[PERSONA:None],telecom_0000,0,100,pending,0,tau2_prep_check_telecom_0000,C:\Users\86132\Desktop\SafeDesk\benchmarks\tau2-bench\data\simulations\tau2_prep_check_telecom_0000\results.json,,2026-07-09T22:52:02
tau2_prep_check,telecom,telecom,none,[mobile_data_issue]bad_vpn|data_mode_off|data_usage_exceeded[PERSONA:Hard],telecom_0000,0,101,pending,0,tau2_prep_check_telecom_0000,C:\Users\86132\Desktop\SafeDesk\benchmarks\tau2-bench\data\simulations\tau2_prep_check_telecom_0000\results.json,,2026-07-09T22:52:02
tau2_prep_check,telecom,telecom,none,[mobile_data_issue]bad_network_preference|bad_vpn|data_saver_mode_on[PERSONA:Easy],telecom_0000,0,102,pending,0,tau2_prep_check_telecom_0000,C:\Users\86132\Desktop\SafeDesk\benchmarks\tau2-bench\data\simulations\tau2_prep_check_telecom_0000\results.json,,2026-07-09T22:52:02
tau2_prep_check,telecom,telecom,none,[mobile_data_issue]bad_network_preference|data_saver_mode_on|data_usage_exceeded[PERSONA:Hard],telecom_0000,0,103,pending,0,tau2_prep_check_telecom_0000,C:\Users\86132\Desktop\SafeDesk\benchmarks\tau2-bench\data\simulations\tau2_prep_check_telecom_0000\results.json,,2026-07-09T22:52:02
tau2_prep_check,telecom,telecom,none,[mobile_data_issue]bad_vpn|data_saver_mode_on|data_usage_exceeded[PERSONA:Easy],telecom_0000,0,104,pending,0,tau2_prep_check_telecom_0000,C:\Users\86132\Desktop\SafeDesk\benchmarks\tau2-bench\data\simulations\tau2_prep_check_telecom_0000\results.json,,2026-07-09T22:52:02
tau2_prep_check,telecom,telecom,none,[mobile_data_issue]bad_network_preference|bad_vpn|data_usage_exceeded[PERSONA:None],telecom_0000,0,105,pending,0,tau2_prep_check_telecom_0000,C:\Users\86132\Desktop\SafeDesk\benchmarks\tau2-bench\data\simulations\tau2_prep_check_telecom_0000\results.json,,2026-07-09T22:52:02
tau2_prep_check,telecom,telecom,none,[mobile_data_issue]airplane_mode_on|data_mode_off|data_saver_mode_on|user_abroad_roaming_enabled_off[PERSONA:Hard],telecom_0000,0,106,pending,0,tau2_prep_check_telecom_0000,C:\Users\86132\Desktop\SafeDesk\benchmarks\tau2-bench\data\simulations\tau2_prep_check_telecom_0000\results.json,,2026-07-09T22:52:02
tau2_prep_check,telecom,telecom,none,[mobile_data_issue]airplane_mode_on|bad_network_preference|data_mode_off|user_abroad_roaming_enabled_off[PERSONA:None],telecom_0000,0,107,pending,0,tau2_prep_check_telecom_0000,C:\Users\86132\Desktop\SafeDesk\benchmarks\tau2-bench\data\simulations\tau2_prep_check_telecom_0000\results.json,,2026-07-09T22:52:02
tau2_prep_check,telecom,telecom,none,[mobile_data_issue]airplane_mode_on|bad_vpn|data_mode_off|user_abroad_roaming_enabled_off[PERSONA:Easy],telecom_0000,0,108,pending,0,tau2_prep_check_telecom_0000,C:\Users\86132\Desktop\SafeDesk\benchmarks\tau2-bench\data\simulations\tau2_prep_check_telecom_0000\results.json,,2026-07-09T22:52:02
tau2_prep_check,telecom,telecom,none,[mobile_data_issue]airplane_mode_on|data_mode_off|data_usage_exceeded|user_abroad_roaming_enabled_off[PERSONA:Hard],telecom_0000,0,109,pending,0,tau2_prep_check_telecom_0000,C:\Users\86132\Desktop\SafeDesk\benchmarks\tau2-bench\data\simulations\tau2_prep_check_telecom_0000\results.json,,2026-07-09T22:52:02
tau2_prep_check,telecom,telecom,none,[mobile_data_issue]airplane_mode_on|bad_network_preference|data_saver_mode_on|user_abroad_roaming_enabled_off[PERSONA:Easy],telecom_0000,0,110,pending,0,tau2_prep_check_telecom_0000,C:\Users\86132\Desktop\SafeDesk\benchmarks\tau2-bench\data\simulations\tau2_prep_check_telecom_0000\results.json,,2026-07-09T22:52:02
tau2_prep_check,telecom,telecom,none,[mobile_data_issue]airplane_mode_on|bad_vpn|data_saver_mode_on|user_abroad_roaming_enabled_off[PERSONA:Hard],telecom_0000,0,111,pending,0,tau2_prep_check_telecom_0000,C:\Users\86132\Desktop\SafeDesk\benchmarks\tau2-bench\data\simulations\tau2_prep_check_telecom_0000\results.json,,2026-07-09T22:52:02
tau2_prep_check,telecom,telecom,none,[mobile_data_issue]airplane_mode_on|data_saver_mode_on|data_usage_exceeded|user_abroad_roaming_enabled_off[PERSONA:None],telecom_0000,0,112,pending,0,tau2_prep_check_telecom_0000,C:\Users\86132\Desktop\SafeDesk\benchmarks\tau2-bench\data\simulations\tau2_prep_check_telecom_0000\results.json,,2026-07-09T22:52:02
tau2_prep_check,telecom,telecom,none,[mobile_data_issue]airplane_mode_on|bad_network_preference|bad_vpn|user_abroad_roaming_enabled_off[PERSONA:Hard],telecom_0000,0,113,pending,0,tau2_prep_check_telecom_0000,C:\Users\86132\Desktop\SafeDesk\benchmarks\tau2-bench\data\simulations\tau2_prep_check_telecom_0000\results.json,,2026-07-09T22:52:02
tau2_prep_check,telecom,telecom,none,[mobile_data_issue]airplane_mode_on|bad_network_preference|data_usage_exceeded|user_abroad_roaming_enabled_off[PERSONA:None],telecom_0000,0,114,pending,0,tau2_prep_check_telecom_0000,C:\Users\86132\Desktop\SafeDesk\benchmarks\tau2-bench\data\simulations\tau2_prep_check_telecom_0000\results.json,,2026-07-09T22:52:02
tau2_prep_check,telecom,telecom,none,[mobile_data_issue]airplane_mode_on|bad_vpn|data_usage_exceeded|user_abroad_roaming_enabled_off[PERSONA:Hard],telecom_0000,0,115,pending,0,tau2_prep_check_telecom_0000,C:\Users\86132\Desktop\SafeDesk\benchmarks\tau2-bench\data\simulations\tau2_prep_check_telecom_0000\results.json,,2026-07-09T22:52:02
tau2_prep_check,telecom,telecom,none,[mobile_data_issue]airplane_mode_on|data_mode_off|data_saver_mode_on|user_abroad_roaming_disabled_on[PERSONA:Easy],telecom_0000,0,116,pending,0,tau2_prep_check_telecom_0000,C:\Users\86132\Desktop\SafeDesk\benchmarks\tau2-bench\data\simulations\tau2_prep_check_telecom_0000\results.json,,2026-07-09T22:52:02
tau2_prep_check,telecom,telecom,none,[mobile_data_issue]airplane_mode_on|bad_network_preference|data_mode_off|user_abroad_roaming_disabled_on[PERSONA:Hard],telecom_0000,0,117,pending,0,tau2_prep_check_telecom_0000,C:\Users\86132\Desktop\SafeDesk\benchmarks\tau2-bench\data\simulations\tau2_prep_check_telecom_0000\results.json,,2026-07-09T22:52:02
tau2_prep_check,telecom,telecom,none,[mobile_data_issue]airplane_mode_on|bad_vpn|data_mode_off|user_abroad_roaming_disabled_on[PERSONA:None],telecom_0000,0,118,pending,0,tau2_prep_check_telecom_0000,C:\Users\86132\Desktop\SafeDesk\benchmarks\tau2-bench\data\simulations\tau2_prep_check_telecom_0000\results.json,,2026-07-09T22:52:02
tau2_prep_check,telecom,telecom,none,[mobile_data_issue]airplane_mode_on|data_mode_off|data_usage_exceeded|user_abroad_roaming_disabled_on[PERSONA:Easy],telecom_0000,0,119,pending,0,tau2_prep_check_telecom_0000,C:\Users\86132\Desktop\SafeDesk\benchmarks\tau2-bench\data\simulations\tau2_prep_check_telecom_0000\results.json,,2026-07-09T22:52:02
tau2_prep_check,telecom,telecom,none,[mobile_data_issue]airplane_mode_on|bad_network_preference|data_saver_mode_on|user_abroad_roaming_disabled_on[PERSONA:None],telecom_0000,0,120,pending,0,tau2_prep_check_telecom_0000,C:\Users\86132\Desktop\SafeDesk\benchmarks\tau2-bench\data\simulations\tau2_prep_check_telecom_0000\results.json,,2026-07-09T22:52:02
tau2_prep_check,telecom,telecom,none,[mobile_data_issue]airplane_mode_on|bad_vpn|data_saver_mode_on|user_abroad_roaming_disabled_on[PERSONA:Easy],telecom_0000,0,121,pending,0,tau2_prep_check_telecom_0000,C:\Users\86132\Desktop\SafeDesk\benchmarks\tau2-bench\data\simulations\tau2_prep_check_telecom_0000\results.json,,2026-07-09T22:52:02
tau2_prep_check,telecom,telecom,none,[mobile_data_issue]airplane_mode_on|data_saver_mode_on|data_usage_exceeded|user_abroad_roaming_disabled_on[PERSONA:Hard],telecom_0000,0,122,pending,0,tau2_prep_check_telecom_0000,C:\Users\86132\Desktop\SafeDesk\benchmarks\tau2-bench\data\simulations\tau2_prep_check_telecom_0000\results.json,,2026-07-09T22:52:02
tau2_prep_check,telecom,telecom,none,[mobile_data_issue]airplane_mode_on|bad_network_preference|bad_vpn|user_abroad_roaming_disabled_on[PERSONA:Easy],telecom_0000,0,123,pending,0,tau2_prep_check_telecom_0000,C:\Users\86132\Desktop\SafeDesk\benchmarks\tau2-bench\data\simulations\tau2_prep_check_telecom_0000\results.json,,2026-07-09T22:52:02
tau2_prep_check,telecom,telecom,none,[mobile_data_issue]airplane_mode_on|bad_network_preference|data_usage_exceeded|user_abroad_roaming_disabled_on[PERSONA:Hard],telecom_0000,0,124,pending,0,tau2_prep_check_telecom_0000,C:\Users\86132\Desktop\SafeDesk\benchmarks\tau2-bench\data\simulations\tau2_prep_check_telecom_0000\results.json,,2026-07-09T22:52:02
tau2_prep_check,telecom,telecom,none,[mobile_data_issue]airplane_mode_on|bad_vpn|data_usage_exceeded|user_abroad_roaming_disabled_on[PERSONA:Easy],telecom_0000,0,125,pending,0,tau2_prep_check_telecom_0000,C:\Users\86132\Desktop\SafeDesk\benchmarks\tau2-bench\data\simulations\tau2_prep_check_telecom_0000\results.json,,2026-07-09T22:52:02
tau2_prep_check,telecom,telecom,none,[mobile_data_issue]airplane_mode_on|data_mode_off|data_saver_mode_on|user_abroad_roaming_disabled_off[PERSONA:None],telecom_0000,0,126,pending,0,tau2_prep_check_telecom_0000,C:\Users\86132\Desktop\SafeDesk\benchmarks\tau2-bench\data\simulations\tau2_prep_check_telecom_0000\results.json,,2026-07-09T22:52:02
tau2_prep_check,telecom,telecom,none,[mobile_data_issue]airplane_mode_on|bad_network_preference|data_mode_off|user_abroad_roaming_disabled_off[PERSONA:Easy],telecom_0000,0,127,pending,0,tau2_prep_check_telecom_0000,C:\Users\86132\Desktop\SafeDesk\benchmarks\tau2-bench\data\simulations\tau2_prep_check_telecom_0000\results.json,,2026-07-09T22:52:02
tau2_prep_check,telecom,telecom,none,[mobile_data_issue]airplane_mode_on|bad_vpn|data_mode_off|user_abroad_roaming_disabled_off[PERSONA:Hard],telecom_0000,0,128,pending,0,tau2_prep_check_telecom_0000,C:\Users\86132\Desktop\SafeDesk\benchmarks\tau2-bench\data\simulations\tau2_prep_check_telecom_0000\results.json,,2026-07-09T22:52:02
tau2_prep_check,telecom,telecom,none,[mobile_data_issue]airplane_mode_on|data_mode_off|data_usage_exceeded|user_abroad_roaming_disabled_off[PERSONA:None],telecom_0000,0,129,pending,0,tau2_prep_check_telecom_0000,C:\Users\86132\Desktop\SafeDesk\benchmarks\tau2-bench\data\simulations\tau2_prep_check_telecom_0000\results.json,,2026-07-09T22:52:02
tau2_prep_check,telecom,telecom,none,[mobile_data_issue]airplane_mode_on|bad_network_preference|data_saver_mode_on|user_abroad_roaming_disabled_off[PERSONA:Hard],telecom_0000,0,130,pending,0,tau2_prep_check_telecom_0000,C:\Users\86132\Desktop\SafeDesk\benchmarks\tau2-bench\data\simulations\tau2_prep_check_telecom_0000\results.json,,2026-07-09T22:52:02
tau2_prep_check,telecom,telecom,none,[mobile_data_issue]airplane_mode_on|bad_vpn|data_saver_mode_on|user_abroad_roaming_disabled_off[PERSONA:None],telecom_0000,0,131,pending,0,tau2_prep_check_telecom_0000,C:\Users\86132\Desktop\SafeDesk\benchmarks\tau2-bench\data\simulations\tau2_prep_check_telecom_0000\results.json,,2026-07-09T22:52:02
tau2_prep_check,telecom,telecom,none,[mobile_data_issue]airplane_mode_on|data_saver_mode_on|data_usage_exceeded|user_abroad_roaming_disabled_off[PERSONA:Easy],telecom_0000,0,132,pending,0,tau2_prep_check_telecom_0000,C:\Users\86132\Desktop\SafeDesk\benchmarks\tau2-bench\data\simulations\tau2_prep_check_telecom_0000\results.json,,2026-07-09T22:52:02
tau2_prep_check,telecom,telecom,none,[mobile_data_issue]airplane_mode_on|bad_network_preference|bad_vpn|user_abroad_roaming_disabled_off[PERSONA:None],telecom_0000,0,133,pending,0,tau2_prep_check_telecom_0000,C:\Users\86132\Desktop\SafeDesk\benchmarks\tau2-bench\data\simulations\tau2_prep_check_telecom_0000\results.json,,2026-07-09T22:52:02
tau2_prep_check,telecom,telecom,none,[mobile_data_issue]airplane_mode_on|bad_network_preference|data_usage_exceeded|user_abroad_roaming_disabled_off[PERSONA:Easy],telecom_0000,0,134,pending,0,tau2_prep_check_telecom_0000,C:\Users\86132\Desktop\SafeDesk\benchmarks\tau2-bench\data\simulations\tau2_prep_check_telecom_0000\results.json,,2026-07-09T22:52:02
tau2_prep_check,telecom,telecom,none,[mobile_data_issue]airplane_mode_on|bad_vpn|data_usage_exceeded|user_abroad_roaming_disabled_off[PERSONA:None],telecom_0000,0,135,pending,0,tau2_prep_check_telecom_0000,C:\Users\86132\Desktop\SafeDesk\benchmarks\tau2-bench\data\simulations\tau2_prep_check_telecom_0000\results.json,,2026-07-09T22:52:02
tau2_prep_check,telecom,telecom,none,[mobile_data_issue]airplane_mode_on|bad_network_preference|data_mode_off|data_saver_mode_on[PERSONA:Hard],telecom_0000,0,136,pending,0,tau2_prep_check_telecom_0000,C:\Users\86132\Desktop\SafeDesk\benchmarks\tau2-bench\data\simulations\tau2_prep_check_telecom_0000\results.json,,2026-07-09T22:52:02
tau2_prep_check,telecom,telecom,none,[mobile_data_issue]airplane_mode_on|bad_vpn|data_mode_off|data_saver_mode_on[PERSONA:None],telecom_0000,0,137,pending,0,tau2_prep_check_telecom_0000,C:\Users\86132\Desktop\SafeDesk\benchmarks\tau2-bench\data\simulations\tau2_prep_check_telecom_0000\results.json,,2026-07-09T22:52:02
tau2_prep_check,telecom,telecom,none,[mobile_data_issue]airplane_mode_on|data_mode_off|data_saver_mode_on|data_usage_exceeded[PERSONA:Easy],telecom_0000,0,138,pending,0,tau2_prep_check_telecom_0000,C:\Users\86132\Desktop\SafeDesk\benchmarks\tau2-bench\data\simulations\tau2_prep_check_telecom_0000\results.json,,2026-07-09T22:52:02
tau2_prep_check,telecom,telecom,none,[mobile_data_issue]airplane_mode_on|bad_network_preference|bad_vpn|data_mode_off[PERSONA:None],telecom_0000,0,139,pending,0,tau2_prep_check_telecom_0000,C:\Users\86132\Desktop\SafeDesk\benchmarks\tau2-bench\data\simulations\tau2_prep_check_telecom_0000\results.json,,2026-07-09T22:52:02
tau2_prep_check,telecom,telecom,none,[mobile_data_issue]airplane_mode_on|bad_network_preference|data_mode_off|data_usage_exceeded[PERSONA:Easy],telecom_0000,0,140,pending,0,tau2_prep_check_telecom_0000,C:\Users\86132\Desktop\SafeDesk\benchmarks\tau2-bench\data\simulations\tau2_prep_check_telecom_0000\results.json,,2026-07-09T22:52:02
tau2_prep_check,telecom,telecom,none,[mobile_data_issue]airplane_mode_on|bad_vpn|data_mode_off|data_usage_exceeded[PERSONA:None],telecom_0000,0,141,pending,0,tau2_prep_check_telecom_0000,C:\Users\86132\Desktop\SafeDesk\benchmarks\tau2-bench\data\simulations\tau2_prep_check_telecom_0000\results.json,,2026-07-09T22:52:02
tau2_prep_check,telecom,telecom,none,[mobile_data_issue]airplane_mode_on|bad_network_preference|bad_vpn|data_saver_mode_on[PERSONA:Hard],telecom_0000,0,142,pending,0,tau2_prep_check_telecom_0000,C:\Users\86132\Desktop\SafeDesk\benchmarks\tau2-bench\data\simulations\tau2_prep_check_telecom_0000\results.json,,2026-07-09T22:52:02
tau2_prep_check,telecom,telecom,none,[mobile_data_issue]airplane_mode_on|bad_network_preference|data_saver_mode_on|data_usage_exceeded[PERSONA:None],telecom_0000,0,143,pending,0,tau2_prep_check_telecom_0000,C:\Users\86132\Desktop\SafeDesk\benchmarks\tau2-bench\data\simulations\tau2_prep_check_telecom_0000\results.json,,2026-07-09T22:52:02
tau2_prep_check,telecom,telecom,none,[mobile_data_issue]airplane_mode_on|bad_vpn|data_saver_mode_on|data_usage_exceeded[PERSONA:Hard],telecom_0000,0,144,pending,0,tau2_prep_check_telecom_0000,C:\Users\86132\Desktop\SafeDesk\benchmarks\tau2-bench\data\simulations\tau2_prep_check_telecom_0000\results.json,,2026-07-09T22:52:02
tau2_prep_check,telecom,telecom,none,[mobile_data_issue]airplane_mode_on|bad_network_preference|bad_vpn|data_usage_exceeded[PERSONA:Easy],telecom_0000,0,145,pending,0,tau2_prep_check_telecom_0000,C:\Users\86132\Desktop\SafeDesk\benchmarks\tau2-bench\data\simulations\tau2_prep_check_telecom_0000\results.json,,2026-07-09T22:52:02
tau2_prep_check,telecom,telecom,none,[mobile_data_issue]bad_network_preference|data_mode_off|data_saver_mode_on|user_abroad_roaming_enabled_off[PERSONA:None],telecom_0000,0,146,pending,0,tau2_prep_check_telecom_0000,C:\Users\86132\Desktop\SafeDesk\benchmarks\tau2-bench\data\simulations\tau2_prep_check_telecom_0000\results.json,,2026-07-09T22:52:02
tau2_prep_check,telecom,telecom,none,[mobile_data_issue]bad_vpn|data_mode_off|data_saver_mode_on|user_abroad_roaming_enabled_off[PERSONA:Easy],telecom_0000,0,147,pending,0,tau2_prep_check_telecom_0000,C:\Users\86132\Desktop\SafeDesk\benchmarks\tau2-bench\data\simulations\tau2_prep_check_telecom_0000\results.json,,2026-07-09T22:52:02
tau2_prep_check,telecom,telecom,none,[mobile_data_issue]data_mode_off|data_saver_mode_on|data_usage_exceeded|user_abroad_roaming_enabled_off[PERSONA:Hard],telecom_0000,0,148,pending,0,tau2_prep_check_telecom_0000,C:\Users\86132\Desktop\SafeDesk\benchmarks\tau2-bench\data\simulations\tau2_prep_check_telecom_0000\results.json,,2026-07-09T22:52:02
tau2_prep_check,telecom,telecom,none,[mobile_data_issue]bad_network_preference|bad_vpn|data_mode_off|user_abroad_roaming_enabled_off[PERSONA:Easy],telecom_0000,0,149,pending,0,tau2_prep_check_telecom_0000,C:\Users\86132\Desktop\SafeDesk\benchmarks\tau2-bench\data\simulations\tau2_prep_check_telecom_0000\results.json,,2026-07-09T22:52:02
tau2_prep_check,telecom,telecom,none,[mobile_data_issue]bad_network_preference|data_mode_off|data_usage_exceeded|user_abroad_roaming_enabled_off[PERSONA:Hard],telecom_0000,0,150,pending,0,tau2_prep_check_telecom_0000,C:\Users\86132\Desktop\SafeDesk\benchmarks\tau2-bench\data\simulations\tau2_prep_check_telecom_0000\results.json,,2026-07-09T22:52:02
tau2_prep_check,telecom,telecom,none,[mobile_data_issue]bad_vpn|data_mode_off|data_usage_exceeded|user_abroad_roaming_enabled_off[PERSONA:Easy],telecom_0000,0,151,pending,0,tau2_prep_check_telecom_0000,C:\Users\86132\Desktop\SafeDesk\benchmarks\tau2-bench\data\simulations\tau2_prep_check_telecom_0000\results.json,,2026-07-09T22:52:02
tau2_prep_check,telecom,telecom,none,[mobile_data_issue]bad_network_preference|bad_vpn|data_saver_mode_on|user_abroad_roaming_enabled_off[PERSONA:None],telecom_0000,0,152,pending,0,tau2_prep_check_telecom_0000,C:\Users\86132\Desktop\SafeDesk\benchmarks\tau2-bench\data\simulations\tau2_prep_check_telecom_0000\results.json,,2026-07-09T22:52:02
tau2_prep_check,telecom,telecom,none,[mobile_data_issue]bad_network_preference|data_saver_mode_on|data_usage_exceeded|user_abroad_roaming_enabled_off[PERSONA:Easy],telecom_0000,0,153,pending,0,tau2_prep_check_telecom_0000,C:\Users\86132\Desktop\SafeDesk\benchmarks\tau2-bench\data\simulations\tau2_prep_check_telecom_0000\results.json,,2026-07-09T22:52:02
tau2_prep_check,telecom,telecom,none,[mobile_data_issue]bad_vpn|data_saver_mode_on|data_usage_exceeded|user_abroad_roaming_enabled_off[PERSONA:None],telecom_0000,0,154,pending,0,tau2_prep_check_telecom_0000,C:\Users\86132\Desktop\SafeDesk\benchmarks\tau2-bench\data\simulations\tau2_prep_check_telecom_0000\results.json,,2026-07-09T22:52:02
tau2_prep_check,telecom,telecom,none,[mobile_data_issue]bad_network_preference|bad_vpn|data_usage_exceeded|user_abroad_roaming_enabled_off[PERSONA:Hard],telecom_0000,0,155,pending,0,tau2_prep_check_telecom_0000,C:\Users\86132\Desktop\SafeDesk\benchmarks\tau2-bench\data\simulations\tau2_prep_check_telecom_0000\results.json,,2026-07-09T22:52:02
tau2_prep_check,telecom,telecom,none,[mobile_data_issue]bad_network_preference|data_mode_off|data_saver_mode_on|user_abroad_roaming_disabled_on[PERSONA:Easy],telecom_0000,0,156,pending,0,tau2_prep_check_telecom_0000,C:\Users\86132\Desktop\SafeDesk\benchmarks\tau2-bench\data\simulations\tau2_prep_check_telecom_0000\results.json,,2026-07-09T22:52:02
tau2_prep_check,telecom,telecom,none,[mobile_data_issue]bad_vpn|data_mode_off|data_saver_mode_on|user_abroad_roaming_disabled_on[PERSONA:Hard],telecom_0000,0,157,pending,0,tau2_prep_check_telecom_0000,C:\Users\86132\Desktop\SafeDesk\benchmarks\tau2-bench\data\simulations\tau2_prep_check_telecom_0000\results.json,,2026-07-09T22:52:02
tau2_prep_check,telecom,telecom,none,[mobile_data_issue]data_mode_off|data_saver_mode_on|data_usage_exceeded|user_abroad_roaming_disabled_on[PERSONA:None],telecom_0000,0,158,pending,0,tau2_prep_check_telecom_0000,C:\Users\86132\Desktop\SafeDesk\benchmarks\tau2-bench\data\simulations\tau2_prep_check_telecom_0000\results.json,,2026-07-09T22:52:02
tau2_prep_check,telecom,telecom,none,[mobile_data_issue]bad_network_preference|bad_vpn|data_mode_off|user_abroad_roaming_disabled_on[PERSONA:Hard],telecom_0000,0,159,pending,0,tau2_prep_check_telecom_0000,C:\Users\86132\Desktop\SafeDesk\benchmarks\tau2-bench\data\simulations\tau2_prep_check_telecom_0000\results.json,,2026-07-09T22:52:02
tau2_prep_check,telecom,telecom,none,[mobile_data_issue]bad_network_preference|data_mode_off|data_usage_exceeded|user_abroad_roaming_disabled_on[PERSONA:None],telecom_0000,0,160,pending,0,tau2_prep_check_telecom_0000,C:\Users\86132\Desktop\SafeDesk\benchmarks\tau2-bench\data\simulations\tau2_prep_check_telecom_0000\results.json,,2026-07-09T22:52:02
tau2_prep_check,telecom,telecom,none,[mobile_data_issue]bad_vpn|data_mode_off|data_usage_exceeded|user_abroad_roaming_disabled_on[PERSONA:Hard],telecom_0000,0,161,pending,0,tau2_prep_check_telecom_0000,C:\Users\86132\Desktop\SafeDesk\benchmarks\tau2-bench\data\simulations\tau2_prep_check_telecom_0000\results.json,,2026-07-09T22:52:02
tau2_prep_check,telecom,telecom,none,[mobile_data_issue]bad_network_preference|bad_vpn|data_saver_mode_on|user_abroad_roaming_disabled_on[PERSONA:Easy],telecom_0000,0,162,pending,0,tau2_prep_check_telecom_0000,C:\Users\86132\Desktop\SafeDesk\benchmarks\tau2-bench\data\simulations\tau2_prep_check_telecom_0000\results.json,,2026-07-09T22:52:02
tau2_prep_check,telecom,telecom,none,[mobile_data_issue]bad_network_preference|data_saver_mode_on|data_usage_exceeded|user_abroad_roaming_disabled_on[PERSONA:Hard],telecom_0000,0,163,pending,0,tau2_prep_check_telecom_0000,C:\Users\86132\Desktop\SafeDesk\benchmarks\tau2-bench\data\simulations\tau2_prep_check_telecom_0000\results.json,,2026-07-09T22:52:02
tau2_prep_check,telecom,telecom,none,[mobile_data_issue]bad_vpn|data_saver_mode_on|data_usage_exceeded|user_abroad_roaming_disabled_on[PERSONA:Easy],telecom_0000,0,164,pending,0,tau2_prep_check_telecom_0000,C:\Users\86132\Desktop\SafeDesk\benchmarks\tau2-bench\data\simulations\tau2_prep_check_telecom_0000\results.json,,2026-07-09T22:52:02
tau2_prep_check,telecom,telecom,none,[mobile_data_issue]bad_network_preference|bad_vpn|data_usage_exceeded|user_abroad_roaming_disabled_on[PERSONA:None],telecom_0000,0,165,pending,0,tau2_prep_check_telecom_0000,C:\Users\86132\Desktop\SafeDesk\benchmarks\tau2-bench\data\simulations\tau2_prep_check_telecom_0000\results.json,,2026-07-09T22:52:02
tau2_prep_check,telecom,telecom,none,[mobile_data_issue]bad_network_preference|data_mode_off|data_saver_mode_on|user_abroad_roaming_disabled_off[PERSONA:Hard],telecom_0000,0,166,pending,0,tau2_prep_check_telecom_0000,C:\Users\86132\Desktop\SafeDesk\benchmarks\tau2-bench\data\simulations\tau2_prep_check_telecom_0000\results.json,,2026-07-09T22:52:02
tau2_prep_check,telecom,telecom,none,[mobile_data_issue]bad_vpn|data_mode_off|data_saver_mode_on|user_abroad_roaming_disabled_off[PERSONA:None],telecom_0000,0,167,pending,0,tau2_prep_check_telecom_0000,C:\Users\86132\Desktop\SafeDesk\benchmarks\tau2-bench\data\simulations\tau2_prep_check_telecom_0000\results.json,,2026-07-09T22:52:02
tau2_prep_check,telecom,telecom,none,[mobile_data_issue]data_mode_off|data_saver_mode_on|data_usage_exceeded|user_abroad_roaming_disabled_off[PERSONA:Easy],telecom_0000,0,168,pending,0,tau2_prep_check_telecom_0000,C:\Users\86132\Desktop\SafeDesk\benchmarks\tau2-bench\data\simulations\tau2_prep_check_telecom_0000\results.json,,2026-07-09T22:52:02
tau2_prep_check,telecom,telecom,none,[mobile_data_issue]bad_network_preference|bad_vpn|data_mode_off|user_abroad_roaming_disabled_off[PERSONA:None],telecom_0000,0,169,pending,0,tau2_prep_check_telecom_0000,C:\Users\86132\Desktop\SafeDesk\benchmarks\tau2-bench\data\simulations\tau2_prep_check_telecom_0000\results.json,,2026-07-09T22:52:02
tau2_prep_check,telecom,telecom,none,[mobile_data_issue]bad_network_preference|data_mode_off|data_usage_exceeded|user_abroad_roaming_disabled_off[PERSONA:Easy],telecom_0000,0,170,pending,0,tau2_prep_check_telecom_0000,C:\Users\86132\Desktop\SafeDesk\benchmarks\tau2-bench\data\simulations\tau2_prep_check_telecom_0000\results.json,,2026-07-09T22:52:02
tau2_prep_check,telecom,telecom,none,[mobile_data_issue]bad_vpn|data_mode_off|data_usage_exceeded|user_abroad_roaming_disabled_off[PERSONA:None],telecom_0000,0,171,pending,0,tau2_prep_check_telecom_0000,C:\Users\86132\Desktop\SafeDesk\benchmarks\tau2-bench\data\simulations\tau2_prep_check_telecom_0000\results.json,,2026-07-09T22:52:02
tau2_prep_check,telecom,telecom,none,[mobile_data_issue]bad_network_preference|bad_vpn|data_saver_mode_on|user_abroad_roaming_disabled_off[PERSONA:Hard],telecom_0000,0,172,pending,0,tau2_prep_check_telecom_0000,C:\Users\86132\Desktop\SafeDesk\benchmarks\tau2-bench\data\simulations\tau2_prep_check_telecom_0000\results.json,,2026-07-09T22:52:02
tau2_prep_check,telecom,telecom,none,[mobile_data_issue]bad_network_preference|data_saver_mode_on|data_usage_exceeded|user_abroad_roaming_disabled_off[PERSONA:None],telecom_0000,0,173,pending,0,tau2_prep_check_telecom_0000,C:\Users\86132\Desktop\SafeDesk\benchmarks\tau2-bench\data\simulations\tau2_prep_check_telecom_0000\results.json,,2026-07-09T22:52:02
tau2_prep_check,telecom,telecom,none,[mobile_data_issue]bad_vpn|data_saver_mode_on|data_usage_exceeded|user_abroad_roaming_disabled_off[PERSONA:Hard],telecom_0000,0,174,pending,0,tau2_prep_check_telecom_0000,C:\Users\86132\Desktop\SafeDesk\benchmarks\tau2-bench\data\simulations\tau2_prep_check_telecom_0000\results.json,,2026-07-09T22:52:02
tau2_prep_check,telecom,telecom,none,[mobile_data_issue]bad_network_preference|bad_vpn|data_usage_exceeded|user_abroad_roaming_disabled_off[PERSONA:Easy],telecom_0000,0,175,pending,0,tau2_prep_check_telecom_0000,C:\Users\86132\Desktop\SafeDesk\benchmarks\tau2-bench\data\simulations\tau2_prep_check_telecom_0000\results.json,,2026-07-09T22:52:02
tau2_prep_check,telecom,telecom,none,[mobile_data_issue]bad_network_preference|bad_vpn|data_mode_off|data_saver_mode_on[PERSONA:None],telecom_0000,0,176,pending,0,tau2_prep_check_telecom_0000,C:\Users\86132\Desktop\SafeDesk\benchmarks\tau2-bench\data\simulations\tau2_prep_check_telecom_0000\results.json,,2026-07-09T22:52:02
tau2_prep_check,telecom,telecom,none,[mobile_data_issue]bad_network_preference|data_mode_off|data_saver_mode_on|data_usage_exceeded[PERSONA:Easy],telecom_0000,0,177,pending,0,tau2_prep_check_telecom_0000,C:\Users\86132\Desktop\SafeDesk\benchmarks\tau2-bench\data\simulations\tau2_prep_check_telecom_0000\results.json,,2026-07-09T22:52:02
tau2_prep_check,telecom,telecom,none,[mobile_data_issue]bad_vpn|data_mode_off|data_saver_mode_on|data_usage_exceeded[PERSONA:None],telecom_0000,0,178,pending,0,tau2_prep_check_telecom_0000,C:\Users\86132\Desktop\SafeDesk\benchmarks\tau2-bench\data\simulations\tau2_prep_check_telecom_0000\results.json,,2026-07-09T22:52:02
tau2_prep_check,telecom,telecom,none,[mobile_data_issue]bad_network_preference|bad_vpn|data_mode_off|data_usage_exceeded[PERSONA:Hard],telecom_0000,0,179,pending,0,tau2_prep_check_telecom_0000,C:\Users\86132\Desktop\SafeDesk\benchmarks\tau2-bench\data\simulations\tau2_prep_check_telecom_0000\results.json,,2026-07-09T22:52:02
tau2_prep_check,telecom,telecom,none,[mobile_data_issue]bad_network_preference|bad_vpn|data_saver_mode_on|data_usage_exceeded[PERSONA:Easy],telecom_0000,0,180,pending,0,tau2_prep_check_telecom_0000,C:\Users\86132\Desktop\SafeDesk\benchmarks\tau2-bench\data\simulations\tau2_prep_check_telecom_0000\results.json,,2026-07-09T22:52:02
tau2_prep_check,telecom,telecom,none,[mobile_data_issue]airplane_mode_on|bad_network_preference|data_mode_off|data_saver_mode_on|user_abroad_roaming_enabled_off[PERSONA:None],telecom_0000,0,181,pending,0,tau2_prep_check_telecom_0000,C:\Users\86132\Desktop\SafeDesk\benchmarks\tau2-bench\data\simulations\tau2_prep_check_telecom_0000\results.json,,2026-07-09T22:52:02
tau2_prep_check,telecom,telecom,none,[mobile_data_issue]airplane_mode_on|bad_vpn|data_mode_off|data_saver_mode_on|user_abroad_roaming_enabled_off[PERSONA:Easy],telecom_0000,0,182,pending,0,tau2_prep_check_telecom_0000,C:\Users\86132\Desktop\SafeDesk\benchmarks\tau2-bench\data\simulations\tau2_prep_check_telecom_0000\results.json,,2026-07-09T22:52:02
tau2_prep_check,telecom,telecom,none,[mobile_data_issue]airplane_mode_on|data_mode_off|data_saver_mode_on|data_usage_exceeded|user_abroad_roaming_enabled_off[PERSONA:Hard],telecom_0000,0,183,pending,0,tau2_prep_check_telecom_0000,C:\Users\86132\Desktop\SafeDesk\benchmarks\tau2-bench\data\simulations\tau2_prep_check_telecom_0000\results.json,,2026-07-09T22:52:02
tau2_prep_check,telecom,telecom,none,[mobile_data_issue]airplane_mode_on|bad_network_preference|bad_vpn|data_mode_off|user_abroad_roaming_enabled_off[PERSONA:Easy],telecom_0000,0,184,pending,0,tau2_prep_check_telecom_0000,C:\Users\86132\Desktop\SafeDesk\benchmarks\tau2-bench\data\simulations\tau2_prep_check_telecom_0000\results.json,,2026-07-09T22:52:02
tau2_prep_check,telecom,telecom,none,[mobile_data_issue]airplane_mode_on|bad_network_preference|data_mode_off|data_usage_exceeded|user_abroad_roaming_enabled_off[PERSONA:Hard],telecom_0000,0,185,pending,0,tau2_prep_check_telecom_0000,C:\Users\86132\Desktop\SafeDesk\benchmarks\tau2-bench\data\simulations\tau2_prep_check_telecom_0000\results.json,,2026-07-09T22:52:02
tau2_prep_check,telecom,telecom,none,[mobile_data_issue]airplane_mode_on|bad_vpn|data_mode_off|data_usage_exceeded|user_abroad_roaming_enabled_off[PERSONA:Easy],telecom_0000,0,186,pending,0,tau2_prep_check_telecom_0000,C:\Users\86132\Desktop\SafeDesk\benchmarks\tau2-bench\data\simulations\tau2_prep_check_telecom_0000\results.json,,2026-07-09T22:52:02
tau2_prep_check,telecom,telecom,none,[mobile_data_issue]airplane_mode_on|bad_network_preference|bad_vpn|data_saver_mode_on|user_abroad_roaming_enabled_off[PERSONA:None],telecom_0000,0,187,pending,0,tau2_prep_check_telecom_0000,C:\Users\86132\Desktop\SafeDesk\benchmarks\tau2-bench\data\simulations\tau2_prep_check_telecom_0000\results.json,,2026-07-09T22:52:02
tau2_prep_check,telecom,telecom,none,[mobile_data_issue]airplane_mode_on|bad_network_preference|data_saver_mode_on|data_usage_exceeded|user_abroad_roaming_enabled_off[PERSONA:Easy],telecom_0000,0,188,pending,0,tau2_prep_check_telecom_0000,C:\Users\86132\Desktop\SafeDesk\benchmarks\tau2-bench\data\simulations\tau2_prep_check_telecom_0000\results.json,,2026-07-09T22:52:02
tau2_prep_check,telecom,telecom,none,[mobile_data_issue]airplane_mode_on|bad_vpn|data_saver_mode_on|data_usage_exceeded|user_abroad_roaming_enabled_off[PERSONA:None],telecom_0000,0,189,pending,0,tau2_prep_check_telecom_0000,C:\Users\86132\Desktop\SafeDesk\benchmarks\tau2-bench\data\simulations\tau2_prep_check_telecom_0000\results.json,,2026-07-09T22:52:02
tau2_prep_check,telecom,telecom,none,[mobile_data_issue]airplane_mode_on|bad_network_preference|bad_vpn|data_usage_exceeded|user_abroad_roaming_enabled_off[PERSONA:Hard],telecom_0000,0,190,pending,0,tau2_prep_check_telecom_0000,C:\Users\86132\Desktop\SafeDesk\benchmarks\tau2-bench\data\simulations\tau2_prep_check_telecom_0000\results.json,,2026-07-09T22:52:02
tau2_prep_check,telecom,telecom,none,[mobile_data_issue]airplane_mode_on|bad_network_preference|data_mode_off|data_saver_mode_on|user_abroad_roaming_disabled_on[PERSONA:Easy],telecom_0000,0,191,pending,0,tau2_prep_check_telecom_0000,C:\Users\86132\Desktop\SafeDesk\benchmarks\tau2-bench\data\simulations\tau2_prep_check_telecom_0000\results.json,,2026-07-09T22:52:02
tau2_prep_check,telecom,telecom,none,[mobile_data_issue]airplane_mode_on|bad_vpn|data_mode_off|data_saver_mode_on|user_abroad_roaming_disabled_on[PERSONA:Hard],telecom_0000,0,192,pending,0,tau2_prep_check_telecom_0000,C:\Users\86132\Desktop\SafeDesk\benchmarks\tau2-bench\data\simulations\tau2_prep_check_telecom_0000\results.json,,2026-07-09T22:52:02
tau2_prep_check,telecom,telecom,none,[mobile_data_issue]airplane_mode_on|data_mode_off|data_saver_mode_on|data_usage_exceeded|user_abroad_roaming_disabled_on[PERSONA:None],telecom_0000,0,193,pending,0,tau2_prep_check_telecom_0000,C:\Users\86132\Desktop\SafeDesk\benchmarks\tau2-bench\data\simulations\tau2_prep_check_telecom_0000\results.json,,2026-07-09T22:52:02
tau2_prep_check,telecom,telecom,none,[mobile_data_issue]airplane_mode_on|bad_network_preference|bad_vpn|data_mode_off|user_abroad_roaming_disabled_on[PERSONA:Hard],telecom_0000,0,194,pending,0,tau2_prep_check_telecom_0000,C:\Users\86132\Desktop\SafeDesk\benchmarks\tau2-bench\data\simulations\tau2_prep_check_telecom_0000\results.json,,2026-07-09T22:52:02
tau2_prep_check,telecom,telecom,none,[mobile_data_issue]airplane_mode_on|bad_network_preference|data_mode_off|data_usage_exceeded|user_abroad_roaming_disabled_on[PERSONA:None],telecom_0000,0,195,pending,0,tau2_prep_check_telecom_0000,C:\Users\86132\Desktop\SafeDesk\benchmarks\tau2-bench\data\simulations\tau2_prep_check_telecom_0000\results.json,,2026-07-09T22:52:02
tau2_prep_check,telecom,telecom,none,[mobile_data_issue]airplane_mode_on|bad_vpn|data_mode_off|data_usage_exceeded|user_abroad_roaming_disabled_on[PERSONA:Hard],telecom_0000,0,196,pending,0,tau2_prep_check_telecom_0000,C:\Users\86132\Desktop\SafeDesk\benchmarks\tau2-bench\data\simulations\tau2_prep_check_telecom_0000\results.json,,2026-07-09T22:52:02
tau2_prep_check,telecom,telecom,none,[mobile_data_issue]airplane_mode_on|bad_network_preference|bad_vpn|data_saver_mode_on|user_abroad_roaming_disabled_on[PERSONA:Easy],telecom_0000,0,197,pending,0,tau2_prep_check_telecom_0000,C:\Users\86132\Desktop\SafeDesk\benchmarks\tau2-bench\data\simulations\tau2_prep_check_telecom_0000\results.json,,2026-07-09T22:52:02
tau2_prep_check,telecom,telecom,none,[mobile_data_issue]airplane_mode_on|bad_network_preference|data_saver_mode_on|data_usage_exceeded|user_abroad_roaming_disabled_on[PERSONA:Hard],telecom_0000,0,198,pending,0,tau2_prep_check_telecom_0000,C:\Users\86132\Desktop\SafeDesk\benchmarks\tau2-bench\data\simulations\tau2_prep_check_telecom_0000\results.json,,2026-07-09T22:52:02
tau2_prep_check,telecom,telecom,none,[mobile_data_issue]airplane_mode_on|bad_vpn|data_saver_mode_on|data_usage_exceeded|user_abroad_roaming_disabled_on[PERSONA:Easy],telecom_0000,0,199,pending,0,tau2_prep_check_telecom_0000,C:\Users\86132\Desktop\SafeDesk\benchmarks\tau2-bench\data\simulations\tau2_prep_check_telecom_0000\results.json,,2026-07-09T22:52:02
tau2_prep_check,telecom,telecom,none,[mobile_data_issue]airplane_mode_on|bad_network_preference|bad_vpn|data_usage_exceeded|user_abroad_roaming_disabled_on[PERSONA:None],telecom_0000,0,200,pending,0,tau2_prep_check_telecom_0000,C:\Users\86132\Desktop\SafeDesk\benchmarks\tau2-bench\data\simulations\tau2_prep_check_telecom_0000\results.json,,2026-07-09T22:52:02
tau2_prep_check,telecom,telecom,none,[mobile_data_issue]airplane_mode_on|bad_network_preference|data_mode_off|data_saver_mode_on|user_abroad_roaming_disabled_off[PERSONA:Hard],telecom_0000,0,201,pending,0,tau2_prep_check_telecom_0000,C:\Users\86132\Desktop\SafeDesk\benchmarks\tau2-bench\data\simulations\tau2_prep_check_telecom_0000\results.json,,2026-07-09T22:52:02
tau2_prep_check,telecom,telecom,none,[mobile_data_issue]airplane_mode_on|bad_vpn|data_mode_off|data_saver_mode_on|user_abroad_roaming_disabled_off[PERSONA:None],telecom_0000,0,202,pending,0,tau2_prep_check_telecom_0000,C:\Users\86132\Desktop\SafeDesk\benchmarks\tau2-bench\data\simulations\tau2_prep_check_telecom_0000\results.json,,2026-07-09T22:52:02
tau2_prep_check,telecom,telecom,none,[mobile_data_issue]airplane_mode_on|data_mode_off|data_saver_mode_on|data_usage_exceeded|user_abroad_roaming_disabled_off[PERSONA:Easy],telecom_0000,0,203,pending,0,tau2_prep_check_telecom_0000,C:\Users\86132\Desktop\SafeDesk\benchmarks\tau2-bench\data\simulations\tau2_prep_check_telecom_0000\results.json,,2026-07-09T22:52:02
tau2_prep_check,telecom,telecom,none,[mobile_data_issue]airplane_mode_on|bad_network_preference|bad_vpn|data_mode_off|user_abroad_roaming_disabled_off[PERSONA:None],telecom_0000,0,204,pending,0,tau2_prep_check_telecom_0000,C:\Users\86132\Desktop\SafeDesk\benchmarks\tau2-bench\data\simulations\tau2_prep_check_telecom_0000\results.json,,2026-07-09T22:52:02
tau2_prep_check,telecom,telecom,none,[mobile_data_issue]airplane_mode_on|bad_network_preference|data_mode_off|data_usage_exceeded|user_abroad_roaming_disabled_off[PERSONA:Easy],telecom_0000,0,205,pending,0,tau2_prep_check_telecom_0000,C:\Users\86132\Desktop\SafeDesk\benchmarks\tau2-bench\data\simulations\tau2_prep_check_telecom_0000\results.json,,2026-07-09T22:52:02
tau2_prep_check,telecom,telecom,none,[mobile_data_issue]airplane_mode_on|bad_vpn|data_mode_off|data_usage_exceeded|user_abroad_roaming_disabled_off[PERSONA:None],telecom_0000,0,206,pending,0,tau2_prep_check_telecom_0000,C:\Users\86132\Desktop\SafeDesk\benchmarks\tau2-bench\data\simulations\tau2_prep_check_telecom_0000\results.json,,2026-07-09T22:52:02
tau2_prep_check,telecom,telecom,none,[mobile_data_issue]airplane_mode_on|bad_network_preference|bad_vpn|data_saver_mode_on|user_abroad_roaming_disabled_off[PERSONA:Hard],telecom_0000,0,207,pending,0,tau2_prep_check_telecom_0000,C:\Users\86132\Desktop\SafeDesk\benchmarks\tau2-bench\data\simulations\tau2_prep_check_telecom_0000\results.json,,2026-07-09T22:52:02
tau2_prep_check,telecom,telecom,none,[mobile_data_issue]airplane_mode_on|bad_network_preference|data_saver_mode_on|data_usage_exceeded|user_abroad_roaming_disabled_off[PERSONA:None],telecom_0000,0,208,pending,0,tau2_prep_check_telecom_0000,C:\Users\86132\Desktop\SafeDesk\benchmarks\tau2-bench\data\simulations\tau2_prep_check_telecom_0000\results.json,,2026-07-09T22:52:02
tau2_prep_check,telecom,telecom,none,[mobile_data_issue]airplane_mode_on|bad_vpn|data_saver_mode_on|data_usage_exceeded|user_abroad_roaming_disabled_off[PERSONA:Hard],telecom_0000,0,209,pending,0,tau2_prep_check_telecom_0000,C:\Users\86132\Desktop\SafeDesk\benchmarks\tau2-bench\data\simulations\tau2_prep_check_telecom_0000\results.json,,2026-07-09T22:52:02
tau2_prep_check,telecom,telecom,none,[mobile_data_issue]airplane_mode_on|bad_network_preference|bad_vpn|data_usage_exceeded|user_abroad_roaming_disabled_off[PERSONA:Easy],telecom_0000,0,210,pending,0,tau2_prep_check_telecom_0000,C:\Users\86132\Desktop\SafeDesk\benchmarks\tau2-bench\data\simulations\tau2_prep_check_telecom_0000\results.json,,2026-07-09T22:52:02
tau2_prep_check,telecom,telecom,none,[mobile_data_issue]airplane_mode_on|bad_network_preference|bad_vpn|data_mode_off|data_saver_mode_on[PERSONA:None],telecom_0000,0,211,pending,0,tau2_prep_check_telecom_0000,C:\Users\86132\Desktop\SafeDesk\benchmarks\tau2-bench\data\simulations\tau2_prep_check_telecom_0000\results.json,,2026-07-09T22:52:02
tau2_prep_check,telecom,telecom,none,[mobile_data_issue]airplane_mode_on|bad_network_preference|data_mode_off|data_saver_mode_on|data_usage_exceeded[PERSONA:Easy],telecom_0000,0,212,pending,0,tau2_prep_check_telecom_0000,C:\Users\86132\Desktop\SafeDesk\benchmarks\tau2-bench\data\simulations\tau2_prep_check_telecom_0000\results.json,,2026-07-09T22:52:02
tau2_prep_check,telecom,telecom,none,[mobile_data_issue]airplane_mode_on|bad_vpn|data_mode_off|data_saver_mode_on|data_usage_exceeded[PERSONA:None],telecom_0000,0,213,pending,0,tau2_prep_check_telecom_0000,C:\Users\86132\Desktop\SafeDesk\benchmarks\tau2-bench\data\simulations\tau2_prep_check_telecom_0000\results.json,,2026-07-09T22:52:02
tau2_prep_check,telecom,telecom,none,[mobile_data_issue]airplane_mode_on|bad_network_preference|bad_vpn|data_mode_off|data_usage_exceeded[PERSONA:Hard],telecom_0000,0,214,pending,0,tau2_prep_check_telecom_0000,C:\Users\86132\Desktop\SafeDesk\benchmarks\tau2-bench\data\simulations\tau2_prep_check_telecom_0000\results.json,,2026-07-09T22:52:02
tau2_prep_check,telecom,telecom,none,[mobile_data_issue]airplane_mode_on|bad_network_preference|bad_vpn|data_saver_mode_on|data_usage_exceeded[PERSONA:Easy],telecom_0000,0,215,pending,0,tau2_prep_check_telecom_0000,C:\Users\86132\Desktop\SafeDesk\benchmarks\tau2-bench\data\simulations\tau2_prep_check_telecom_0000\results.json,,2026-07-09T22:52:02
tau2_prep_check,telecom,telecom,none,[mobile_data_issue]bad_network_preference|bad_vpn|data_mode_off|data_saver_mode_on|user_abroad_roaming_enabled_off[PERSONA:None],telecom_0000,0,216,pending,0,tau2_prep_check_telecom_0000,C:\Users\86132\Desktop\SafeDesk\benchmarks\tau2-bench\data\simulations\tau2_prep_check_telecom_0000\results.json,,2026-07-09T22:52:02
tau2_prep_check,telecom,telecom,none,[mobile_data_issue]bad_network_preference|data_mode_off|data_saver_mode_on|data_usage_exceeded|user_abroad_roaming_enabled_off[PERSONA:Easy],telecom_0000,0,217,pending,0,tau2_prep_check_telecom_0000,C:\Users\86132\Desktop\SafeDesk\benchmarks\tau2-bench\data\simulations\tau2_prep_check_telecom_0000\results.json,,2026-07-09T22:52:02
tau2_prep_check,telecom,telecom,none,[mobile_data_issue]bad_vpn|data_mode_off|data_saver_mode_on|data_usage_exceeded|user_abroad_roaming_enabled_off[PERSONA:None],telecom_0000,0,218,pending,0,tau2_prep_check_telecom_0000,C:\Users\86132\Desktop\SafeDesk\benchmarks\tau2-bench\data\simulations\tau2_prep_check_telecom_0000\results.json,,2026-07-09T22:52:02
tau2_prep_check,telecom,telecom,none,[mobile_data_issue]bad_network_preference|bad_vpn|data_mode_off|data_usage_exceeded|user_abroad_roaming_enabled_off[PERSONA:Hard],telecom_0000,0,219,pending,0,tau2_prep_check_telecom_0000,C:\Users\86132\Desktop\SafeDesk\benchmarks\tau2-bench\data\simulations\tau2_prep_check_telecom_0000\results.json,,2026-07-09T22:52:02
tau2_prep_check,telecom,telecom,none,[mobile_data_issue]bad_network_preference|bad_vpn|data_saver_mode_on|data_usage_exceeded|user_abroad_roaming_enabled_off[PERSONA:Easy],telecom_0000,0,220,pending,0,tau2_prep_check_telecom_0000,C:\Users\86132\Desktop\SafeDesk\benchmarks\tau2-bench\data\simulations\tau2_prep_check_telecom_0000\results.json,,2026-07-09T22:52:02
tau2_prep_check,telecom,telecom,none,[mobile_data_issue]bad_network_preference|bad_vpn|data_mode_off|data_saver_mode_on|user_abroad_roaming_disabled_on[PERSONA:None],telecom_0000,0,221,pending,0,tau2_prep_check_telecom_0000,C:\Users\86132\Desktop\SafeDesk\benchmarks\tau2-bench\data\simulations\tau2_prep_check_telecom_0000\results.json,,2026-07-09T22:52:02
tau2_prep_check,telecom,telecom,none,[mobile_data_issue]bad_network_preference|data_mode_off|data_saver_mode_on|data_usage_exceeded|user_abroad_roaming_disabled_on[PERSONA:Easy],telecom_0000,0,222,pending,0,tau2_prep_check_telecom_0000,C:\Users\86132\Desktop\SafeDesk\benchmarks\tau2-bench\data\simulations\tau2_prep_check_telecom_0000\results.json,,2026-07-09T22:52:02
tau2_prep_check,telecom,telecom,none,[mobile_data_issue]bad_vpn|data_mode_off|data_saver_mode_on|data_usage_exceeded|user_abroad_roaming_disabled_on[PERSONA:None],telecom_0000,0,223,pending,0,tau2_prep_check_telecom_0000,C:\Users\86132\Desktop\SafeDesk\benchmarks\tau2-bench\data\simulations\tau2_prep_check_telecom_0000\results.json,,2026-07-09T22:52:02
tau2_prep_check,telecom,telecom,none,[mobile_data_issue]bad_network_preference|bad_vpn|data_mode_off|data_usage_exceeded|user_abroad_roaming_disabled_on[PERSONA:Hard],telecom_0000,0,224,pending,0,tau2_prep_check_telecom_0000,C:\Users\86132\Desktop\SafeDesk\benchmarks\tau2-bench\data\simulations\tau2_prep_check_telecom_0000\results.json,,2026-07-09T22:52:02
tau2_prep_check,telecom,telecom,none,[mobile_data_issue]bad_network_preference|bad_vpn|data_saver_mode_on|data_usage_exceeded|user_abroad_roaming_disabled_on[PERSONA:Easy],telecom_0000,0,225,pending,0,tau2_prep_check_telecom_0000,C:\Users\86132\Desktop\SafeDesk\benchmarks\tau2-bench\data\simulations\tau2_prep_check_telecom_0000\results.json,,2026-07-09T22:52:02
tau2_prep_check,telecom,telecom,none,[mobile_data_issue]bad_network_preference|bad_vpn|data_mode_off|data_saver_mode_on|user_abroad_roaming_disabled_off[PERSONA:None],telecom_0000,0,226,pending,0,tau2_prep_check_telecom_0000,C:\Users\86132\Desktop\SafeDesk\benchmarks\tau2-bench\data\simulations\tau2_prep_check_telecom_0000\results.json,,2026-07-09T22:52:02
tau2_prep_check,telecom,telecom,none,[mobile_data_issue]bad_network_preference|data_mode_off|data_saver_mode_on|data_usage_exceeded|user_abroad_roaming_disabled_off[PERSONA:Easy],telecom_0000,0,227,pending,0,tau2_prep_check_telecom_0000,C:\Users\86132\Desktop\SafeDesk\benchmarks\tau2-bench\data\simulations\tau2_prep_check_telecom_0000\results.json,,2026-07-09T22:52:02
tau2_prep_check,telecom,telecom,none,[mobile_data_issue]bad_vpn|data_mode_off|data_saver_mode_on|data_usage_exceeded|user_abroad_roaming_disabled_off[PERSONA:None],telecom_0000,0,228,pending,0,tau2_prep_check_telecom_0000,C:\Users\86132\Desktop\SafeDesk\benchmarks\tau2-bench\data\simulations\tau2_prep_check_telecom_0000\results.json,,2026-07-09T22:52:02
tau2_prep_check,telecom,telecom,none,[mobile_data_issue]bad_network_preference|bad_vpn|data_mode_off|data_usage_exceeded|user_abroad_roaming_disabled_off[PERSONA:Hard],telecom_0000,0,229,pending,0,tau2_prep_check_telecom_0000,C:\Users\86132\Desktop\SafeDesk\benchmarks\tau2-bench\data\simulations\tau2_prep_check_telecom_0000\results.json,,2026-07-09T22:52:02
tau2_prep_check,telecom,telecom,none,[mobile_data_issue]bad_network_preference|bad_vpn|data_saver_mode_on|data_usage_exceeded|user_abroad_roaming_disabled_off[PERSONA:Easy],telecom_0000,0,230,pending,0,tau2_prep_check_telecom_0000,C:\Users\86132\Desktop\SafeDesk\benchmarks\tau2-bench\data\simulations\tau2_prep_check_telecom_0000\results.json,,2026-07-09T22:52:02
tau2_prep_check,telecom,telecom,none,[mobile_data_issue]bad_network_preference|bad_vpn|data_mode_off|data_saver_mode_on|data_usage_exceeded[PERSONA:None],telecom_0000,0,231,pending,0,tau2_prep_check_telecom_0000,C:\Users\86132\Desktop\SafeDesk\benchmarks\tau2-bench\data\simulations\tau2_prep_check_telecom_0000\results.json,,2026-07-09T22:52:02
tau2_prep_check,telecom,telecom,none,[mobile_data_issue]airplane_mode_on|bad_network_preference|bad_vpn|data_mode_off|data_saver_mode_on|user_abroad_roaming_enabled_off[PERSONA:Hard],telecom_0000,0,232,pending,0,tau2_prep_check_telecom_0000,C:\Users\86132\Desktop\SafeDesk\benchmarks\tau2-bench\data\simulations\tau2_prep_check_telecom_0000\results.json,,2026-07-09T22:52:02
tau2_prep_check,telecom,telecom,none,[mobile_data_issue]airplane_mode_on|bad_network_preference|data_mode_off|data_saver_mode_on|data_usage_exceeded|user_abroad_roaming_enabled_off[PERSONA:None],telecom_0000,0,233,pending,0,tau2_prep_check_telecom_0000,C:\Users\86132\Desktop\SafeDesk\benchmarks\tau2-bench\data\simulations\tau2_prep_check_telecom_0000\results.json,,2026-07-09T22:52:02
tau2_prep_check,telecom,telecom,none,[mobile_data_issue]airplane_mode_on|bad_vpn|data_mode_off|data_saver_mode_on|data_usage_exceeded|user_abroad_roaming_enabled_off[PERSONA:Hard],telecom_0000,0,234,pending,0,tau2_prep_check_telecom_0000,C:\Users\86132\Desktop\SafeDesk\benchmarks\tau2-bench\data\simulations\tau2_prep_check_telecom_0000\results.json,,2026-07-09T22:52:02
tau2_prep_check,telecom,telecom,none,[mobile_data_issue]airplane_mode_on|bad_network_preference|bad_vpn|data_mode_off|data_usage_exceeded|user_abroad_roaming_enabled_off[PERSONA:Easy],telecom_0000,0,235,pending,0,tau2_prep_check_telecom_0000,C:\Users\86132\Desktop\SafeDesk\benchmarks\tau2-bench\data\simulations\tau2_prep_check_telecom_0000\results.json,,2026-07-09T22:52:02
tau2_prep_check,telecom,telecom,none,[mobile_data_issue]airplane_mode_on|bad_network_preference|bad_vpn|data_saver_mode_on|data_usage_exceeded|user_abroad_roaming_enabled_off[PERSONA:None],telecom_0000,0,236,pending,0,tau2_prep_check_telecom_0000,C:\Users\86132\Desktop\SafeDesk\benchmarks\tau2-bench\data\simulations\tau2_prep_check_telecom_0000\results.json,,2026-07-09T22:52:02
tau2_prep_check,telecom,telecom,none,[mobile_data_issue]airplane_mode_on|bad_network_preference|bad_vpn|data_mode_off|data_saver_mode_on|user_abroad_roaming_disabled_on[PERSONA:Hard],telecom_0000,0,237,pending,0,tau2_prep_check_telecom_0000,C:\Users\86132\Desktop\SafeDesk\benchmarks\tau2-bench\data\simulations\tau2_prep_check_telecom_0000\results.json,,2026-07-09T22:52:02
tau2_prep_check,telecom,telecom,none,[mobile_data_issue]airplane_mode_on|bad_network_preference|data_mode_off|data_saver_mode_on|data_usage_exceeded|user_abroad_roaming_disabled_on[PERSONA:None],telecom_0000,0,238,pending,0,tau2_prep_check_telecom_0000,C:\Users\86132\Desktop\SafeDesk\benchmarks\tau2-bench\data\simulations\tau2_prep_check_telecom_0000\results.json,,2026-07-09T22:52:02
tau2_prep_check,telecom,telecom,none,[mobile_data_issue]airplane_mode_on|bad_vpn|data_mode_off|data_saver_mode_on|data_usage_exceeded|user_abroad_roaming_disabled_on[PERSONA:Hard],telecom_0000,0,239,pending,0,tau2_prep_check_telecom_0000,C:\Users\86132\Desktop\SafeDesk\benchmarks\tau2-bench\data\simulations\tau2_prep_check_telecom_0000\results.json,,2026-07-09T22:52:02
tau2_prep_check,telecom,telecom,none,[mobile_data_issue]airplane_mode_on|bad_network_preference|bad_vpn|data_mode_off|data_usage_exceeded|user_abroad_roaming_disabled_on[PERSONA:Easy],telecom_0000,0,240,pending,0,tau2_prep_check_telecom_0000,C:\Users\86132\Desktop\SafeDesk\benchmarks\tau2-bench\data\simulations\tau2_prep_check_telecom_0000\results.json,,2026-07-09T22:52:02
tau2_prep_check,telecom,telecom,none,[mobile_data_issue]airplane_mode_on|bad_network_preference|bad_vpn|data_saver_mode_on|data_usage_exceeded|user_abroad_roaming_disabled_on[PERSONA:None],telecom_0000,0,241,pending,0,tau2_prep_check_telecom_0000,C:\Users\86132\Desktop\SafeDesk\benchmarks\tau2-bench\data\simulations\tau2_prep_check_telecom_0000\results.json,,2026-07-09T22:52:02
tau2_prep_check,telecom,telecom,none,[mobile_data_issue]airplane_mode_on|bad_network_preference|bad_vpn|data_mode_off|data_saver_mode_on|user_abroad_roaming_disabled_off[PERSONA:Hard],telecom_0000,0,242,pending,0,tau2_prep_check_telecom_0000,C:\Users\86132\Desktop\SafeDesk\benchmarks\tau2-bench\data\simulations\tau2_prep_check_telecom_0000\results.json,,2026-07-09T22:52:02
tau2_prep_check,telecom,telecom,none,[mobile_data_issue]airplane_mode_on|bad_network_preference|data_mode_off|data_saver_mode_on|data_usage_exceeded|user_abroad_roaming_disabled_off[PERSONA:None],telecom_0000,0,243,pending,0,tau2_prep_check_telecom_0000,C:\Users\86132\Desktop\SafeDesk\benchmarks\tau2-bench\data\simulations\tau2_prep_check_telecom_0000\results.json,,2026-07-09T22:52:02
tau2_prep_check,telecom,telecom,none,[mobile_data_issue]airplane_mode_on|bad_vpn|data_mode_off|data_saver_mode_on|data_usage_exceeded|user_abroad_roaming_disabled_off[PERSONA:Hard],telecom_0000,0,244,pending,0,tau2_prep_check_telecom_0000,C:\Users\86132\Desktop\SafeDesk\benchmarks\tau2-bench\data\simulations\tau2_prep_check_telecom_0000\results.json,,2026-07-09T22:52:02
tau2_prep_check,telecom,telecom,none,[mobile_data_issue]airplane_mode_on|bad_network_preference|bad_vpn|data_mode_off|data_usage_exceeded|user_abroad_roaming_disabled_off[PERSONA:Easy],telecom_0000,0,245,pending,0,tau2_prep_check_telecom_0000,C:\Users\86132\Desktop\SafeDesk\benchmarks\tau2-bench\data\simulations\tau2_prep_check_telecom_0000\results.json,,2026-07-09T22:52:02
tau2_prep_check,telecom,telecom,none,[mobile_data_issue]airplane_mode_on|bad_network_preference|bad_vpn|data_saver_mode_on|data_usage_exceeded|user_abroad_roaming_disabled_off[PERSONA:None],telecom_0000,0,246,pending,0,tau2_prep_check_telecom_0000,C:\Users\86132\Desktop\SafeDesk\benchmarks\tau2-bench\data\simulations\tau2_prep_check_telecom_0000\results.json,,2026-07-09T22:52:02
tau2_prep_check,telecom,telecom,none,[mobile_data_issue]airplane_mode_on|bad_network_preference|bad_vpn|data_mode_off|data_saver_mode_on|data_usage_exceeded[PERSONA:Hard],telecom_0000,0,247,pending,0,tau2_prep_check_telecom_0000,C:\Users\86132\Desktop\SafeDesk\benchmarks\tau2-bench\data\simulations\tau2_prep_check_telecom_0000\results.json,,2026-07-09T22:52:02
tau2_prep_check,telecom,telecom,none,[mobile_data_issue]bad_network_preference|bad_vpn|data_mode_off|data_saver_mode_on|data_usage_exceeded|user_abroad_roaming_enabled_off[PERSONA:Easy],telecom_0000,0,248,pending,0,tau2_prep_check_telecom_0000,C:\Users\86132\Desktop\SafeDesk\benchmarks\tau2-bench\data\simulations\tau2_prep_check_telecom_0000\results.json,,2026-07-09T22:52:02
tau2_prep_check,telecom,telecom,none,[mobile_data_issue]bad_network_preference|bad_vpn|data_mode_off|data_saver_mode_on|data_usage_exceeded|user_abroad_roaming_disabled_on[PERSONA:None],telecom_0000,0,249,pending,0,tau2_prep_check_telecom_0000,C:\Users\86132\Desktop\SafeDesk\benchmarks\tau2-bench\data\simulations\tau2_prep_check_telecom_0000\results.json,,2026-07-09T22:52:02
tau2_prep_check,telecom,telecom,none,[mobile_data_issue]bad_network_preference|bad_vpn|data_mode_off|data_saver_mode_on|data_usage_exceeded|user_abroad_roaming_disabled_off[PERSONA:Hard],telecom_0000,0,250,pending,0,tau2_prep_check_telecom_0000,C:\Users\86132\Desktop\SafeDesk\benchmarks\tau2-bench\data\simulations\tau2_prep_check_telecom_0000\results.json,,2026-07-09T22:52:02
tau2_prep_check,telecom,telecom,none,[mobile_data_issue]airplane_mode_on|bad_network_preference|bad_vpn|data_mode_off|data_saver_mode_on|data_usage_exceeded|user_abroad_roaming_enabled_off[PERSONA:Easy],telecom_0000,0,251,pending,0,tau2_prep_check_telecom_0000,C:\Users\86132\Desktop\SafeDesk\benchmarks\tau2-bench\data\simulations\tau2_prep_check_telecom_0000\results.json,,2026-07-09T22:52:02
tau2_prep_check,telecom,telecom,none,[mobile_data_issue]airplane_mode_on|bad_network_preference|bad_vpn|data_mode_off|data_saver_mode_on|data_usage_exceeded|user_abroad_roaming_disabled_on[PERSONA:None],telecom_0000,0,252,pending,0,tau2_prep_check_telecom_0000,C:\Users\86132\Desktop\SafeDesk\benchmarks\tau2-bench\data\simulations\tau2_prep_check_telecom_0000\results.json,,2026-07-09T22:52:02
tau2_prep_check,telecom,telecom,none,[mobile_data_issue]airplane_mode_on|bad_network_preference|bad_vpn|data_mode_off|data_saver_mode_on|data_usage_exceeded|user_abroad_roaming_disabled_off[PERSONA:Hard],telecom_0000,0,253,pending,0,tau2_prep_check_telecom_0000,C:\Users\86132\Desktop\SafeDesk\benchmarks\tau2-bench\data\simulations\tau2_prep_check_telecom_0000\results.json,,2026-07-09T22:52:02
tau2_prep_check,telecom,telecom,none,[service_issue]airplane_mode_on[PERSONA:None],telecom_0000,0,254,pending,0,tau2_prep_check_telecom_0000,C:\Users\86132\Desktop\SafeDesk\benchmarks\tau2-bench\data\simulations\tau2_prep_check_telecom_0000\results.json,,2026-07-09T22:52:02
tau2_prep_check,telecom,telecom,none,[service_issue]unseat_sim_card[PERSONA:Easy],telecom_0000,0,255,pending,0,tau2_prep_check_telecom_0000,C:\Users\86132\Desktop\SafeDesk\benchmarks\tau2-bench\data\simulations\tau2_prep_check_telecom_0000\results.json,,2026-07-09T22:52:02
tau2_prep_check,telecom,telecom,none,[service_issue]lock_sim_card_pin[PERSONA:Hard],telecom_0000,0,256,pending,0,tau2_prep_check_telecom_0000,C:\Users\86132\Desktop\SafeDesk\benchmarks\tau2-bench\data\simulations\tau2_prep_check_telecom_0000\results.json,,2026-07-09T22:52:02
tau2_prep_check,telecom,telecom,none,[service_issue]break_apn_settings[PERSONA:None],telecom_0000,0,257,pending,0,tau2_prep_check_telecom_0000,C:\Users\86132\Desktop\SafeDesk\benchmarks\tau2-bench\data\simulations\tau2_prep_check_telecom_0000\results.json,,2026-07-09T22:52:02
tau2_prep_check,telecom,telecom,none,[service_issue]overdue_bill_suspension[PERSONA:Easy],telecom_0000,0,258,pending,0,tau2_prep_check_telecom_0000,C:\Users\86132\Desktop\SafeDesk\benchmarks\tau2-bench\data\simulations\tau2_prep_check_telecom_0000\results.json,,2026-07-09T22:52:02
tau2_prep_check,telecom,telecom,none,[service_issue]contract_end_suspension[PERSONA:Hard],telecom_0000,0,259,pending,0,tau2_prep_check_telecom_0000,C:\Users\86132\Desktop\SafeDesk\benchmarks\tau2-bench\data\simulations\tau2_prep_check_telecom_0000\results.json,,2026-07-09T22:52:02
tau2_prep_check,telecom,telecom,none,[service_issue]airplane_mode_on|unseat_sim_card[PERSONA:None],telecom_0000,0,260,pending,0,tau2_prep_check_telecom_0000,C:\Users\86132\Desktop\SafeDesk\benchmarks\tau2-bench\data\simulations\tau2_prep_check_telecom_0000\results.json,,2026-07-09T22:52:02
tau2_prep_check,telecom,telecom,none,[service_issue]airplane_mode_on|lock_sim_card_pin[PERSONA:Easy],telecom_0000,0,261,pending,0,tau2_prep_check_telecom_0000,C:\Users\86132\Desktop\SafeDesk\benchmarks\tau2-bench\data\simulations\tau2_prep_check_telecom_0000\results.json,,2026-07-09T22:52:02
tau2_prep_check,telecom,telecom,none,[service_issue]airplane_mode_on|break_apn_settings[PERSONA:Hard],telecom_0000,0,262,pending,0,tau2_prep_check_telecom_0000,C:\Users\86132\Desktop\SafeDesk\benchmarks\tau2-bench\data\simulations\tau2_prep_check_telecom_0000\results.json,,2026-07-09T22:52:02
tau2_prep_check,telecom,telecom,none,[service_issue]airplane_mode_on|overdue_bill_suspension[PERSONA:None],telecom_0000,0,263,pending,0,tau2_prep_check_telecom_0000,C:\Users\86132\Desktop\SafeDesk\benchmarks\tau2-bench\data\simulations\tau2_prep_check_telecom_0000\results.json,,2026-07-09T22:52:02
tau2_prep_check,telecom,telecom,none,[service_issue]airplane_mode_on|contract_end_suspension[PERSONA:Easy],telecom_0000,0,264,pending,0,tau2_prep_check_telecom_0000,C:\Users\86132\Desktop\SafeDesk\benchmarks\tau2-bench\data\simulations\tau2_prep_check_telecom_0000\results.json,,2026-07-09T22:52:02
tau2_prep_check,telecom,telecom,none,[service_issue]lock_sim_card_pin|unseat_sim_card[PERSONA:Hard],telecom_0000,0,265,pending,0,tau2_prep_check_telecom_0000,C:\Users\86132\Desktop\SafeDesk\benchmarks\tau2-bench\data\simulations\tau2_prep_check_telecom_0000\results.json,,2026-07-09T22:52:02
tau2_prep_check,telecom,telecom,none,[service_issue]break_apn_settings|unseat_sim_card[PERSONA:None],telecom_0000,0,266,pending,0,tau2_prep_check_telecom_0000,C:\Users\86132\Desktop\SafeDesk\benchmarks\tau2-bench\data\simulations\tau2_prep_check_telecom_0000\results.json,,2026-07-09T22:52:02
tau2_prep_check,telecom,telecom,none,[service_issue]overdue_bill_suspension|unseat_sim_card[PERSONA:Easy],telecom_0000,0,267,pending,0,tau2_prep_check_telecom_0000,C:\Users\86132\Desktop\SafeDesk\benchmarks\tau2-bench\data\simulations\tau2_prep_check_telecom_0000\results.json,,2026-07-09T22:52:02
tau2_prep_check,telecom,telecom,none,[service_issue]contract_end_suspension|unseat_sim_card[PERSONA:Hard],telecom_0000,0,268,pending,0,tau2_prep_check_telecom_0000,C:\Users\86132\Desktop\SafeDesk\benchmarks\tau2-bench\data\simulations\tau2_prep_check_telecom_0000\results.json,,2026-07-09T22:52:02
tau2_prep_check,telecom,telecom,none,[service_issue]break_apn_settings|lock_sim_card_pin[PERSONA:None],telecom_0000,0,269,pending,0,tau2_prep_check_telecom_0000,C:\Users\86132\Desktop\SafeDesk\benchmarks\tau2-bench\data\simulations\tau2_prep_check_telecom_0000\results.json,,2026-07-09T22:52:02
tau2_prep_check,telecom,telecom,none,[service_issue]lock_sim_card_pin|overdue_bill_suspension[PERSONA:Easy],telecom_0000,0,270,pending,0,tau2_prep_check_telecom_0000,C:\Users\86132\Desktop\SafeDesk\benchmarks\tau2-bench\data\simulations\tau2_prep_check_telecom_0000\results.json,,2026-07-09T22:52:02
tau2_prep_check,telecom,telecom,none,[service_issue]contract_end_suspension|lock_sim_card_pin[PERSONA:Hard],telecom_0000,0,271,pending,0,tau2_prep_check_telecom_0000,C:\Users\86132\Desktop\SafeDesk\benchmarks\tau2-bench\data\simulations\tau2_prep_check_telecom_0000\results.json,,2026-07-09T22:52:02
tau2_prep_check,telecom,telecom,none,[service_issue]break_apn_settings|overdue_bill_suspension[PERSONA:None],telecom_0000,0,272,pending,0,tau2_prep_check_telecom_0000,C:\Users\86132\Desktop\SafeDesk\benchmarks\tau2-bench\data\simulations\tau2_prep_check_telecom_0000\results.json,,2026-07-09T22:52:02
tau2_prep_check,telecom,telecom,none,[service_issue]break_apn_settings|contract_end_suspension[PERSONA:Easy],telecom_0000,0,273,pending,0,tau2_prep_check_telecom_0000,C:\Users\86132\Desktop\SafeDesk\benchmarks\tau2-bench\data\simulations\tau2_prep_check_telecom_0000\results.json,,2026-07-09T22:52:02
tau2_prep_check,telecom,telecom,none,[service_issue]airplane_mode_on|lock_sim_card_pin|unseat_sim_card[PERSONA:Hard],telecom_0000,0,274,pending,0,tau2_prep_check_telecom_0000,C:\Users\86132\Desktop\SafeDesk\benchmarks\tau2-bench\data\simulations\tau2_prep_check_telecom_0000\results.json,,2026-07-09T22:52:02
tau2_prep_check,telecom,telecom,none,[service_issue]airplane_mode_on|break_apn_settings|unseat_sim_card[PERSONA:None],telecom_0000,0,275,pending,0,tau2_prep_check_telecom_0000,C:\Users\86132\Desktop\SafeDesk\benchmarks\tau2-bench\data\simulations\tau2_prep_check_telecom_0000\results.json,,2026-07-09T22:52:02
tau2_prep_check,telecom,telecom,none,[service_issue]airplane_mode_on|overdue_bill_suspension|unseat_sim_card[PERSONA:Easy],telecom_0000,0,276,pending,0,tau2_prep_check_telecom_0000,C:\Users\86132\Desktop\SafeDesk\benchmarks\tau2-bench\data\simulations\tau2_prep_check_telecom_0000\results.json,,2026-07-09T22:52:02
tau2_prep_check,telecom,telecom,none,[service_issue]airplane_mode_on|contract_end_suspension|unseat_sim_card[PERSONA:Hard],telecom_0000,0,277,pending,0,tau2_prep_check_telecom_0000,C:\Users\86132\Desktop\SafeDesk\benchmarks\tau2-bench\data\simulations\tau2_prep_check_telecom_0000\results.json,,2026-07-09T22:52:02
tau2_prep_check,telecom,telecom,none,[service_issue]airplane_mode_on|break_apn_settings|lock_sim_card_pin[PERSONA:None],telecom_0000,0,278,pending,0,tau2_prep_check_telecom_0000,C:\Users\86132\Desktop\SafeDesk\benchmarks\tau2-bench\data\simulations\tau2_prep_check_telecom_0000\results.json,,2026-07-09T22:52:02
tau2_prep_check,telecom,telecom,none,[service_issue]airplane_mode_on|lock_sim_card_pin|overdue_bill_suspension[PERSONA:Easy],telecom_0000,0,279,pending,0,tau2_prep_check_telecom_0000,C:\Users\86132\Desktop\SafeDesk\benchmarks\tau2-bench\data\simulations\tau2_prep_check_telecom_0000\results.json,,2026-07-09T22:52:02
tau2_prep_check,telecom,telecom,none,[service_issue]airplane_mode_on|contract_end_suspension|lock_sim_card_pin[PERSONA:Hard],telecom_0000,0,280,pending,0,tau2_prep_check_telecom_0000,C:\Users\86132\Desktop\SafeDesk\benchmarks\tau2-bench\data\simulations\tau2_prep_check_telecom_0000\results.json,,2026-07-09T22:52:02
tau2_prep_check,telecom,telecom,none,[service_issue]airplane_mode_on|break_apn_settings|overdue_bill_suspension[PERSONA:None],telecom_0000,0,281,pending,0,tau2_prep_check_telecom_0000,C:\Users\86132\Desktop\SafeDesk\benchmarks\tau2-bench\data\simulations\tau2_prep_check_telecom_0000\results.json,,2026-07-09T22:52:02
tau2_prep_check,telecom,telecom,none,[service_issue]airplane_mode_on|break_apn_settings|contract_end_suspension[PERSONA:Easy],telecom_0000,0,282,pending,0,tau2_prep_check_telecom_0000,C:\Users\86132\Desktop\SafeDesk\benchmarks\tau2-bench\data\simulations\tau2_prep_check_telecom_0000\results.json,,2026-07-09T22:52:02
tau2_prep_check,telecom,telecom,none,[service_issue]break_apn_settings|lock_sim_card_pin|unseat_sim_card[PERSONA:Hard],telecom_0000,0,283,pending,0,tau2_prep_check_telecom_0000,C:\Users\86132\Desktop\SafeDesk\benchmarks\tau2-bench\data\simulations\tau2_prep_check_telecom_0000\results.json,,2026-07-09T22:52:02
tau2_prep_check,telecom,telecom,none,[service_issue]lock_sim_card_pin|overdue_bill_suspension|unseat_sim_card[PERSONA:None],telecom_0000,0,284,pending,0,tau2_prep_check_telecom_0000,C:\Users\86132\Desktop\SafeDesk\benchmarks\tau2-bench\data\simulations\tau2_prep_check_telecom_0000\results.json,,2026-07-09T22:52:02
tau2_prep_check,telecom,telecom,none,[service_issue]contract_end_suspension|lock_sim_card_pin|unseat_sim_card[PERSONA:Easy],telecom_0000,0,285,pending,0,tau2_prep_check_telecom_0000,C:\Users\86132\Desktop\SafeDesk\benchmarks\tau2-bench\data\simulations\tau2_prep_check_telecom_0000\results.json,,2026-07-09T22:52:02
tau2_prep_check,telecom,telecom,none,[service_issue]break_apn_settings|overdue_bill_suspension|unseat_sim_card[PERSONA:Hard],telecom_0000,0,286,pending,0,tau2_prep_check_telecom_0000,C:\Users\86132\Desktop\SafeDesk\benchmarks\tau2-bench\data\simulations\tau2_prep_check_telecom_0000\results.json,,2026-07-09T22:52:02
tau2_prep_check,telecom,telecom,none,[service_issue]break_apn_settings|contract_end_suspension|unseat_sim_card[PERSONA:None],telecom_0000,0,287,pending,0,tau2_prep_check_telecom_0000,C:\Users\86132\Desktop\SafeDesk\benchmarks\tau2-bench\data\simulations\tau2_prep_check_telecom_0000\results.json,,2026-07-09T22:52:02
tau2_prep_check,telecom,telecom,none,[service_issue]break_apn_settings|lock_sim_card_pin|overdue_bill_suspension[PERSONA:Easy],telecom_0000,0,288,pending,0,tau2_prep_check_telecom_0000,C:\Users\86132\Desktop\SafeDesk\benchmarks\tau2-bench\data\simulations\tau2_prep_check_telecom_0000\results.json,,2026-07-09T22:52:02
tau2_prep_check,telecom,telecom,none,[service_issue]break_apn_settings|contract_end_suspension|lock_sim_card_pin[PERSONA:Hard],telecom_0000,0,289,pending,0,tau2_prep_check_telecom_0000,C:\Users\86132\Desktop\SafeDesk\benchmarks\tau2-bench\data\simulations\tau2_prep_check_telecom_0000\results.json,,2026-07-09T22:52:02
tau2_prep_check,telecom,telecom,none,[service_issue]airplane_mode_on|break_apn_settings|lock_sim_card_pin|unseat_sim_card[PERSONA:None],telecom_0000,0,290,pending,0,tau2_prep_check_telecom_0000,C:\Users\86132\Desktop\SafeDesk\benchmarks\tau2-bench\data\simulations\tau2_prep_check_telecom_0000\results.json,,2026-07-09T22:52:02
tau2_prep_check,telecom,telecom,none,[service_issue]airplane_mode_on|lock_sim_card_pin|overdue_bill_suspension|unseat_sim_card[PERSONA:Easy],telecom_0000,0,291,pending,0,tau2_prep_check_telecom_0000,C:\Users\86132\Desktop\SafeDesk\benchmarks\tau2-bench\data\simulations\tau2_prep_check_telecom_0000\results.json,,2026-07-09T22:52:02
tau2_prep_check,telecom,telecom,none,[service_issue]airplane_mode_on|contract_end_suspension|lock_sim_card_pin|unseat_sim_card[PERSONA:Hard],telecom_0000,0,292,pending,0,tau2_prep_check_telecom_0000,C:\Users\86132\Desktop\SafeDesk\benchmarks\tau2-bench\data\simulations\tau2_prep_check_telecom_0000\results.json,,2026-07-09T22:52:02
tau2_prep_check,telecom,telecom,none,[service_issue]airplane_mode_on|break_apn_settings|overdue_bill_suspension|unseat_sim_card[PERSONA:None],telecom_0000,0,293,pending,0,tau2_prep_check_telecom_0000,C:\Users\86132\Desktop\SafeDesk\benchmarks\tau2-bench\data\simulations\tau2_prep_check_telecom_0000\results.json,,2026-07-09T22:52:02
tau2_prep_check,telecom,telecom,none,[service_issue]airplane_mode_on|break_apn_settings|contract_end_suspension|unseat_sim_card[PERSONA:Easy],telecom_0000,0,294,pending,0,tau2_prep_check_telecom_0000,C:\Users\86132\Desktop\SafeDesk\benchmarks\tau2-bench\data\simulations\tau2_prep_check_telecom_0000\results.json,,2026-07-09T22:52:02
tau2_prep_check,telecom,telecom,none,[service_issue]airplane_mode_on|break_apn_settings|lock_sim_card_pin|overdue_bill_suspension[PERSONA:Hard],telecom_0000,0,295,pending,0,tau2_prep_check_telecom_0000,C:\Users\86132\Desktop\SafeDesk\benchmarks\tau2-bench\data\simulations\tau2_prep_check_telecom_0000\results.json,,2026-07-09T22:52:02
tau2_prep_check,telecom,telecom,none,[service_issue]airplane_mode_on|break_apn_settings|contract_end_suspension|lock_sim_card_pin[PERSONA:None],telecom_0000,0,296,pending,0,tau2_prep_check_telecom_0000,C:\Users\86132\Desktop\SafeDesk\benchmarks\tau2-bench\data\simulations\tau2_prep_check_telecom_0000\results.json,,2026-07-09T22:52:02
tau2_prep_check,telecom,telecom,none,[service_issue]break_apn_settings|lock_sim_card_pin|overdue_bill_suspension|unseat_sim_card[PERSONA:Easy],telecom_0000,0,297,pending,0,tau2_prep_check_telecom_0000,C:\Users\86132\Desktop\SafeDesk\benchmarks\tau2-bench\data\simulations\tau2_prep_check_telecom_0000\results.json,,2026-07-09T22:52:02
tau2_prep_check,telecom,telecom,none,[service_issue]break_apn_settings|contract_end_suspension|lock_sim_card_pin|unseat_sim_card[PERSONA:Hard],telecom_0000,0,298,pending,0,tau2_prep_check_telecom_0000,C:\Users\86132\Desktop\SafeDesk\benchmarks\tau2-bench\data\simulations\tau2_prep_check_telecom_0000\results.json,,2026-07-09T22:52:02
tau2_prep_check,telecom,telecom,none,[service_issue]airplane_mode_on|break_apn_settings|lock_sim_card_pin|overdue_bill_suspension|unseat_sim_card[PERSONA:None],telecom_0000,0,299,pending,0,tau2_prep_check_telecom_0000,C:\Users\86132\Desktop\SafeDesk\benchmarks\tau2-bench\data\simulations\tau2_prep_check_telecom_0000\results.json,,2026-07-09T22:52:02
tau2_prep_check,telecom,telecom,none,[service_issue]airplane_mode_on|break_apn_settings|contract_end_suspension|lock_sim_card_pin|unseat_sim_card[PERSONA:Easy],telecom_0000,0,300,pending,0,tau2_prep_check_telecom_0000,C:\Users\86132\Desktop\SafeDesk\benchmarks\tau2-bench\data\simulations\tau2_prep_check_telecom_0000\results.json,,2026-07-09T22:52:02
tau2_prep_check,telecom,telecom,none,[mms_issue]bad_network_preference[PERSONA:None],telecom_0000,0,301,pending,0,tau2_prep_check_telecom_0000,C:\Users\86132\Desktop\SafeDesk\benchmarks\tau2-bench\data\simulations\tau2_prep_check_telecom_0000\results.json,,2026-07-09T22:52:02
tau2_prep_check,telecom,telecom,none,[mms_issue]bad_wifi_calling[PERSONA:Easy],telecom_0000,0,302,pending,0,tau2_prep_check_telecom_0000,C:\Users\86132\Desktop\SafeDesk\benchmarks\tau2-bench\data\simulations\tau2_prep_check_telecom_0000\results.json,,2026-07-09T22:52:02
tau2_prep_check,telecom,telecom,none,[mms_issue]break_apn_mms_setting[PERSONA:Hard],telecom_0000,0,303,pending,0,tau2_prep_check_telecom_0000,C:\Users\86132\Desktop\SafeDesk\benchmarks\tau2-bench\data\simulations\tau2_prep_check_telecom_0000\results.json,,2026-07-09T22:52:02
tau2_prep_check,telecom,telecom,none,[mms_issue]break_app_sms_permission[PERSONA:None],telecom_0000,0,304,pending,0,tau2_prep_check_telecom_0000,C:\Users\86132\Desktop\SafeDesk\benchmarks\tau2-bench\data\simulations\tau2_prep_check_telecom_0000\results.json,,2026-07-09T22:52:02
tau2_prep_check,telecom,telecom,none,[mms_issue]break_app_storage_permission[PERSONA:Easy],telecom_0000,0,305,pending,0,tau2_prep_check_telecom_0000,C:\Users\86132\Desktop\SafeDesk\benchmarks\tau2-bench\data\simulations\tau2_prep_check_telecom_0000\results.json,,2026-07-09T22:52:02
tau2_prep_check,telecom,telecom,none,[mms_issue]break_app_both_permissions[PERSONA:Hard],telecom_0000,0,306,pending,0,tau2_prep_check_telecom_0000,C:\Users\86132\Desktop\SafeDesk\benchmarks\tau2-bench\data\simulations\tau2_prep_check_telecom_0000\results.json,,2026-07-09T22:52:02
tau2_prep_check,telecom,telecom,none,[mms_issue]airplane_mode_on|bad_network_preference[PERSONA:None],telecom_0000,0,307,pending,0,tau2_prep_check_telecom_0000,C:\Users\86132\Desktop\SafeDesk\benchmarks\tau2-bench\data\simulations\tau2_prep_check_telecom_0000\results.json,,2026-07-09T22:52:02
tau2_prep_check,telecom,telecom,none,[mms_issue]airplane_mode_on|bad_wifi_calling[PERSONA:Easy],telecom_0000,0,308,pending,0,tau2_prep_check_telecom_0000,C:\Users\86132\Desktop\SafeDesk\benchmarks\tau2-bench\data\simulations\tau2_prep_check_telecom_0000\results.json,,2026-07-09T22:52:02
tau2_prep_check,telecom,telecom,none,[mms_issue]airplane_mode_on|break_apn_mms_setting[PERSONA:Hard],telecom_0000,0,309,pending,0,tau2_prep_check_telecom_0000,C:\Users\86132\Desktop\SafeDesk\benchmarks\tau2-bench\data\simulations\tau2_prep_check_telecom_0000\results.json,,2026-07-09T22:52:02
tau2_prep_check,telecom,telecom,none,[mms_issue]airplane_mode_on|break_app_sms_permission[PERSONA:None],telecom_0000,0,310,pending,0,tau2_prep_check_telecom_0000,C:\Users\86132\Desktop\SafeDesk\benchmarks\tau2-bench\data\simulations\tau2_prep_check_telecom_0000\results.json,,2026-07-09T22:52:02
tau2_prep_check,telecom,telecom,none,[mms_issue]airplane_mode_on|break_app_storage_permission[PERSONA:Easy],telecom_0000,0,311,pending,0,tau2_prep_check_telecom_0000,C:\Users\86132\Desktop\SafeDesk\benchmarks\tau2-bench\data\simulations\tau2_prep_check_telecom_0000\results.json,,2026-07-09T22:52:02
tau2_prep_check,telecom,telecom,none,[mms_issue]airplane_mode_on|break_app_both_permissions[PERSONA:Hard],telecom_0000,0,312,pending,0,tau2_prep_check_telecom_0000,C:\Users\86132\Desktop\SafeDesk\benchmarks\tau2-bench\data\simulations\tau2_prep_check_telecom_0000\results.json,,2026-07-09T22:52:02
tau2_prep_check,telecom,telecom,none,[mms_issue]bad_network_preference|unseat_sim_card[PERSONA:None],telecom_0000,0,313,pending,0,tau2_prep_check_telecom_0000,C:\Users\86132\Desktop\SafeDesk\benchmarks\tau2-bench\data\simulations\tau2_prep_check_telecom_0000\results.json,,2026-07-09T22:52:02
tau2_prep_check,telecom,telecom,none,[mms_issue]bad_wifi_calling|unseat_sim_card[PERSONA:Easy],telecom_0000,0,314,pending,0,tau2_prep_check_telecom_0000,C:\Users\86132\Desktop\SafeDesk\benchmarks\tau2-bench\data\simulations\tau2_prep_check_telecom_0000\results.json,,2026-07-09T22:52:02
tau2_prep_check,telecom,telecom,none,[mms_issue]break_apn_mms_setting|unseat_sim_card[PERSONA:Hard],telecom_0000,0,315,pending,0,tau2_prep_check_telecom_0000,C:\Users\86132\Desktop\SafeDesk\benchmarks\tau2-bench\data\simulations\tau2_prep_check_telecom_0000\results.json,,2026-07-09T22:52:02
tau2_prep_check,telecom,telecom,none,[mms_issue]break_app_sms_permission|unseat_sim_card[PERSONA:None],telecom_0000,0,316,pending,0,tau2_prep_check_telecom_0000,C:\Users\86132\Desktop\SafeDesk\benchmarks\tau2-bench\data\simulations\tau2_prep_check_telecom_0000\results.json,,2026-07-09T22:52:02
tau2_prep_check,telecom,telecom,none,[mms_issue]break_app_storage_permission|unseat_sim_card[PERSONA:Easy],telecom_0000,0,317,pending,0,tau2_prep_check_telecom_0000,C:\Users\86132\Desktop\SafeDesk\benchmarks\tau2-bench\data\simulations\tau2_prep_check_telecom_0000\results.json,,2026-07-09T22:52:02
tau2_prep_check,telecom,telecom,none,[mms_issue]break_app_both_permissions|unseat_sim_card[PERSONA:Hard],telecom_0000,0,318,pending,0,tau2_prep_check_telecom_0000,C:\Users\86132\Desktop\SafeDesk\benchmarks\tau2-bench\data\simulations\tau2_prep_check_telecom_0000\results.json,,2026-07-09T22:52:02
tau2_prep_check,telecom,telecom,none,[mms_issue]bad_network_preference|data_mode_off[PERSONA:None],telecom_0000,0,319,pending,0,tau2_prep_check_telecom_0000,C:\Users\86132\Desktop\SafeDesk\benchmarks\tau2-bench\data\simulations\tau2_prep_check_telecom_0000\results.json,,2026-07-09T22:52:02
tau2_prep_check,telecom,telecom,none,[mms_issue]bad_wifi_calling|data_mode_off[PERSONA:Easy],telecom_0000,0,320,pending,0,tau2_prep_check_telecom_0000,C:\Users\86132\Desktop\SafeDesk\benchmarks\tau2-bench\data\simulations\tau2_prep_check_telecom_0000\results.json,,2026-07-09T22:52:02
tau2_prep_check,telecom,telecom,none,[mms_issue]break_apn_mms_setting|data_mode_off[PERSONA:Hard],telecom_0000,0,321,pending,0,tau2_prep_check_telecom_0000,C:\Users\86132\Desktop\SafeDesk\benchmarks\tau2-bench\data\simulations\tau2_prep_check_telecom_0000\results.json,,2026-07-09T22:52:02
tau2_prep_check,telecom,telecom,none,[mms_issue]break_app_sms_permission|data_mode_off[PERSONA:None],telecom_0000,0,322,pending,0,tau2_prep_check_telecom_0000,C:\Users\86132\Desktop\SafeDesk\benchmarks\tau2-bench\data\simulations\tau2_prep_check_telecom_0000\results.json,,2026-07-09T22:52:02
tau2_prep_check,telecom,telecom,none,[mms_issue]break_app_storage_permission|data_mode_off[PERSONA:Easy],telecom_0000,0,323,pending,0,tau2_prep_check_telecom_0000,C:\Users\86132\Desktop\SafeDesk\benchmarks\tau2-bench\data\simulations\tau2_prep_check_telecom_0000\results.json,,2026-07-09T22:52:02
tau2_prep_check,telecom,telecom,none,[mms_issue]break_app_both_permissions|data_mode_off[PERSONA:Hard],telecom_0000,0,324,pending,0,tau2_prep_check_telecom_0000,C:\Users\86132\Desktop\SafeDesk\benchmarks\tau2-bench\data\simulations\tau2_prep_check_telecom_0000\results.json,,2026-07-09T22:52:02
tau2_prep_check,telecom,telecom,none,[mms_issue]bad_network_preference|data_usage_exceeded[PERSONA:None],telecom_0000,0,325,pending,0,tau2_prep_check_telecom_0000,C:\Users\86132\Desktop\SafeDesk\benchmarks\tau2-bench\data\simulations\tau2_prep_check_telecom_0000\results.json,,2026-07-09T22:52:02
tau2_prep_check,telecom,telecom,none,[mms_issue]bad_wifi_calling|data_usage_exceeded[PERSONA:Easy],telecom_0000,0,326,pending,0,tau2_prep_check_telecom_0000,C:\Users\86132\Desktop\SafeDesk\benchmarks\tau2-bench\data\simulations\tau2_prep_check_telecom_0000\results.json,,2026-07-09T22:52:02
tau2_prep_check,telecom,telecom,none,[mms_issue]break_apn_mms_setting|data_usage_exceeded[PERSONA:Hard],telecom_0000,0,327,pending,0,tau2_prep_check_telecom_0000,C:\Users\86132\Desktop\SafeDesk\benchmarks\tau2-bench\data\simulations\tau2_prep_check_telecom_0000\results.json,,2026-07-09T22:52:02
tau2_prep_check,telecom,telecom,none,[mms_issue]break_app_sms_permission|data_usage_exceeded[PERSONA:None],telecom_0000,0,328,pending,0,tau2_prep_check_telecom_0000,C:\Users\86132\Desktop\SafeDesk\benchmarks\tau2-bench\data\simulations\tau2_prep_check_telecom_0000\results.json,,2026-07-09T22:52:02
tau2_prep_check,telecom,telecom,none,[mms_issue]break_app_storage_permission|data_usage_exceeded[PERSONA:Easy],telecom_0000,0,329,pending,0,tau2_prep_check_telecom_0000,C:\Users\86132\Desktop\SafeDesk\benchmarks\tau2-bench\data\simulations\tau2_prep_check_telecom_0000\results.json,,2026-07-09T22:52:02
tau2_prep_check,telecom,telecom,none,[mms_issue]break_app_both_permissions|data_usage_exceeded[PERSONA:Hard],telecom_0000,0,330,pending,0,tau2_prep_check_telecom_0000,C:\Users\86132\Desktop\SafeDesk\benchmarks\tau2-bench\data\simulations\tau2_prep_check_telecom_0000\results.json,,2026-07-09T22:52:02
tau2_prep_check,telecom,telecom,none,[mms_issue]bad_network_preference|user_abroad_roaming_enabled_off[PERSONA:None],telecom_0000,0,331,pending,0,tau2_prep_check_telecom_0000,C:\Users\86132\Desktop\SafeDesk\benchmarks\tau2-bench\data\simulations\tau2_prep_check_telecom_0000\results.json,,2026-07-09T22:52:02
tau2_prep_check,telecom,telecom,none,[mms_issue]bad_wifi_calling|user_abroad_roaming_enabled_off[PERSONA:Easy],telecom_0000,0,332,pending,0,tau2_prep_check_telecom_0000,C:\Users\86132\Desktop\SafeDesk\benchmarks\tau2-bench\data\simulations\tau2_prep_check_telecom_0000\results.json,,2026-07-09T22:52:02
tau2_prep_check,telecom,telecom,none,[mms_issue]break_apn_mms_setting|user_abroad_roaming_enabled_off[PERSONA:Hard],telecom_0000,0,333,pending,0,tau2_prep_check_telecom_0000,C:\Users\86132\Desktop\SafeDesk\benchmarks\tau2-bench\data\simulations\tau2_prep_check_telecom_0000\results.json,,2026-07-09T22:52:02
tau2_prep_check,telecom,telecom,none,[mms_issue]break_app_sms_permission|user_abroad_roaming_enabled_off[PERSONA:None],telecom_0000,0,334,pending,0,tau2_prep_check_telecom_0000,C:\Users\86132\Desktop\SafeDesk\benchmarks\tau2-bench\data\simulations\tau2_prep_check_telecom_0000\results.json,,2026-07-09T22:52:02
tau2_prep_check,telecom,telecom,none,[mms_issue]break_app_storage_permission|user_abroad_roaming_enabled_off[PERSONA:Easy],telecom_0000,0,335,pending,0,tau2_prep_check_telecom_0000,C:\Users\86132\Desktop\SafeDesk\benchmarks\tau2-bench\data\simulations\tau2_prep_check_telecom_0000\results.json,,2026-07-09T22:52:02
tau2_prep_check,telecom,telecom,none,[mms_issue]break_app_both_permissions|user_abroad_roaming_enabled_off[PERSONA:Hard],telecom_0000,0,336,pending,0,tau2_prep_check_telecom_0000,C:\Users\86132\Desktop\SafeDesk\benchmarks\tau2-bench\data\simulations\tau2_prep_check_telecom_0000\results.json,,2026-07-09T22:52:02
tau2_prep_check,telecom,telecom,none,[mms_issue]bad_network_preference|user_abroad_roaming_disabled_on[PERSONA:None],telecom_0000,0,337,pending,0,tau2_prep_check_telecom_0000,C:\Users\86132\Desktop\SafeDesk\benchmarks\tau2-bench\data\simulations\tau2_prep_check_telecom_0000\results.json,,2026-07-09T22:52:02
tau2_prep_check,telecom,telecom,none,[mms_issue]bad_wifi_calling|user_abroad_roaming_disabled_on[PERSONA:Easy],telecom_0000,0,338,pending,0,tau2_prep_check_telecom_0000,C:\Users\86132\Desktop\SafeDesk\benchmarks\tau2-bench\data\simulations\tau2_prep_check_telecom_0000\results.json,,2026-07-09T22:52:02
tau2_prep_check,telecom,telecom,none,[mms_issue]break_apn_mms_setting|user_abroad_roaming_disabled_on[PERSONA:Hard],telecom_0000,0,339,pending,0,tau2_prep_check_telecom_0000,C:\Users\86132\Desktop\SafeDesk\benchmarks\tau2-bench\data\simulations\tau2_prep_check_telecom_0000\results.json,,2026-07-09T22:52:02
tau2_prep_check,telecom,telecom,none,[mms_issue]break_app_sms_permission|user_abroad_roaming_disabled_on[PERSONA:None],telecom_0000,0,340,pending,0,tau2_prep_check_telecom_0000,C:\Users\86132\Desktop\SafeDesk\benchmarks\tau2-bench\data\simulations\tau2_prep_check_telecom_0000\results.json,,2026-07-09T22:52:02
tau2_prep_check,telecom,telecom,none,[mms_issue]break_app_storage_permission|user_abroad_roaming_disabled_on[PERSONA:Easy],telecom_0000,0,341,pending,0,tau2_prep_check_telecom_0000,C:\Users\86132\Desktop\SafeDesk\benchmarks\tau2-bench\data\simulations\tau2_prep_check_telecom_0000\results.json,,2026-07-09T22:52:02
tau2_prep_check,telecom,telecom,none,[mms_issue]break_app_both_permissions|user_abroad_roaming_disabled_on[PERSONA:Hard],telecom_0000,0,342,pending,0,tau2_prep_check_telecom_0000,C:\Users\86132\Desktop\SafeDesk\benchmarks\tau2-bench\data\simulations\tau2_prep_check_telecom_0000\results.json,,2026-07-09T22:52:02
tau2_prep_check,telecom,telecom,none,[mms_issue]bad_network_preference|user_abroad_roaming_disabled_off[PERSONA:None],telecom_0000,0,343,pending,0,tau2_prep_check_telecom_0000,C:\Users\86132\Desktop\SafeDesk\benchmarks\tau2-bench\data\simulations\tau2_prep_check_telecom_0000\results.json,,2026-07-09T22:52:02
tau2_prep_check,telecom,telecom,none,[mms_issue]bad_wifi_calling|user_abroad_roaming_disabled_off[PERSONA:Easy],telecom_0000,0,344,pending,0,tau2_prep_check_telecom_0000,C:\Users\86132\Desktop\SafeDesk\benchmarks\tau2-bench\data\simulations\tau2_prep_check_telecom_0000\results.json,,2026-07-09T22:52:02
tau2_prep_check,telecom,telecom,none,[mms_issue]break_apn_mms_setting|user_abroad_roaming_disabled_off[PERSONA:Hard],telecom_0000,0,345,pending,0,tau2_prep_check_telecom_0000,C:\Users\86132\Desktop\SafeDesk\benchmarks\tau2-bench\data\simulations\tau2_prep_check_telecom_0000\results.json,,2026-07-09T22:52:02
tau2_prep_check,telecom,telecom,none,[mms_issue]break_app_sms_permission|user_abroad_roaming_disabled_off[PERSONA:None],telecom_0000,0,346,pending,0,tau2_prep_check_telecom_0000,C:\Users\86132\Desktop\SafeDesk\benchmarks\tau2-bench\data\simulations\tau2_prep_check_telecom_0000\results.json,,2026-07-09T22:52:02
tau2_prep_check,telecom,telecom,none,[mms_issue]break_app_storage_permission|user_abroad_roaming_disabled_off[PERSONA:Easy],telecom_0000,0,347,pending,0,tau2_prep_check_telecom_0000,C:\Users\86132\Desktop\SafeDesk\benchmarks\tau2-bench\data\simulations\tau2_prep_check_telecom_0000\results.json,,2026-07-09T22:52:02
tau2_prep_check,telecom,telecom,none,[mms_issue]break_app_both_permissions|user_abroad_roaming_disabled_off[PERSONA:Hard],telecom_0000,0,348,pending,0,tau2_prep_check_telecom_0000,C:\Users\86132\Desktop\SafeDesk\benchmarks\tau2-bench\data\simulations\tau2_prep_check_telecom_0000\results.json,,2026-07-09T22:52:02
tau2_prep_check,telecom,telecom,none,[mms_issue]bad_network_preference|bad_wifi_calling[PERSONA:None],telecom_0000,0,349,pending,0,tau2_prep_check_telecom_0000,C:\Users\86132\Desktop\SafeDesk\benchmarks\tau2-bench\data\simulations\tau2_prep_check_telecom_0000\results.json,,2026-07-09T22:52:02
tau2_prep_check,telecom,telecom,none,[mms_issue]bad_network_preference|break_apn_mms_setting[PERSONA:Easy],telecom_0000,0,350,pending,0,tau2_prep_check_telecom_0000,C:\Users\86132\Desktop\SafeDesk\benchmarks\tau2-bench\data\simulations\tau2_prep_check_telecom_0000\results.json,,2026-07-09T22:52:02
tau2_prep_check,telecom,telecom,none,[mms_issue]bad_network_preference|break_app_sms_permission[PERSONA:Hard],telecom_0000,0,351,pending,0,tau2_prep_check_telecom_0000,C:\Users\86132\Desktop\SafeDesk\benchmarks\tau2-bench\data\simulations\tau2_prep_check_telecom_0000\results.json,,2026-07-09T22:52:02
tau2_prep_check,telecom,telecom,none,[mms_issue]bad_network_preference|break_app_storage_permission[PERSONA:None],telecom_0000,0,352,pending,0,tau2_prep_check_telecom_0000,C:\Users\86132\Desktop\SafeDesk\benchmarks\tau2-bench\data\simulations\tau2_prep_check_telecom_0000\results.json,,2026-07-09T22:52:02
tau2_prep_check,telecom,telecom,none,[mms_issue]bad_network_preference|break_app_both_permissions[PERSONA:Easy],telecom_0000,0,353,pending,0,tau2_prep_check_telecom_0000,C:\Users\86132\Desktop\SafeDesk\benchmarks\tau2-bench\data\simulations\tau2_prep_check_telecom_0000\results.json,,2026-07-09T22:52:02
tau2_prep_check,telecom,telecom,none,[mms_issue]bad_wifi_calling|break_apn_mms_setting[PERSONA:Hard],telecom_0000,0,354,pending,0,tau2_prep_check_telecom_0000,C:\Users\86132\Desktop\SafeDesk\benchmarks\tau2-bench\data\simulations\tau2_prep_check_telecom_0000\results.json,,2026-07-09T22:52:02
tau2_prep_check,telecom,telecom,none,[mms_issue]bad_wifi_calling|break_app_sms_permission[PERSONA:None],telecom_0000,0,355,pending,0,tau2_prep_check_telecom_0000,C:\Users\86132\Desktop\SafeDesk\benchmarks\tau2-bench\data\simulations\tau2_prep_check_telecom_0000\results.json,,2026-07-09T22:52:02
tau2_prep_check,telecom,telecom,none,[mms_issue]bad_wifi_calling|break_app_storage_permission[PERSONA:Easy],telecom_0000,0,356,pending,0,tau2_prep_check_telecom_0000,C:\Users\86132\Desktop\SafeDesk\benchmarks\tau2-bench\data\simulations\tau2_prep_check_telecom_0000\results.json,,2026-07-09T22:52:02
tau2_prep_check,telecom,telecom,none,[mms_issue]bad_wifi_calling|break_app_both_permissions[PERSONA:Hard],telecom_0000,0,357,pending,0,tau2_prep_check_telecom_0000,C:\Users\86132\Desktop\SafeDesk\benchmarks\tau2-bench\data\simulations\tau2_prep_check_telecom_0000\results.json,,2026-07-09T22:52:02
tau2_prep_check,telecom,telecom,none,[mms_issue]break_apn_mms_setting|break_app_sms_permission[PERSONA:None],telecom_0000,0,358,pending,0,tau2_prep_check_telecom_0000,C:\Users\86132\Desktop\SafeDesk\benchmarks\tau2-bench\data\simulations\tau2_prep_check_telecom_0000\results.json,,2026-07-09T22:52:02
tau2_prep_check,telecom,telecom,none,[mms_issue]break_apn_mms_setting|break_app_storage_permission[PERSONA:Easy],telecom_0000,0,359,pending,0,tau2_prep_check_telecom_0000,C:\Users\86132\Desktop\SafeDesk\benchmarks\tau2-bench\data\simulations\tau2_prep_check_telecom_0000\results.json,,2026-07-09T22:52:02
tau2_prep_check,telecom,telecom,none,[mms_issue]break_apn_mms_setting|break_app_both_permissions[PERSONA:Hard],telecom_0000,0,360,pending,0,tau2_prep_check_telecom_0000,C:\Users\86132\Desktop\SafeDesk\benchmarks\tau2-bench\data\simulations\tau2_prep_check_telecom_0000\results.json,,2026-07-09T22:52:02
tau2_prep_check,telecom,telecom,none,[mms_issue]airplane_mode_on|bad_network_preference|unseat_sim_card[PERSONA:None],telecom_0000,0,361,pending,0,tau2_prep_check_telecom_0000,C:\Users\86132\Desktop\SafeDesk\benchmarks\tau2-bench\data\simulations\tau2_prep_check_telecom_0000\results.json,,2026-07-09T22:52:02
tau2_prep_check,telecom,telecom,none,[mms_issue]airplane_mode_on|bad_wifi_calling|unseat_sim_card[PERSONA:Easy],telecom_0000,0,362,pending,0,tau2_prep_check_telecom_0000,C:\Users\86132\Desktop\SafeDesk\benchmarks\tau2-bench\data\simulations\tau2_prep_check_telecom_0000\results.json,,2026-07-09T22:52:02
tau2_prep_check,telecom,telecom,none,[mms_issue]airplane_mode_on|break_apn_mms_setting|unseat_sim_card[PERSONA:Hard],telecom_0000,0,363,pending,0,tau2_prep_check_telecom_0000,C:\Users\86132\Desktop\SafeDesk\benchmarks\tau2-bench\data\simulations\tau2_prep_check_telecom_0000\results.json,,2026-07-09T22:52:02
tau2_prep_check,telecom,telecom,none,[mms_issue]airplane_mode_on|break_app_sms_permission|unseat_sim_card[PERSONA:None],telecom_0000,0,364,pending,0,tau2_prep_check_telecom_0000,C:\Users\86132\Desktop\SafeDesk\benchmarks\tau2-bench\data\simulations\tau2_prep_check_telecom_0000\results.json,,2026-07-09T22:52:02
tau2_prep_check,telecom,telecom,none,[mms_issue]airplane_mode_on|break_app_storage_permission|unseat_sim_card[PERSONA:Easy],telecom_0000,0,365,pending,0,tau2_prep_check_telecom_0000,C:\Users\86132\Desktop\SafeDesk\benchmarks\tau2-bench\data\simulations\tau2_prep_check_telecom_0000\results.json,,2026-07-09T22:52:02
tau2_prep_check,telecom,telecom,none,[mms_issue]airplane_mode_on|break_app_both_permissions|unseat_sim_card[PERSONA:Hard],telecom_0000,0,366,pending,0,tau2_prep_check_telecom_0000,C:\Users\86132\Desktop\SafeDesk\benchmarks\tau2-bench\data\simulations\tau2_prep_check_telecom_0000\results.json,,2026-07-09T22:52:02
tau2_prep_check,telecom,telecom,none,[mms_issue]airplane_mode_on|bad_network_preference|data_mode_off[PERSONA:None],telecom_0000,0,367,pending,0,tau2_prep_check_telecom_0000,C:\Users\86132\Desktop\SafeDesk\benchmarks\tau2-bench\data\simulations\tau2_prep_check_telecom_0000\results.json,,2026-07-09T22:52:02
tau2_prep_check,telecom,telecom,none,[mms_issue]airplane_mode_on|bad_wifi_calling|data_mode_off[PERSONA:Easy],telecom_0000,0,368,pending,0,tau2_prep_check_telecom_0000,C:\Users\86132\Desktop\SafeDesk\benchmarks\tau2-bench\data\simulations\tau2_prep_check_telecom_0000\results.json,,2026-07-09T22:52:02
tau2_prep_check,telecom,telecom,none,[mms_issue]airplane_mode_on|break_apn_mms_setting|data_mode_off[PERSONA:Hard],telecom_0000,0,369,pending,0,tau2_prep_check_telecom_0000,C:\Users\86132\Desktop\SafeDesk\benchmarks\tau2-bench\data\simulations\tau2_prep_check_telecom_0000\results.json,,2026-07-09T22:52:02
tau2_prep_check,telecom,telecom,none,[mms_issue]airplane_mode_on|break_app_sms_permission|data_mode_off[PERSONA:None],telecom_0000,0,370,pending,0,tau2_prep_check_telecom_0000,C:\Users\86132\Desktop\SafeDesk\benchmarks\tau2-bench\data\simulations\tau2_prep_check_telecom_0000\results.json,,2026-07-09T22:52:02
tau2_prep_check,telecom,telecom,none,[mms_issue]airplane_mode_on|break_app_storage_permission|data_mode_off[PERSONA:Easy],telecom_0000,0,371,pending,0,tau2_prep_check_telecom_0000,C:\Users\86132\Desktop\SafeDesk\benchmarks\tau2-bench\data\simulations\tau2_prep_check_telecom_0000\results.json,,2026-07-09T22:52:02
tau2_prep_check,telecom,telecom,none,[mms_issue]airplane_mode_on|break_app_both_permissions|data_mode_off[PERSONA:Hard],telecom_0000,0,372,pending,0,tau2_prep_check_telecom_0000,C:\Users\86132\Desktop\SafeDesk\benchmarks\tau2-bench\data\simulations\tau2_prep_check_telecom_0000\results.json,,2026-07-09T22:52:02
tau2_prep_check,telecom,telecom,none,[mms_issue]airplane_mode_on|bad_network_preference|data_usage_exceeded[PERSONA:None],telecom_0000,0,373,pending,0,tau2_prep_check_telecom_0000,C:\Users\86132\Desktop\SafeDesk\benchmarks\tau2-bench\data\simulations\tau2_prep_check_telecom_0000\results.json,,2026-07-09T22:52:02
tau2_prep_check,telecom,telecom,none,[mms_issue]airplane_mode_on|bad_wifi_calling|data_usage_exceeded[PERSONA:Easy],telecom_0000,0,374,pending,0,tau2_prep_check_telecom_0000,C:\Users\86132\Desktop\SafeDesk\benchmarks\tau2-bench\data\simulations\tau2_prep_check_telecom_0000\results.json,,2026-07-09T22:52:02
tau2_prep_check,telecom,telecom,none,[mms_issue]airplane_mode_on|break_apn_mms_setting|data_usage_exceeded[PERSONA:Hard],telecom_0000,0,375,pending,0,tau2_prep_check_telecom_0000,C:\Users\86132\Desktop\SafeDesk\benchmarks\tau2-bench\data\simulations\tau2_prep_check_telecom_0000\results.json,,2026-07-09T22:52:02
tau2_prep_check,telecom,telecom,none,[mms_issue]airplane_mode_on|break_app_sms_permission|data_usage_exceeded[PERSONA:None],telecom_0000,0,376,pending,0,tau2_prep_check_telecom_0000,C:\Users\86132\Desktop\SafeDesk\benchmarks\tau2-bench\data\simulations\tau2_prep_check_telecom_0000\results.json,,2026-07-09T22:52:02
tau2_prep_check,telecom,telecom,none,[mms_issue]airplane_mode_on|break_app_storage_permission|data_usage_exceeded[PERSONA:Easy],telecom_0000,0,377,pending,0,tau2_prep_check_telecom_0000,C:\Users\86132\Desktop\SafeDesk\benchmarks\tau2-bench\data\simulations\tau2_prep_check_telecom_0000\results.json,,2026-07-09T22:52:02
tau2_prep_check,telecom,telecom,none,[mms_issue]airplane_mode_on|break_app_both_permissions|data_usage_exceeded[PERSONA:Hard],telecom_0000,0,378,pending,0,tau2_prep_check_telecom_0000,C:\Users\86132\Desktop\SafeDesk\benchmarks\tau2-bench\data\simulations\tau2_prep_check_telecom_0000\results.json,,2026-07-09T22:52:02
tau2_prep_check,telecom,telecom,none,[mms_issue]airplane_mode_on|bad_network_preference|user_abroad_roaming_enabled_off[PERSONA:None],telecom_0000,0,379,pending,0,tau2_prep_check_telecom_0000,C:\Users\86132\Desktop\SafeDesk\benchmarks\tau2-bench\data\simulations\tau2_prep_check_telecom_0000\results.json,,2026-07-09T22:52:02
tau2_prep_check,telecom,telecom,none,[mms_issue]airplane_mode_on|bad_wifi_calling|user_abroad_roaming_enabled_off[PERSONA:Easy],telecom_0000,0,380,pending,0,tau2_prep_check_telecom_0000,C:\Users\86132\Desktop\SafeDesk\benchmarks\tau2-bench\data\simulations\tau2_prep_check_telecom_0000\results.json,,2026-07-09T22:52:02
tau2_prep_check,telecom,telecom,none,[mms_issue]airplane_mode_on|break_apn_mms_setting|user_abroad_roaming_enabled_off[PERSONA:Hard],telecom_0000,0,381,pending,0,tau2_prep_check_telecom_0000,C:\Users\86132\Desktop\SafeDesk\benchmarks\tau2-bench\data\simulations\tau2_prep_check_telecom_0000\results.json,,2026-07-09T22:52:02
tau2_prep_check,telecom,telecom,none,[mms_issue]airplane_mode_on|break_app_sms_permission|user_abroad_roaming_enabled_off[PERSONA:None],telecom_0000,0,382,pending,0,tau2_prep_check_telecom_0000,C:\Users\86132\Desktop\SafeDesk\benchmarks\tau2-bench\data\simulations\tau2_prep_check_telecom_0000\results.json,,2026-07-09T22:52:02
tau2_prep_check,telecom,telecom,none,[mms_issue]airplane_mode_on|break_app_storage_permission|user_abroad_roaming_enabled_off[PERSONA:Easy],telecom_0000,0,383,pending,0,tau2_prep_check_telecom_0000,C:\Users\86132\Desktop\SafeDesk\benchmarks\tau2-bench\data\simulations\tau2_prep_check_telecom_0000\results.json,,2026-07-09T22:52:02
tau2_prep_check,telecom,telecom,none,[mms_issue]airplane_mode_on|break_app_both_permissions|user_abroad_roaming_enabled_off[PERSONA:Hard],telecom_0000,0,384,pending,0,tau2_prep_check_telecom_0000,C:\Users\86132\Desktop\SafeDesk\benchmarks\tau2-bench\data\simulations\tau2_prep_check_telecom_0000\results.json,,2026-07-09T22:52:02
tau2_prep_check,telecom,telecom,none,[mms_issue]airplane_mode_on|bad_network_preference|user_abroad_roaming_disabled_on[PERSONA:None],telecom_0000,0,385,pending,0,tau2_prep_check_telecom_0000,C:\Users\86132\Desktop\SafeDesk\benchmarks\tau2-bench\data\simulations\tau2_prep_check_telecom_0000\results.json,,2026-07-09T22:52:02
tau2_prep_check,telecom,telecom,none,[mms_issue]airplane_mode_on|bad_wifi_calling|user_abroad_roaming_disabled_on[PERSONA:Easy],telecom_0000,0,386,pending,0,tau2_prep_check_telecom_0000,C:\Users\86132\Desktop\SafeDesk\benchmarks\tau2-bench\data\simulations\tau2_prep_check_telecom_0000\results.json,,2026-07-09T22:52:02
tau2_prep_check,telecom,telecom,none,[mms_issue]airplane_mode_on|break_apn_mms_setting|user_abroad_roaming_disabled_on[PERSONA:Hard],telecom_0000,0,387,pending,0,tau2_prep_check_telecom_0000,C:\Users\86132\Desktop\SafeDesk\benchmarks\tau2-bench\data\simulations\tau2_prep_check_telecom_0000\results.json,,2026-07-09T22:52:02
tau2_prep_check,telecom,telecom,none,[mms_issue]airplane_mode_on|break_app_sms_permission|user_abroad_roaming_disabled_on[PERSONA:None],telecom_0000,0,388,pending,0,tau2_prep_check_telecom_0000,C:\Users\86132\Desktop\SafeDesk\benchmarks\tau2-bench\data\simulations\tau2_prep_check_telecom_0000\results.json,,2026-07-09T22:52:02
tau2_prep_check,telecom,telecom,none,[mms_issue]airplane_mode_on|break_app_storage_permission|user_abroad_roaming_disabled_on[PERSONA:Easy],telecom_0000,0,389,pending,0,tau2_prep_check_telecom_0000,C:\Users\86132\Desktop\SafeDesk\benchmarks\tau2-bench\data\simulations\tau2_prep_check_telecom_0000\results.json,,2026-07-09T22:52:02
tau2_prep_check,telecom,telecom,none,[mms_issue]airplane_mode_on|break_app_both_permissions|user_abroad_roaming_disabled_on[PERSONA:Hard],telecom_0000,0,390,pending,0,tau2_prep_check_telecom_0000,C:\Users\86132\Desktop\SafeDesk\benchmarks\tau2-bench\data\simulations\tau2_prep_check_telecom_0000\results.json,,2026-07-09T22:52:02
tau2_prep_check,telecom,telecom,none,[mms_issue]airplane_mode_on|bad_network_preference|user_abroad_roaming_disabled_off[PERSONA:None],telecom_0000,0,391,pending,0,tau2_prep_check_telecom_0000,C:\Users\86132\Desktop\SafeDesk\benchmarks\tau2-bench\data\simulations\tau2_prep_check_telecom_0000\results.json,,2026-07-09T22:52:02
tau2_prep_check,telecom,telecom,none,[mms_issue]airplane_mode_on|bad_wifi_calling|user_abroad_roaming_disabled_off[PERSONA:Easy],telecom_0000,0,392,pending,0,tau2_prep_check_telecom_0000,C:\Users\86132\Desktop\SafeDesk\benchmarks\tau2-bench\data\simulations\tau2_prep_check_telecom_0000\results.json,,2026-07-09T22:52:02
tau2_prep_check,telecom,telecom,none,[mms_issue]airplane_mode_on|break_apn_mms_setting|user_abroad_roaming_disabled_off[PERSONA:Hard],telecom_0000,0,393,pending,0,tau2_prep_check_telecom_0000,C:\Users\86132\Desktop\SafeDesk\benchmarks\tau2-bench\data\simulations\tau2_prep_check_telecom_0000\results.json,,2026-07-09T22:52:02
tau2_prep_check,telecom,telecom,none,[mms_issue]airplane_mode_on|break_app_sms_permission|user_abroad_roaming_disabled_off[PERSONA:None],telecom_0000,0,394,pending,0,tau2_prep_check_telecom_0000,C:\Users\86132\Desktop\SafeDesk\benchmarks\tau2-bench\data\simulations\tau2_prep_check_telecom_0000\results.json,,2026-07-09T22:52:02
tau2_prep_check,telecom,telecom,none,[mms_issue]airplane_mode_on|break_app_storage_permission|user_abroad_roaming_disabled_off[PERSONA:Easy],telecom_0000,0,395,pending,0,tau2_prep_check_telecom_0000,C:\Users\86132\Desktop\SafeDesk\benchmarks\tau2-bench\data\simulations\tau2_prep_check_telecom_0000\results.json,,2026-07-09T22:52:02
tau2_prep_check,telecom,telecom,none,[mms_issue]airplane_mode_on|break_app_both_permissions|user_abroad_roaming_disabled_off[PERSONA:Hard],telecom_0000,0,396,pending,0,tau2_prep_check_telecom_0000,C:\Users\86132\Desktop\SafeDesk\benchmarks\tau2-bench\data\simulations\tau2_prep_check_telecom_0000\results.json,,2026-07-09T22:52:02
tau2_prep_check,telecom,telecom,none,[mms_issue]airplane_mode_on|bad_network_preference|bad_wifi_calling[PERSONA:None],telecom_0000,0,397,pending,0,tau2_prep_check_telecom_0000,C:\Users\86132\Desktop\SafeDesk\benchmarks\tau2-bench\data\simulations\tau2_prep_check_telecom_0000\results.json,,2026-07-09T22:52:02
tau2_prep_check,telecom,telecom,none,[mms_issue]airplane_mode_on|bad_network_preference|break_apn_mms_setting[PERSONA:Easy],telecom_0000,0,398,pending,0,tau2_prep_check_telecom_0000,C:\Users\86132\Desktop\SafeDesk\benchmarks\tau2-bench\data\simulations\tau2_prep_check_telecom_0000\results.json,,2026-07-09T22:52:02
tau2_prep_check,telecom,telecom,none,[mms_issue]airplane_mode_on|bad_network_preference|break_app_sms_permission[PERSONA:Hard],telecom_0000,0,399,pending,0,tau2_prep_check_telecom_0000,C:\Users\86132\Desktop\SafeDesk\benchmarks\tau2-bench\data\simulations\tau2_prep_check_telecom_0000\results.json,,2026-07-09T22:52:02
tau2_prep_check,telecom,telecom,none,[mms_issue]airplane_mode_on|bad_network_preference|break_app_storage_permission[PERSONA:None],telecom_0000,0,400,pending,0,tau2_prep_check_telecom_0000,C:\Users\86132\Desktop\SafeDesk\benchmarks\tau2-bench\data\simulations\tau2_prep_check_telecom_0000\results.json,,2026-07-09T22:52:02
tau2_prep_check,telecom,telecom,none,[mms_issue]airplane_mode_on|bad_network_preference|break_app_both_permissions[PERSONA:Easy],telecom_0000,0,401,pending,0,tau2_prep_check_telecom_0000,C:\Users\86132\Desktop\SafeDesk\benchmarks\tau2-bench\data\simulations\tau2_prep_check_telecom_0000\results.json,,2026-07-09T22:52:02
tau2_prep_check,telecom,telecom,none,[mms_issue]airplane_mode_on|bad_wifi_calling|break_apn_mms_setting[PERSONA:Hard],telecom_0000,0,402,pending,0,tau2_prep_check_telecom_0000,C:\Users\86132\Desktop\SafeDesk\benchmarks\tau2-bench\data\simulations\tau2_prep_check_telecom_0000\results.json,,2026-07-09T22:52:02
tau2_prep_check,telecom,telecom,none,[mms_issue]airplane_mode_on|bad_wifi_calling|break_app_sms_permission[PERSONA:None],telecom_0000,0,403,pending,0,tau2_prep_check_telecom_0000,C:\Users\86132\Desktop\SafeDesk\benchmarks\tau2-bench\data\simulations\tau2_prep_check_telecom_0000\results.json,,2026-07-09T22:52:02
tau2_prep_check,telecom,telecom,none,[mms_issue]airplane_mode_on|bad_wifi_calling|break_app_storage_permission[PERSONA:Easy],telecom_0000,0,404,pending,0,tau2_prep_check_telecom_0000,C:\Users\86132\Desktop\SafeDesk\benchmarks\tau2-bench\data\simulations\tau2_prep_check_telecom_0000\results.json,,2026-07-09T22:52:02
tau2_prep_check,telecom,telecom,none,[mms_issue]airplane_mode_on|bad_wifi_calling|break_app_both_permissions[PERSONA:Hard],telecom_0000,0,405,pending,0,tau2_prep_check_telecom_0000,C:\Users\86132\Desktop\SafeDesk\benchmarks\tau2-bench\data\simulations\tau2_prep_check_telecom_0000\results.json,,2026-07-09T22:52:02
tau2_prep_check,telecom,telecom,none,[mms_issue]airplane_mode_on|break_apn_mms_setting|break_app_sms_permission[PERSONA:None],telecom_0000,0,406,pending,0,tau2_prep_check_telecom_0000,C:\Users\86132\Desktop\SafeDesk\benchmarks\tau2-bench\data\simulations\tau2_prep_check_telecom_0000\results.json,,2026-07-09T22:52:02
tau2_prep_check,telecom,telecom,none,[mms_issue]airplane_mode_on|break_apn_mms_setting|break_app_storage_permission[PERSONA:Easy],telecom_0000,0,407,pending,0,tau2_prep_check_telecom_0000,C:\Users\86132\Desktop\SafeDesk\benchmarks\tau2-bench\data\simulations\tau2_prep_check_telecom_0000\results.json,,2026-07-09T22:52:02
tau2_prep_check,telecom,telecom,none,[mms_issue]airplane_mode_on|break_apn_mms_setting|break_app_both_permissions[PERSONA:Hard],telecom_0000,0,408,pending,0,tau2_prep_check_telecom_0000,C:\Users\86132\Desktop\SafeDesk\benchmarks\tau2-bench\data\simulations\tau2_prep_check_telecom_0000\results.json,,2026-07-09T22:52:02
tau2_prep_check,telecom,telecom,none,[mms_issue]bad_network_preference|data_mode_off|unseat_sim_card[PERSONA:None],telecom_0000,0,409,pending,0,tau2_prep_check_telecom_0000,C:\Users\86132\Desktop\SafeDesk\benchmarks\tau2-bench\data\simulations\tau2_prep_check_telecom_0000\results.json,,2026-07-09T22:52:02
tau2_prep_check,telecom,telecom,none,[mms_issue]bad_wifi_calling|data_mode_off|unseat_sim_card[PERSONA:Easy],telecom_0000,0,410,pending,0,tau2_prep_check_telecom_0000,C:\Users\86132\Desktop\SafeDesk\benchmarks\tau2-bench\data\simulations\tau2_prep_check_telecom_0000\results.json,,2026-07-09T22:52:02
tau2_prep_check,telecom,telecom,none,[mms_issue]break_apn_mms_setting|data_mode_off|unseat_sim_card[PERSONA:Hard],telecom_0000,0,411,pending,0,tau2_prep_check_telecom_0000,C:\Users\86132\Desktop\SafeDesk\benchmarks\tau2-bench\data\simulations\tau2_prep_check_telecom_0000\results.json,,2026-07-09T22:52:02
tau2_prep_check,telecom,telecom,none,[mms_issue]break_app_sms_permission|data_mode_off|unseat_sim_card[PERSONA:None],telecom_0000,0,412,pending,0,tau2_prep_check_telecom_0000,C:\Users\86132\Desktop\SafeDesk\benchmarks\tau2-bench\data\simulations\tau2_prep_check_telecom_0000\results.json,,2026-07-09T22:52:02
tau2_prep_check,telecom,telecom,none,[mms_issue]break_app_storage_permission|data_mode_off|unseat_sim_card[PERSONA:Easy],telecom_0000,0,413,pending,0,tau2_prep_check_telecom_0000,C:\Users\86132\Desktop\SafeDesk\benchmarks\tau2-bench\data\simulations\tau2_prep_check_telecom_0000\results.json,,2026-07-09T22:52:02
tau2_prep_check,telecom,telecom,none,[mms_issue]break_app_both_permissions|data_mode_off|unseat_sim_card[PERSONA:Hard],telecom_0000,0,414,pending,0,tau2_prep_check_telecom_0000,C:\Users\86132\Desktop\SafeDesk\benchmarks\tau2-bench\data\simulations\tau2_prep_check_telecom_0000\results.json,,2026-07-09T22:52:02
tau2_prep_check,telecom,telecom,none,[mms_issue]bad_network_preference|data_usage_exceeded|unseat_sim_card[PERSONA:None],telecom_0000,0,415,pending,0,tau2_prep_check_telecom_0000,C:\Users\86132\Desktop\SafeDesk\benchmarks\tau2-bench\data\simulations\tau2_prep_check_telecom_0000\results.json,,2026-07-09T22:52:02
tau2_prep_check,telecom,telecom,none,[mms_issue]bad_wifi_calling|data_usage_exceeded|unseat_sim_card[PERSONA:Easy],telecom_0000,0,416,pending,0,tau2_prep_check_telecom_0000,C:\Users\86132\Desktop\SafeDesk\benchmarks\tau2-bench\data\simulations\tau2_prep_check_telecom_0000\results.json,,2026-07-09T22:52:02
tau2_prep_check,telecom,telecom,none,[mms_issue]break_apn_mms_setting|data_usage_exceeded|unseat_sim_card[PERSONA:Hard],telecom_0000,0,417,pending,0,tau2_prep_check_telecom_0000,C:\Users\86132\Desktop\SafeDesk\benchmarks\tau2-bench\data\simulations\tau2_prep_check_telecom_0000\results.json,,2026-07-09T22:52:02
tau2_prep_check,telecom,telecom,none,[mms_issue]break_app_sms_permission|data_usage_exceeded|unseat_sim_card[PERSONA:None],telecom_0000,0,418,pending,0,tau2_prep_check_telecom_0000,C:\Users\86132\Desktop\SafeDesk\benchmarks\tau2-bench\data\simulations\tau2_prep_check_telecom_0000\results.json,,2026-07-09T22:52:02
tau2_prep_check,telecom,telecom,none,[mms_issue]break_app_storage_permission|data_usage_exceeded|unseat_sim_card[PERSONA:Easy],telecom_0000,0,419,pending,0,tau2_prep_check_telecom_0000,C:\Users\86132\Desktop\SafeDesk\benchmarks\tau2-bench\data\simulations\tau2_prep_check_telecom_0000\results.json,,2026-07-09T22:52:02
tau2_prep_check,telecom,telecom,none,[mms_issue]break_app_both_permissions|data_usage_exceeded|unseat_sim_card[PERSONA:Hard],telecom_0000,0,420,pending,0,tau2_prep_check_telecom_0000,C:\Users\86132\Desktop\SafeDesk\benchmarks\tau2-bench\data\simulations\tau2_prep_check_telecom_0000\results.json,,2026-07-09T22:52:02
tau2_prep_check,telecom,telecom,none,[mms_issue]bad_network_preference|unseat_sim_card|user_abroad_roaming_enabled_off[PERSONA:None],telecom_0000,0,421,pending,0,tau2_prep_check_telecom_0000,C:\Users\86132\Desktop\SafeDesk\benchmarks\tau2-bench\data\simulations\tau2_prep_check_telecom_0000\results.json,,2026-07-09T22:52:02
tau2_prep_check,telecom,telecom,none,[mms_issue]bad_wifi_calling|unseat_sim_card|user_abroad_roaming_enabled_off[PERSONA:Easy],telecom_0000,0,422,pending,0,tau2_prep_check_telecom_0000,C:\Users\86132\Desktop\SafeDesk\benchmarks\tau2-bench\data\simulations\tau2_prep_check_telecom_0000\results.json,,2026-07-09T22:52:02
tau2_prep_check,telecom,telecom,none,[mms_issue]break_apn_mms_setting|unseat_sim_card|user_abroad_roaming_enabled_off[PERSONA:Hard],telecom_0000,0,423,pending,0,tau2_prep_check_telecom_0000,C:\Users\86132\Desktop\SafeDesk\benchmarks\tau2-bench\data\simulations\tau2_prep_check_telecom_0000\results.json,,2026-07-09T22:52:02
tau2_prep_check,telecom,telecom,none,[mms_issue]break_app_sms_permission|unseat_sim_card|user_abroad_roaming_enabled_off[PERSONA:None],telecom_0000,0,424,pending,0,tau2_prep_check_telecom_0000,C:\Users\86132\Desktop\SafeDesk\benchmarks\tau2-bench\data\simulations\tau2_prep_check_telecom_0000\results.json,,2026-07-09T22:52:02
tau2_prep_check,telecom,telecom,none,[mms_issue]break_app_storage_permission|unseat_sim_card|user_abroad_roaming_enabled_off[PERSONA:Easy],telecom_0000,0,425,pending,0,tau2_prep_check_telecom_0000,C:\Users\86132\Desktop\SafeDesk\benchmarks\tau2-bench\data\simulations\tau2_prep_check_telecom_0000\results.json,,2026-07-09T22:52:02
tau2_prep_check,telecom,telecom,none,[mms_issue]break_app_both_permissions|unseat_sim_card|user_abroad_roaming_enabled_off[PERSONA:Hard],telecom_0000,0,426,pending,0,tau2_prep_check_telecom_0000,C:\Users\86132\Desktop\SafeDesk\benchmarks\tau2-bench\data\simulations\tau2_prep_check_telecom_0000\results.json,,2026-07-09T22:52:02
tau2_prep_check,telecom,telecom,none,[mms_issue]bad_network_preference|unseat_sim_card|user_abroad_roaming_disabled_on[PERSONA:None],telecom_0000,0,427,pending,0,tau2_prep_check_telecom_0000,C:\Users\86132\Desktop\SafeDesk\benchmarks\tau2-bench\data\simulations\tau2_prep_check_telecom_0000\results.json,,2026-07-09T22:52:02
tau2_prep_check,telecom,telecom,none,[mms_issue]bad_wifi_calling|unseat_sim_card|user_abroad_roaming_disabled_on[PERSONA:Easy],telecom_0000,0,428,pending,0,tau2_prep_check_telecom_0000,C:\Users\86132\Desktop\SafeDesk\benchmarks\tau2-bench\data\simulations\tau2_prep_check_telecom_0000\results.json,,2026-07-09T22:52:02
tau2_prep_check,telecom,telecom,none,[mms_issue]break_apn_mms_setting|unseat_sim_card|user_abroad_roaming_disabled_on[PERSONA:Hard],telecom_0000,0,429,pending,0,tau2_prep_check_telecom_0000,C:\Users\86132\Desktop\SafeDesk\benchmarks\tau2-bench\data\simulations\tau2_prep_check_telecom_0000\results.json,,2026-07-09T22:52:02
tau2_prep_check,telecom,telecom,none,[mms_issue]break_app_sms_permission|unseat_sim_card|user_abroad_roaming_disabled_on[PERSONA:None],telecom_0000,0,430,pending,0,tau2_prep_check_telecom_0000,C:\Users\86132\Desktop\SafeDesk\benchmarks\tau2-bench\data\simulations\tau2_prep_check_telecom_0000\results.json,,2026-07-09T22:52:02
tau2_prep_check,telecom,telecom,none,[mms_issue]break_app_storage_permission|unseat_sim_card|user_abroad_roaming_disabled_on[PERSONA:Easy],telecom_0000,0,431,pending,0,tau2_prep_check_telecom_0000,C:\Users\86132\Desktop\SafeDesk\benchmarks\tau2-bench\data\simulations\tau2_prep_check_telecom_0000\results.json,,2026-07-09T22:52:02
tau2_prep_check,telecom,telecom,none,[mms_issue]break_app_both_permissions|unseat_sim_card|user_abroad_roaming_disabled_on[PERSONA:Hard],telecom_0000,0,432,pending,0,tau2_prep_check_telecom_0000,C:\Users\86132\Desktop\SafeDesk\benchmarks\tau2-bench\data\simulations\tau2_prep_check_telecom_0000\results.json,,2026-07-09T22:52:02
tau2_prep_check,telecom,telecom,none,[mms_issue]bad_network_preference|unseat_sim_card|user_abroad_roaming_disabled_off[PERSONA:None],telecom_0000,0,433,pending,0,tau2_prep_check_telecom_0000,C:\Users\86132\Desktop\SafeDesk\benchmarks\tau2-bench\data\simulations\tau2_prep_check_telecom_0000\results.json,,2026-07-09T22:52:02
tau2_prep_check,telecom,telecom,none,[mms_issue]bad_wifi_calling|unseat_sim_card|user_abroad_roaming_disabled_off[PERSONA:Easy],telecom_0000,0,434,pending,0,tau2_prep_check_telecom_0000,C:\Users\86132\Desktop\SafeDesk\benchmarks\tau2-bench\data\simulations\tau2_prep_check_telecom_0000\results.json,,2026-07-09T22:52:02
tau2_prep_check,telecom,telecom,none,[mms_issue]break_apn_mms_setting|unseat_sim_card|user_abroad_roaming_disabled_off[PERSONA:Hard],telecom_0000,0,435,pending,0,tau2_prep_check_telecom_0000,C:\Users\86132\Desktop\SafeDesk\benchmarks\tau2-bench\data\simulations\tau2_prep_check_telecom_0000\results.json,,2026-07-09T22:52:02
tau2_prep_check,telecom,telecom,none,[mms_issue]break_app_sms_permission|unseat_sim_card|user_abroad_roaming_disabled_off[PERSONA:None],telecom_0000,0,436,pending,0,tau2_prep_check_telecom_0000,C:\Users\86132\Desktop\SafeDesk\benchmarks\tau2-bench\data\simulations\tau2_prep_check_telecom_0000\results.json,,2026-07-09T22:52:02
tau2_prep_check,telecom,telecom,none,[mms_issue]break_app_storage_permission|unseat_sim_card|user_abroad_roaming_disabled_off[PERSONA:Easy],telecom_0000,0,437,pending,0,tau2_prep_check_telecom_0000,C:\Users\86132\Desktop\SafeDesk\benchmarks\tau2-bench\data\simulations\tau2_prep_check_telecom_0000\results.json,,2026-07-09T22:52:02
tau2_prep_check,telecom,telecom,none,[mms_issue]break_app_both_permissions|unseat_sim_card|user_abroad_roaming_disabled_off[PERSONA:Hard],telecom_0000,0,438,pending,0,tau2_prep_check_telecom_0000,C:\Users\86132\Desktop\SafeDesk\benchmarks\tau2-bench\data\simulations\tau2_prep_check_telecom_0000\results.json,,2026-07-09T22:52:02
tau2_prep_check,telecom,telecom,none,[mms_issue]bad_network_preference|bad_wifi_calling|unseat_sim_card[PERSONA:None],telecom_0000,0,439,pending,0,tau2_prep_check_telecom_0000,C:\Users\86132\Desktop\SafeDesk\benchmarks\tau2-bench\data\simulations\tau2_prep_check_telecom_0000\results.json,,2026-07-09T22:52:02
tau2_prep_check,telecom,telecom,none,[mms_issue]bad_network_preference|break_apn_mms_setting|unseat_sim_card[PERSONA:Easy],telecom_0000,0,440,pending,0,tau2_prep_check_telecom_0000,C:\Users\86132\Desktop\SafeDesk\benchmarks\tau2-bench\data\simulations\tau2_prep_check_telecom_0000\results.json,,2026-07-09T22:52:02
tau2_prep_check,telecom,telecom,none,[mms_issue]bad_network_preference|break_app_sms_permission|unseat_sim_card[PERSONA:Hard],telecom_0000,0,441,pending,0,tau2_prep_check_telecom_0000,C:\Users\86132\Desktop\SafeDesk\benchmarks\tau2-bench\data\simulations\tau2_prep_check_telecom_0000\results.json,,2026-07-09T22:52:02
tau2_prep_check,telecom,telecom,none,[mms_issue]bad_network_preference|break_app_storage_permission|unseat_sim_card[PERSONA:None],telecom_0000,0,442,pending,0,tau2_prep_check_telecom_0000,C:\Users\86132\Desktop\SafeDesk\benchmarks\tau2-bench\data\simulations\tau2_prep_check_telecom_0000\results.json,,2026-07-09T22:52:02
tau2_prep_check,telecom,telecom,none,[mms_issue]bad_network_preference|break_app_both_permissions|unseat_sim_card[PERSONA:Easy],telecom_0000,0,443,pending,0,tau2_prep_check_telecom_0000,C:\Users\86132\Desktop\SafeDesk\benchmarks\tau2-bench\data\simulations\tau2_prep_check_telecom_0000\results.json,,2026-07-09T22:52:02
tau2_prep_check,telecom,telecom,none,[mms_issue]bad_wifi_calling|break_apn_mms_setting|unseat_sim_card[PERSONA:Hard],telecom_0000,0,444,pending,0,tau2_prep_check_telecom_0000,C:\Users\86132\Desktop\SafeDesk\benchmarks\tau2-bench\data\simulations\tau2_prep_check_telecom_0000\results.json,,2026-07-09T22:52:02
tau2_prep_check,telecom,telecom,none,[mms_issue]bad_wifi_calling|break_app_sms_permission|unseat_sim_card[PERSONA:None],telecom_0000,0,445,pending,0,tau2_prep_check_telecom_0000,C:\Users\86132\Desktop\SafeDesk\benchmarks\tau2-bench\data\simulations\tau2_prep_check_telecom_0000\results.json,,2026-07-09T22:52:02
tau2_prep_check,telecom,telecom,none,[mms_issue]bad_wifi_calling|break_app_storage_permission|unseat_sim_card[PERSONA:Easy],telecom_0000,0,446,pending,0,tau2_prep_check_telecom_0000,C:\Users\86132\Desktop\SafeDesk\benchmarks\tau2-bench\data\simulations\tau2_prep_check_telecom_0000\results.json,,2026-07-09T22:52:02
tau2_prep_check,telecom,telecom,none,[mms_issue]bad_wifi_calling|break_app_both_permissions|unseat_sim_card[PERSONA:Hard],telecom_0000,0,447,pending,0,tau2_prep_check_telecom_0000,C:\Users\86132\Desktop\SafeDesk\benchmarks\tau2-bench\data\simulations\tau2_prep_check_telecom_0000\results.json,,2026-07-09T22:52:02
tau2_prep_check,telecom,telecom,none,[mms_issue]break_apn_mms_setting|break_app_sms_permission|unseat_sim_card[PERSONA:None],telecom_0000,0,448,pending,0,tau2_prep_check_telecom_0000,C:\Users\86132\Desktop\SafeDesk\benchmarks\tau2-bench\data\simulations\tau2_prep_check_telecom_0000\results.json,,2026-07-09T22:52:02
tau2_prep_check,telecom,telecom,none,[mms_issue]break_apn_mms_setting|break_app_storage_permission|unseat_sim_card[PERSONA:Easy],telecom_0000,0,449,pending,0,tau2_prep_check_telecom_0000,C:\Users\86132\Desktop\SafeDesk\benchmarks\tau2-bench\data\simulations\tau2_prep_check_telecom_0000\results.json,,2026-07-09T22:52:02
tau2_prep_check,telecom,telecom,none,[mms_issue]break_apn_mms_setting|break_app_both_permissions|unseat_sim_card[PERSONA:Hard],telecom_0000,0,450,pending,0,tau2_prep_check_telecom_0000,C:\Users\86132\Desktop\SafeDesk\benchmarks\tau2-bench\data\simulations\tau2_prep_check_telecom_0000\results.json,,2026-07-09T22:52:02
tau2_prep_check,telecom,telecom,none,[mms_issue]bad_network_preference|data_mode_off|data_usage_exceeded[PERSONA:None],telecom_0000,0,451,pending,0,tau2_prep_check_telecom_0000,C:\Users\86132\Desktop\SafeDesk\benchmarks\tau2-bench\data\simulations\tau2_prep_check_telecom_0000\results.json,,2026-07-09T22:52:02
tau2_prep_check,telecom,telecom,none,[mms_issue]bad_wifi_calling|data_mode_off|data_usage_exceeded[PERSONA:Easy],telecom_0000,0,452,pending,0,tau2_prep_check_telecom_0000,C:\Users\86132\Desktop\SafeDesk\benchmarks\tau2-bench\data\simulations\tau2_prep_check_telecom_0000\results.json,,2026-07-09T22:52:02
tau2_prep_check,telecom,telecom,none,[mms_issue]break_apn_mms_setting|data_mode_off|data_usage_exceeded[PERSONA:Hard],telecom_0000,0,453,pending,0,tau2_prep_check_telecom_0000,C:\Users\86132\Desktop\SafeDesk\benchmarks\tau2-bench\data\simulations\tau2_prep_check_telecom_0000\results.json,,2026-07-09T22:52:02
tau2_prep_check,telecom,telecom,none,[mms_issue]break_app_sms_permission|data_mode_off|data_usage_exceeded[PERSONA:None],telecom_0000,0,454,pending,0,tau2_prep_check_telecom_0000,C:\Users\86132\Desktop\SafeDesk\benchmarks\tau2-bench\data\simulations\tau2_prep_check_telecom_0000\results.json,,2026-07-09T22:52:02
tau2_prep_check,telecom,telecom,none,[mms_issue]break_app_storage_permission|data_mode_off|data_usage_exceeded[PERSONA:Easy],telecom_0000,0,455,pending,0,tau2_prep_check_telecom_0000,C:\Users\86132\Desktop\SafeDesk\benchmarks\tau2-bench\data\simulations\tau2_prep_check_telecom_0000\results.json,,2026-07-09T22:52:02
tau2_prep_check,telecom,telecom,none,[mms_issue]break_app_both_permissions|data_mode_off|data_usage_exceeded[PERSONA:Hard],telecom_0000,0,456,pending,0,tau2_prep_check_telecom_0000,C:\Users\86132\Desktop\SafeDesk\benchmarks\tau2-bench\data\simulations\tau2_prep_check_telecom_0000\results.json,,2026-07-09T22:52:02
tau2_prep_check,telecom,telecom,none,[mms_issue]bad_network_preference|data_mode_off|user_abroad_roaming_enabled_off[PERSONA:None],telecom_0000,0,457,pending,0,tau2_prep_check_telecom_0000,C:\Users\86132\Desktop\SafeDesk\benchmarks\tau2-bench\data\simulations\tau2_prep_check_telecom_0000\results.json,,2026-07-09T22:52:02
tau2_prep_check,telecom,telecom,none,[mms_issue]bad_wifi_calling|data_mode_off|user_abroad_roaming_enabled_off[PERSONA:Easy],telecom_0000,0,458,pending,0,tau2_prep_check_telecom_0000,C:\Users\86132\Desktop\SafeDesk\benchmarks\tau2-bench\data\simulations\tau2_prep_check_telecom_0000\results.json,,2026-07-09T22:52:02
tau2_prep_check,telecom,telecom,none,[mms_issue]break_apn_mms_setting|data_mode_off|user_abroad_roaming_enabled_off[PERSONA:Hard],telecom_0000,0,459,pending,0,tau2_prep_check_telecom_0000,C:\Users\86132\Desktop\SafeDesk\benchmarks\tau2-bench\data\simulations\tau2_prep_check_telecom_0000\results.json,,2026-07-09T22:52:02
tau2_prep_check,telecom,telecom,none,[mms_issue]break_app_sms_permission|data_mode_off|user_abroad_roaming_enabled_off[PERSONA:None],telecom_0000,0,460,pending,0,tau2_prep_check_telecom_0000,C:\Users\86132\Desktop\SafeDesk\benchmarks\tau2-bench\data\simulations\tau2_prep_check_telecom_0000\results.json,,2026-07-09T22:52:02
tau2_prep_check,telecom,telecom,none,[mms_issue]break_app_storage_permission|data_mode_off|user_abroad_roaming_enabled_off[PERSONA:Easy],telecom_0000,0,461,pending,0,tau2_prep_check_telecom_0000,C:\Users\86132\Desktop\SafeDesk\benchmarks\tau2-bench\data\simulations\tau2_prep_check_telecom_0000\results.json,,2026-07-09T22:52:02
tau2_prep_check,telecom,telecom,none,[mms_issue]break_app_both_permissions|data_mode_off|user_abroad_roaming_enabled_off[PERSONA:Hard],telecom_0000,0,462,pending,0,tau2_prep_check_telecom_0000,C:\Users\86132\Desktop\SafeDesk\benchmarks\tau2-bench\data\simulations\tau2_prep_check_telecom_0000\results.json,,2026-07-09T22:52:02
tau2_prep_check,telecom,telecom,none,[mms_issue]bad_network_preference|data_mode_off|user_abroad_roaming_disabled_on[PERSONA:None],telecom_0000,0,463,pending,0,tau2_prep_check_telecom_0000,C:\Users\86132\Desktop\SafeDesk\benchmarks\tau2-bench\data\simulations\tau2_prep_check_telecom_0000\results.json,,2026-07-09T22:52:02
tau2_prep_check,telecom,telecom,none,[mms_issue]bad_wifi_calling|data_mode_off|user_abroad_roaming_disabled_on[PERSONA:Easy],telecom_0000,0,464,pending,0,tau2_prep_check_telecom_0000,C:\Users\86132\Desktop\SafeDesk\benchmarks\tau2-bench\data\simulations\tau2_prep_check_telecom_0000\results.json,,2026-07-09T22:52:02
tau2_prep_check,telecom,telecom,none,[mms_issue]break_apn_mms_setting|data_mode_off|user_abroad_roaming_disabled_on[PERSONA:Hard],telecom_0000,0,465,pending,0,tau2_prep_check_telecom_0000,C:\Users\86132\Desktop\SafeDesk\benchmarks\tau2-bench\data\simulations\tau2_prep_check_telecom_0000\results.json,,2026-07-09T22:52:02
tau2_prep_check,telecom,telecom,none,[mms_issue]break_app_sms_permission|data_mode_off|user_abroad_roaming_disabled_on[PERSONA:None],telecom_0000,0,466,pending,0,tau2_prep_check_telecom_0000,C:\Users\86132\Desktop\SafeDesk\benchmarks\tau2-bench\data\simulations\tau2_prep_check_telecom_0000\results.json,,2026-07-09T22:52:02
tau2_prep_check,telecom,telecom,none,[mms_issue]break_app_storage_permission|data_mode_off|user_abroad_roaming_disabled_on[PERSONA:Easy],telecom_0000,0,467,pending,0,tau2_prep_check_telecom_0000,C:\Users\86132\Desktop\SafeDesk\benchmarks\tau2-bench\data\simulations\tau2_prep_check_telecom_0000\results.json,,2026-07-09T22:52:02
tau2_prep_check,telecom,telecom,none,[mms_issue]break_app_both_permissions|data_mode_off|user_abroad_roaming_disabled_on[PERSONA:Hard],telecom_0000,0,468,pending,0,tau2_prep_check_telecom_0000,C:\Users\86132\Desktop\SafeDesk\benchmarks\tau2-bench\data\simulations\tau2_prep_check_telecom_0000\results.json,,2026-07-09T22:52:02
tau2_prep_check,telecom,telecom,none,[mms_issue]bad_network_preference|data_mode_off|user_abroad_roaming_disabled_off[PERSONA:None],telecom_0000,0,469,pending,0,tau2_prep_check_telecom_0000,C:\Users\86132\Desktop\SafeDesk\benchmarks\tau2-bench\data\simulations\tau2_prep_check_telecom_0000\results.json,,2026-07-09T22:52:02
tau2_prep_check,telecom,telecom,none,[mms_issue]bad_wifi_calling|data_mode_off|user_abroad_roaming_disabled_off[PERSONA:Easy],telecom_0000,0,470,pending,0,tau2_prep_check_telecom_0000,C:\Users\86132\Desktop\SafeDesk\benchmarks\tau2-bench\data\simulations\tau2_prep_check_telecom_0000\results.json,,2026-07-09T22:52:02
tau2_prep_check,telecom,telecom,none,[mms_issue]break_apn_mms_setting|data_mode_off|user_abroad_roaming_disabled_off[PERSONA:Hard],telecom_0000,0,471,pending,0,tau2_prep_check_telecom_0000,C:\Users\86132\Desktop\SafeDesk\benchmarks\tau2-bench\data\simulations\tau2_prep_check_telecom_0000\results.json,,2026-07-09T22:52:02
tau2_prep_check,telecom,telecom,none,[mms_issue]break_app_sms_permission|data_mode_off|user_abroad_roaming_disabled_off[PERSONA:None],telecom_0000,0,472,pending,0,tau2_prep_check_telecom_0000,C:\Users\86132\Desktop\SafeDesk\benchmarks\tau2-bench\data\simulations\tau2_prep_check_telecom_0000\results.json,,2026-07-09T22:52:02
tau2_prep_check,telecom,telecom,none,[mms_issue]break_app_storage_permission|data_mode_off|user_abroad_roaming_disabled_off[PERSONA:Easy],telecom_0000,0,473,pending,0,tau2_prep_check_telecom_0000,C:\Users\86132\Desktop\SafeDesk\benchmarks\tau2-bench\data\simulations\tau2_prep_check_telecom_0000\results.json,,2026-07-09T22:52:02
tau2_prep_check,telecom,telecom,none,[mms_issue]break_app_both_permissions|data_mode_off|user_abroad_roaming_disabled_off[PERSONA:Hard],telecom_0000,0,474,pending,0,tau2_prep_check_telecom_0000,C:\Users\86132\Desktop\SafeDesk\benchmarks\tau2-bench\data\simulations\tau2_prep_check_telecom_0000\results.json,,2026-07-09T22:52:02
tau2_prep_check,telecom,telecom,none,[mms_issue]bad_network_preference|bad_wifi_calling|data_mode_off[PERSONA:None],telecom_0000,0,475,pending,0,tau2_prep_check_telecom_0000,C:\Users\86132\Desktop\SafeDesk\benchmarks\tau2-bench\data\simulations\tau2_prep_check_telecom_0000\results.json,,2026-07-09T22:52:02
tau2_prep_check,telecom,telecom,none,[mms_issue]bad_network_preference|break_apn_mms_setting|data_mode_off[PERSONA:Easy],telecom_0000,0,476,pending,0,tau2_prep_check_telecom_0000,C:\Users\86132\Desktop\SafeDesk\benchmarks\tau2-bench\data\simulations\tau2_prep_check_telecom_0000\results.json,,2026-07-09T22:52:02
tau2_prep_check,telecom,telecom,none,[mms_issue]bad_network_preference|break_app_sms_permission|data_mode_off[PERSONA:Hard],telecom_0000,0,477,pending,0,tau2_prep_check_telecom_0000,C:\Users\86132\Desktop\SafeDesk\benchmarks\tau2-bench\data\simulations\tau2_prep_check_telecom_0000\results.json,,2026-07-09T22:52:02
tau2_prep_check,telecom,telecom,none,[mms_issue]bad_network_preference|break_app_storage_permission|data_mode_off[PERSONA:None],telecom_0000,0,478,pending,0,tau2_prep_check_telecom_0000,C:\Users\86132\Desktop\SafeDesk\benchmarks\tau2-bench\data\simulations\tau2_prep_check_telecom_0000\results.json,,2026-07-09T22:52:02
tau2_prep_check,telecom,telecom,none,[mms_issue]bad_network_preference|break_app_both_permissions|data_mode_off[PERSONA:Easy],telecom_0000,0,479,pending,0,tau2_prep_check_telecom_0000,C:\Users\86132\Desktop\SafeDesk\benchmarks\tau2-bench\data\simulations\tau2_prep_check_telecom_0000\results.json,,2026-07-09T22:52:02
tau2_prep_check,telecom,telecom,none,[mms_issue]bad_wifi_calling|break_apn_mms_setting|data_mode_off[PERSONA:Hard],telecom_0000,0,480,pending,0,tau2_prep_check_telecom_0000,C:\Users\86132\Desktop\SafeDesk\benchmarks\tau2-bench\data\simulations\tau2_prep_check_telecom_0000\results.json,,2026-07-09T22:52:02
tau2_prep_check,telecom,telecom,none,[mms_issue]bad_wifi_calling|break_app_sms_permission|data_mode_off[PERSONA:None],telecom_0000,0,481,pending,0,tau2_prep_check_telecom_0000,C:\Users\86132\Desktop\SafeDesk\benchmarks\tau2-bench\data\simulations\tau2_prep_check_telecom_0000\results.json,,2026-07-09T22:52:02
tau2_prep_check,telecom,telecom,none,[mms_issue]bad_wifi_calling|break_app_storage_permission|data_mode_off[PERSONA:Easy],telecom_0000,0,482,pending,0,tau2_prep_check_telecom_0000,C:\Users\86132\Desktop\SafeDesk\benchmarks\tau2-bench\data\simulations\tau2_prep_check_telecom_0000\results.json,,2026-07-09T22:52:02
tau2_prep_check,telecom,telecom,none,[mms_issue]bad_wifi_calling|break_app_both_permissions|data_mode_off[PERSONA:Hard],telecom_0000,0,483,pending,0,tau2_prep_check_telecom_0000,C:\Users\86132\Desktop\SafeDesk\benchmarks\tau2-bench\data\simulations\tau2_prep_check_telecom_0000\results.json,,2026-07-09T22:52:02
tau2_prep_check,telecom,telecom,none,[mms_issue]break_apn_mms_setting|break_app_sms_permission|data_mode_off[PERSONA:None],telecom_0000,0,484,pending,0,tau2_prep_check_telecom_0000,C:\Users\86132\Desktop\SafeDesk\benchmarks\tau2-bench\data\simulations\tau2_prep_check_telecom_0000\results.json,,2026-07-09T22:52:02
tau2_prep_check,telecom,telecom,none,[mms_issue]break_apn_mms_setting|break_app_storage_permission|data_mode_off[PERSONA:Easy],telecom_0000,0,485,pending,0,tau2_prep_check_telecom_0000,C:\Users\86132\Desktop\SafeDesk\benchmarks\tau2-bench\data\simulations\tau2_prep_check_telecom_0000\results.json,,2026-07-09T22:52:02
tau2_prep_check,telecom,telecom,none,[mms_issue]break_apn_mms_setting|break_app_both_permissions|data_mode_off[PERSONA:Hard],telecom_0000,0,486,pending,0,tau2_prep_check_telecom_0000,C:\Users\86132\Desktop\SafeDesk\benchmarks\tau2-bench\data\simulations\tau2_prep_check_telecom_0000\results.json,,2026-07-09T22:52:02
tau2_prep_check,telecom,telecom,none,[mms_issue]bad_network_preference|data_usage_exceeded|user_abroad_roaming_enabled_off[PERSONA:None],telecom_0000,0,487,pending,0,tau2_prep_check_telecom_0000,C:\Users\86132\Desktop\SafeDesk\benchmarks\tau2-bench\data\simulations\tau2_prep_check_telecom_0000\results.json,,2026-07-09T22:52:02
tau2_prep_check,telecom,telecom,none,[mms_issue]bad_wifi_calling|data_usage_exceeded|user_abroad_roaming_enabled_off[PERSONA:Easy],telecom_0000,0,488,pending,0,tau2_prep_check_telecom_0000,C:\Users\86132\Desktop\SafeDesk\benchmarks\tau2-bench\data\simulations\tau2_prep_check_telecom_0000\results.json,,2026-07-09T22:52:02
tau2_prep_check,telecom,telecom,none,[mms_issue]break_apn_mms_setting|data_usage_exceeded|user_abroad_roaming_enabled_off[PERSONA:Hard],telecom_0000,0,489,pending,0,tau2_prep_check_telecom_0000,C:\Users\86132\Desktop\SafeDesk\benchmarks\tau2-bench\data\simulations\tau2_prep_check_telecom_0000\results.json,,2026-07-09T22:52:02
tau2_prep_check,telecom,telecom,none,[mms_issue]break_app_sms_permission|data_usage_exceeded|user_abroad_roaming_enabled_off[PERSONA:None],telecom_0000,0,490,pending,0,tau2_prep_check_telecom_0000,C:\Users\86132\Desktop\SafeDesk\benchmarks\tau2-bench\data\simulations\tau2_prep_check_telecom_0000\results.json,,2026-07-09T22:52:02
tau2_prep_check,telecom,telecom,none,[mms_issue]break_app_storage_permission|data_usage_exceeded|user_abroad_roaming_enabled_off[PERSONA:Easy],telecom_0000,0,491,pending,0,tau2_prep_check_telecom_0000,C:\Users\86132\Desktop\SafeDesk\benchmarks\tau2-bench\data\simulations\tau2_prep_check_telecom_0000\results.json,,2026-07-09T22:52:02
tau2_prep_check,telecom,telecom,none,[mms_issue]break_app_both_permissions|data_usage_exceeded|user_abroad_roaming_enabled_off[PERSONA:Hard],telecom_0000,0,492,pending,0,tau2_prep_check_telecom_0000,C:\Users\86132\Desktop\SafeDesk\benchmarks\tau2-bench\data\simulations\tau2_prep_check_telecom_0000\results.json,,2026-07-09T22:52:02
tau2_prep_check,telecom,telecom,none,[mms_issue]bad_network_preference|data_usage_exceeded|user_abroad_roaming_disabled_on[PERSONA:None],telecom_0000,0,493,pending,0,tau2_prep_check_telecom_0000,C:\Users\86132\Desktop\SafeDesk\benchmarks\tau2-bench\data\simulations\tau2_prep_check_telecom_0000\results.json,,2026-07-09T22:52:02
tau2_prep_check,telecom,telecom,none,[mms_issue]bad_wifi_calling|data_usage_exceeded|user_abroad_roaming_disabled_on[PERSONA:Easy],telecom_0000,0,494,pending,0,tau2_prep_check_telecom_0000,C:\Users\86132\Desktop\SafeDesk\benchmarks\tau2-bench\data\simulations\tau2_prep_check_telecom_0000\results.json,,2026-07-09T22:52:02
tau2_prep_check,telecom,telecom,none,[mms_issue]break_apn_mms_setting|data_usage_exceeded|user_abroad_roaming_disabled_on[PERSONA:Hard],telecom_0000,0,495,pending,0,tau2_prep_check_telecom_0000,C:\Users\86132\Desktop\SafeDesk\benchmarks\tau2-bench\data\simulations\tau2_prep_check_telecom_0000\results.json,,2026-07-09T22:52:02
tau2_prep_check,telecom,telecom,none,[mms_issue]break_app_sms_permission|data_usage_exceeded|user_abroad_roaming_disabled_on[PERSONA:None],telecom_0000,0,496,pending,0,tau2_prep_check_telecom_0000,C:\Users\86132\Desktop\SafeDesk\benchmarks\tau2-bench\data\simulations\tau2_prep_check_telecom_0000\results.json,,2026-07-09T22:52:02
tau2_prep_check,telecom,telecom,none,[mms_issue]break_app_storage_permission|data_usage_exceeded|user_abroad_roaming_disabled_on[PERSONA:Easy],telecom_0000,0,497,pending,0,tau2_prep_check_telecom_0000,C:\Users\86132\Desktop\SafeDesk\benchmarks\tau2-bench\data\simulations\tau2_prep_check_telecom_0000\results.json,,2026-07-09T22:52:02
tau2_prep_check,telecom,telecom,none,[mms_issue]break_app_both_permissions|data_usage_exceeded|user_abroad_roaming_disabled_on[PERSONA:Hard],telecom_0000,0,498,pending,0,tau2_prep_check_telecom_0000,C:\Users\86132\Desktop\SafeDesk\benchmarks\tau2-bench\data\simulations\tau2_prep_check_telecom_0000\results.json,,2026-07-09T22:52:02
tau2_prep_check,telecom,telecom,none,[mms_issue]bad_network_preference|data_usage_exceeded|user_abroad_roaming_disabled_off[PERSONA:None],telecom_0000,0,499,pending,0,tau2_prep_check_telecom_0000,C:\Users\86132\Desktop\SafeDesk\benchmarks\tau2-bench\data\simulations\tau2_prep_check_telecom_0000\results.json,,2026-07-09T22:52:02
tau2_prep_check,telecom,telecom,none,[mms_issue]bad_wifi_calling|data_usage_exceeded|user_abroad_roaming_disabled_off[PERSONA:Easy],telecom_0000,0,500,pending,0,tau2_prep_check_telecom_0000,C:\Users\86132\Desktop\SafeDesk\benchmarks\tau2-bench\data\simulations\tau2_prep_check_telecom_0000\results.json,,2026-07-09T22:52:02
tau2_prep_check,telecom,telecom,none,[mms_issue]break_apn_mms_setting|data_usage_exceeded|user_abroad_roaming_disabled_off[PERSONA:Hard],telecom_0000,0,501,pending,0,tau2_prep_check_telecom_0000,C:\Users\86132\Desktop\SafeDesk\benchmarks\tau2-bench\data\simulations\tau2_prep_check_telecom_0000\results.json,,2026-07-09T22:52:02
tau2_prep_check,telecom,telecom,none,[mms_issue]break_app_sms_permission|data_usage_exceeded|user_abroad_roaming_disabled_off[PERSONA:None],telecom_0000,0,502,pending,0,tau2_prep_check_telecom_0000,C:\Users\86132\Desktop\SafeDesk\benchmarks\tau2-bench\data\simulations\tau2_prep_check_telecom_0000\results.json,,2026-07-09T22:52:02
tau2_prep_check,telecom,telecom,none,[mms_issue]break_app_storage_permission|data_usage_exceeded|user_abroad_roaming_disabled_off[PERSONA:Easy],telecom_0000,0,503,pending,0,tau2_prep_check_telecom_0000,C:\Users\86132\Desktop\SafeDesk\benchmarks\tau2-bench\data\simulations\tau2_prep_check_telecom_0000\results.json,,2026-07-09T22:52:02
tau2_prep_check,telecom,telecom,none,[mms_issue]break_app_both_permissions|data_usage_exceeded|user_abroad_roaming_disabled_off[PERSONA:Hard],telecom_0000,0,504,pending,0,tau2_prep_check_telecom_0000,C:\Users\86132\Desktop\SafeDesk\benchmarks\tau2-bench\data\simulations\tau2_prep_check_telecom_0000\results.json,,2026-07-09T22:52:02
tau2_prep_check,telecom,telecom,none,[mms_issue]bad_network_preference|bad_wifi_calling|data_usage_exceeded[PERSONA:None],telecom_0000,0,505,pending,0,tau2_prep_check_telecom_0000,C:\Users\86132\Desktop\SafeDesk\benchmarks\tau2-bench\data\simulations\tau2_prep_check_telecom_0000\results.json,,2026-07-09T22:52:02
tau2_prep_check,telecom,telecom,none,[mms_issue]bad_network_preference|break_apn_mms_setting|data_usage_exceeded[PERSONA:Easy],telecom_0000,0,506,pending,0,tau2_prep_check_telecom_0000,C:\Users\86132\Desktop\SafeDesk\benchmarks\tau2-bench\data\simulations\tau2_prep_check_telecom_0000\results.json,,2026-07-09T22:52:02
tau2_prep_check,telecom,telecom,none,[mms_issue]bad_network_preference|break_app_sms_permission|data_usage_exceeded[PERSONA:Hard],telecom_0000,0,507,pending,0,tau2_prep_check_telecom_0000,C:\Users\86132\Desktop\SafeDesk\benchmarks\tau2-bench\data\simulations\tau2_prep_check_telecom_0000\results.json,,2026-07-09T22:52:02
tau2_prep_check,telecom,telecom,none,[mms_issue]bad_network_preference|break_app_storage_permission|data_usage_exceeded[PERSONA:None],telecom_0000,0,508,pending,0,tau2_prep_check_telecom_0000,C:\Users\86132\Desktop\SafeDesk\benchmarks\tau2-bench\data\simulations\tau2_prep_check_telecom_0000\results.json,,2026-07-09T22:52:02
tau2_prep_check,telecom,telecom,none,[mms_issue]bad_network_preference|break_app_both_permissions|data_usage_exceeded[PERSONA:Easy],telecom_0000,0,509,pending,0,tau2_prep_check_telecom_0000,C:\Users\86132\Desktop\SafeDesk\benchmarks\tau2-bench\data\simulations\tau2_prep_check_telecom_0000\results.json,,2026-07-09T22:52:02
tau2_prep_check,telecom,telecom,none,[mms_issue]bad_wifi_calling|break_apn_mms_setting|data_usage_exceeded[PERSONA:Hard],telecom_0000,0,510,pending,0,tau2_prep_check_telecom_0000,C:\Users\86132\Desktop\SafeDesk\benchmarks\tau2-bench\data\simulations\tau2_prep_check_telecom_0000\results.json,,2026-07-09T22:52:02
tau2_prep_check,telecom,telecom,none,[mms_issue]bad_wifi_calling|break_app_sms_permission|data_usage_exceeded[PERSONA:None],telecom_0000,0,511,pending,0,tau2_prep_check_telecom_0000,C:\Users\86132\Desktop\SafeDesk\benchmarks\tau2-bench\data\simulations\tau2_prep_check_telecom_0000\results.json,,2026-07-09T22:52:02
tau2_prep_check,telecom,telecom,none,[mms_issue]bad_wifi_calling|break_app_storage_permission|data_usage_exceeded[PERSONA:Easy],telecom_0000,0,512,pending,0,tau2_prep_check_telecom_0000,C:\Users\86132\Desktop\SafeDesk\benchmarks\tau2-bench\data\simulations\tau2_prep_check_telecom_0000\results.json,,2026-07-09T22:52:02
tau2_prep_check,telecom,telecom,none,[mms_issue]bad_wifi_calling|break_app_both_permissions|data_usage_exceeded[PERSONA:Hard],telecom_0000,0,513,pending,0,tau2_prep_check_telecom_0000,C:\Users\86132\Desktop\SafeDesk\benchmarks\tau2-bench\data\simulations\tau2_prep_check_telecom_0000\results.json,,2026-07-09T22:52:02
tau2_prep_check,telecom,telecom,none,[mms_issue]break_apn_mms_setting|break_app_sms_permission|data_usage_exceeded[PERSONA:None],telecom_0000,0,514,pending,0,tau2_prep_check_telecom_0000,C:\Users\86132\Desktop\SafeDesk\benchmarks\tau2-bench\data\simulations\tau2_prep_check_telecom_0000\results.json,,2026-07-09T22:52:02
tau2_prep_check,telecom,telecom,none,[mms_issue]break_apn_mms_setting|break_app_storage_permission|data_usage_exceeded[PERSONA:Easy],telecom_0000,0,515,pending,0,tau2_prep_check_telecom_0000,C:\Users\86132\Desktop\SafeDesk\benchmarks\tau2-bench\data\simulations\tau2_prep_check_telecom_0000\results.json,,2026-07-09T22:52:02
tau2_prep_check,telecom,telecom,none,[mms_issue]break_apn_mms_setting|break_app_both_permissions|data_usage_exceeded[PERSONA:Hard],telecom_0000,0,516,pending,0,tau2_prep_check_telecom_0000,C:\Users\86132\Desktop\SafeDesk\benchmarks\tau2-bench\data\simulations\tau2_prep_check_telecom_0000\results.json,,2026-07-09T22:52:02
tau2_prep_check,telecom,telecom,none,[mms_issue]bad_network_preference|bad_wifi_calling|user_abroad_roaming_enabled_off[PERSONA:None],telecom_0000,0,517,pending,0,tau2_prep_check_telecom_0000,C:\Users\86132\Desktop\SafeDesk\benchmarks\tau2-bench\data\simulations\tau2_prep_check_telecom_0000\results.json,,2026-07-09T22:52:02
tau2_prep_check,telecom,telecom,none,[mms_issue]bad_network_preference|break_apn_mms_setting|user_abroad_roaming_enabled_off[PERSONA:Easy],telecom_0000,0,518,pending,0,tau2_prep_check_telecom_0000,C:\Users\86132\Desktop\SafeDesk\benchmarks\tau2-bench\data\simulations\tau2_prep_check_telecom_0000\results.json,,2026-07-09T22:52:02
tau2_prep_check,telecom,telecom,none,[mms_issue]bad_network_preference|break_app_sms_permission|user_abroad_roaming_enabled_off[PERSONA:Hard],telecom_0000,0,519,pending,0,tau2_prep_check_telecom_0000,C:\Users\86132\Desktop\SafeDesk\benchmarks\tau2-bench\data\simulations\tau2_prep_check_telecom_0000\results.json,,2026-07-09T22:52:02
tau2_prep_check,telecom,telecom,none,[mms_issue]bad_network_preference|break_app_storage_permission|user_abroad_roaming_enabled_off[PERSONA:None],telecom_0000,0,520,pending,0,tau2_prep_check_telecom_0000,C:\Users\86132\Desktop\SafeDesk\benchmarks\tau2-bench\data\simulations\tau2_prep_check_telecom_0000\results.json,,2026-07-09T22:52:02
tau2_prep_check,telecom,telecom,none,[mms_issue]bad_network_preference|break_app_both_permissions|user_abroad_roaming_enabled_off[PERSONA:Easy],telecom_0000,0,521,pending,0,tau2_prep_check_telecom_0000,C:\Users\86132\Desktop\SafeDesk\benchmarks\tau2-bench\data\simulations\tau2_prep_check_telecom_0000\results.json,,2026-07-09T22:52:02
tau2_prep_check,telecom,telecom,none,[mms_issue]bad_wifi_calling|break_apn_mms_setting|user_abroad_roaming_enabled_off[PERSONA:Hard],telecom_0000,0,522,pending,0,tau2_prep_check_telecom_0000,C:\Users\86132\Desktop\SafeDesk\benchmarks\tau2-bench\data\simulations\tau2_prep_check_telecom_0000\results.json,,2026-07-09T22:52:02
tau2_prep_check,telecom,telecom,none,[mms_issue]bad_wifi_calling|break_app_sms_permission|user_abroad_roaming_enabled_off[PERSONA:None],telecom_0000,0,523,pending,0,tau2_prep_check_telecom_0000,C:\Users\86132\Desktop\SafeDesk\benchmarks\tau2-bench\data\simulations\tau2_prep_check_telecom_0000\results.json,,2026-07-09T22:52:02
tau2_prep_check,telecom,telecom,none,[mms_issue]bad_wifi_calling|break_app_storage_permission|user_abroad_roaming_enabled_off[PERSONA:Easy],telecom_0000,0,524,pending,0,tau2_prep_check_telecom_0000,C:\Users\86132\Desktop\SafeDesk\benchmarks\tau2-bench\data\simulations\tau2_prep_check_telecom_0000\results.json,,2026-07-09T22:52:02
tau2_prep_check,telecom,telecom,none,[mms_issue]bad_wifi_calling|break_app_both_permissions|user_abroad_roaming_enabled_off[PERSONA:Hard],telecom_0000,0,525,pending,0,tau2_prep_check_telecom_0000,C:\Users\86132\Desktop\SafeDesk\benchmarks\tau2-bench\data\simulations\tau2_prep_check_telecom_0000\results.json,,2026-07-09T22:52:02
tau2_prep_check,telecom,telecom,none,[mms_issue]break_apn_mms_setting|break_app_sms_permission|user_abroad_roaming_enabled_off[PERSONA:None],telecom_0000,0,526,pending,0,tau2_prep_check_telecom_0000,C:\Users\86132\Desktop\SafeDesk\benchmarks\tau2-bench\data\simulations\tau2_prep_check_telecom_0000\results.json,,2026-07-09T22:52:02
tau2_prep_check,telecom,telecom,none,[mms_issue]break_apn_mms_setting|break_app_storage_permission|user_abroad_roaming_enabled_off[PERSONA:Easy],telecom_0000,0,527,pending,0,tau2_prep_check_telecom_0000,C:\Users\86132\Desktop\SafeDesk\benchmarks\tau2-bench\data\simulations\tau2_prep_check_telecom_0000\results.json,,2026-07-09T22:52:02
tau2_prep_check,telecom,telecom,none,[mms_issue]break_apn_mms_setting|break_app_both_permissions|user_abroad_roaming_enabled_off[PERSONA:Hard],telecom_0000,0,528,pending,0,tau2_prep_check_telecom_0000,C:\Users\86132\Desktop\SafeDesk\benchmarks\tau2-bench\data\simulations\tau2_prep_check_telecom_0000\results.json,,2026-07-09T22:52:02
tau2_prep_check,telecom,telecom,none,[mms_issue]bad_network_preference|bad_wifi_calling|user_abroad_roaming_disabled_on[PERSONA:None],telecom_0000,0,529,pending,0,tau2_prep_check_telecom_0000,C:\Users\86132\Desktop\SafeDesk\benchmarks\tau2-bench\data\simulations\tau2_prep_check_telecom_0000\results.json,,2026-07-09T22:52:02
tau2_prep_check,telecom,telecom,none,[mms_issue]bad_network_preference|break_apn_mms_setting|user_abroad_roaming_disabled_on[PERSONA:Easy],telecom_0000,0,530,pending,0,tau2_prep_check_telecom_0000,C:\Users\86132\Desktop\SafeDesk\benchmarks\tau2-bench\data\simulations\tau2_prep_check_telecom_0000\results.json,,2026-07-09T22:52:02
tau2_prep_check,telecom,telecom,none,[mms_issue]bad_network_preference|break_app_sms_permission|user_abroad_roaming_disabled_on[PERSONA:Hard],telecom_0000,0,531,pending,0,tau2_prep_check_telecom_0000,C:\Users\86132\Desktop\SafeDesk\benchmarks\tau2-bench\data\simulations\tau2_prep_check_telecom_0000\results.json,,2026-07-09T22:52:02
tau2_prep_check,telecom,telecom,none,[mms_issue]bad_network_preference|break_app_storage_permission|user_abroad_roaming_disabled_on[PERSONA:None],telecom_0000,0,532,pending,0,tau2_prep_check_telecom_0000,C:\Users\86132\Desktop\SafeDesk\benchmarks\tau2-bench\data\simulations\tau2_prep_check_telecom_0000\results.json,,2026-07-09T22:52:02
tau2_prep_check,telecom,telecom,none,[mms_issue]bad_network_preference|break_app_both_permissions|user_abroad_roaming_disabled_on[PERSONA:Easy],telecom_0000,0,533,pending,0,tau2_prep_check_telecom_0000,C:\Users\86132\Desktop\SafeDesk\benchmarks\tau2-bench\data\simulations\tau2_prep_check_telecom_0000\results.json,,2026-07-09T22:52:02
tau2_prep_check,telecom,telecom,none,[mms_issue]bad_wifi_calling|break_apn_mms_setting|user_abroad_roaming_disabled_on[PERSONA:Hard],telecom_0000,0,534,pending,0,tau2_prep_check_telecom_0000,C:\Users\86132\Desktop\SafeDesk\benchmarks\tau2-bench\data\simulations\tau2_prep_check_telecom_0000\results.json,,2026-07-09T22:52:02
tau2_prep_check,telecom,telecom,none,[mms_issue]bad_wifi_calling|break_app_sms_permission|user_abroad_roaming_disabled_on[PERSONA:None],telecom_0000,0,535,pending,0,tau2_prep_check_telecom_0000,C:\Users\86132\Desktop\SafeDesk\benchmarks\tau2-bench\data\simulations\tau2_prep_check_telecom_0000\results.json,,2026-07-09T22:52:02
tau2_prep_check,telecom,telecom,none,[mms_issue]bad_wifi_calling|break_app_storage_permission|user_abroad_roaming_disabled_on[PERSONA:Easy],telecom_0000,0,536,pending,0,tau2_prep_check_telecom_0000,C:\Users\86132\Desktop\SafeDesk\benchmarks\tau2-bench\data\simulations\tau2_prep_check_telecom_0000\results.json,,2026-07-09T22:52:02
tau2_prep_check,telecom,telecom,none,[mms_issue]bad_wifi_calling|break_app_both_permissions|user_abroad_roaming_disabled_on[PERSONA:Hard],telecom_0000,0,537,pending,0,tau2_prep_check_telecom_0000,C:\Users\86132\Desktop\SafeDesk\benchmarks\tau2-bench\data\simulations\tau2_prep_check_telecom_0000\results.json,,2026-07-09T22:52:02
tau2_prep_check,telecom,telecom,none,[mms_issue]break_apn_mms_setting|break_app_sms_permission|user_abroad_roaming_disabled_on[PERSONA:None],telecom_0000,0,538,pending,0,tau2_prep_check_telecom_0000,C:\Users\86132\Desktop\SafeDesk\benchmarks\tau2-bench\data\simulations\tau2_prep_check_telecom_0000\results.json,,2026-07-09T22:52:02
tau2_prep_check,telecom,telecom,none,[mms_issue]break_apn_mms_setting|break_app_storage_permission|user_abroad_roaming_disabled_on[PERSONA:Easy],telecom_0000,0,539,pending,0,tau2_prep_check_telecom_0000,C:\Users\86132\Desktop\SafeDesk\benchmarks\tau2-bench\data\simulations\tau2_prep_check_telecom_0000\results.json,,2026-07-09T22:52:02
tau2_prep_check,telecom,telecom,none,[mms_issue]break_apn_mms_setting|break_app_both_permissions|user_abroad_roaming_disabled_on[PERSONA:Hard],telecom_0000,0,540,pending,0,tau2_prep_check_telecom_0000,C:\Users\86132\Desktop\SafeDesk\benchmarks\tau2-bench\data\simulations\tau2_prep_check_telecom_0000\results.json,,2026-07-09T22:52:02
tau2_prep_check,telecom,telecom,none,[mms_issue]bad_network_preference|bad_wifi_calling|user_abroad_roaming_disabled_off[PERSONA:None],telecom_0000,0,541,pending,0,tau2_prep_check_telecom_0000,C:\Users\86132\Desktop\SafeDesk\benchmarks\tau2-bench\data\simulations\tau2_prep_check_telecom_0000\results.json,,2026-07-09T22:52:02
tau2_prep_check,telecom,telecom,none,[mms_issue]bad_network_preference|break_apn_mms_setting|user_abroad_roaming_disabled_off[PERSONA:Easy],telecom_0000,0,542,pending,0,tau2_prep_check_telecom_0000,C:\Users\86132\Desktop\SafeDesk\benchmarks\tau2-bench\data\simulations\tau2_prep_check_telecom_0000\results.json,,2026-07-09T22:52:02
tau2_prep_check,telecom,telecom,none,[mms_issue]bad_network_preference|break_app_sms_permission|user_abroad_roaming_disabled_off[PERSONA:Hard],telecom_0000,0,543,pending,0,tau2_prep_check_telecom_0000,C:\Users\86132\Desktop\SafeDesk\benchmarks\tau2-bench\data\simulations\tau2_prep_check_telecom_0000\results.json,,2026-07-09T22:52:02
tau2_prep_check,telecom,telecom,none,[mms_issue]bad_network_preference|break_app_storage_permission|user_abroad_roaming_disabled_off[PERSONA:None],telecom_0000,0,544,pending,0,tau2_prep_check_telecom_0000,C:\Users\86132\Desktop\SafeDesk\benchmarks\tau2-bench\data\simulations\tau2_prep_check_telecom_0000\results.json,,2026-07-09T22:52:02
tau2_prep_check,telecom,telecom,none,[mms_issue]bad_network_preference|break_app_both_permissions|user_abroad_roaming_disabled_off[PERSONA:Easy],telecom_0000,0,545,pending,0,tau2_prep_check_telecom_0000,C:\Users\86132\Desktop\SafeDesk\benchmarks\tau2-bench\data\simulations\tau2_prep_check_telecom_0000\results.json,,2026-07-09T22:52:02
tau2_prep_check,telecom,telecom,none,[mms_issue]bad_wifi_calling|break_apn_mms_setting|user_abroad_roaming_disabled_off[PERSONA:Hard],telecom_0000,0,546,pending,0,tau2_prep_check_telecom_0000,C:\Users\86132\Desktop\SafeDesk\benchmarks\tau2-bench\data\simulations\tau2_prep_check_telecom_0000\results.json,,2026-07-09T22:52:02
tau2_prep_check,telecom,telecom,none,[mms_issue]bad_wifi_calling|break_app_sms_permission|user_abroad_roaming_disabled_off[PERSONA:None],telecom_0000,0,547,pending,0,tau2_prep_check_telecom_0000,C:\Users\86132\Desktop\SafeDesk\benchmarks\tau2-bench\data\simulations\tau2_prep_check_telecom_0000\results.json,,2026-07-09T22:52:02
tau2_prep_check,telecom,telecom,none,[mms_issue]bad_wifi_calling|break_app_storage_permission|user_abroad_roaming_disabled_off[PERSONA:Easy],telecom_0000,0,548,pending,0,tau2_prep_check_telecom_0000,C:\Users\86132\Desktop\SafeDesk\benchmarks\tau2-bench\data\simulations\tau2_prep_check_telecom_0000\results.json,,2026-07-09T22:52:02
tau2_prep_check,telecom,telecom,none,[mms_issue]bad_wifi_calling|break_app_both_permissions|user_abroad_roaming_disabled_off[PERSONA:Hard],telecom_0000,0,549,pending,0,tau2_prep_check_telecom_0000,C:\Users\86132\Desktop\SafeDesk\benchmarks\tau2-bench\data\simulations\tau2_prep_check_telecom_0000\results.json,,2026-07-09T22:52:02
tau2_prep_check,telecom,telecom,none,[mms_issue]break_apn_mms_setting|break_app_sms_permission|user_abroad_roaming_disabled_off[PERSONA:None],telecom_0000,0,550,pending,0,tau2_prep_check_telecom_0000,C:\Users\86132\Desktop\SafeDesk\benchmarks\tau2-bench\data\simulations\tau2_prep_check_telecom_0000\results.json,,2026-07-09T22:52:02
tau2_prep_check,telecom,telecom,none,[mms_issue]break_apn_mms_setting|break_app_storage_permission|user_abroad_roaming_disabled_off[PERSONA:Easy],telecom_0000,0,551,pending,0,tau2_prep_check_telecom_0000,C:\Users\86132\Desktop\SafeDesk\benchmarks\tau2-bench\data\simulations\tau2_prep_check_telecom_0000\results.json,,2026-07-09T22:52:02
tau2_prep_check,telecom,telecom,none,[mms_issue]break_apn_mms_setting|break_app_both_permissions|user_abroad_roaming_disabled_off[PERSONA:Hard],telecom_0000,0,552,pending,0,tau2_prep_check_telecom_0000,C:\Users\86132\Desktop\SafeDesk\benchmarks\tau2-bench\data\simulations\tau2_prep_check_telecom_0000\results.json,,2026-07-09T22:52:02
tau2_prep_check,telecom,telecom,none,[mms_issue]bad_network_preference|bad_wifi_calling|break_apn_mms_setting[PERSONA:None],telecom_0000,0,553,pending,0,tau2_prep_check_telecom_0000,C:\Users\86132\Desktop\SafeDesk\benchmarks\tau2-bench\data\simulations\tau2_prep_check_telecom_0000\results.json,,2026-07-09T22:52:02
tau2_prep_check,telecom,telecom,none,[mms_issue]bad_network_preference|bad_wifi_calling|break_app_sms_permission[PERSONA:Easy],telecom_0000,0,554,pending,0,tau2_prep_check_telecom_0000,C:\Users\86132\Desktop\SafeDesk\benchmarks\tau2-bench\data\simulations\tau2_prep_check_telecom_0000\results.json,,2026-07-09T22:52:02
tau2_prep_check,telecom,telecom,none,[mms_issue]bad_network_preference|bad_wifi_calling|break_app_storage_permission[PERSONA:Hard],telecom_0000,0,555,pending,0,tau2_prep_check_telecom_0000,C:\Users\86132\Desktop\SafeDesk\benchmarks\tau2-bench\data\simulations\tau2_prep_check_telecom_0000\results.json,,2026-07-09T22:52:02
tau2_prep_check,telecom,telecom,none,[mms_issue]bad_network_preference|bad_wifi_calling|break_app_both_permissions[PERSONA:None],telecom_0000,0,556,pending,0,tau2_prep_check_telecom_0000,C:\Users\86132\Desktop\SafeDesk\benchmarks\tau2-bench\data\simulations\tau2_prep_check_telecom_0000\results.json,,2026-07-09T22:52:02
tau2_prep_check,telecom,telecom,none,[mms_issue]bad_network_preference|break_apn_mms_setting|break_app_sms_permission[PERSONA:Easy],telecom_0000,0,557,pending,0,tau2_prep_check_telecom_0000,C:\Users\86132\Desktop\SafeDesk\benchmarks\tau2-bench\data\simulations\tau2_prep_check_telecom_0000\results.json,,2026-07-09T22:52:02
tau2_prep_check,telecom,telecom,none,[mms_issue]bad_network_preference|break_apn_mms_setting|break_app_storage_permission[PERSONA:Hard],telecom_0000,0,558,pending,0,tau2_prep_check_telecom_0000,C:\Users\86132\Desktop\SafeDesk\benchmarks\tau2-bench\data\simulations\tau2_prep_check_telecom_0000\results.json,,2026-07-09T22:52:02
tau2_prep_check,telecom,telecom,none,[mms_issue]bad_network_preference|break_apn_mms_setting|break_app_both_permissions[PERSONA:None],telecom_0000,0,559,pending,0,tau2_prep_check_telecom_0000,C:\Users\86132\Desktop\SafeDesk\benchmarks\tau2-bench\data\simulations\tau2_prep_check_telecom_0000\results.json,,2026-07-09T22:52:02
tau2_prep_check,telecom,telecom,none,[mms_issue]bad_wifi_calling|break_apn_mms_setting|break_app_sms_permission[PERSONA:Easy],telecom_0000,0,560,pending,0,tau2_prep_check_telecom_0000,C:\Users\86132\Desktop\SafeDesk\benchmarks\tau2-bench\data\simulations\tau2_prep_check_telecom_0000\results.json,,2026-07-09T22:52:02
tau2_prep_check,telecom,telecom,none,[mms_issue]bad_wifi_calling|break_apn_mms_setting|break_app_storage_permission[PERSONA:Hard],telecom_0000,0,561,pending,0,tau2_prep_check_telecom_0000,C:\Users\86132\Desktop\SafeDesk\benchmarks\tau2-bench\data\simulations\tau2_prep_check_telecom_0000\results.json,,2026-07-09T22:52:02
tau2_prep_check,telecom,telecom,none,[mms_issue]bad_wifi_calling|break_apn_mms_setting|break_app_both_permissions[PERSONA:None],telecom_0000,0,562,pending,0,tau2_prep_check_telecom_0000,C:\Users\86132\Desktop\SafeDesk\benchmarks\tau2-bench\data\simulations\tau2_prep_check_telecom_0000\results.json,,2026-07-09T22:52:02
tau2_prep_check,telecom,telecom,none,[mms_issue]airplane_mode_on|bad_network_preference|data_mode_off|unseat_sim_card[PERSONA:Easy],telecom_0000,0,563,pending,0,tau2_prep_check_telecom_0000,C:\Users\86132\Desktop\SafeDesk\benchmarks\tau2-bench\data\simulations\tau2_prep_check_telecom_0000\results.json,,2026-07-09T22:52:02
tau2_prep_check,telecom,telecom,none,[mms_issue]airplane_mode_on|bad_wifi_calling|data_mode_off|unseat_sim_card[PERSONA:Hard],telecom_0000,0,564,pending,0,tau2_prep_check_telecom_0000,C:\Users\86132\Desktop\SafeDesk\benchmarks\tau2-bench\data\simulations\tau2_prep_check_telecom_0000\results.json,,2026-07-09T22:52:02
tau2_prep_check,telecom,telecom,none,[mms_issue]airplane_mode_on|break_apn_mms_setting|data_mode_off|unseat_sim_card[PERSONA:None],telecom_0000,0,565,pending,0,tau2_prep_check_telecom_0000,C:\Users\86132\Desktop\SafeDesk\benchmarks\tau2-bench\data\simulations\tau2_prep_check_telecom_0000\results.json,,2026-07-09T22:52:02
tau2_prep_check,telecom,telecom,none,[mms_issue]airplane_mode_on|break_app_sms_permission|data_mode_off|unseat_sim_card[PERSONA:Easy],telecom_0000,0,566,pending,0,tau2_prep_check_telecom_0000,C:\Users\86132\Desktop\SafeDesk\benchmarks\tau2-bench\data\simulations\tau2_prep_check_telecom_0000\results.json,,2026-07-09T22:52:02
tau2_prep_check,telecom,telecom,none,[mms_issue]airplane_mode_on|break_app_storage_permission|data_mode_off|unseat_sim_card[PERSONA:Hard],telecom_0000,0,567,pending,0,tau2_prep_check_telecom_0000,C:\Users\86132\Desktop\SafeDesk\benchmarks\tau2-bench\data\simulations\tau2_prep_check_telecom_0000\results.json,,2026-07-09T22:52:02
tau2_prep_check,telecom,telecom,none,[mms_issue]airplane_mode_on|break_app_both_permissions|data_mode_off|unseat_sim_card[PERSONA:None],telecom_0000,0,568,pending,0,tau2_prep_check_telecom_0000,C:\Users\86132\Desktop\SafeDesk\benchmarks\tau2-bench\data\simulations\tau2_prep_check_telecom_0000\results.json,,2026-07-09T22:52:02
tau2_prep_check,telecom,telecom,none,[mms_issue]airplane_mode_on|bad_network_preference|data_usage_exceeded|unseat_sim_card[PERSONA:Easy],telecom_0000,0,569,pending,0,tau2_prep_check_telecom_0000,C:\Users\86132\Desktop\SafeDesk\benchmarks\tau2-bench\data\simulations\tau2_prep_check_telecom_0000\results.json,,2026-07-09T22:52:02
tau2_prep_check,telecom,telecom,none,[mms_issue]airplane_mode_on|bad_wifi_calling|data_usage_exceeded|unseat_sim_card[PERSONA:Hard],telecom_0000,0,570,pending,0,tau2_prep_check_telecom_0000,C:\Users\86132\Desktop\SafeDesk\benchmarks\tau2-bench\data\simulations\tau2_prep_check_telecom_0000\results.json,,2026-07-09T22:52:02
tau2_prep_check,telecom,telecom,none,[mms_issue]airplane_mode_on|break_apn_mms_setting|data_usage_exceeded|unseat_sim_card[PERSONA:None],telecom_0000,0,571,pending,0,tau2_prep_check_telecom_0000,C:\Users\86132\Desktop\SafeDesk\benchmarks\tau2-bench\data\simulations\tau2_prep_check_telecom_0000\results.json,,2026-07-09T22:52:02
tau2_prep_check,telecom,telecom,none,[mms_issue]airplane_mode_on|break_app_sms_permission|data_usage_exceeded|unseat_sim_card[PERSONA:Easy],telecom_0000,0,572,pending,0,tau2_prep_check_telecom_0000,C:\Users\86132\Desktop\SafeDesk\benchmarks\tau2-bench\data\simulations\tau2_prep_check_telecom_0000\results.json,,2026-07-09T22:52:02
tau2_prep_check,telecom,telecom,none,[mms_issue]airplane_mode_on|break_app_storage_permission|data_usage_exceeded|unseat_sim_card[PERSONA:Hard],telecom_0000,0,573,pending,0,tau2_prep_check_telecom_0000,C:\Users\86132\Desktop\SafeDesk\benchmarks\tau2-bench\data\simulations\tau2_prep_check_telecom_0000\results.json,,2026-07-09T22:52:02
tau2_prep_check,telecom,telecom,none,[mms_issue]airplane_mode_on|break_app_both_permissions|data_usage_exceeded|unseat_sim_card[PERSONA:None],telecom_0000,0,574,pending,0,tau2_prep_check_telecom_0000,C:\Users\86132\Desktop\SafeDesk\benchmarks\tau2-bench\data\simulations\tau2_prep_check_telecom_0000\results.json,,2026-07-09T22:52:02
tau2_prep_check,telecom,telecom,none,[mms_issue]airplane_mode_on|bad_network_preference|unseat_sim_card|user_abroad_roaming_enabled_off[PERSONA:Easy],telecom_0000,0,575,pending,0,tau2_prep_check_telecom_0000,C:\Users\86132\Desktop\SafeDesk\benchmarks\tau2-bench\data\simulations\tau2_prep_check_telecom_0000\results.json,,2026-07-09T22:52:02
tau2_prep_check,telecom,telecom,none,[mms_issue]airplane_mode_on|bad_wifi_calling|unseat_sim_card|user_abroad_roaming_enabled_off[PERSONA:Hard],telecom_0000,0,576,pending,0,tau2_prep_check_telecom_0000,C:\Users\86132\Desktop\SafeDesk\benchmarks\tau2-bench\data\simulations\tau2_prep_check_telecom_0000\results.json,,2026-07-09T22:52:02
tau2_prep_check,telecom,telecom,none,[mms_issue]airplane_mode_on|break_apn_mms_setting|unseat_sim_card|user_abroad_roaming_enabled_off[PERSONA:None],telecom_0000,0,577,pending,0,tau2_prep_check_telecom_0000,C:\Users\86132\Desktop\SafeDesk\benchmarks\tau2-bench\data\simulations\tau2_prep_check_telecom_0000\results.json,,2026-07-09T22:52:02
tau2_prep_check,telecom,telecom,none,[mms_issue]airplane_mode_on|break_app_sms_permission|unseat_sim_card|user_abroad_roaming_enabled_off[PERSONA:Easy],telecom_0000,0,578,pending,0,tau2_prep_check_telecom_0000,C:\Users\86132\Desktop\SafeDesk\benchmarks\tau2-bench\data\simulations\tau2_prep_check_telecom_0000\results.json,,2026-07-09T22:52:02
tau2_prep_check,telecom,telecom,none,[mms_issue]airplane_mode_on|break_app_storage_permission|unseat_sim_card|user_abroad_roaming_enabled_off[PERSONA:Hard],telecom_0000,0,579,pending,0,tau2_prep_check_telecom_0000,C:\Users\86132\Desktop\SafeDesk\benchmarks\tau2-bench\data\simulations\tau2_prep_check_telecom_0000\results.json,,2026-07-09T22:52:02
tau2_prep_check,telecom,telecom,none,[mms_issue]airplane_mode_on|break_app_both_permissions|unseat_sim_card|user_abroad_roaming_enabled_off[PERSONA:None],telecom_0000,0,580,pending,0,tau2_prep_check_telecom_0000,C:\Users\86132\Desktop\SafeDesk\benchmarks\tau2-bench\data\simulations\tau2_prep_check_telecom_0000\results.json,,2026-07-09T22:52:02
tau2_prep_check,telecom,telecom,none,[mms_issue]airplane_mode_on|bad_network_preference|unseat_sim_card|user_abroad_roaming_disabled_on[PERSONA:Easy],telecom_0000,0,581,pending,0,tau2_prep_check_telecom_0000,C:\Users\86132\Desktop\SafeDesk\benchmarks\tau2-bench\data\simulations\tau2_prep_check_telecom_0000\results.json,,2026-07-09T22:52:02
tau2_prep_check,telecom,telecom,none,[mms_issue]airplane_mode_on|bad_wifi_calling|unseat_sim_card|user_abroad_roaming_disabled_on[PERSONA:Hard],telecom_0000,0,582,pending,0,tau2_prep_check_telecom_0000,C:\Users\86132\Desktop\SafeDesk\benchmarks\tau2-bench\data\simulations\tau2_prep_check_telecom_0000\results.json,,2026-07-09T22:52:02
tau2_prep_check,telecom,telecom,none,[mms_issue]airplane_mode_on|break_apn_mms_setting|unseat_sim_card|user_abroad_roaming_disabled_on[PERSONA:None],telecom_0000,0,583,pending,0,tau2_prep_check_telecom_0000,C:\Users\86132\Desktop\SafeDesk\benchmarks\tau2-bench\data\simulations\tau2_prep_check_telecom_0000\results.json,,2026-07-09T22:52:02
tau2_prep_check,telecom,telecom,none,[mms_issue]airplane_mode_on|break_app_sms_permission|unseat_sim_card|user_abroad_roaming_disabled_on[PERSONA:Easy],telecom_0000,0,584,pending,0,tau2_prep_check_telecom_0000,C:\Users\86132\Desktop\SafeDesk\benchmarks\tau2-bench\data\simulations\tau2_prep_check_telecom_0000\results.json,,2026-07-09T22:52:02
tau2_prep_check,telecom,telecom,none,[mms_issue]airplane_mode_on|break_app_storage_permission|unseat_sim_card|user_abroad_roaming_disabled_on[PERSONA:Hard],telecom_0000,0,585,pending,0,tau2_prep_check_telecom_0000,C:\Users\86132\Desktop\SafeDesk\benchmarks\tau2-bench\data\simulations\tau2_prep_check_telecom_0000\results.json,,2026-07-09T22:52:02
tau2_prep_check,telecom,telecom,none,[mms_issue]airplane_mode_on|break_app_both_permissions|unseat_sim_card|user_abroad_roaming_disabled_on[PERSONA:None],telecom_0000,0,586,pending,0,tau2_prep_check_telecom_0000,C:\Users\86132\Desktop\SafeDesk\benchmarks\tau2-bench\data\simulations\tau2_prep_check_telecom_0000\results.json,,2026-07-09T22:52:02
tau2_prep_check,telecom,telecom,none,[mms_issue]airplane_mode_on|bad_network_preference|unseat_sim_card|user_abroad_roaming_disabled_off[PERSONA:Easy],telecom_0000,0,587,pending,0,tau2_prep_check_telecom_0000,C:\Users\86132\Desktop\SafeDesk\benchmarks\tau2-bench\data\simulations\tau2_prep_check_telecom_0000\results.json,,2026-07-09T22:52:02
tau2_prep_check,telecom,telecom,none,[mms_issue]airplane_mode_on|bad_wifi_calling|unseat_sim_card|user_abroad_roaming_disabled_off[PERSONA:Hard],telecom_0000,0,588,pending,0,tau2_prep_check_telecom_0000,C:\Users\86132\Desktop\SafeDesk\benchmarks\tau2-bench\data\simulations\tau2_prep_check_telecom_0000\results.json,,2026-07-09T22:52:02
tau2_prep_check,telecom,telecom,none,[mms_issue]airplane_mode_on|break_apn_mms_setting|unseat_sim_card|user_abroad_roaming_disabled_off[PERSONA:None],telecom_0000,0,589,pending,0,tau2_prep_check_telecom_0000,C:\Users\86132\Desktop\SafeDesk\benchmarks\tau2-bench\data\simulations\tau2_prep_check_telecom_0000\results.json,,2026-07-09T22:52:02
tau2_prep_check,telecom,telecom,none,[mms_issue]airplane_mode_on|break_app_sms_permission|unseat_sim_card|user_abroad_roaming_disabled_off[PERSONA:Easy],telecom_0000,0,590,pending,0,tau2_prep_check_telecom_0000,C:\Users\86132\Desktop\SafeDesk\benchmarks\tau2-bench\data\simulations\tau2_prep_check_telecom_0000\results.json,,2026-07-09T22:52:02
tau2_prep_check,telecom,telecom,none,[mms_issue]airplane_mode_on|break_app_storage_permission|unseat_sim_card|user_abroad_roaming_disabled_off[PERSONA:Hard],telecom_0000,0,591,pending,0,tau2_prep_check_telecom_0000,C:\Users\86132\Desktop\SafeDesk\benchmarks\tau2-bench\data\simulations\tau2_prep_check_telecom_0000\results.json,,2026-07-09T22:52:02
tau2_prep_check,telecom,telecom,none,[mms_issue]airplane_mode_on|break_app_both_permissions|unseat_sim_card|user_abroad_roaming_disabled_off[PERSONA:None],telecom_0000,0,592,pending,0,tau2_prep_check_telecom_0000,C:\Users\86132\Desktop\SafeDesk\benchmarks\tau2-bench\data\simulations\tau2_prep_check_telecom_0000\results.json,,2026-07-09T22:52:02
tau2_prep_check,telecom,telecom,none,[mms_issue]airplane_mode_on|bad_network_preference|bad_wifi_calling|unseat_sim_card[PERSONA:Easy],telecom_0000,0,593,pending,0,tau2_prep_check_telecom_0000,C:\Users\86132\Desktop\SafeDesk\benchmarks\tau2-bench\data\simulations\tau2_prep_check_telecom_0000\results.json,,2026-07-09T22:52:02
tau2_prep_check,telecom,telecom,none,[mms_issue]airplane_mode_on|bad_network_preference|break_apn_mms_setting|unseat_sim_card[PERSONA:Hard],telecom_0000,0,594,pending,0,tau2_prep_check_telecom_0000,C:\Users\86132\Desktop\SafeDesk\benchmarks\tau2-bench\data\simulations\tau2_prep_check_telecom_0000\results.json,,2026-07-09T22:52:02
tau2_prep_check,telecom,telecom,none,[mms_issue]airplane_mode_on|bad_network_preference|break_app_sms_permission|unseat_sim_card[PERSONA:None],telecom_0000,0,595,pending,0,tau2_prep_check_telecom_0000,C:\Users\86132\Desktop\SafeDesk\benchmarks\tau2-bench\data\simulations\tau2_prep_check_telecom_0000\results.json,,2026-07-09T22:52:02
tau2_prep_check,telecom,telecom,none,[mms_issue]airplane_mode_on|bad_network_preference|break_app_storage_permission|unseat_sim_card[PERSONA:Easy],telecom_0000,0,596,pending,0,tau2_prep_check_telecom_0000,C:\Users\86132\Desktop\SafeDesk\benchmarks\tau2-bench\data\simulations\tau2_prep_check_telecom_0000\results.json,,2026-07-09T22:52:02
tau2_prep_check,telecom,telecom,none,[mms_issue]airplane_mode_on|bad_network_preference|break_app_both_permissions|unseat_sim_card[PERSONA:Hard],telecom_0000,0,597,pending,0,tau2_prep_check_telecom_0000,C:\Users\86132\Desktop\SafeDesk\benchmarks\tau2-bench\data\simulations\tau2_prep_check_telecom_0000\results.json,,2026-07-09T22:52:02
tau2_prep_check,telecom,telecom,none,[mms_issue]airplane_mode_on|bad_wifi_calling|break_apn_mms_setting|unseat_sim_card[PERSONA:None],telecom_0000,0,598,pending,0,tau2_prep_check_telecom_0000,C:\Users\86132\Desktop\SafeDesk\benchmarks\tau2-bench\data\simulations\tau2_prep_check_telecom_0000\results.json,,2026-07-09T22:52:02
tau2_prep_check,telecom,telecom,none,[mms_issue]airplane_mode_on|bad_wifi_calling|break_app_sms_permission|unseat_sim_card[PERSONA:Easy],telecom_0000,0,599,pending,0,tau2_prep_check_telecom_0000,C:\Users\86132\Desktop\SafeDesk\benchmarks\tau2-bench\data\simulations\tau2_prep_check_telecom_0000\results.json,,2026-07-09T22:52:02
tau2_prep_check,telecom,telecom,none,[mms_issue]airplane_mode_on|bad_wifi_calling|break_app_storage_permission|unseat_sim_card[PERSONA:Hard],telecom_0000,0,600,pending,0,tau2_prep_check_telecom_0000,C:\Users\86132\Desktop\SafeDesk\benchmarks\tau2-bench\data\simulations\tau2_prep_check_telecom_0000\results.json,,2026-07-09T22:52:02
tau2_prep_check,telecom,telecom,none,[mms_issue]airplane_mode_on|bad_wifi_calling|break_app_both_permissions|unseat_sim_card[PERSONA:None],telecom_0000,0,601,pending,0,tau2_prep_check_telecom_0000,C:\Users\86132\Desktop\SafeDesk\benchmarks\tau2-bench\data\simulations\tau2_prep_check_telecom_0000\results.json,,2026-07-09T22:52:02
tau2_prep_check,telecom,telecom,none,[mms_issue]airplane_mode_on|break_apn_mms_setting|break_app_sms_permission|unseat_sim_card[PERSONA:Easy],telecom_0000,0,602,pending,0,tau2_prep_check_telecom_0000,C:\Users\86132\Desktop\SafeDesk\benchmarks\tau2-bench\data\simulations\tau2_prep_check_telecom_0000\results.json,,2026-07-09T22:52:02
tau2_prep_check,telecom,telecom,none,[mms_issue]airplane_mode_on|break_apn_mms_setting|break_app_storage_permission|unseat_sim_card[PERSONA:Hard],telecom_0000,0,603,pending,0,tau2_prep_check_telecom_0000,C:\Users\86132\Desktop\SafeDesk\benchmarks\tau2-bench\data\simulations\tau2_prep_check_telecom_0000\results.json,,2026-07-09T22:52:02
tau2_prep_check,telecom,telecom,none,[mms_issue]airplane_mode_on|break_apn_mms_setting|break_app_both_permissions|unseat_sim_card[PERSONA:None],telecom_0000,0,604,pending,0,tau2_prep_check_telecom_0000,C:\Users\86132\Desktop\SafeDesk\benchmarks\tau2-bench\data\simulations\tau2_prep_check_telecom_0000\results.json,,2026-07-09T22:52:02
tau2_prep_check,telecom,telecom,none,[mms_issue]airplane_mode_on|bad_network_preference|data_mode_off|data_usage_exceeded[PERSONA:Easy],telecom_0000,0,605,pending,0,tau2_prep_check_telecom_0000,C:\Users\86132\Desktop\SafeDesk\benchmarks\tau2-bench\data\simulations\tau2_prep_check_telecom_0000\results.json,,2026-07-09T22:52:02
tau2_prep_check,telecom,telecom,none,[mms_issue]airplane_mode_on|bad_wifi_calling|data_mode_off|data_usage_exceeded[PERSONA:Hard],telecom_0000,0,606,pending,0,tau2_prep_check_telecom_0000,C:\Users\86132\Desktop\SafeDesk\benchmarks\tau2-bench\data\simulations\tau2_prep_check_telecom_0000\results.json,,2026-07-09T22:52:02
tau2_prep_check,telecom,telecom,none,[mms_issue]airplane_mode_on|break_apn_mms_setting|data_mode_off|data_usage_exceeded[PERSONA:None],telecom_0000,0,607,pending,0,tau2_prep_check_telecom_0000,C:\Users\86132\Desktop\SafeDesk\benchmarks\tau2-bench\data\simulations\tau2_prep_check_telecom_0000\results.json,,2026-07-09T22:52:02
tau2_prep_check,telecom,telecom,none,[mms_issue]airplane_mode_on|break_app_sms_permission|data_mode_off|data_usage_exceeded[PERSONA:Easy],telecom_0000,0,608,pending,0,tau2_prep_check_telecom_0000,C:\Users\86132\Desktop\SafeDesk\benchmarks\tau2-bench\data\simulations\tau2_prep_check_telecom_0000\results.json,,2026-07-09T22:52:02
tau2_prep_check,telecom,telecom,none,[mms_issue]airplane_mode_on|break_app_storage_permission|data_mode_off|data_usage_exceeded[PERSONA:Hard],telecom_0000,0,609,pending,0,tau2_prep_check_telecom_0000,C:\Users\86132\Desktop\SafeDesk\benchmarks\tau2-bench\data\simulations\tau2_prep_check_telecom_0000\results.json,,2026-07-09T22:52:02
tau2_prep_check,telecom,telecom,none,[mms_issue]airplane_mode_on|break_app_both_permissions|data_mode_off|data_usage_exceeded[PERSONA:None],telecom_0000,0,610,pending,0,tau2_prep_check_telecom_0000,C:\Users\86132\Desktop\SafeDesk\benchmarks\tau2-bench\data\simulations\tau2_prep_check_telecom_0000\results.json,,2026-07-09T22:52:02
tau2_prep_check,telecom,telecom,none,[mms_issue]airplane_mode_on|bad_network_preference|data_mode_off|user_abroad_roaming_enabled_off[PERSONA:Easy],telecom_0000,0,611,pending,0,tau2_prep_check_telecom_0000,C:\Users\86132\Desktop\SafeDesk\benchmarks\tau2-bench\data\simulations\tau2_prep_check_telecom_0000\results.json,,2026-07-09T22:52:02
tau2_prep_check,telecom,telecom,none,[mms_issue]airplane_mode_on|bad_wifi_calling|data_mode_off|user_abroad_roaming_enabled_off[PERSONA:Hard],telecom_0000,0,612,pending,0,tau2_prep_check_telecom_0000,C:\Users\86132\Desktop\SafeDesk\benchmarks\tau2-bench\data\simulations\tau2_prep_check_telecom_0000\results.json,,2026-07-09T22:52:02
tau2_prep_check,telecom,telecom,none,[mms_issue]airplane_mode_on|break_apn_mms_setting|data_mode_off|user_abroad_roaming_enabled_off[PERSONA:None],telecom_0000,0,613,pending,0,tau2_prep_check_telecom_0000,C:\Users\86132\Desktop\SafeDesk\benchmarks\tau2-bench\data\simulations\tau2_prep_check_telecom_0000\results.json,,2026-07-09T22:52:02
tau2_prep_check,telecom,telecom,none,[mms_issue]airplane_mode_on|break_app_sms_permission|data_mode_off|user_abroad_roaming_enabled_off[PERSONA:Easy],telecom_0000,0,614,pending,0,tau2_prep_check_telecom_0000,C:\Users\86132\Desktop\SafeDesk\benchmarks\tau2-bench\data\simulations\tau2_prep_check_telecom_0000\results.json,,2026-07-09T22:52:02
tau2_prep_check,telecom,telecom,none,[mms_issue]airplane_mode_on|break_app_storage_permission|data_mode_off|user_abroad_roaming_enabled_off[PERSONA:Hard],telecom_0000,0,615,pending,0,tau2_prep_check_telecom_0000,C:\Users\86132\Desktop\SafeDesk\benchmarks\tau2-bench\data\simulations\tau2_prep_check_telecom_0000\results.json,,2026-07-09T22:52:02
tau2_prep_check,telecom,telecom,none,[mms_issue]airplane_mode_on|break_app_both_permissions|data_mode_off|user_abroad_roaming_enabled_off[PERSONA:None],telecom_0000,0,616,pending,0,tau2_prep_check_telecom_0000,C:\Users\86132\Desktop\SafeDesk\benchmarks\tau2-bench\data\simulations\tau2_prep_check_telecom_0000\results.json,,2026-07-09T22:52:02
tau2_prep_check,telecom,telecom,none,[mms_issue]airplane_mode_on|bad_network_preference|data_mode_off|user_abroad_roaming_disabled_on[PERSONA:Easy],telecom_0000,0,617,pending,0,tau2_prep_check_telecom_0000,C:\Users\86132\Desktop\SafeDesk\benchmarks\tau2-bench\data\simulations\tau2_prep_check_telecom_0000\results.json,,2026-07-09T22:52:02
tau2_prep_check,telecom,telecom,none,[mms_issue]airplane_mode_on|bad_wifi_calling|data_mode_off|user_abroad_roaming_disabled_on[PERSONA:Hard],telecom_0000,0,618,pending,0,tau2_prep_check_telecom_0000,C:\Users\86132\Desktop\SafeDesk\benchmarks\tau2-bench\data\simulations\tau2_prep_check_telecom_0000\results.json,,2026-07-09T22:52:02
tau2_prep_check,telecom,telecom,none,[mms_issue]airplane_mode_on|break_apn_mms_setting|data_mode_off|user_abroad_roaming_disabled_on[PERSONA:None],telecom_0000,0,619,pending,0,tau2_prep_check_telecom_0000,C:\Users\86132\Desktop\SafeDesk\benchmarks\tau2-bench\data\simulations\tau2_prep_check_telecom_0000\results.json,,2026-07-09T22:52:02
tau2_prep_check,telecom,telecom,none,[mms_issue]airplane_mode_on|break_app_sms_permission|data_mode_off|user_abroad_roaming_disabled_on[PERSONA:Easy],telecom_0000,0,620,pending,0,tau2_prep_check_telecom_0000,C:\Users\86132\Desktop\SafeDesk\benchmarks\tau2-bench\data\simulations\tau2_prep_check_telecom_0000\results.json,,2026-07-09T22:52:02
tau2_prep_check,telecom,telecom,none,[mms_issue]airplane_mode_on|break_app_storage_permission|data_mode_off|user_abroad_roaming_disabled_on[PERSONA:Hard],telecom_0000,0,621,pending,0,tau2_prep_check_telecom_0000,C:\Users\86132\Desktop\SafeDesk\benchmarks\tau2-bench\data\simulations\tau2_prep_check_telecom_0000\results.json,,2026-07-09T22:52:02
tau2_prep_check,telecom,telecom,none,[mms_issue]airplane_mode_on|break_app_both_permissions|data_mode_off|user_abroad_roaming_disabled_on[PERSONA:None],telecom_0000,0,622,pending,0,tau2_prep_check_telecom_0000,C:\Users\86132\Desktop\SafeDesk\benchmarks\tau2-bench\data\simulations\tau2_prep_check_telecom_0000\results.json,,2026-07-09T22:52:02
tau2_prep_check,telecom,telecom,none,[mms_issue]airplane_mode_on|bad_network_preference|data_mode_off|user_abroad_roaming_disabled_off[PERSONA:Easy],telecom_0000,0,623,pending,0,tau2_prep_check_telecom_0000,C:\Users\86132\Desktop\SafeDesk\benchmarks\tau2-bench\data\simulations\tau2_prep_check_telecom_0000\results.json,,2026-07-09T22:52:02
tau2_prep_check,telecom,telecom,none,[mms_issue]airplane_mode_on|bad_wifi_calling|data_mode_off|user_abroad_roaming_disabled_off[PERSONA:Hard],telecom_0000,0,624,pending,0,tau2_prep_check_telecom_0000,C:\Users\86132\Desktop\SafeDesk\benchmarks\tau2-bench\data\simulations\tau2_prep_check_telecom_0000\results.json,,2026-07-09T22:52:02
tau2_prep_check,telecom,telecom,none,[mms_issue]airplane_mode_on|break_apn_mms_setting|data_mode_off|user_abroad_roaming_disabled_off[PERSONA:None],telecom_0000,0,625,pending,0,tau2_prep_check_telecom_0000,C:\Users\86132\Desktop\SafeDesk\benchmarks\tau2-bench\data\simulations\tau2_prep_check_telecom_0000\results.json,,2026-07-09T22:52:02
tau2_prep_check,telecom,telecom,none,[mms_issue]airplane_mode_on|break_app_sms_permission|data_mode_off|user_abroad_roaming_disabled_off[PERSONA:Easy],telecom_0000,0,626,pending,0,tau2_prep_check_telecom_0000,C:\Users\86132\Desktop\SafeDesk\benchmarks\tau2-bench\data\simulations\tau2_prep_check_telecom_0000\results.json,,2026-07-09T22:52:02
tau2_prep_check,telecom,telecom,none,[mms_issue]airplane_mode_on|break_app_storage_permission|data_mode_off|user_abroad_roaming_disabled_off[PERSONA:Hard],telecom_0000,0,627,pending,0,tau2_prep_check_telecom_0000,C:\Users\86132\Desktop\SafeDesk\benchmarks\tau2-bench\data\simulations\tau2_prep_check_telecom_0000\results.json,,2026-07-09T22:52:02
tau2_prep_check,telecom,telecom,none,[mms_issue]airplane_mode_on|break_app_both_permissions|data_mode_off|user_abroad_roaming_disabled_off[PERSONA:None],telecom_0000,0,628,pending,0,tau2_prep_check_telecom_0000,C:\Users\86132\Desktop\SafeDesk\benchmarks\tau2-bench\data\simulations\tau2_prep_check_telecom_0000\results.json,,2026-07-09T22:52:02
tau2_prep_check,telecom,telecom,none,[mms_issue]airplane_mode_on|bad_network_preference|bad_wifi_calling|data_mode_off[PERSONA:Easy],telecom_0000,0,629,pending,0,tau2_prep_check_telecom_0000,C:\Users\86132\Desktop\SafeDesk\benchmarks\tau2-bench\data\simulations\tau2_prep_check_telecom_0000\results.json,,2026-07-09T22:52:02
tau2_prep_check,telecom,telecom,none,[mms_issue]airplane_mode_on|bad_network_preference|break_apn_mms_setting|data_mode_off[PERSONA:Hard],telecom_0000,0,630,pending,0,tau2_prep_check_telecom_0000,C:\Users\86132\Desktop\SafeDesk\benchmarks\tau2-bench\data\simulations\tau2_prep_check_telecom_0000\results.json,,2026-07-09T22:52:02
tau2_prep_check,telecom,telecom,none,[mms_issue]airplane_mode_on|bad_network_preference|break_app_sms_permission|data_mode_off[PERSONA:None],telecom_0000,0,631,pending,0,tau2_prep_check_telecom_0000,C:\Users\86132\Desktop\SafeDesk\benchmarks\tau2-bench\data\simulations\tau2_prep_check_telecom_0000\results.json,,2026-07-09T22:52:02
tau2_prep_check,telecom,telecom,none,[mms_issue]airplane_mode_on|bad_network_preference|break_app_storage_permission|data_mode_off[PERSONA:Easy],telecom_0000,0,632,pending,0,tau2_prep_check_telecom_0000,C:\Users\86132\Desktop\SafeDesk\benchmarks\tau2-bench\data\simulations\tau2_prep_check_telecom_0000\results.json,,2026-07-09T22:52:02
tau2_prep_check,telecom,telecom,none,[mms_issue]airplane_mode_on|bad_network_preference|break_app_both_permissions|data_mode_off[PERSONA:Hard],telecom_0000,0,633,pending,0,tau2_prep_check_telecom_0000,C:\Users\86132\Desktop\SafeDesk\benchmarks\tau2-bench\data\simulations\tau2_prep_check_telecom_0000\results.json,,2026-07-09T22:52:02
tau2_prep_check,telecom,telecom,none,[mms_issue]airplane_mode_on|bad_wifi_calling|break_apn_mms_setting|data_mode_off[PERSONA:None],telecom_0000,0,634,pending,0,tau2_prep_check_telecom_0000,C:\Users\86132\Desktop\SafeDesk\benchmarks\tau2-bench\data\simulations\tau2_prep_check_telecom_0000\results.json,,2026-07-09T22:52:02
tau2_prep_check,telecom,telecom,none,[mms_issue]airplane_mode_on|bad_wifi_calling|break_app_sms_permission|data_mode_off[PERSONA:Easy],telecom_0000,0,635,pending,0,tau2_prep_check_telecom_0000,C:\Users\86132\Desktop\SafeDesk\benchmarks\tau2-bench\data\simulations\tau2_prep_check_telecom_0000\results.json,,2026-07-09T22:52:02
tau2_prep_check,telecom,telecom,none,[mms_issue]airplane_mode_on|bad_wifi_calling|break_app_storage_permission|data_mode_off[PERSONA:Hard],telecom_0000,0,636,pending,0,tau2_prep_check_telecom_0000,C:\Users\86132\Desktop\SafeDesk\benchmarks\tau2-bench\data\simulations\tau2_prep_check_telecom_0000\results.json,,2026-07-09T22:52:02
tau2_prep_check,telecom,telecom,none,[mms_issue]airplane_mode_on|bad_wifi_calling|break_app_both_permissions|data_mode_off[PERSONA:None],telecom_0000,0,637,pending,0,tau2_prep_check_telecom_0000,C:\Users\86132\Desktop\SafeDesk\benchmarks\tau2-bench\data\simulations\tau2_prep_check_telecom_0000\results.json,,2026-07-09T22:52:02
tau2_prep_check,telecom,telecom,none,[mms_issue]airplane_mode_on|break_apn_mms_setting|break_app_sms_permission|data_mode_off[PERSONA:Easy],telecom_0000,0,638,pending,0,tau2_prep_check_telecom_0000,C:\Users\86132\Desktop\SafeDesk\benchmarks\tau2-bench\data\simulations\tau2_prep_check_telecom_0000\results.json,,2026-07-09T22:52:02
tau2_prep_check,telecom,telecom,none,[mms_issue]airplane_mode_on|break_apn_mms_setting|break_app_storage_permission|data_mode_off[PERSONA:Hard],telecom_0000,0,639,pending,0,tau2_prep_check_telecom_0000,C:\Users\86132\Desktop\SafeDesk\benchmarks\tau2-bench\data\simulations\tau2_prep_check_telecom_0000\results.json,,2026-07-09T22:52:02
tau2_prep_check,telecom,telecom,none,[mms_issue]airplane_mode_on|break_apn_mms_setting|break_app_both_permissions|data_mode_off[PERSONA:None],telecom_0000,0,640,pending,0,tau2_prep_check_telecom_0000,C:\Users\86132\Desktop\SafeDesk\benchmarks\tau2-bench\data\simulations\tau2_prep_check_telecom_0000\results.json,,2026-07-09T22:52:02
tau2_prep_check,telecom,telecom,none,[mms_issue]airplane_mode_on|bad_network_preference|data_usage_exceeded|user_abroad_roaming_enabled_off[PERSONA:Easy],telecom_0000,0,641,pending,0,tau2_prep_check_telecom_0000,C:\Users\86132\Desktop\SafeDesk\benchmarks\tau2-bench\data\simulations\tau2_prep_check_telecom_0000\results.json,,2026-07-09T22:52:02
tau2_prep_check,telecom,telecom,none,[mms_issue]airplane_mode_on|bad_wifi_calling|data_usage_exceeded|user_abroad_roaming_enabled_off[PERSONA:Hard],telecom_0000,0,642,pending,0,tau2_prep_check_telecom_0000,C:\Users\86132\Desktop\SafeDesk\benchmarks\tau2-bench\data\simulations\tau2_prep_check_telecom_0000\results.json,,2026-07-09T22:52:02
tau2_prep_check,telecom,telecom,none,[mms_issue]airplane_mode_on|break_apn_mms_setting|data_usage_exceeded|user_abroad_roaming_enabled_off[PERSONA:None],telecom_0000,0,643,pending,0,tau2_prep_check_telecom_0000,C:\Users\86132\Desktop\SafeDesk\benchmarks\tau2-bench\data\simulations\tau2_prep_check_telecom_0000\results.json,,2026-07-09T22:52:02
tau2_prep_check,telecom,telecom,none,[mms_issue]airplane_mode_on|break_app_sms_permission|data_usage_exceeded|user_abroad_roaming_enabled_off[PERSONA:Easy],telecom_0000,0,644,pending,0,tau2_prep_check_telecom_0000,C:\Users\86132\Desktop\SafeDesk\benchmarks\tau2-bench\data\simulations\tau2_prep_check_telecom_0000\results.json,,2026-07-09T22:52:02
tau2_prep_check,telecom,telecom,none,[mms_issue]airplane_mode_on|break_app_storage_permission|data_usage_exceeded|user_abroad_roaming_enabled_off[PERSONA:Hard],telecom_0000,0,645,pending,0,tau2_prep_check_telecom_0000,C:\Users\86132\Desktop\SafeDesk\benchmarks\tau2-bench\data\simulations\tau2_prep_check_telecom_0000\results.json,,2026-07-09T22:52:02
tau2_prep_check,telecom,telecom,none,[mms_issue]airplane_mode_on|break_app_both_permissions|data_usage_exceeded|user_abroad_roaming_enabled_off[PERSONA:None],telecom_0000,0,646,pending,0,tau2_prep_check_telecom_0000,C:\Users\86132\Desktop\SafeDesk\benchmarks\tau2-bench\data\simulations\tau2_prep_check_telecom_0000\results.json,,2026-07-09T22:52:02
tau2_prep_check,telecom,telecom,none,[mms_issue]airplane_mode_on|bad_network_preference|data_usage_exceeded|user_abroad_roaming_disabled_on[PERSONA:Easy],telecom_0000,0,647,pending,0,tau2_prep_check_telecom_0000,C:\Users\86132\Desktop\SafeDesk\benchmarks\tau2-bench\data\simulations\tau2_prep_check_telecom_0000\results.json,,2026-07-09T22:52:02
tau2_prep_check,telecom,telecom,none,[mms_issue]airplane_mode_on|bad_wifi_calling|data_usage_exceeded|user_abroad_roaming_disabled_on[PERSONA:Hard],telecom_0000,0,648,pending,0,tau2_prep_check_telecom_0000,C:\Users\86132\Desktop\SafeDesk\benchmarks\tau2-bench\data\simulations\tau2_prep_check_telecom_0000\results.json,,2026-07-09T22:52:02
tau2_prep_check,telecom,telecom,none,[mms_issue]airplane_mode_on|break_apn_mms_setting|data_usage_exceeded|user_abroad_roaming_disabled_on[PERSONA:None],telecom_0000,0,649,pending,0,tau2_prep_check_telecom_0000,C:\Users\86132\Desktop\SafeDesk\benchmarks\tau2-bench\data\simulations\tau2_prep_check_telecom_0000\results.json,,2026-07-09T22:52:02
tau2_prep_check,telecom,telecom,none,[mms_issue]airplane_mode_on|break_app_sms_permission|data_usage_exceeded|user_abroad_roaming_disabled_on[PERSONA:Easy],telecom_0000,0,650,pending,0,tau2_prep_check_telecom_0000,C:\Users\86132\Desktop\SafeDesk\benchmarks\tau2-bench\data\simulations\tau2_prep_check_telecom_0000\results.json,,2026-07-09T22:52:02
tau2_prep_check,telecom,telecom,none,[mms_issue]airplane_mode_on|break_app_storage_permission|data_usage_exceeded|user_abroad_roaming_disabled_on[PERSONA:Hard],telecom_0000,0,651,pending,0,tau2_prep_check_telecom_0000,C:\Users\86132\Desktop\SafeDesk\benchmarks\tau2-bench\data\simulations\tau2_prep_check_telecom_0000\results.json,,2026-07-09T22:52:02
tau2_prep_check,telecom,telecom,none,[mms_issue]airplane_mode_on|break_app_both_permissions|data_usage_exceeded|user_abroad_roaming_disabled_on[PERSONA:None],telecom_0000,0,652,pending,0,tau2_prep_check_telecom_0000,C:\Users\86132\Desktop\SafeDesk\benchmarks\tau2-bench\data\simulations\tau2_prep_check_telecom_0000\results.json,,2026-07-09T22:52:02
tau2_prep_check,telecom,telecom,none,[mms_issue]airplane_mode_on|bad_network_preference|data_usage_exceeded|user_abroad_roaming_disabled_off[PERSONA:Easy],telecom_0000,0,653,pending,0,tau2_prep_check_telecom_0000,C:\Users\86132\Desktop\SafeDesk\benchmarks\tau2-bench\data\simulations\tau2_prep_check_telecom_0000\results.json,,2026-07-09T22:52:02
tau2_prep_check,telecom,telecom,none,[mms_issue]airplane_mode_on|bad_wifi_calling|data_usage_exceeded|user_abroad_roaming_disabled_off[PERSONA:Hard],telecom_0000,0,654,pending,0,tau2_prep_check_telecom_0000,C:\Users\86132\Desktop\SafeDesk\benchmarks\tau2-bench\data\simulations\tau2_prep_check_telecom_0000\results.json,,2026-07-09T22:52:02
tau2_prep_check,telecom,telecom,none,[mms_issue]airplane_mode_on|break_apn_mms_setting|data_usage_exceeded|user_abroad_roaming_disabled_off[PERSONA:None],telecom_0000,0,655,pending,0,tau2_prep_check_telecom_0000,C:\Users\86132\Desktop\SafeDesk\benchmarks\tau2-bench\data\simulations\tau2_prep_check_telecom_0000\results.json,,2026-07-09T22:52:02
tau2_prep_check,telecom,telecom,none,[mms_issue]airplane_mode_on|break_app_sms_permission|data_usage_exceeded|user_abroad_roaming_disabled_off[PERSONA:Easy],telecom_0000,0,656,pending,0,tau2_prep_check_telecom_0000,C:\Users\86132\Desktop\SafeDesk\benchmarks\tau2-bench\data\simulations\tau2_prep_check_telecom_0000\results.json,,2026-07-09T22:52:02
tau2_prep_check,telecom,telecom,none,[mms_issue]airplane_mode_on|break_app_storage_permission|data_usage_exceeded|user_abroad_roaming_disabled_off[PERSONA:Hard],telecom_0000,0,657,pending,0,tau2_prep_check_telecom_0000,C:\Users\86132\Desktop\SafeDesk\benchmarks\tau2-bench\data\simulations\tau2_prep_check_telecom_0000\results.json,,2026-07-09T22:52:02
tau2_prep_check,telecom,telecom,none,[mms_issue]airplane_mode_on|break_app_both_permissions|data_usage_exceeded|user_abroad_roaming_disabled_off[PERSONA:None],telecom_0000,0,658,pending,0,tau2_prep_check_telecom_0000,C:\Users\86132\Desktop\SafeDesk\benchmarks\tau2-bench\data\simulations\tau2_prep_check_telecom_0000\results.json,,2026-07-09T22:52:02
tau2_prep_check,telecom,telecom,none,[mms_issue]airplane_mode_on|bad_network_preference|bad_wifi_calling|data_usage_exceeded[PERSONA:Easy],telecom_0000,0,659,pending,0,tau2_prep_check_telecom_0000,C:\Users\86132\Desktop\SafeDesk\benchmarks\tau2-bench\data\simulations\tau2_prep_check_telecom_0000\results.json,,2026-07-09T22:52:02
tau2_prep_check,telecom,telecom,none,[mms_issue]airplane_mode_on|bad_network_preference|break_apn_mms_setting|data_usage_exceeded[PERSONA:Hard],telecom_0000,0,660,pending,0,tau2_prep_check_telecom_0000,C:\Users\86132\Desktop\SafeDesk\benchmarks\tau2-bench\data\simulations\tau2_prep_check_telecom_0000\results.json,,2026-07-09T22:52:02
tau2_prep_check,telecom,telecom,none,[mms_issue]airplane_mode_on|bad_network_preference|break_app_sms_permission|data_usage_exceeded[PERSONA:None],telecom_0000,0,661,pending,0,tau2_prep_check_telecom_0000,C:\Users\86132\Desktop\SafeDesk\benchmarks\tau2-bench\data\simulations\tau2_prep_check_telecom_0000\results.json,,2026-07-09T22:52:02
tau2_prep_check,telecom,telecom,none,[mms_issue]airplane_mode_on|bad_network_preference|break_app_storage_permission|data_usage_exceeded[PERSONA:Easy],telecom_0000,0,662,pending,0,tau2_prep_check_telecom_0000,C:\Users\86132\Desktop\SafeDesk\benchmarks\tau2-bench\data\simulations\tau2_prep_check_telecom_0000\results.json,,2026-07-09T22:52:02
tau2_prep_check,telecom,telecom,none,[mms_issue]airplane_mode_on|bad_network_preference|break_app_both_permissions|data_usage_exceeded[PERSONA:Hard],telecom_0000,0,663,pending,0,tau2_prep_check_telecom_0000,C:\Users\86132\Desktop\SafeDesk\benchmarks\tau2-bench\data\simulations\tau2_prep_check_telecom_0000\results.json,,2026-07-09T22:52:02
tau2_prep_check,telecom,telecom,none,[mms_issue]airplane_mode_on|bad_wifi_calling|break_apn_mms_setting|data_usage_exceeded[PERSONA:None],telecom_0000,0,664,pending,0,tau2_prep_check_telecom_0000,C:\Users\86132\Desktop\SafeDesk\benchmarks\tau2-bench\data\simulations\tau2_prep_check_telecom_0000\results.json,,2026-07-09T22:52:02
tau2_prep_check,telecom,telecom,none,[mms_issue]airplane_mode_on|bad_wifi_calling|break_app_sms_permission|data_usage_exceeded[PERSONA:Easy],telecom_0000,0,665,pending,0,tau2_prep_check_telecom_0000,C:\Users\86132\Desktop\SafeDesk\benchmarks\tau2-bench\data\simulations\tau2_prep_check_telecom_0000\results.json,,2026-07-09T22:52:02
tau2_prep_check,telecom,telecom,none,[mms_issue]airplane_mode_on|bad_wifi_calling|break_app_storage_permission|data_usage_exceeded[PERSONA:Hard],telecom_0000,0,666,pending,0,tau2_prep_check_telecom_0000,C:\Users\86132\Desktop\SafeDesk\benchmarks\tau2-bench\data\simulations\tau2_prep_check_telecom_0000\results.json,,2026-07-09T22:52:02
tau2_prep_check,telecom,telecom,none,[mms_issue]airplane_mode_on|bad_wifi_calling|break_app_both_permissions|data_usage_exceeded[PERSONA:None],telecom_0000,0,667,pending,0,tau2_prep_check_telecom_0000,C:\Users\86132\Desktop\SafeDesk\benchmarks\tau2-bench\data\simulations\tau2_prep_check_telecom_0000\results.json,,2026-07-09T22:52:02
tau2_prep_check,telecom,telecom,none,[mms_issue]airplane_mode_on|break_apn_mms_setting|break_app_sms_permission|data_usage_exceeded[PERSONA:Easy],telecom_0000,0,668,pending,0,tau2_prep_check_telecom_0000,C:\Users\86132\Desktop\SafeDesk\benchmarks\tau2-bench\data\simulations\tau2_prep_check_telecom_0000\results.json,,2026-07-09T22:52:02
tau2_prep_check,telecom,telecom,none,[mms_issue]airplane_mode_on|break_apn_mms_setting|break_app_storage_permission|data_usage_exceeded[PERSONA:Hard],telecom_0000,0,669,pending,0,tau2_prep_check_telecom_0000,C:\Users\86132\Desktop\SafeDesk\benchmarks\tau2-bench\data\simulations\tau2_prep_check_telecom_0000\results.json,,2026-07-09T22:52:02
tau2_prep_check,telecom,telecom,none,[mms_issue]airplane_mode_on|break_apn_mms_setting|break_app_both_permissions|data_usage_exceeded[PERSONA:None],telecom_0000,0,670,pending,0,tau2_prep_check_telecom_0000,C:\Users\86132\Desktop\SafeDesk\benchmarks\tau2-bench\data\simulations\tau2_prep_check_telecom_0000\results.json,,2026-07-09T22:52:02
tau2_prep_check,telecom,telecom,none,[mms_issue]airplane_mode_on|bad_network_preference|bad_wifi_calling|user_abroad_roaming_enabled_off[PERSONA:Easy],telecom_0000,0,671,pending,0,tau2_prep_check_telecom_0000,C:\Users\86132\Desktop\SafeDesk\benchmarks\tau2-bench\data\simulations\tau2_prep_check_telecom_0000\results.json,,2026-07-09T22:52:02
tau2_prep_check,telecom,telecom,none,[mms_issue]airplane_mode_on|bad_network_preference|break_apn_mms_setting|user_abroad_roaming_enabled_off[PERSONA:Hard],telecom_0000,0,672,pending,0,tau2_prep_check_telecom_0000,C:\Users\86132\Desktop\SafeDesk\benchmarks\tau2-bench\data\simulations\tau2_prep_check_telecom_0000\results.json,,2026-07-09T22:52:02
tau2_prep_check,telecom,telecom,none,[mms_issue]airplane_mode_on|bad_network_preference|break_app_sms_permission|user_abroad_roaming_enabled_off[PERSONA:None],telecom_0000,0,673,pending,0,tau2_prep_check_telecom_0000,C:\Users\86132\Desktop\SafeDesk\benchmarks\tau2-bench\data\simulations\tau2_prep_check_telecom_0000\results.json,,2026-07-09T22:52:02
tau2_prep_check,telecom,telecom,none,[mms_issue]airplane_mode_on|bad_network_preference|break_app_storage_permission|user_abroad_roaming_enabled_off[PERSONA:Easy],telecom_0000,0,674,pending,0,tau2_prep_check_telecom_0000,C:\Users\86132\Desktop\SafeDesk\benchmarks\tau2-bench\data\simulations\tau2_prep_check_telecom_0000\results.json,,2026-07-09T22:52:02
tau2_prep_check,telecom,telecom,none,[mms_issue]airplane_mode_on|bad_network_preference|break_app_both_permissions|user_abroad_roaming_enabled_off[PERSONA:Hard],telecom_0000,0,675,pending,0,tau2_prep_check_telecom_0000,C:\Users\86132\Desktop\SafeDesk\benchmarks\tau2-bench\data\simulations\tau2_prep_check_telecom_0000\results.json,,2026-07-09T22:52:02
tau2_prep_check,telecom,telecom,none,[mms_issue]airplane_mode_on|bad_wifi_calling|break_apn_mms_setting|user_abroad_roaming_enabled_off[PERSONA:None],telecom_0000,0,676,pending,0,tau2_prep_check_telecom_0000,C:\Users\86132\Desktop\SafeDesk\benchmarks\tau2-bench\data\simulations\tau2_prep_check_telecom_0000\results.json,,2026-07-09T22:52:02
tau2_prep_check,telecom,telecom,none,[mms_issue]airplane_mode_on|bad_wifi_calling|break_app_sms_permission|user_abroad_roaming_enabled_off[PERSONA:Easy],telecom_0000,0,677,pending,0,tau2_prep_check_telecom_0000,C:\Users\86132\Desktop\SafeDesk\benchmarks\tau2-bench\data\simulations\tau2_prep_check_telecom_0000\results.json,,2026-07-09T22:52:02
tau2_prep_check,telecom,telecom,none,[mms_issue]airplane_mode_on|bad_wifi_calling|break_app_storage_permission|user_abroad_roaming_enabled_off[PERSONA:Hard],telecom_0000,0,678,pending,0,tau2_prep_check_telecom_0000,C:\Users\86132\Desktop\SafeDesk\benchmarks\tau2-bench\data\simulations\tau2_prep_check_telecom_0000\results.json,,2026-07-09T22:52:02
tau2_prep_check,telecom,telecom,none,[mms_issue]airplane_mode_on|bad_wifi_calling|break_app_both_permissions|user_abroad_roaming_enabled_off[PERSONA:None],telecom_0000,0,679,pending,0,tau2_prep_check_telecom_0000,C:\Users\86132\Desktop\SafeDesk\benchmarks\tau2-bench\data\simulations\tau2_prep_check_telecom_0000\results.json,,2026-07-09T22:52:02
tau2_prep_check,telecom,telecom,none,[mms_issue]airplane_mode_on|break_apn_mms_setting|break_app_sms_permission|user_abroad_roaming_enabled_off[PERSONA:Easy],telecom_0000,0,680,pending,0,tau2_prep_check_telecom_0000,C:\Users\86132\Desktop\SafeDesk\benchmarks\tau2-bench\data\simulations\tau2_prep_check_telecom_0000\results.json,,2026-07-09T22:52:02
tau2_prep_check,telecom,telecom,none,[mms_issue]airplane_mode_on|break_apn_mms_setting|break_app_storage_permission|user_abroad_roaming_enabled_off[PERSONA:Hard],telecom_0000,0,681,pending,0,tau2_prep_check_telecom_0000,C:\Users\86132\Desktop\SafeDesk\benchmarks\tau2-bench\data\simulations\tau2_prep_check_telecom_0000\results.json,,2026-07-09T22:52:02
tau2_prep_check,telecom,telecom,none,[mms_issue]airplane_mode_on|break_apn_mms_setting|break_app_both_permissions|user_abroad_roaming_enabled_off[PERSONA:None],telecom_0000,0,682,pending,0,tau2_prep_check_telecom_0000,C:\Users\86132\Desktop\SafeDesk\benchmarks\tau2-bench\data\simulations\tau2_prep_check_telecom_0000\results.json,,2026-07-09T22:52:02
tau2_prep_check,telecom,telecom,none,[mms_issue]airplane_mode_on|bad_network_preference|bad_wifi_calling|user_abroad_roaming_disabled_on[PERSONA:Easy],telecom_0000,0,683,pending,0,tau2_prep_check_telecom_0000,C:\Users\86132\Desktop\SafeDesk\benchmarks\tau2-bench\data\simulations\tau2_prep_check_telecom_0000\results.json,,2026-07-09T22:52:02
tau2_prep_check,telecom,telecom,none,[mms_issue]airplane_mode_on|bad_network_preference|break_apn_mms_setting|user_abroad_roaming_disabled_on[PERSONA:Hard],telecom_0000,0,684,pending,0,tau2_prep_check_telecom_0000,C:\Users\86132\Desktop\SafeDesk\benchmarks\tau2-bench\data\simulations\tau2_prep_check_telecom_0000\results.json,,2026-07-09T22:52:02
tau2_prep_check,telecom,telecom,none,[mms_issue]airplane_mode_on|bad_network_preference|break_app_sms_permission|user_abroad_roaming_disabled_on[PERSONA:None],telecom_0000,0,685,pending,0,tau2_prep_check_telecom_0000,C:\Users\86132\Desktop\SafeDesk\benchmarks\tau2-bench\data\simulations\tau2_prep_check_telecom_0000\results.json,,2026-07-09T22:52:02
tau2_prep_check,telecom,telecom,none,[mms_issue]airplane_mode_on|bad_network_preference|break_app_storage_permission|user_abroad_roaming_disabled_on[PERSONA:Easy],telecom_0000,0,686,pending,0,tau2_prep_check_telecom_0000,C:\Users\86132\Desktop\SafeDesk\benchmarks\tau2-bench\data\simulations\tau2_prep_check_telecom_0000\results.json,,2026-07-09T22:52:02
tau2_prep_check,telecom,telecom,none,[mms_issue]airplane_mode_on|bad_network_preference|break_app_both_permissions|user_abroad_roaming_disabled_on[PERSONA:Hard],telecom_0000,0,687,pending,0,tau2_prep_check_telecom_0000,C:\Users\86132\Desktop\SafeDesk\benchmarks\tau2-bench\data\simulations\tau2_prep_check_telecom_0000\results.json,,2026-07-09T22:52:02
tau2_prep_check,telecom,telecom,none,[mms_issue]airplane_mode_on|bad_wifi_calling|break_apn_mms_setting|user_abroad_roaming_disabled_on[PERSONA:None],telecom_0000,0,688,pending,0,tau2_prep_check_telecom_0000,C:\Users\86132\Desktop\SafeDesk\benchmarks\tau2-bench\data\simulations\tau2_prep_check_telecom_0000\results.json,,2026-07-09T22:52:02
tau2_prep_check,telecom,telecom,none,[mms_issue]airplane_mode_on|bad_wifi_calling|break_app_sms_permission|user_abroad_roaming_disabled_on[PERSONA:Easy],telecom_0000,0,689,pending,0,tau2_prep_check_telecom_0000,C:\Users\86132\Desktop\SafeDesk\benchmarks\tau2-bench\data\simulations\tau2_prep_check_telecom_0000\results.json,,2026-07-09T22:52:02
tau2_prep_check,telecom,telecom,none,[mms_issue]airplane_mode_on|bad_wifi_calling|break_app_storage_permission|user_abroad_roaming_disabled_on[PERSONA:Hard],telecom_0000,0,690,pending,0,tau2_prep_check_telecom_0000,C:\Users\86132\Desktop\SafeDesk\benchmarks\tau2-bench\data\simulations\tau2_prep_check_telecom_0000\results.json,,2026-07-09T22:52:02
tau2_prep_check,telecom,telecom,none,[mms_issue]airplane_mode_on|bad_wifi_calling|break_app_both_permissions|user_abroad_roaming_disabled_on[PERSONA:None],telecom_0000,0,691,pending,0,tau2_prep_check_telecom_0000,C:\Users\86132\Desktop\SafeDesk\benchmarks\tau2-bench\data\simulations\tau2_prep_check_telecom_0000\results.json,,2026-07-09T22:52:02
tau2_prep_check,telecom,telecom,none,[mms_issue]airplane_mode_on|break_apn_mms_setting|break_app_sms_permission|user_abroad_roaming_disabled_on[PERSONA:Easy],telecom_0000,0,692,pending,0,tau2_prep_check_telecom_0000,C:\Users\86132\Desktop\SafeDesk\benchmarks\tau2-bench\data\simulations\tau2_prep_check_telecom_0000\results.json,,2026-07-09T22:52:02
tau2_prep_check,telecom,telecom,none,[mms_issue]airplane_mode_on|break_apn_mms_setting|break_app_storage_permission|user_abroad_roaming_disabled_on[PERSONA:Hard],telecom_0000,0,693,pending,0,tau2_prep_check_telecom_0000,C:\Users\86132\Desktop\SafeDesk\benchmarks\tau2-bench\data\simulations\tau2_prep_check_telecom_0000\results.json,,2026-07-09T22:52:02
tau2_prep_check,telecom,telecom,none,[mms_issue]airplane_mode_on|break_apn_mms_setting|break_app_both_permissions|user_abroad_roaming_disabled_on[PERSONA:None],telecom_0000,0,694,pending,0,tau2_prep_check_telecom_0000,C:\Users\86132\Desktop\SafeDesk\benchmarks\tau2-bench\data\simulations\tau2_prep_check_telecom_0000\results.json,,2026-07-09T22:52:02
tau2_prep_check,telecom,telecom,none,[mms_issue]airplane_mode_on|bad_network_preference|bad_wifi_calling|user_abroad_roaming_disabled_off[PERSONA:Easy],telecom_0000,0,695,pending,0,tau2_prep_check_telecom_0000,C:\Users\86132\Desktop\SafeDesk\benchmarks\tau2-bench\data\simulations\tau2_prep_check_telecom_0000\results.json,,2026-07-09T22:52:02
tau2_prep_check,telecom,telecom,none,[mms_issue]airplane_mode_on|bad_network_preference|break_apn_mms_setting|user_abroad_roaming_disabled_off[PERSONA:Hard],telecom_0000,0,696,pending,0,tau2_prep_check_telecom_0000,C:\Users\86132\Desktop\SafeDesk\benchmarks\tau2-bench\data\simulations\tau2_prep_check_telecom_0000\results.json,,2026-07-09T22:52:02
tau2_prep_check,telecom,telecom,none,[mms_issue]airplane_mode_on|bad_network_preference|break_app_sms_permission|user_abroad_roaming_disabled_off[PERSONA:None],telecom_0000,0,697,pending,0,tau2_prep_check_telecom_0000,C:\Users\86132\Desktop\SafeDesk\benchmarks\tau2-bench\data\simulations\tau2_prep_check_telecom_0000\results.json,,2026-07-09T22:52:02
tau2_prep_check,telecom,telecom,none,[mms_issue]airplane_mode_on|bad_network_preference|break_app_storage_permission|user_abroad_roaming_disabled_off[PERSONA:Easy],telecom_0000,0,698,pending,0,tau2_prep_check_telecom_0000,C:\Users\86132\Desktop\SafeDesk\benchmarks\tau2-bench\data\simulations\tau2_prep_check_telecom_0000\results.json,,2026-07-09T22:52:02
tau2_prep_check,telecom,telecom,none,[mms_issue]airplane_mode_on|bad_network_preference|break_app_both_permissions|user_abroad_roaming_disabled_off[PERSONA:Hard],telecom_0000,0,699,pending,0,tau2_prep_check_telecom_0000,C:\Users\86132\Desktop\SafeDesk\benchmarks\tau2-bench\data\simulations\tau2_prep_check_telecom_0000\results.json,,2026-07-09T22:52:02
tau2_prep_check,telecom,telecom,none,[mms_issue]airplane_mode_on|bad_wifi_calling|break_apn_mms_setting|user_abroad_roaming_disabled_off[PERSONA:None],telecom_0000,0,700,pending,0,tau2_prep_check_telecom_0000,C:\Users\86132\Desktop\SafeDesk\benchmarks\tau2-bench\data\simulations\tau2_prep_check_telecom_0000\results.json,,2026-07-09T22:52:02
tau2_prep_check,telecom,telecom,none,[mms_issue]airplane_mode_on|bad_wifi_calling|break_app_sms_permission|user_abroad_roaming_disabled_off[PERSONA:Easy],telecom_0000,0,701,pending,0,tau2_prep_check_telecom_0000,C:\Users\86132\Desktop\SafeDesk\benchmarks\tau2-bench\data\simulations\tau2_prep_check_telecom_0000\results.json,,2026-07-09T22:52:02
tau2_prep_check,telecom,telecom,none,[mms_issue]airplane_mode_on|bad_wifi_calling|break_app_storage_permission|user_abroad_roaming_disabled_off[PERSONA:Hard],telecom_0000,0,702,pending,0,tau2_prep_check_telecom_0000,C:\Users\86132\Desktop\SafeDesk\benchmarks\tau2-bench\data\simulations\tau2_prep_check_telecom_0000\results.json,,2026-07-09T22:52:02
tau2_prep_check,telecom,telecom,none,[mms_issue]airplane_mode_on|bad_wifi_calling|break_app_both_permissions|user_abroad_roaming_disabled_off[PERSONA:None],telecom_0000,0,703,pending,0,tau2_prep_check_telecom_0000,C:\Users\86132\Desktop\SafeDesk\benchmarks\tau2-bench\data\simulations\tau2_prep_check_telecom_0000\results.json,,2026-07-09T22:52:02
tau2_prep_check,telecom,telecom,none,[mms_issue]airplane_mode_on|break_apn_mms_setting|break_app_sms_permission|user_abroad_roaming_disabled_off[PERSONA:Easy],telecom_0000,0,704,pending,0,tau2_prep_check_telecom_0000,C:\Users\86132\Desktop\SafeDesk\benchmarks\tau2-bench\data\simulations\tau2_prep_check_telecom_0000\results.json,,2026-07-09T22:52:02
tau2_prep_check,telecom,telecom,none,[mms_issue]airplane_mode_on|break_apn_mms_setting|break_app_storage_permission|user_abroad_roaming_disabled_off[PERSONA:Hard],telecom_0000,0,705,pending,0,tau2_prep_check_telecom_0000,C:\Users\86132\Desktop\SafeDesk\benchmarks\tau2-bench\data\simulations\tau2_prep_check_telecom_0000\results.json,,2026-07-09T22:52:02
tau2_prep_check,telecom,telecom,none,[mms_issue]airplane_mode_on|break_apn_mms_setting|break_app_both_permissions|user_abroad_roaming_disabled_off[PERSONA:None],telecom_0000,0,706,pending,0,tau2_prep_check_telecom_0000,C:\Users\86132\Desktop\SafeDesk\benchmarks\tau2-bench\data\simulations\tau2_prep_check_telecom_0000\results.json,,2026-07-09T22:52:02
tau2_prep_check,telecom,telecom,none,[mms_issue]airplane_mode_on|bad_network_preference|bad_wifi_calling|break_apn_mms_setting[PERSONA:Easy],telecom_0000,0,707,pending,0,tau2_prep_check_telecom_0000,C:\Users\86132\Desktop\SafeDesk\benchmarks\tau2-bench\data\simulations\tau2_prep_check_telecom_0000\results.json,,2026-07-09T22:52:02
tau2_prep_check,telecom,telecom,none,[mms_issue]airplane_mode_on|bad_network_preference|bad_wifi_calling|break_app_sms_permission[PERSONA:Hard],telecom_0000,0,708,pending,0,tau2_prep_check_telecom_0000,C:\Users\86132\Desktop\SafeDesk\benchmarks\tau2-bench\data\simulations\tau2_prep_check_telecom_0000\results.json,,2026-07-09T22:52:02
tau2_prep_check,telecom,telecom,none,[mms_issue]airplane_mode_on|bad_network_preference|bad_wifi_calling|break_app_storage_permission[PERSONA:None],telecom_0000,0,709,pending,0,tau2_prep_check_telecom_0000,C:\Users\86132\Desktop\SafeDesk\benchmarks\tau2-bench\data\simulations\tau2_prep_check_telecom_0000\results.json,,2026-07-09T22:52:02
tau2_prep_check,telecom,telecom,none,[mms_issue]airplane_mode_on|bad_network_preference|bad_wifi_calling|break_app_both_permissions[PERSONA:Easy],telecom_0000,0,710,pending,0,tau2_prep_check_telecom_0000,C:\Users\86132\Desktop\SafeDesk\benchmarks\tau2-bench\data\simulations\tau2_prep_check_telecom_0000\results.json,,2026-07-09T22:52:02
tau2_prep_check,telecom,telecom,none,[mms_issue]airplane_mode_on|bad_network_preference|break_apn_mms_setting|break_app_sms_permission[PERSONA:Hard],telecom_0000,0,711,pending,0,tau2_prep_check_telecom_0000,C:\Users\86132\Desktop\SafeDesk\benchmarks\tau2-bench\data\simulations\tau2_prep_check_telecom_0000\results.json,,2026-07-09T22:52:02
tau2_prep_check,telecom,telecom,none,[mms_issue]airplane_mode_on|bad_network_preference|break_apn_mms_setting|break_app_storage_permission[PERSONA:None],telecom_0000,0,712,pending,0,tau2_prep_check_telecom_0000,C:\Users\86132\Desktop\SafeDesk\benchmarks\tau2-bench\data\simulations\tau2_prep_check_telecom_0000\results.json,,2026-07-09T22:52:02
tau2_prep_check,telecom,telecom,none,[mms_issue]airplane_mode_on|bad_network_preference|break_apn_mms_setting|break_app_both_permissions[PERSONA:Easy],telecom_0000,0,713,pending,0,tau2_prep_check_telecom_0000,C:\Users\86132\Desktop\SafeDesk\benchmarks\tau2-bench\data\simulations\tau2_prep_check_telecom_0000\results.json,,2026-07-09T22:52:02
tau2_prep_check,telecom,telecom,none,[mms_issue]airplane_mode_on|bad_wifi_calling|break_apn_mms_setting|break_app_sms_permission[PERSONA:Hard],telecom_0000,0,714,pending,0,tau2_prep_check_telecom_0000,C:\Users\86132\Desktop\SafeDesk\benchmarks\tau2-bench\data\simulations\tau2_prep_check_telecom_0000\results.json,,2026-07-09T22:52:02
tau2_prep_check,telecom,telecom,none,[mms_issue]airplane_mode_on|bad_wifi_calling|break_apn_mms_setting|break_app_storage_permission[PERSONA:None],telecom_0000,0,715,pending,0,tau2_prep_check_telecom_0000,C:\Users\86132\Desktop\SafeDesk\benchmarks\tau2-bench\data\simulations\tau2_prep_check_telecom_0000\results.json,,2026-07-09T22:52:02
tau2_prep_check,telecom,telecom,none,[mms_issue]airplane_mode_on|bad_wifi_calling|break_apn_mms_setting|break_app_both_permissions[PERSONA:Easy],telecom_0000,0,716,pending,0,tau2_prep_check_telecom_0000,C:\Users\86132\Desktop\SafeDesk\benchmarks\tau2-bench\data\simulations\tau2_prep_check_telecom_0000\results.json,,2026-07-09T22:52:02
tau2_prep_check,telecom,telecom,none,[mms_issue]bad_network_preference|data_mode_off|data_usage_exceeded|unseat_sim_card[PERSONA:Hard],telecom_0000,0,717,pending,0,tau2_prep_check_telecom_0000,C:\Users\86132\Desktop\SafeDesk\benchmarks\tau2-bench\data\simulations\tau2_prep_check_telecom_0000\results.json,,2026-07-09T22:52:02
tau2_prep_check,telecom,telecom,none,[mms_issue]bad_wifi_calling|data_mode_off|data_usage_exceeded|unseat_sim_card[PERSONA:None],telecom_0000,0,718,pending,0,tau2_prep_check_telecom_0000,C:\Users\86132\Desktop\SafeDesk\benchmarks\tau2-bench\data\simulations\tau2_prep_check_telecom_0000\results.json,,2026-07-09T22:52:02
tau2_prep_check,telecom,telecom,none,[mms_issue]break_apn_mms_setting|data_mode_off|data_usage_exceeded|unseat_sim_card[PERSONA:Easy],telecom_0000,0,719,pending,0,tau2_prep_check_telecom_0000,C:\Users\86132\Desktop\SafeDesk\benchmarks\tau2-bench\data\simulations\tau2_prep_check_telecom_0000\results.json,,2026-07-09T22:52:02
tau2_prep_check,telecom,telecom,none,[mms_issue]break_app_sms_permission|data_mode_off|data_usage_exceeded|unseat_sim_card[PERSONA:Hard],telecom_0000,0,720,pending,0,tau2_prep_check_telecom_0000,C:\Users\86132\Desktop\SafeDesk\benchmarks\tau2-bench\data\simulations\tau2_prep_check_telecom_0000\results.json,,2026-07-09T22:52:02
tau2_prep_check,telecom,telecom,none,[mms_issue]break_app_storage_permission|data_mode_off|data_usage_exceeded|unseat_sim_card[PERSONA:None],telecom_0000,0,721,pending,0,tau2_prep_check_telecom_0000,C:\Users\86132\Desktop\SafeDesk\benchmarks\tau2-bench\data\simulations\tau2_prep_check_telecom_0000\results.json,,2026-07-09T22:52:02
tau2_prep_check,telecom,telecom,none,[mms_issue]break_app_both_permissions|data_mode_off|data_usage_exceeded|unseat_sim_card[PERSONA:Easy],telecom_0000,0,722,pending,0,tau2_prep_check_telecom_0000,C:\Users\86132\Desktop\SafeDesk\benchmarks\tau2-bench\data\simulations\tau2_prep_check_telecom_0000\results.json,,2026-07-09T22:52:02
tau2_prep_check,telecom,telecom,none,[mms_issue]bad_network_preference|data_mode_off|unseat_sim_card|user_abroad_roaming_enabled_off[PERSONA:Hard],telecom_0000,0,723,pending,0,tau2_prep_check_telecom_0000,C:\Users\86132\Desktop\SafeDesk\benchmarks\tau2-bench\data\simulations\tau2_prep_check_telecom_0000\results.json,,2026-07-09T22:52:02
tau2_prep_check,telecom,telecom,none,[mms_issue]bad_wifi_calling|data_mode_off|unseat_sim_card|user_abroad_roaming_enabled_off[PERSONA:None],telecom_0000,0,724,pending,0,tau2_prep_check_telecom_0000,C:\Users\86132\Desktop\SafeDesk\benchmarks\tau2-bench\data\simulations\tau2_prep_check_telecom_0000\results.json,,2026-07-09T22:52:02
tau2_prep_check,telecom,telecom,none,[mms_issue]break_apn_mms_setting|data_mode_off|unseat_sim_card|user_abroad_roaming_enabled_off[PERSONA:Easy],telecom_0000,0,725,pending,0,tau2_prep_check_telecom_0000,C:\Users\86132\Desktop\SafeDesk\benchmarks\tau2-bench\data\simulations\tau2_prep_check_telecom_0000\results.json,,2026-07-09T22:52:02
tau2_prep_check,telecom,telecom,none,[mms_issue]break_app_sms_permission|data_mode_off|unseat_sim_card|user_abroad_roaming_enabled_off[PERSONA:Hard],telecom_0000,0,726,pending,0,tau2_prep_check_telecom_0000,C:\Users\86132\Desktop\SafeDesk\benchmarks\tau2-bench\data\simulations\tau2_prep_check_telecom_0000\results.json,,2026-07-09T22:52:02
tau2_prep_check,telecom,telecom,none,[mms_issue]break_app_storage_permission|data_mode_off|unseat_sim_card|user_abroad_roaming_enabled_off[PERSONA:None],telecom_0000,0,727,pending,0,tau2_prep_check_telecom_0000,C:\Users\86132\Desktop\SafeDesk\benchmarks\tau2-bench\data\simulations\tau2_prep_check_telecom_0000\results.json,,2026-07-09T22:52:02
tau2_prep_check,telecom,telecom,none,[mms_issue]break_app_both_permissions|data_mode_off|unseat_sim_card|user_abroad_roaming_enabled_off[PERSONA:Easy],telecom_0000,0,728,pending,0,tau2_prep_check_telecom_0000,C:\Users\86132\Desktop\SafeDesk\benchmarks\tau2-bench\data\simulations\tau2_prep_check_telecom_0000\results.json,,2026-07-09T22:52:02
tau2_prep_check,telecom,telecom,none,[mms_issue]bad_network_preference|data_mode_off|unseat_sim_card|user_abroad_roaming_disabled_on[PERSONA:Hard],telecom_0000,0,729,pending,0,tau2_prep_check_telecom_0000,C:\Users\86132\Desktop\SafeDesk\benchmarks\tau2-bench\data\simulations\tau2_prep_check_telecom_0000\results.json,,2026-07-09T22:52:02
tau2_prep_check,telecom,telecom,none,[mms_issue]bad_wifi_calling|data_mode_off|unseat_sim_card|user_abroad_roaming_disabled_on[PERSONA:None],telecom_0000,0,730,pending,0,tau2_prep_check_telecom_0000,C:\Users\86132\Desktop\SafeDesk\benchmarks\tau2-bench\data\simulations\tau2_prep_check_telecom_0000\results.json,,2026-07-09T22:52:02
tau2_prep_check,telecom,telecom,none,[mms_issue]break_apn_mms_setting|data_mode_off|unseat_sim_card|user_abroad_roaming_disabled_on[PERSONA:Easy],telecom_0000,0,731,pending,0,tau2_prep_check_telecom_0000,C:\Users\86132\Desktop\SafeDesk\benchmarks\tau2-bench\data\simulations\tau2_prep_check_telecom_0000\results.json,,2026-07-09T22:52:02
tau2_prep_check,telecom,telecom,none,[mms_issue]break_app_sms_permission|data_mode_off|unseat_sim_card|user_abroad_roaming_disabled_on[PERSONA:Hard],telecom_0000,0,732,pending,0,tau2_prep_check_telecom_0000,C:\Users\86132\Desktop\SafeDesk\benchmarks\tau2-bench\data\simulations\tau2_prep_check_telecom_0000\results.json,,2026-07-09T22:52:02
tau2_prep_check,telecom,telecom,none,[mms_issue]break_app_storage_permission|data_mode_off|unseat_sim_card|user_abroad_roaming_disabled_on[PERSONA:None],telecom_0000,0,733,pending,0,tau2_prep_check_telecom_0000,C:\Users\86132\Desktop\SafeDesk\benchmarks\tau2-bench\data\simulations\tau2_prep_check_telecom_0000\results.json,,2026-07-09T22:52:02
tau2_prep_check,telecom,telecom,none,[mms_issue]break_app_both_permissions|data_mode_off|unseat_sim_card|user_abroad_roaming_disabled_on[PERSONA:Easy],telecom_0000,0,734,pending,0,tau2_prep_check_telecom_0000,C:\Users\86132\Desktop\SafeDesk\benchmarks\tau2-bench\data\simulations\tau2_prep_check_telecom_0000\results.json,,2026-07-09T22:52:02
tau2_prep_check,telecom,telecom,none,[mms_issue]bad_network_preference|data_mode_off|unseat_sim_card|user_abroad_roaming_disabled_off[PERSONA:Hard],telecom_0000,0,735,pending,0,tau2_prep_check_telecom_0000,C:\Users\86132\Desktop\SafeDesk\benchmarks\tau2-bench\data\simulations\tau2_prep_check_telecom_0000\results.json,,2026-07-09T22:52:02
tau2_prep_check,telecom,telecom,none,[mms_issue]bad_wifi_calling|data_mode_off|unseat_sim_card|user_abroad_roaming_disabled_off[PERSONA:None],telecom_0000,0,736,pending,0,tau2_prep_check_telecom_0000,C:\Users\86132\Desktop\SafeDesk\benchmarks\tau2-bench\data\simulations\tau2_prep_check_telecom_0000\results.json,,2026-07-09T22:52:02
tau2_prep_check,telecom,telecom,none,[mms_issue]break_apn_mms_setting|data_mode_off|unseat_sim_card|user_abroad_roaming_disabled_off[PERSONA:Easy],telecom_0000,0,737,pending,0,tau2_prep_check_telecom_0000,C:\Users\86132\Desktop\SafeDesk\benchmarks\tau2-bench\data\simulations\tau2_prep_check_telecom_0000\results.json,,2026-07-09T22:52:02
tau2_prep_check,telecom,telecom,none,[mms_issue]break_app_sms_permission|data_mode_off|unseat_sim_card|user_abroad_roaming_disabled_off[PERSONA:Hard],telecom_0000,0,738,pending,0,tau2_prep_check_telecom_0000,C:\Users\86132\Desktop\SafeDesk\benchmarks\tau2-bench\data\simulations\tau2_prep_check_telecom_0000\results.json,,2026-07-09T22:52:02
tau2_prep_check,telecom,telecom,none,[mms_issue]break_app_storage_permission|data_mode_off|unseat_sim_card|user_abroad_roaming_disabled_off[PERSONA:None],telecom_0000,0,739,pending,0,tau2_prep_check_telecom_0000,C:\Users\86132\Desktop\SafeDesk\benchmarks\tau2-bench\data\simulations\tau2_prep_check_telecom_0000\results.json,,2026-07-09T22:52:02
tau2_prep_check,telecom,telecom,none,[mms_issue]break_app_both_permissions|data_mode_off|unseat_sim_card|user_abroad_roaming_disabled_off[PERSONA:Easy],telecom_0000,0,740,pending,0,tau2_prep_check_telecom_0000,C:\Users\86132\Desktop\SafeDesk\benchmarks\tau2-bench\data\simulations\tau2_prep_check_telecom_0000\results.json,,2026-07-09T22:52:02
tau2_prep_check,telecom,telecom,none,[mms_issue]bad_network_preference|bad_wifi_calling|data_mode_off|unseat_sim_card[PERSONA:Hard],telecom_0000,0,741,pending,0,tau2_prep_check_telecom_0000,C:\Users\86132\Desktop\SafeDesk\benchmarks\tau2-bench\data\simulations\tau2_prep_check_telecom_0000\results.json,,2026-07-09T22:52:02
tau2_prep_check,telecom,telecom,none,[mms_issue]bad_network_preference|break_apn_mms_setting|data_mode_off|unseat_sim_card[PERSONA:None],telecom_0000,0,742,pending,0,tau2_prep_check_telecom_0000,C:\Users\86132\Desktop\SafeDesk\benchmarks\tau2-bench\data\simulations\tau2_prep_check_telecom_0000\results.json,,2026-07-09T22:52:02
tau2_prep_check,telecom,telecom,none,[mms_issue]bad_network_preference|break_app_sms_permission|data_mode_off|unseat_sim_card[PERSONA:Easy],telecom_0000,0,743,pending,0,tau2_prep_check_telecom_0000,C:\Users\86132\Desktop\SafeDesk\benchmarks\tau2-bench\data\simulations\tau2_prep_check_telecom_0000\results.json,,2026-07-09T22:52:02
tau2_prep_check,telecom,telecom,none,[mms_issue]bad_network_preference|break_app_storage_permission|data_mode_off|unseat_sim_card[PERSONA:Hard],telecom_0000,0,744,pending,0,tau2_prep_check_telecom_0000,C:\Users\86132\Desktop\SafeDesk\benchmarks\tau2-bench\data\simulations\tau2_prep_check_telecom_0000\results.json,,2026-07-09T22:52:02
tau2_prep_check,telecom,telecom,none,[mms_issue]bad_network_preference|break_app_both_permissions|data_mode_off|unseat_sim_card[PERSONA:None],telecom_0000,0,745,pending,0,tau2_prep_check_telecom_0000,C:\Users\86132\Desktop\SafeDesk\benchmarks\tau2-bench\data\simulations\tau2_prep_check_telecom_0000\results.json,,2026-07-09T22:52:02
tau2_prep_check,telecom,telecom,none,[mms_issue]bad_wifi_calling|break_apn_mms_setting|data_mode_off|unseat_sim_card[PERSONA:Easy],telecom_0000,0,746,pending,0,tau2_prep_check_telecom_0000,C:\Users\86132\Desktop\SafeDesk\benchmarks\tau2-bench\data\simulations\tau2_prep_check_telecom_0000\results.json,,2026-07-09T22:52:02
tau2_prep_check,telecom,telecom,none,[mms_issue]bad_wifi_calling|break_app_sms_permission|data_mode_off|unseat_sim_card[PERSONA:Hard],telecom_0000,0,747,pending,0,tau2_prep_check_telecom_0000,C:\Users\86132\Desktop\SafeDesk\benchmarks\tau2-bench\data\simulations\tau2_prep_check_telecom_0000\results.json,,2026-07-09T22:52:02
tau2_prep_check,telecom,telecom,none,[mms_issue]bad_wifi_calling|break_app_storage_permission|data_mode_off|unseat_sim_card[PERSONA:None],telecom_0000,0,748,pending,0,tau2_prep_check_telecom_0000,C:\Users\86132\Desktop\SafeDesk\benchmarks\tau2-bench\data\simulations\tau2_prep_check_telecom_0000\results.json,,2026-07-09T22:52:02
tau2_prep_check,telecom,telecom,none,[mms_issue]bad_wifi_calling|break_app_both_permissions|data_mode_off|unseat_sim_card[PERSONA:Easy],telecom_0000,0,749,pending,0,tau2_prep_check_telecom_0000,C:\Users\86132\Desktop\SafeDesk\benchmarks\tau2-bench\data\simulations\tau2_prep_check_telecom_0000\results.json,,2026-07-09T22:52:02
tau2_prep_check,telecom,telecom,none,[mms_issue]break_apn_mms_setting|break_app_sms_permission|data_mode_off|unseat_sim_card[PERSONA:Hard],telecom_0000,0,750,pending,0,tau2_prep_check_telecom_0000,C:\Users\86132\Desktop\SafeDesk\benchmarks\tau2-bench\data\simulations\tau2_prep_check_telecom_0000\results.json,,2026-07-09T22:52:02
tau2_prep_check,telecom,telecom,none,[mms_issue]break_apn_mms_setting|break_app_storage_permission|data_mode_off|unseat_sim_card[PERSONA:None],telecom_0000,0,751,pending,0,tau2_prep_check_telecom_0000,C:\Users\86132\Desktop\SafeDesk\benchmarks\tau2-bench\data\simulations\tau2_prep_check_telecom_0000\results.json,,2026-07-09T22:52:02
tau2_prep_check,telecom,telecom,none,[mms_issue]break_apn_mms_setting|break_app_both_permissions|data_mode_off|unseat_sim_card[PERSONA:Easy],telecom_0000,0,752,pending,0,tau2_prep_check_telecom_0000,C:\Users\86132\Desktop\SafeDesk\benchmarks\tau2-bench\data\simulations\tau2_prep_check_telecom_0000\results.json,,2026-07-09T22:52:02
tau2_prep_check,telecom,telecom,none,[mms_issue]bad_network_preference|data_usage_exceeded|unseat_sim_card|user_abroad_roaming_enabled_off[PERSONA:Hard],telecom_0000,0,753,pending,0,tau2_prep_check_telecom_0000,C:\Users\86132\Desktop\SafeDesk\benchmarks\tau2-bench\data\simulations\tau2_prep_check_telecom_0000\results.json,,2026-07-09T22:52:02
tau2_prep_check,telecom,telecom,none,[mms_issue]bad_wifi_calling|data_usage_exceeded|unseat_sim_card|user_abroad_roaming_enabled_off[PERSONA:None],telecom_0000,0,754,pending,0,tau2_prep_check_telecom_0000,C:\Users\86132\Desktop\SafeDesk\benchmarks\tau2-bench\data\simulations\tau2_prep_check_telecom_0000\results.json,,2026-07-09T22:52:02
tau2_prep_check,telecom,telecom,none,[mms_issue]break_apn_mms_setting|data_usage_exceeded|unseat_sim_card|user_abroad_roaming_enabled_off[PERSONA:Easy],telecom_0000,0,755,pending,0,tau2_prep_check_telecom_0000,C:\Users\86132\Desktop\SafeDesk\benchmarks\tau2-bench\data\simulations\tau2_prep_check_telecom_0000\results.json,,2026-07-09T22:52:02
tau2_prep_check,telecom,telecom,none,[mms_issue]break_app_sms_permission|data_usage_exceeded|unseat_sim_card|user_abroad_roaming_enabled_off[PERSONA:Hard],telecom_0000,0,756,pending,0,tau2_prep_check_telecom_0000,C:\Users\86132\Desktop\SafeDesk\benchmarks\tau2-bench\data\simulations\tau2_prep_check_telecom_0000\results.json,,2026-07-09T22:52:02
tau2_prep_check,telecom,telecom,none,[mms_issue]break_app_storage_permission|data_usage_exceeded|unseat_sim_card|user_abroad_roaming_enabled_off[PERSONA:None],telecom_0000,0,757,pending,0,tau2_prep_check_telecom_0000,C:\Users\86132\Desktop\SafeDesk\benchmarks\tau2-bench\data\simulations\tau2_prep_check_telecom_0000\results.json,,2026-07-09T22:52:02
tau2_prep_check,telecom,telecom,none,[mms_issue]break_app_both_permissions|data_usage_exceeded|unseat_sim_card|user_abroad_roaming_enabled_off[PERSONA:Easy],telecom_0000,0,758,pending,0,tau2_prep_check_telecom_0000,C:\Users\86132\Desktop\SafeDesk\benchmarks\tau2-bench\data\simulations\tau2_prep_check_telecom_0000\results.json,,2026-07-09T22:52:02
tau2_prep_check,telecom,telecom,none,[mms_issue]bad_network_preference|data_usage_exceeded|unseat_sim_card|user_abroad_roaming_disabled_on[PERSONA:Hard],telecom_0000,0,759,pending,0,tau2_prep_check_telecom_0000,C:\Users\86132\Desktop\SafeDesk\benchmarks\tau2-bench\data\simulations\tau2_prep_check_telecom_0000\results.json,,2026-07-09T22:52:02
tau2_prep_check,telecom,telecom,none,[mms_issue]bad_wifi_calling|data_usage_exceeded|unseat_sim_card|user_abroad_roaming_disabled_on[PERSONA:None],telecom_0000,0,760,pending,0,tau2_prep_check_telecom_0000,C:\Users\86132\Desktop\SafeDesk\benchmarks\tau2-bench\data\simulations\tau2_prep_check_telecom_0000\results.json,,2026-07-09T22:52:02
tau2_prep_check,telecom,telecom,none,[mms_issue]break_apn_mms_setting|data_usage_exceeded|unseat_sim_card|user_abroad_roaming_disabled_on[PERSONA:Easy],telecom_0000,0,761,pending,0,tau2_prep_check_telecom_0000,C:\Users\86132\Desktop\SafeDesk\benchmarks\tau2-bench\data\simulations\tau2_prep_check_telecom_0000\results.json,,2026-07-09T22:52:02
tau2_prep_check,telecom,telecom,none,[mms_issue]break_app_sms_permission|data_usage_exceeded|unseat_sim_card|user_abroad_roaming_disabled_on[PERSONA:Hard],telecom_0000,0,762,pending,0,tau2_prep_check_telecom_0000,C:\Users\86132\Desktop\SafeDesk\benchmarks\tau2-bench\data\simulations\tau2_prep_check_telecom_0000\results.json,,2026-07-09T22:52:02
tau2_prep_check,telecom,telecom,none,[mms_issue]break_app_storage_permission|data_usage_exceeded|unseat_sim_card|user_abroad_roaming_disabled_on[PERSONA:None],telecom_0000,0,763,pending,0,tau2_prep_check_telecom_0000,C:\Users\86132\Desktop\SafeDesk\benchmarks\tau2-bench\data\simulations\tau2_prep_check_telecom_0000\results.json,,2026-07-09T22:52:02
tau2_prep_check,telecom,telecom,none,[mms_issue]break_app_both_permissions|data_usage_exceeded|unseat_sim_card|user_abroad_roaming_disabled_on[PERSONA:Easy],telecom_0000,0,764,pending,0,tau2_prep_check_telecom_0000,C:\Users\86132\Desktop\SafeDesk\benchmarks\tau2-bench\data\simulations\tau2_prep_check_telecom_0000\results.json,,2026-07-09T22:52:02
tau2_prep_check,telecom,telecom,none,[mms_issue]bad_network_preference|data_usage_exceeded|unseat_sim_card|user_abroad_roaming_disabled_off[PERSONA:Hard],telecom_0000,0,765,pending,0,tau2_prep_check_telecom_0000,C:\Users\86132\Desktop\SafeDesk\benchmarks\tau2-bench\data\simulations\tau2_prep_check_telecom_0000\results.json,,2026-07-09T22:52:02
tau2_prep_check,telecom,telecom,none,[mms_issue]bad_wifi_calling|data_usage_exceeded|unseat_sim_card|user_abroad_roaming_disabled_off[PERSONA:None],telecom_0000,0,766,pending,0,tau2_prep_check_telecom_0000,C:\Users\86132\Desktop\SafeDesk\benchmarks\tau2-bench\data\simulations\tau2_prep_check_telecom_0000\results.json,,2026-07-09T22:52:02
tau2_prep_check,telecom,telecom,none,[mms_issue]break_apn_mms_setting|data_usage_exceeded|unseat_sim_card|user_abroad_roaming_disabled_off[PERSONA:Easy],telecom_0000,0,767,pending,0,tau2_prep_check_telecom_0000,C:\Users\86132\Desktop\SafeDesk\benchmarks\tau2-bench\data\simulations\tau2_prep_check_telecom_0000\results.json,,2026-07-09T22:52:02
tau2_prep_check,telecom,telecom,none,[mms_issue]break_app_sms_permission|data_usage_exceeded|unseat_sim_card|user_abroad_roaming_disabled_off[PERSONA:Hard],telecom_0000,0,768,pending,0,tau2_prep_check_telecom_0000,C:\Users\86132\Desktop\SafeDesk\benchmarks\tau2-bench\data\simulations\tau2_prep_check_telecom_0000\results.json,,2026-07-09T22:52:02
tau2_prep_check,telecom,telecom,none,[mms_issue]break_app_storage_permission|data_usage_exceeded|unseat_sim_card|user_abroad_roaming_disabled_off[PERSONA:None],telecom_0000,0,769,pending,0,tau2_prep_check_telecom_0000,C:\Users\86132\Desktop\SafeDesk\benchmarks\tau2-bench\data\simulations\tau2_prep_check_telecom_0000\results.json,,2026-07-09T22:52:02
tau2_prep_check,telecom,telecom,none,[mms_issue]break_app_both_permissions|data_usage_exceeded|unseat_sim_card|user_abroad_roaming_disabled_off[PERSONA:Easy],telecom_0000,0,770,pending,0,tau2_prep_check_telecom_0000,C:\Users\86132\Desktop\SafeDesk\benchmarks\tau2-bench\data\simulations\tau2_prep_check_telecom_0000\results.json,,2026-07-09T22:52:02
tau2_prep_check,telecom,telecom,none,[mms_issue]bad_network_preference|bad_wifi_calling|data_usage_exceeded|unseat_sim_card[PERSONA:Hard],telecom_0000,0,771,pending,0,tau2_prep_check_telecom_0000,C:\Users\86132\Desktop\SafeDesk\benchmarks\tau2-bench\data\simulations\tau2_prep_check_telecom_0000\results.json,,2026-07-09T22:52:02
tau2_prep_check,telecom,telecom,none,[mms_issue]bad_network_preference|break_apn_mms_setting|data_usage_exceeded|unseat_sim_card[PERSONA:None],telecom_0000,0,772,pending,0,tau2_prep_check_telecom_0000,C:\Users\86132\Desktop\SafeDesk\benchmarks\tau2-bench\data\simulations\tau2_prep_check_telecom_0000\results.json,,2026-07-09T22:52:02
tau2_prep_check,telecom,telecom,none,[mms_issue]bad_network_preference|break_app_sms_permission|data_usage_exceeded|unseat_sim_card[PERSONA:Easy],telecom_0000,0,773,pending,0,tau2_prep_check_telecom_0000,C:\Users\86132\Desktop\SafeDesk\benchmarks\tau2-bench\data\simulations\tau2_prep_check_telecom_0000\results.json,,2026-07-09T22:52:02
tau2_prep_check,telecom,telecom,none,[mms_issue]bad_network_preference|break_app_storage_permission|data_usage_exceeded|unseat_sim_card[PERSONA:Hard],telecom_0000,0,774,pending,0,tau2_prep_check_telecom_0000,C:\Users\86132\Desktop\SafeDesk\benchmarks\tau2-bench\data\simulations\tau2_prep_check_telecom_0000\results.json,,2026-07-09T22:52:02
tau2_prep_check,telecom,telecom,none,[mms_issue]bad_network_preference|break_app_both_permissions|data_usage_exceeded|unseat_sim_card[PERSONA:None],telecom_0000,0,775,pending,0,tau2_prep_check_telecom_0000,C:\Users\86132\Desktop\SafeDesk\benchmarks\tau2-bench\data\simulations\tau2_prep_check_telecom_0000\results.json,,2026-07-09T22:52:02
tau2_prep_check,telecom,telecom,none,[mms_issue]bad_wifi_calling|break_apn_mms_setting|data_usage_exceeded|unseat_sim_card[PERSONA:Easy],telecom_0000,0,776,pending,0,tau2_prep_check_telecom_0000,C:\Users\86132\Desktop\SafeDesk\benchmarks\tau2-bench\data\simulations\tau2_prep_check_telecom_0000\results.json,,2026-07-09T22:52:02
tau2_prep_check,telecom,telecom,none,[mms_issue]bad_wifi_calling|break_app_sms_permission|data_usage_exceeded|unseat_sim_card[PERSONA:Hard],telecom_0000,0,777,pending,0,tau2_prep_check_telecom_0000,C:\Users\86132\Desktop\SafeDesk\benchmarks\tau2-bench\data\simulations\tau2_prep_check_telecom_0000\results.json,,2026-07-09T22:52:02
tau2_prep_check,telecom,telecom,none,[mms_issue]bad_wifi_calling|break_app_storage_permission|data_usage_exceeded|unseat_sim_card[PERSONA:None],telecom_0000,0,778,pending,0,tau2_prep_check_telecom_0000,C:\Users\86132\Desktop\SafeDesk\benchmarks\tau2-bench\data\simulations\tau2_prep_check_telecom_0000\results.json,,2026-07-09T22:52:02
tau2_prep_check,telecom,telecom,none,[mms_issue]bad_wifi_calling|break_app_both_permissions|data_usage_exceeded|unseat_sim_card[PERSONA:Easy],telecom_0000,0,779,pending,0,tau2_prep_check_telecom_0000,C:\Users\86132\Desktop\SafeDesk\benchmarks\tau2-bench\data\simulations\tau2_prep_check_telecom_0000\results.json,,2026-07-09T22:52:02
tau2_prep_check,telecom,telecom,none,[mms_issue]break_apn_mms_setting|break_app_sms_permission|data_usage_exceeded|unseat_sim_card[PERSONA:Hard],telecom_0000,0,780,pending,0,tau2_prep_check_telecom_0000,C:\Users\86132\Desktop\SafeDesk\benchmarks\tau2-bench\data\simulations\tau2_prep_check_telecom_0000\results.json,,2026-07-09T22:52:02
tau2_prep_check,telecom,telecom,none,[mms_issue]break_apn_mms_setting|break_app_storage_permission|data_usage_exceeded|unseat_sim_card[PERSONA:None],telecom_0000,0,781,pending,0,tau2_prep_check_telecom_0000,C:\Users\86132\Desktop\SafeDesk\benchmarks\tau2-bench\data\simulations\tau2_prep_check_telecom_0000\results.json,,2026-07-09T22:52:02
tau2_prep_check,telecom,telecom,none,[mms_issue]break_apn_mms_setting|break_app_both_permissions|data_usage_exceeded|unseat_sim_card[PERSONA:Easy],telecom_0000,0,782,pending,0,tau2_prep_check_telecom_0000,C:\Users\86132\Desktop\SafeDesk\benchmarks\tau2-bench\data\simulations\tau2_prep_check_telecom_0000\results.json,,2026-07-09T22:52:02
tau2_prep_check,telecom,telecom,none,[mms_issue]bad_network_preference|bad_wifi_calling|unseat_sim_card|user_abroad_roaming_enabled_off[PERSONA:Hard],telecom_0000,0,783,pending,0,tau2_prep_check_telecom_0000,C:\Users\86132\Desktop\SafeDesk\benchmarks\tau2-bench\data\simulations\tau2_prep_check_telecom_0000\results.json,,2026-07-09T22:52:02
tau2_prep_check,telecom,telecom,none,[mms_issue]bad_network_preference|break_apn_mms_setting|unseat_sim_card|user_abroad_roaming_enabled_off[PERSONA:None],telecom_0000,0,784,pending,0,tau2_prep_check_telecom_0000,C:\Users\86132\Desktop\SafeDesk\benchmarks\tau2-bench\data\simulations\tau2_prep_check_telecom_0000\results.json,,2026-07-09T22:52:02
tau2_prep_check,telecom,telecom,none,[mms_issue]bad_network_preference|break_app_sms_permission|unseat_sim_card|user_abroad_roaming_enabled_off[PERSONA:Easy],telecom_0000,0,785,pending,0,tau2_prep_check_telecom_0000,C:\Users\86132\Desktop\SafeDesk\benchmarks\tau2-bench\data\simulations\tau2_prep_check_telecom_0000\results.json,,2026-07-09T22:52:02
tau2_prep_check,telecom,telecom,none,[mms_issue]bad_network_preference|break_app_storage_permission|unseat_sim_card|user_abroad_roaming_enabled_off[PERSONA:Hard],telecom_0000,0,786,pending,0,tau2_prep_check_telecom_0000,C:\Users\86132\Desktop\SafeDesk\benchmarks\tau2-bench\data\simulations\tau2_prep_check_telecom_0000\results.json,,2026-07-09T22:52:02
tau2_prep_check,telecom,telecom,none,[mms_issue]bad_network_preference|break_app_both_permissions|unseat_sim_card|user_abroad_roaming_enabled_off[PERSONA:None],telecom_0000,0,787,pending,0,tau2_prep_check_telecom_0000,C:\Users\86132\Desktop\SafeDesk\benchmarks\tau2-bench\data\simulations\tau2_prep_check_telecom_0000\results.json,,2026-07-09T22:52:02
tau2_prep_check,telecom,telecom,none,[mms_issue]bad_wifi_calling|break_apn_mms_setting|unseat_sim_card|user_abroad_roaming_enabled_off[PERSONA:Easy],telecom_0000,0,788,pending,0,tau2_prep_check_telecom_0000,C:\Users\86132\Desktop\SafeDesk\benchmarks\tau2-bench\data\simulations\tau2_prep_check_telecom_0000\results.json,,2026-07-09T22:52:02
tau2_prep_check,telecom,telecom,none,[mms_issue]bad_wifi_calling|break_app_sms_permission|unseat_sim_card|user_abroad_roaming_enabled_off[PERSONA:Hard],telecom_0000,0,789,pending,0,tau2_prep_check_telecom_0000,C:\Users\86132\Desktop\SafeDesk\benchmarks\tau2-bench\data\simulations\tau2_prep_check_telecom_0000\results.json,,2026-07-09T22:52:02
tau2_prep_check,telecom,telecom,none,[mms_issue]bad_wifi_calling|break_app_storage_permission|unseat_sim_card|user_abroad_roaming_enabled_off[PERSONA:None],telecom_0000,0,790,pending,0,tau2_prep_check_telecom_0000,C:\Users\86132\Desktop\SafeDesk\benchmarks\tau2-bench\data\simulations\tau2_prep_check_telecom_0000\results.json,,2026-07-09T22:52:02
tau2_prep_check,telecom,telecom,none,[mms_issue]bad_wifi_calling|break_app_both_permissions|unseat_sim_card|user_abroad_roaming_enabled_off[PERSONA:Easy],telecom_0000,0,791,pending,0,tau2_prep_check_telecom_0000,C:\Users\86132\Desktop\SafeDesk\benchmarks\tau2-bench\data\simulations\tau2_prep_check_telecom_0000\results.json,,2026-07-09T22:52:02
tau2_prep_check,telecom,telecom,none,[mms_issue]break_apn_mms_setting|break_app_sms_permission|unseat_sim_card|user_abroad_roaming_enabled_off[PERSONA:Hard],telecom_0000,0,792,pending,0,tau2_prep_check_telecom_0000,C:\Users\86132\Desktop\SafeDesk\benchmarks\tau2-bench\data\simulations\tau2_prep_check_telecom_0000\results.json,,2026-07-09T22:52:02
tau2_prep_check,telecom,telecom,none,[mms_issue]break_apn_mms_setting|break_app_storage_permission|unseat_sim_card|user_abroad_roaming_enabled_off[PERSONA:None],telecom_0000,0,793,pending,0,tau2_prep_check_telecom_0000,C:\Users\86132\Desktop\SafeDesk\benchmarks\tau2-bench\data\simulations\tau2_prep_check_telecom_0000\results.json,,2026-07-09T22:52:02
tau2_prep_check,telecom,telecom,none,[mms_issue]break_apn_mms_setting|break_app_both_permissions|unseat_sim_card|user_abroad_roaming_enabled_off[PERSONA:Easy],telecom_0000,0,794,pending,0,tau2_prep_check_telecom_0000,C:\Users\86132\Desktop\SafeDesk\benchmarks\tau2-bench\data\simulations\tau2_prep_check_telecom_0000\results.json,,2026-07-09T22:52:02
tau2_prep_check,telecom,telecom,none,[mms_issue]bad_network_preference|bad_wifi_calling|unseat_sim_card|user_abroad_roaming_disabled_on[PERSONA:Hard],telecom_0000,0,795,pending,0,tau2_prep_check_telecom_0000,C:\Users\86132\Desktop\SafeDesk\benchmarks\tau2-bench\data\simulations\tau2_prep_check_telecom_0000\results.json,,2026-07-09T22:52:02
tau2_prep_check,telecom,telecom,none,[mms_issue]bad_network_preference|break_apn_mms_setting|unseat_sim_card|user_abroad_roaming_disabled_on[PERSONA:None],telecom_0000,0,796,pending,0,tau2_prep_check_telecom_0000,C:\Users\86132\Desktop\SafeDesk\benchmarks\tau2-bench\data\simulations\tau2_prep_check_telecom_0000\results.json,,2026-07-09T22:52:02
tau2_prep_check,telecom,telecom,none,[mms_issue]bad_network_preference|break_app_sms_permission|unseat_sim_card|user_abroad_roaming_disabled_on[PERSONA:Easy],telecom_0000,0,797,pending,0,tau2_prep_check_telecom_0000,C:\Users\86132\Desktop\SafeDesk\benchmarks\tau2-bench\data\simulations\tau2_prep_check_telecom_0000\results.json,,2026-07-09T22:52:02
tau2_prep_check,telecom,telecom,none,[mms_issue]bad_network_preference|break_app_storage_permission|unseat_sim_card|user_abroad_roaming_disabled_on[PERSONA:Hard],telecom_0000,0,798,pending,0,tau2_prep_check_telecom_0000,C:\Users\86132\Desktop\SafeDesk\benchmarks\tau2-bench\data\simulations\tau2_prep_check_telecom_0000\results.json,,2026-07-09T22:52:02
tau2_prep_check,telecom,telecom,none,[mms_issue]bad_network_preference|break_app_both_permissions|unseat_sim_card|user_abroad_roaming_disabled_on[PERSONA:None],telecom_0000,0,799,pending,0,tau2_prep_check_telecom_0000,C:\Users\86132\Desktop\SafeDesk\benchmarks\tau2-bench\data\simulations\tau2_prep_check_telecom_0000\results.json,,2026-07-09T22:52:02
tau2_prep_check,telecom,telecom,none,[mms_issue]bad_wifi_calling|break_apn_mms_setting|unseat_sim_card|user_abroad_roaming_disabled_on[PERSONA:Easy],telecom_0000,0,800,pending,0,tau2_prep_check_telecom_0000,C:\Users\86132\Desktop\SafeDesk\benchmarks\tau2-bench\data\simulations\tau2_prep_check_telecom_0000\results.json,,2026-07-09T22:52:02
tau2_prep_check,telecom,telecom,none,[mms_issue]bad_wifi_calling|break_app_sms_permission|unseat_sim_card|user_abroad_roaming_disabled_on[PERSONA:Hard],telecom_0000,0,801,pending,0,tau2_prep_check_telecom_0000,C:\Users\86132\Desktop\SafeDesk\benchmarks\tau2-bench\data\simulations\tau2_prep_check_telecom_0000\results.json,,2026-07-09T22:52:02
tau2_prep_check,telecom,telecom,none,[mms_issue]bad_wifi_calling|break_app_storage_permission|unseat_sim_card|user_abroad_roaming_disabled_on[PERSONA:None],telecom_0000,0,802,pending,0,tau2_prep_check_telecom_0000,C:\Users\86132\Desktop\SafeDesk\benchmarks\tau2-bench\data\simulations\tau2_prep_check_telecom_0000\results.json,,2026-07-09T22:52:02
tau2_prep_check,telecom,telecom,none,[mms_issue]bad_wifi_calling|break_app_both_permissions|unseat_sim_card|user_abroad_roaming_disabled_on[PERSONA:Easy],telecom_0000,0,803,pending,0,tau2_prep_check_telecom_0000,C:\Users\86132\Desktop\SafeDesk\benchmarks\tau2-bench\data\simulations\tau2_prep_check_telecom_0000\results.json,,2026-07-09T22:52:02
tau2_prep_check,telecom,telecom,none,[mms_issue]break_apn_mms_setting|break_app_sms_permission|unseat_sim_card|user_abroad_roaming_disabled_on[PERSONA:Hard],telecom_0000,0,804,pending,0,tau2_prep_check_telecom_0000,C:\Users\86132\Desktop\SafeDesk\benchmarks\tau2-bench\data\simulations\tau2_prep_check_telecom_0000\results.json,,2026-07-09T22:52:02
tau2_prep_check,telecom,telecom,none,[mms_issue]break_apn_mms_setting|break_app_storage_permission|unseat_sim_card|user_abroad_roaming_disabled_on[PERSONA:None],telecom_0000,0,805,pending,0,tau2_prep_check_telecom_0000,C:\Users\86132\Desktop\SafeDesk\benchmarks\tau2-bench\data\simulations\tau2_prep_check_telecom_0000\results.json,,2026-07-09T22:52:02
tau2_prep_check,telecom,telecom,none,[mms_issue]break_apn_mms_setting|break_app_both_permissions|unseat_sim_card|user_abroad_roaming_disabled_on[PERSONA:Easy],telecom_0000,0,806,pending,0,tau2_prep_check_telecom_0000,C:\Users\86132\Desktop\SafeDesk\benchmarks\tau2-bench\data\simulations\tau2_prep_check_telecom_0000\results.json,,2026-07-09T22:52:02
tau2_prep_check,telecom,telecom,none,[mms_issue]bad_network_preference|bad_wifi_calling|unseat_sim_card|user_abroad_roaming_disabled_off[PERSONA:Hard],telecom_0000,0,807,pending,0,tau2_prep_check_telecom_0000,C:\Users\86132\Desktop\SafeDesk\benchmarks\tau2-bench\data\simulations\tau2_prep_check_telecom_0000\results.json,,2026-07-09T22:52:02
tau2_prep_check,telecom,telecom,none,[mms_issue]bad_network_preference|break_apn_mms_setting|unseat_sim_card|user_abroad_roaming_disabled_off[PERSONA:None],telecom_0000,0,808,pending,0,tau2_prep_check_telecom_0000,C:\Users\86132\Desktop\SafeDesk\benchmarks\tau2-bench\data\simulations\tau2_prep_check_telecom_0000\results.json,,2026-07-09T22:52:02
tau2_prep_check,telecom,telecom,none,[mms_issue]bad_network_preference|break_app_sms_permission|unseat_sim_card|user_abroad_roaming_disabled_off[PERSONA:Easy],telecom_0000,0,809,pending,0,tau2_prep_check_telecom_0000,C:\Users\86132\Desktop\SafeDesk\benchmarks\tau2-bench\data\simulations\tau2_prep_check_telecom_0000\results.json,,2026-07-09T22:52:02
tau2_prep_check,telecom,telecom,none,[mms_issue]bad_network_preference|break_app_storage_permission|unseat_sim_card|user_abroad_roaming_disabled_off[PERSONA:Hard],telecom_0000,0,810,pending,0,tau2_prep_check_telecom_0000,C:\Users\86132\Desktop\SafeDesk\benchmarks\tau2-bench\data\simulations\tau2_prep_check_telecom_0000\results.json,,2026-07-09T22:52:02
tau2_prep_check,telecom,telecom,none,[mms_issue]bad_network_preference|break_app_both_permissions|unseat_sim_card|user_abroad_roaming_disabled_off[PERSONA:None],telecom_0000,0,811,pending,0,tau2_prep_check_telecom_0000,C:\Users\86132\Desktop\SafeDesk\benchmarks\tau2-bench\data\simulations\tau2_prep_check_telecom_0000\results.json,,2026-07-09T22:52:02
tau2_prep_check,telecom,telecom,none,[mms_issue]bad_wifi_calling|break_apn_mms_setting|unseat_sim_card|user_abroad_roaming_disabled_off[PERSONA:Easy],telecom_0000,0,812,pending,0,tau2_prep_check_telecom_0000,C:\Users\86132\Desktop\SafeDesk\benchmarks\tau2-bench\data\simulations\tau2_prep_check_telecom_0000\results.json,,2026-07-09T22:52:02
tau2_prep_check,telecom,telecom,none,[mms_issue]bad_wifi_calling|break_app_sms_permission|unseat_sim_card|user_abroad_roaming_disabled_off[PERSONA:Hard],telecom_0000,0,813,pending,0,tau2_prep_check_telecom_0000,C:\Users\86132\Desktop\SafeDesk\benchmarks\tau2-bench\data\simulations\tau2_prep_check_telecom_0000\results.json,,2026-07-09T22:52:02
tau2_prep_check,telecom,telecom,none,[mms_issue]bad_wifi_calling|break_app_storage_permission|unseat_sim_card|user_abroad_roaming_disabled_off[PERSONA:None],telecom_0000,0,814,pending,0,tau2_prep_check_telecom_0000,C:\Users\86132\Desktop\SafeDesk\benchmarks\tau2-bench\data\simulations\tau2_prep_check_telecom_0000\results.json,,2026-07-09T22:52:02
tau2_prep_check,telecom,telecom,none,[mms_issue]bad_wifi_calling|break_app_both_permissions|unseat_sim_card|user_abroad_roaming_disabled_off[PERSONA:Easy],telecom_0000,0,815,pending,0,tau2_prep_check_telecom_0000,C:\Users\86132\Desktop\SafeDesk\benchmarks\tau2-bench\data\simulations\tau2_prep_check_telecom_0000\results.json,,2026-07-09T22:52:02
tau2_prep_check,telecom,telecom,none,[mms_issue]break_apn_mms_setting|break_app_sms_permission|unseat_sim_card|user_abroad_roaming_disabled_off[PERSONA:Hard],telecom_0000,0,816,pending,0,tau2_prep_check_telecom_0000,C:\Users\86132\Desktop\SafeDesk\benchmarks\tau2-bench\data\simulations\tau2_prep_check_telecom_0000\results.json,,2026-07-09T22:52:02
tau2_prep_check,telecom,telecom,none,[mms_issue]break_apn_mms_setting|break_app_storage_permission|unseat_sim_card|user_abroad_roaming_disabled_off[PERSONA:None],telecom_0000,0,817,pending,0,tau2_prep_check_telecom_0000,C:\Users\86132\Desktop\SafeDesk\benchmarks\tau2-bench\data\simulations\tau2_prep_check_telecom_0000\results.json,,2026-07-09T22:52:02
tau2_prep_check,telecom,telecom,none,[mms_issue]break_apn_mms_setting|break_app_both_permissions|unseat_sim_card|user_abroad_roaming_disabled_off[PERSONA:Easy],telecom_0000,0,818,pending,0,tau2_prep_check_telecom_0000,C:\Users\86132\Desktop\SafeDesk\benchmarks\tau2-bench\data\simulations\tau2_prep_check_telecom_0000\results.json,,2026-07-09T22:52:02
tau2_prep_check,telecom,telecom,none,[mms_issue]bad_network_preference|bad_wifi_calling|break_apn_mms_setting|unseat_sim_card[PERSONA:Hard],telecom_0000,0,819,pending,0,tau2_prep_check_telecom_0000,C:\Users\86132\Desktop\SafeDesk\benchmarks\tau2-bench\data\simulations\tau2_prep_check_telecom_0000\results.json,,2026-07-09T22:52:02
tau2_prep_check,telecom,telecom,none,[mms_issue]bad_network_preference|bad_wifi_calling|break_app_sms_permission|unseat_sim_card[PERSONA:None],telecom_0000,0,820,pending,0,tau2_prep_check_telecom_0000,C:\Users\86132\Desktop\SafeDesk\benchmarks\tau2-bench\data\simulations\tau2_prep_check_telecom_0000\results.json,,2026-07-09T22:52:02
tau2_prep_check,telecom,telecom,none,[mms_issue]bad_network_preference|bad_wifi_calling|break_app_storage_permission|unseat_sim_card[PERSONA:Easy],telecom_0000,0,821,pending,0,tau2_prep_check_telecom_0000,C:\Users\86132\Desktop\SafeDesk\benchmarks\tau2-bench\data\simulations\tau2_prep_check_telecom_0000\results.json,,2026-07-09T22:52:02
tau2_prep_check,telecom,telecom,none,[mms_issue]bad_network_preference|bad_wifi_calling|break_app_both_permissions|unseat_sim_card[PERSONA:Hard],telecom_0000,0,822,pending,0,tau2_prep_check_telecom_0000,C:\Users\86132\Desktop\SafeDesk\benchmarks\tau2-bench\data\simulations\tau2_prep_check_telecom_0000\results.json,,2026-07-09T22:52:02
tau2_prep_check,telecom,telecom,none,[mms_issue]bad_network_preference|break_apn_mms_setting|break_app_sms_permission|unseat_sim_card[PERSONA:None],telecom_0000,0,823,pending,0,tau2_prep_check_telecom_0000,C:\Users\86132\Desktop\SafeDesk\benchmarks\tau2-bench\data\simulations\tau2_prep_check_telecom_0000\results.json,,2026-07-09T22:52:02
tau2_prep_check,telecom,telecom,none,[mms_issue]bad_network_preference|break_apn_mms_setting|break_app_storage_permission|unseat_sim_card[PERSONA:Easy],telecom_0000,0,824,pending,0,tau2_prep_check_telecom_0000,C:\Users\86132\Desktop\SafeDesk\benchmarks\tau2-bench\data\simulations\tau2_prep_check_telecom_0000\results.json,,2026-07-09T22:52:02
tau2_prep_check,telecom,telecom,none,[mms_issue]bad_network_preference|break_apn_mms_setting|break_app_both_permissions|unseat_sim_card[PERSONA:Hard],telecom_0000,0,825,pending,0,tau2_prep_check_telecom_0000,C:\Users\86132\Desktop\SafeDesk\benchmarks\tau2-bench\data\simulations\tau2_prep_check_telecom_0000\results.json,,2026-07-09T22:52:02
tau2_prep_check,telecom,telecom,none,[mms_issue]bad_wifi_calling|break_apn_mms_setting|break_app_sms_permission|unseat_sim_card[PERSONA:None],telecom_0000,0,826,pending,0,tau2_prep_check_telecom_0000,C:\Users\86132\Desktop\SafeDesk\benchmarks\tau2-bench\data\simulations\tau2_prep_check_telecom_0000\results.json,,2026-07-09T22:52:02
tau2_prep_check,telecom,telecom,none,[mms_issue]bad_wifi_calling|break_apn_mms_setting|break_app_storage_permission|unseat_sim_card[PERSONA:Easy],telecom_0000,0,827,pending,0,tau2_prep_check_telecom_0000,C:\Users\86132\Desktop\SafeDesk\benchmarks\tau2-bench\data\simulations\tau2_prep_check_telecom_0000\results.json,,2026-07-09T22:52:02
tau2_prep_check,telecom,telecom,none,[mms_issue]bad_wifi_calling|break_apn_mms_setting|break_app_both_permissions|unseat_sim_card[PERSONA:Hard],telecom_0000,0,828,pending,0,tau2_prep_check_telecom_0000,C:\Users\86132\Desktop\SafeDesk\benchmarks\tau2-bench\data\simulations\tau2_prep_check_telecom_0000\results.json,,2026-07-09T22:52:02
tau2_prep_check,telecom,telecom,none,[mms_issue]bad_network_preference|data_mode_off|data_usage_exceeded|user_abroad_roaming_enabled_off[PERSONA:None],telecom_0000,0,829,pending,0,tau2_prep_check_telecom_0000,C:\Users\86132\Desktop\SafeDesk\benchmarks\tau2-bench\data\simulations\tau2_prep_check_telecom_0000\results.json,,2026-07-09T22:52:02
tau2_prep_check,telecom,telecom,none,[mms_issue]bad_wifi_calling|data_mode_off|data_usage_exceeded|user_abroad_roaming_enabled_off[PERSONA:Easy],telecom_0000,0,830,pending,0,tau2_prep_check_telecom_0000,C:\Users\86132\Desktop\SafeDesk\benchmarks\tau2-bench\data\simulations\tau2_prep_check_telecom_0000\results.json,,2026-07-09T22:52:02
tau2_prep_check,telecom,telecom,none,[mms_issue]break_apn_mms_setting|data_mode_off|data_usage_exceeded|user_abroad_roaming_enabled_off[PERSONA:Hard],telecom_0000,0,831,pending,0,tau2_prep_check_telecom_0000,C:\Users\86132\Desktop\SafeDesk\benchmarks\tau2-bench\data\simulations\tau2_prep_check_telecom_0000\results.json,,2026-07-09T22:52:02
tau2_prep_check,telecom,telecom,none,[mms_issue]break_app_sms_permission|data_mode_off|data_usage_exceeded|user_abroad_roaming_enabled_off[PERSONA:None],telecom_0000,0,832,pending,0,tau2_prep_check_telecom_0000,C:\Users\86132\Desktop\SafeDesk\benchmarks\tau2-bench\data\simulations\tau2_prep_check_telecom_0000\results.json,,2026-07-09T22:52:02
tau2_prep_check,telecom,telecom,none,[mms_issue]break_app_storage_permission|data_mode_off|data_usage_exceeded|user_abroad_roaming_enabled_off[PERSONA:Easy],telecom_0000,0,833,pending,0,tau2_prep_check_telecom_0000,C:\Users\86132\Desktop\SafeDesk\benchmarks\tau2-bench\data\simulations\tau2_prep_check_telecom_0000\results.json,,2026-07-09T22:52:02
tau2_prep_check,telecom,telecom,none,[mms_issue]break_app_both_permissions|data_mode_off|data_usage_exceeded|user_abroad_roaming_enabled_off[PERSONA:Hard],telecom_0000,0,834,pending,0,tau2_prep_check_telecom_0000,C:\Users\86132\Desktop\SafeDesk\benchmarks\tau2-bench\data\simulations\tau2_prep_check_telecom_0000\results.json,,2026-07-09T22:52:02
tau2_prep_check,telecom,telecom,none,[mms_issue]bad_network_preference|data_mode_off|data_usage_exceeded|user_abroad_roaming_disabled_on[PERSONA:None],telecom_0000,0,835,pending,0,tau2_prep_check_telecom_0000,C:\Users\86132\Desktop\SafeDesk\benchmarks\tau2-bench\data\simulations\tau2_prep_check_telecom_0000\results.json,,2026-07-09T22:52:02
tau2_prep_check,telecom,telecom,none,[mms_issue]bad_wifi_calling|data_mode_off|data_usage_exceeded|user_abroad_roaming_disabled_on[PERSONA:Easy],telecom_0000,0,836,pending,0,tau2_prep_check_telecom_0000,C:\Users\86132\Desktop\SafeDesk\benchmarks\tau2-bench\data\simulations\tau2_prep_check_telecom_0000\results.json,,2026-07-09T22:52:02
tau2_prep_check,telecom,telecom,none,[mms_issue]break_apn_mms_setting|data_mode_off|data_usage_exceeded|user_abroad_roaming_disabled_on[PERSONA:Hard],telecom_0000,0,837,pending,0,tau2_prep_check_telecom_0000,C:\Users\86132\Desktop\SafeDesk\benchmarks\tau2-bench\data\simulations\tau2_prep_check_telecom_0000\results.json,,2026-07-09T22:52:02
tau2_prep_check,telecom,telecom,none,[mms_issue]break_app_sms_permission|data_mode_off|data_usage_exceeded|user_abroad_roaming_disabled_on[PERSONA:None],telecom_0000,0,838,pending,0,tau2_prep_check_telecom_0000,C:\Users\86132\Desktop\SafeDesk\benchmarks\tau2-bench\data\simulations\tau2_prep_check_telecom_0000\results.json,,2026-07-09T22:52:02
tau2_prep_check,telecom,telecom,none,[mms_issue]break_app_storage_permission|data_mode_off|data_usage_exceeded|user_abroad_roaming_disabled_on[PERSONA:Easy],telecom_0000,0,839,pending,0,tau2_prep_check_telecom_0000,C:\Users\86132\Desktop\SafeDesk\benchmarks\tau2-bench\data\simulations\tau2_prep_check_telecom_0000\results.json,,2026-07-09T22:52:02
tau2_prep_check,telecom,telecom,none,[mms_issue]break_app_both_permissions|data_mode_off|data_usage_exceeded|user_abroad_roaming_disabled_on[PERSONA:Hard],telecom_0000,0,840,pending,0,tau2_prep_check_telecom_0000,C:\Users\86132\Desktop\SafeDesk\benchmarks\tau2-bench\data\simulations\tau2_prep_check_telecom_0000\results.json,,2026-07-09T22:52:02
tau2_prep_check,telecom,telecom,none,[mms_issue]bad_network_preference|data_mode_off|data_usage_exceeded|user_abroad_roaming_disabled_off[PERSONA:None],telecom_0000,0,841,pending,0,tau2_prep_check_telecom_0000,C:\Users\86132\Desktop\SafeDesk\benchmarks\tau2-bench\data\simulations\tau2_prep_check_telecom_0000\results.json,,2026-07-09T22:52:02
tau2_prep_check,telecom,telecom,none,[mms_issue]bad_wifi_calling|data_mode_off|data_usage_exceeded|user_abroad_roaming_disabled_off[PERSONA:Easy],telecom_0000,0,842,pending,0,tau2_prep_check_telecom_0000,C:\Users\86132\Desktop\SafeDesk\benchmarks\tau2-bench\data\simulations\tau2_prep_check_telecom_0000\results.json,,2026-07-09T22:52:02
tau2_prep_check,telecom,telecom,none,[mms_issue]break_apn_mms_setting|data_mode_off|data_usage_exceeded|user_abroad_roaming_disabled_off[PERSONA:Hard],telecom_0000,0,843,pending,0,tau2_prep_check_telecom_0000,C:\Users\86132\Desktop\SafeDesk\benchmarks\tau2-bench\data\simulations\tau2_prep_check_telecom_0000\results.json,,2026-07-09T22:52:02
tau2_prep_check,telecom,telecom,none,[mms_issue]break_app_sms_permission|data_mode_off|data_usage_exceeded|user_abroad_roaming_disabled_off[PERSONA:None],telecom_0000,0,844,pending,0,tau2_prep_check_telecom_0000,C:\Users\86132\Desktop\SafeDesk\benchmarks\tau2-bench\data\simulations\tau2_prep_check_telecom_0000\results.json,,2026-07-09T22:52:02
tau2_prep_check,telecom,telecom,none,[mms_issue]break_app_storage_permission|data_mode_off|data_usage_exceeded|user_abroad_roaming_disabled_off[PERSONA:Easy],telecom_0000,0,845,pending,0,tau2_prep_check_telecom_0000,C:\Users\86132\Desktop\SafeDesk\benchmarks\tau2-bench\data\simulations\tau2_prep_check_telecom_0000\results.json,,2026-07-09T22:52:02
tau2_prep_check,telecom,telecom,none,[mms_issue]break_app_both_permissions|data_mode_off|data_usage_exceeded|user_abroad_roaming_disabled_off[PERSONA:Hard],telecom_0000,0,846,pending,0,tau2_prep_check_telecom_0000,C:\Users\86132\Desktop\SafeDesk\benchmarks\tau2-bench\data\simulations\tau2_prep_check_telecom_0000\results.json,,2026-07-09T22:52:02
tau2_prep_check,telecom,telecom,none,[mms_issue]bad_network_preference|bad_wifi_calling|data_mode_off|data_usage_exceeded[PERSONA:None],telecom_0000,0,847,pending,0,tau2_prep_check_telecom_0000,C:\Users\86132\Desktop\SafeDesk\benchmarks\tau2-bench\data\simulations\tau2_prep_check_telecom_0000\results.json,,2026-07-09T22:52:02
tau2_prep_check,telecom,telecom,none,[mms_issue]bad_network_preference|break_apn_mms_setting|data_mode_off|data_usage_exceeded[PERSONA:Easy],telecom_0000,0,848,pending,0,tau2_prep_check_telecom_0000,C:\Users\86132\Desktop\SafeDesk\benchmarks\tau2-bench\data\simulations\tau2_prep_check_telecom_0000\results.json,,2026-07-09T22:52:02
tau2_prep_check,telecom,telecom,none,[mms_issue]bad_network_preference|break_app_sms_permission|data_mode_off|data_usage_exceeded[PERSONA:Hard],telecom_0000,0,849,pending,0,tau2_prep_check_telecom_0000,C:\Users\86132\Desktop\SafeDesk\benchmarks\tau2-bench\data\simulations\tau2_prep_check_telecom_0000\results.json,,2026-07-09T22:52:02
tau2_prep_check,telecom,telecom,none,[mms_issue]bad_network_preference|break_app_storage_permission|data_mode_off|data_usage_exceeded[PERSONA:None],telecom_0000,0,850,pending,0,tau2_prep_check_telecom_0000,C:\Users\86132\Desktop\SafeDesk\benchmarks\tau2-bench\data\simulations\tau2_prep_check_telecom_0000\results.json,,2026-07-09T22:52:02
tau2_prep_check,telecom,telecom,none,[mms_issue]bad_network_preference|break_app_both_permissions|data_mode_off|data_usage_exceeded[PERSONA:Easy],telecom_0000,0,851,pending,0,tau2_prep_check_telecom_0000,C:\Users\86132\Desktop\SafeDesk\benchmarks\tau2-bench\data\simulations\tau2_prep_check_telecom_0000\results.json,,2026-07-09T22:52:02
tau2_prep_check,telecom,telecom,none,[mms_issue]bad_wifi_calling|break_apn_mms_setting|data_mode_off|data_usage_exceeded[PERSONA:Hard],telecom_0000,0,852,pending,0,tau2_prep_check_telecom_0000,C:\Users\86132\Desktop\SafeDesk\benchmarks\tau2-bench\data\simulations\tau2_prep_check_telecom_0000\results.json,,2026-07-09T22:52:02
tau2_prep_check,telecom,telecom,none,[mms_issue]bad_wifi_calling|break_app_sms_permission|data_mode_off|data_usage_exceeded[PERSONA:None],telecom_0000,0,853,pending,0,tau2_prep_check_telecom_0000,C:\Users\86132\Desktop\SafeDesk\benchmarks\tau2-bench\data\simulations\tau2_prep_check_telecom_0000\results.json,,2026-07-09T22:52:02
tau2_prep_check,telecom,telecom,none,[mms_issue]bad_wifi_calling|break_app_storage_permission|data_mode_off|data_usage_exceeded[PERSONA:Easy],telecom_0000,0,854,pending,0,tau2_prep_check_telecom_0000,C:\Users\86132\Desktop\SafeDesk\benchmarks\tau2-bench\data\simulations\tau2_prep_check_telecom_0000\results.json,,2026-07-09T22:52:02
tau2_prep_check,telecom,telecom,none,[mms_issue]bad_wifi_calling|break_app_both_permissions|data_mode_off|data_usage_exceeded[PERSONA:Hard],telecom_0000,0,855,pending,0,tau2_prep_check_telecom_0000,C:\Users\86132\Desktop\SafeDesk\benchmarks\tau2-bench\data\simulations\tau2_prep_check_telecom_0000\results.json,,2026-07-09T22:52:02
tau2_prep_check,telecom,telecom,none,[mms_issue]break_apn_mms_setting|break_app_sms_permission|data_mode_off|data_usage_exceeded[PERSONA:None],telecom_0000,0,856,pending,0,tau2_prep_check_telecom_0000,C:\Users\86132\Desktop\SafeDesk\benchmarks\tau2-bench\data\simulations\tau2_prep_check_telecom_0000\results.json,,2026-07-09T22:52:02
tau2_prep_check,telecom,telecom,none,[mms_issue]break_apn_mms_setting|break_app_storage_permission|data_mode_off|data_usage_exceeded[PERSONA:Easy],telecom_0000,0,857,pending,0,tau2_prep_check_telecom_0000,C:\Users\86132\Desktop\SafeDesk\benchmarks\tau2-bench\data\simulations\tau2_prep_check_telecom_0000\results.json,,2026-07-09T22:52:02
tau2_prep_check,telecom,telecom,none,[mms_issue]break_apn_mms_setting|break_app_both_permissions|data_mode_off|data_usage_exceeded[PERSONA:Hard],telecom_0000,0,858,pending,0,tau2_prep_check_telecom_0000,C:\Users\86132\Desktop\SafeDesk\benchmarks\tau2-bench\data\simulations\tau2_prep_check_telecom_0000\results.json,,2026-07-09T22:52:02
tau2_prep_check,telecom,telecom,none,[mms_issue]bad_network_preference|bad_wifi_calling|data_mode_off|user_abroad_roaming_enabled_off[PERSONA:None],telecom_0000,0,859,pending,0,tau2_prep_check_telecom_0000,C:\Users\86132\Desktop\SafeDesk\benchmarks\tau2-bench\data\simulations\tau2_prep_check_telecom_0000\results.json,,2026-07-09T22:52:02
tau2_prep_check,telecom,telecom,none,[mms_issue]bad_network_preference|break_apn_mms_setting|data_mode_off|user_abroad_roaming_enabled_off[PERSONA:Easy],telecom_0000,0,860,pending,0,tau2_prep_check_telecom_0000,C:\Users\86132\Desktop\SafeDesk\benchmarks\tau2-bench\data\simulations\tau2_prep_check_telecom_0000\results.json,,2026-07-09T22:52:02
tau2_prep_check,telecom,telecom,none,[mms_issue]bad_network_preference|break_app_sms_permission|data_mode_off|user_abroad_roaming_enabled_off[PERSONA:Hard],telecom_0000,0,861,pending,0,tau2_prep_check_telecom_0000,C:\Users\86132\Desktop\SafeDesk\benchmarks\tau2-bench\data\simulations\tau2_prep_check_telecom_0000\results.json,,2026-07-09T22:52:02
tau2_prep_check,telecom,telecom,none,[mms_issue]bad_network_preference|break_app_storage_permission|data_mode_off|user_abroad_roaming_enabled_off[PERSONA:None],telecom_0000,0,862,pending,0,tau2_prep_check_telecom_0000,C:\Users\86132\Desktop\SafeDesk\benchmarks\tau2-bench\data\simulations\tau2_prep_check_telecom_0000\results.json,,2026-07-09T22:52:02
tau2_prep_check,telecom,telecom,none,[mms_issue]bad_network_preference|break_app_both_permissions|data_mode_off|user_abroad_roaming_enabled_off[PERSONA:Easy],telecom_0000,0,863,pending,0,tau2_prep_check_telecom_0000,C:\Users\86132\Desktop\SafeDesk\benchmarks\tau2-bench\data\simulations\tau2_prep_check_telecom_0000\results.json,,2026-07-09T22:52:02
tau2_prep_check,telecom,telecom,none,[mms_issue]bad_wifi_calling|break_apn_mms_setting|data_mode_off|user_abroad_roaming_enabled_off[PERSONA:Hard],telecom_0000,0,864,pending,0,tau2_prep_check_telecom_0000,C:\Users\86132\Desktop\SafeDesk\benchmarks\tau2-bench\data\simulations\tau2_prep_check_telecom_0000\results.json,,2026-07-09T22:52:02
tau2_prep_check,telecom,telecom,none,[mms_issue]bad_wifi_calling|break_app_sms_permission|data_mode_off|user_abroad_roaming_enabled_off[PERSONA:None],telecom_0000,0,865,pending,0,tau2_prep_check_telecom_0000,C:\Users\86132\Desktop\SafeDesk\benchmarks\tau2-bench\data\simulations\tau2_prep_check_telecom_0000\results.json,,2026-07-09T22:52:02
tau2_prep_check,telecom,telecom,none,[mms_issue]bad_wifi_calling|break_app_storage_permission|data_mode_off|user_abroad_roaming_enabled_off[PERSONA:Easy],telecom_0000,0,866,pending,0,tau2_prep_check_telecom_0000,C:\Users\86132\Desktop\SafeDesk\benchmarks\tau2-bench\data\simulations\tau2_prep_check_telecom_0000\results.json,,2026-07-09T22:52:02
tau2_prep_check,telecom,telecom,none,[mms_issue]bad_wifi_calling|break_app_both_permissions|data_mode_off|user_abroad_roaming_enabled_off[PERSONA:Hard],telecom_0000,0,867,pending,0,tau2_prep_check_telecom_0000,C:\Users\86132\Desktop\SafeDesk\benchmarks\tau2-bench\data\simulations\tau2_prep_check_telecom_0000\results.json,,2026-07-09T22:52:02
tau2_prep_check,telecom,telecom,none,[mms_issue]break_apn_mms_setting|break_app_sms_permission|data_mode_off|user_abroad_roaming_enabled_off[PERSONA:None],telecom_0000,0,868,pending,0,tau2_prep_check_telecom_0000,C:\Users\86132\Desktop\SafeDesk\benchmarks\tau2-bench\data\simulations\tau2_prep_check_telecom_0000\results.json,,2026-07-09T22:52:02
tau2_prep_check,telecom,telecom,none,[mms_issue]break_apn_mms_setting|break_app_storage_permission|data_mode_off|user_abroad_roaming_enabled_off[PERSONA:Easy],telecom_0000,0,869,pending,0,tau2_prep_check_telecom_0000,C:\Users\86132\Desktop\SafeDesk\benchmarks\tau2-bench\data\simulations\tau2_prep_check_telecom_0000\results.json,,2026-07-09T22:52:02
tau2_prep_check,telecom,telecom,none,[mms_issue]break_apn_mms_setting|break_app_both_permissions|data_mode_off|user_abroad_roaming_enabled_off[PERSONA:Hard],telecom_0000,0,870,pending,0,tau2_prep_check_telecom_0000,C:\Users\86132\Desktop\SafeDesk\benchmarks\tau2-bench\data\simulations\tau2_prep_check_telecom_0000\results.json,,2026-07-09T22:52:02
tau2_prep_check,telecom,telecom,none,[mms_issue]bad_network_preference|bad_wifi_calling|data_mode_off|user_abroad_roaming_disabled_on[PERSONA:None],telecom_0000,0,871,pending,0,tau2_prep_check_telecom_0000,C:\Users\86132\Desktop\SafeDesk\benchmarks\tau2-bench\data\simulations\tau2_prep_check_telecom_0000\results.json,,2026-07-09T22:52:02
tau2_prep_check,telecom,telecom,none,[mms_issue]bad_network_preference|break_apn_mms_setting|data_mode_off|user_abroad_roaming_disabled_on[PERSONA:Easy],telecom_0000,0,872,pending,0,tau2_prep_check_telecom_0000,C:\Users\86132\Desktop\SafeDesk\benchmarks\tau2-bench\data\simulations\tau2_prep_check_telecom_0000\results.json,,2026-07-09T22:52:02
tau2_prep_check,telecom,telecom,none,[mms_issue]bad_network_preference|break_app_sms_permission|data_mode_off|user_abroad_roaming_disabled_on[PERSONA:Hard],telecom_0000,0,873,pending,0,tau2_prep_check_telecom_0000,C:\Users\86132\Desktop\SafeDesk\benchmarks\tau2-bench\data\simulations\tau2_prep_check_telecom_0000\results.json,,2026-07-09T22:52:02
tau2_prep_check,telecom,telecom,none,[mms_issue]bad_network_preference|break_app_storage_permission|data_mode_off|user_abroad_roaming_disabled_on[PERSONA:None],telecom_0000,0,874,pending,0,tau2_prep_check_telecom_0000,C:\Users\86132\Desktop\SafeDesk\benchmarks\tau2-bench\data\simulations\tau2_prep_check_telecom_0000\results.json,,2026-07-09T22:52:02
tau2_prep_check,telecom,telecom,none,[mms_issue]bad_network_preference|break_app_both_permissions|data_mode_off|user_abroad_roaming_disabled_on[PERSONA:Easy],telecom_0000,0,875,pending,0,tau2_prep_check_telecom_0000,C:\Users\86132\Desktop\SafeDesk\benchmarks\tau2-bench\data\simulations\tau2_prep_check_telecom_0000\results.json,,2026-07-09T22:52:02
tau2_prep_check,telecom,telecom,none,[mms_issue]bad_wifi_calling|break_apn_mms_setting|data_mode_off|user_abroad_roaming_disabled_on[PERSONA:Hard],telecom_0000,0,876,pending,0,tau2_prep_check_telecom_0000,C:\Users\86132\Desktop\SafeDesk\benchmarks\tau2-bench\data\simulations\tau2_prep_check_telecom_0000\results.json,,2026-07-09T22:52:02
tau2_prep_check,telecom,telecom,none,[mms_issue]bad_wifi_calling|break_app_sms_permission|data_mode_off|user_abroad_roaming_disabled_on[PERSONA:None],telecom_0000,0,877,pending,0,tau2_prep_check_telecom_0000,C:\Users\86132\Desktop\SafeDesk\benchmarks\tau2-bench\data\simulations\tau2_prep_check_telecom_0000\results.json,,2026-07-09T22:52:02
tau2_prep_check,telecom,telecom,none,[mms_issue]bad_wifi_calling|break_app_storage_permission|data_mode_off|user_abroad_roaming_disabled_on[PERSONA:Easy],telecom_0000,0,878,pending,0,tau2_prep_check_telecom_0000,C:\Users\86132\Desktop\SafeDesk\benchmarks\tau2-bench\data\simulations\tau2_prep_check_telecom_0000\results.json,,2026-07-09T22:52:02
tau2_prep_check,telecom,telecom,none,[mms_issue]bad_wifi_calling|break_app_both_permissions|data_mode_off|user_abroad_roaming_disabled_on[PERSONA:Hard],telecom_0000,0,879,pending,0,tau2_prep_check_telecom_0000,C:\Users\86132\Desktop\SafeDesk\benchmarks\tau2-bench\data\simulations\tau2_prep_check_telecom_0000\results.json,,2026-07-09T22:52:02
tau2_prep_check,telecom,telecom,none,[mms_issue]break_apn_mms_setting|break_app_sms_permission|data_mode_off|user_abroad_roaming_disabled_on[PERSONA:None],telecom_0000,0,880,pending,0,tau2_prep_check_telecom_0000,C:\Users\86132\Desktop\SafeDesk\benchmarks\tau2-bench\data\simulations\tau2_prep_check_telecom_0000\results.json,,2026-07-09T22:52:02
tau2_prep_check,telecom,telecom,none,[mms_issue]break_apn_mms_setting|break_app_storage_permission|data_mode_off|user_abroad_roaming_disabled_on[PERSONA:Easy],telecom_0000,0,881,pending,0,tau2_prep_check_telecom_0000,C:\Users\86132\Desktop\SafeDesk\benchmarks\tau2-bench\data\simulations\tau2_prep_check_telecom_0000\results.json,,2026-07-09T22:52:02
tau2_prep_check,telecom,telecom,none,[mms_issue]break_apn_mms_setting|break_app_both_permissions|data_mode_off|user_abroad_roaming_disabled_on[PERSONA:Hard],telecom_0000,0,882,pending,0,tau2_prep_check_telecom_0000,C:\Users\86132\Desktop\SafeDesk\benchmarks\tau2-bench\data\simulations\tau2_prep_check_telecom_0000\results.json,,2026-07-09T22:52:02
tau2_prep_check,telecom,telecom,none,[mms_issue]bad_network_preference|bad_wifi_calling|data_mode_off|user_abroad_roaming_disabled_off[PERSONA:None],telecom_0000,0,883,pending,0,tau2_prep_check_telecom_0000,C:\Users\86132\Desktop\SafeDesk\benchmarks\tau2-bench\data\simulations\tau2_prep_check_telecom_0000\results.json,,2026-07-09T22:52:02
tau2_prep_check,telecom,telecom,none,[mms_issue]bad_network_preference|break_apn_mms_setting|data_mode_off|user_abroad_roaming_disabled_off[PERSONA:Easy],telecom_0000,0,884,pending,0,tau2_prep_check_telecom_0000,C:\Users\86132\Desktop\SafeDesk\benchmarks\tau2-bench\data\simulations\tau2_prep_check_telecom_0000\results.json,,2026-07-09T22:52:02
tau2_prep_check,telecom,telecom,none,[mms_issue]bad_network_preference|break_app_sms_permission|data_mode_off|user_abroad_roaming_disabled_off[PERSONA:Hard],telecom_0000,0,885,pending,0,tau2_prep_check_telecom_0000,C:\Users\86132\Desktop\SafeDesk\benchmarks\tau2-bench\data\simulations\tau2_prep_check_telecom_0000\results.json,,2026-07-09T22:52:02
tau2_prep_check,telecom,telecom,none,[mms_issue]bad_network_preference|break_app_storage_permission|data_mode_off|user_abroad_roaming_disabled_off[PERSONA:None],telecom_0000,0,886,pending,0,tau2_prep_check_telecom_0000,C:\Users\86132\Desktop\SafeDesk\benchmarks\tau2-bench\data\simulations\tau2_prep_check_telecom_0000\results.json,,2026-07-09T22:52:02
tau2_prep_check,telecom,telecom,none,[mms_issue]bad_network_preference|break_app_both_permissions|data_mode_off|user_abroad_roaming_disabled_off[PERSONA:Easy],telecom_0000,0,887,pending,0,tau2_prep_check_telecom_0000,C:\Users\86132\Desktop\SafeDesk\benchmarks\tau2-bench\data\simulations\tau2_prep_check_telecom_0000\results.json,,2026-07-09T22:52:02
tau2_prep_check,telecom,telecom,none,[mms_issue]bad_wifi_calling|break_apn_mms_setting|data_mode_off|user_abroad_roaming_disabled_off[PERSONA:Hard],telecom_0000,0,888,pending,0,tau2_prep_check_telecom_0000,C:\Users\86132\Desktop\SafeDesk\benchmarks\tau2-bench\data\simulations\tau2_prep_check_telecom_0000\results.json,,2026-07-09T22:52:02
tau2_prep_check,telecom,telecom,none,[mms_issue]bad_wifi_calling|break_app_sms_permission|data_mode_off|user_abroad_roaming_disabled_off[PERSONA:None],telecom_0000,0,889,pending,0,tau2_prep_check_telecom_0000,C:\Users\86132\Desktop\SafeDesk\benchmarks\tau2-bench\data\simulations\tau2_prep_check_telecom_0000\results.json,,2026-07-09T22:52:02
tau2_prep_check,telecom,telecom,none,[mms_issue]bad_wifi_calling|break_app_storage_permission|data_mode_off|user_abroad_roaming_disabled_off[PERSONA:Easy],telecom_0000,0,890,pending,0,tau2_prep_check_telecom_0000,C:\Users\86132\Desktop\SafeDesk\benchmarks\tau2-bench\data\simulations\tau2_prep_check_telecom_0000\results.json,,2026-07-09T22:52:02
tau2_prep_check,telecom,telecom,none,[mms_issue]bad_wifi_calling|break_app_both_permissions|data_mode_off|user_abroad_roaming_disabled_off[PERSONA:Hard],telecom_0000,0,891,pending,0,tau2_prep_check_telecom_0000,C:\Users\86132\Desktop\SafeDesk\benchmarks\tau2-bench\data\simulations\tau2_prep_check_telecom_0000\results.json,,2026-07-09T22:52:02
tau2_prep_check,telecom,telecom,none,[mms_issue]break_apn_mms_setting|break_app_sms_permission|data_mode_off|user_abroad_roaming_disabled_off[PERSONA:None],telecom_0000,0,892,pending,0,tau2_prep_check_telecom_0000,C:\Users\86132\Desktop\SafeDesk\benchmarks\tau2-bench\data\simulations\tau2_prep_check_telecom_0000\results.json,,2026-07-09T22:52:02
tau2_prep_check,telecom,telecom,none,[mms_issue]break_apn_mms_setting|break_app_storage_permission|data_mode_off|user_abroad_roaming_disabled_off[PERSONA:Easy],telecom_0000,0,893,pending,0,tau2_prep_check_telecom_0000,C:\Users\86132\Desktop\SafeDesk\benchmarks\tau2-bench\data\simulations\tau2_prep_check_telecom_0000\results.json,,2026-07-09T22:52:02
tau2_prep_check,telecom,telecom,none,[mms_issue]break_apn_mms_setting|break_app_both_permissions|data_mode_off|user_abroad_roaming_disabled_off[PERSONA:Hard],telecom_0000,0,894,pending,0,tau2_prep_check_telecom_0000,C:\Users\86132\Desktop\SafeDesk\benchmarks\tau2-bench\data\simulations\tau2_prep_check_telecom_0000\results.json,,2026-07-09T22:52:02
tau2_prep_check,telecom,telecom,none,[mms_issue]bad_network_preference|bad_wifi_calling|break_apn_mms_setting|data_mode_off[PERSONA:None],telecom_0000,0,895,pending,0,tau2_prep_check_telecom_0000,C:\Users\86132\Desktop\SafeDesk\benchmarks\tau2-bench\data\simulations\tau2_prep_check_telecom_0000\results.json,,2026-07-09T22:52:02
tau2_prep_check,telecom,telecom,none,[mms_issue]bad_network_preference|bad_wifi_calling|break_app_sms_permission|data_mode_off[PERSONA:Easy],telecom_0000,0,896,pending,0,tau2_prep_check_telecom_0000,C:\Users\86132\Desktop\SafeDesk\benchmarks\tau2-bench\data\simulations\tau2_prep_check_telecom_0000\results.json,,2026-07-09T22:52:02
tau2_prep_check,telecom,telecom,none,[mms_issue]bad_network_preference|bad_wifi_calling|break_app_storage_permission|data_mode_off[PERSONA:Hard],telecom_0000,0,897,pending,0,tau2_prep_check_telecom_0000,C:\Users\86132\Desktop\SafeDesk\benchmarks\tau2-bench\data\simulations\tau2_prep_check_telecom_0000\results.json,,2026-07-09T22:52:02
tau2_prep_check,telecom,telecom,none,[mms_issue]bad_network_preference|bad_wifi_calling|break_app_both_permissions|data_mode_off[PERSONA:None],telecom_0000,0,898,pending,0,tau2_prep_check_telecom_0000,C:\Users\86132\Desktop\SafeDesk\benchmarks\tau2-bench\data\simulations\tau2_prep_check_telecom_0000\results.json,,2026-07-09T22:52:02
tau2_prep_check,telecom,telecom,none,[mms_issue]bad_network_preference|break_apn_mms_setting|break_app_sms_permission|data_mode_off[PERSONA:Easy],telecom_0000,0,899,pending,0,tau2_prep_check_telecom_0000,C:\Users\86132\Desktop\SafeDesk\benchmarks\tau2-bench\data\simulations\tau2_prep_check_telecom_0000\results.json,,2026-07-09T22:52:02
tau2_prep_check,telecom,telecom,none,[mms_issue]bad_network_preference|break_apn_mms_setting|break_app_storage_permission|data_mode_off[PERSONA:Hard],telecom_0000,0,900,pending,0,tau2_prep_check_telecom_0000,C:\Users\86132\Desktop\SafeDesk\benchmarks\tau2-bench\data\simulations\tau2_prep_check_telecom_0000\results.json,,2026-07-09T22:52:02
tau2_prep_check,telecom,telecom,none,[mms_issue]bad_network_preference|break_apn_mms_setting|break_app_both_permissions|data_mode_off[PERSONA:None],telecom_0000,0,901,pending,0,tau2_prep_check_telecom_0000,C:\Users\86132\Desktop\SafeDesk\benchmarks\tau2-bench\data\simulations\tau2_prep_check_telecom_0000\results.json,,2026-07-09T22:52:02
tau2_prep_check,telecom,telecom,none,[mms_issue]bad_wifi_calling|break_apn_mms_setting|break_app_sms_permission|data_mode_off[PERSONA:Easy],telecom_0000,0,902,pending,0,tau2_prep_check_telecom_0000,C:\Users\86132\Desktop\SafeDesk\benchmarks\tau2-bench\data\simulations\tau2_prep_check_telecom_0000\results.json,,2026-07-09T22:52:02
tau2_prep_check,telecom,telecom,none,[mms_issue]bad_wifi_calling|break_apn_mms_setting|break_app_storage_permission|data_mode_off[PERSONA:Hard],telecom_0000,0,903,pending,0,tau2_prep_check_telecom_0000,C:\Users\86132\Desktop\SafeDesk\benchmarks\tau2-bench\data\simulations\tau2_prep_check_telecom_0000\results.json,,2026-07-09T22:52:02
tau2_prep_check,telecom,telecom,none,[mms_issue]bad_wifi_calling|break_apn_mms_setting|break_app_both_permissions|data_mode_off[PERSONA:None],telecom_0000,0,904,pending,0,tau2_prep_check_telecom_0000,C:\Users\86132\Desktop\SafeDesk\benchmarks\tau2-bench\data\simulations\tau2_prep_check_telecom_0000\results.json,,2026-07-09T22:52:02
tau2_prep_check,telecom,telecom,none,[mms_issue]bad_network_preference|bad_wifi_calling|data_usage_exceeded|user_abroad_roaming_enabled_off[PERSONA:Easy],telecom_0000,0,905,pending,0,tau2_prep_check_telecom_0000,C:\Users\86132\Desktop\SafeDesk\benchmarks\tau2-bench\data\simulations\tau2_prep_check_telecom_0000\results.json,,2026-07-09T22:52:02
tau2_prep_check,telecom,telecom,none,[mms_issue]bad_network_preference|break_apn_mms_setting|data_usage_exceeded|user_abroad_roaming_enabled_off[PERSONA:Hard],telecom_0000,0,906,pending,0,tau2_prep_check_telecom_0000,C:\Users\86132\Desktop\SafeDesk\benchmarks\tau2-bench\data\simulations\tau2_prep_check_telecom_0000\results.json,,2026-07-09T22:52:02
tau2_prep_check,telecom,telecom,none,[mms_issue]bad_network_preference|break_app_sms_permission|data_usage_exceeded|user_abroad_roaming_enabled_off[PERSONA:None],telecom_0000,0,907,pending,0,tau2_prep_check_telecom_0000,C:\Users\86132\Desktop\SafeDesk\benchmarks\tau2-bench\data\simulations\tau2_prep_check_telecom_0000\results.json,,2026-07-09T22:52:02
tau2_prep_check,telecom,telecom,none,[mms_issue]bad_network_preference|break_app_storage_permission|data_usage_exceeded|user_abroad_roaming_enabled_off[PERSONA:Easy],telecom_0000,0,908,pending,0,tau2_prep_check_telecom_0000,C:\Users\86132\Desktop\SafeDesk\benchmarks\tau2-bench\data\simulations\tau2_prep_check_telecom_0000\results.json,,2026-07-09T22:52:02
tau2_prep_check,telecom,telecom,none,[mms_issue]bad_network_preference|break_app_both_permissions|data_usage_exceeded|user_abroad_roaming_enabled_off[PERSONA:Hard],telecom_0000,0,909,pending,0,tau2_prep_check_telecom_0000,C:\Users\86132\Desktop\SafeDesk\benchmarks\tau2-bench\data\simulations\tau2_prep_check_telecom_0000\results.json,,2026-07-09T22:52:02
tau2_prep_check,telecom,telecom,none,[mms_issue]bad_wifi_calling|break_apn_mms_setting|data_usage_exceeded|user_abroad_roaming_enabled_off[PERSONA:None],telecom_0000,0,910,pending,0,tau2_prep_check_telecom_0000,C:\Users\86132\Desktop\SafeDesk\benchmarks\tau2-bench\data\simulations\tau2_prep_check_telecom_0000\results.json,,2026-07-09T22:52:02
tau2_prep_check,telecom,telecom,none,[mms_issue]bad_wifi_calling|break_app_sms_permission|data_usage_exceeded|user_abroad_roaming_enabled_off[PERSONA:Easy],telecom_0000,0,911,pending,0,tau2_prep_check_telecom_0000,C:\Users\86132\Desktop\SafeDesk\benchmarks\tau2-bench\data\simulations\tau2_prep_check_telecom_0000\results.json,,2026-07-09T22:52:02
tau2_prep_check,telecom,telecom,none,[mms_issue]bad_wifi_calling|break_app_storage_permission|data_usage_exceeded|user_abroad_roaming_enabled_off[PERSONA:Hard],telecom_0000,0,912,pending,0,tau2_prep_check_telecom_0000,C:\Users\86132\Desktop\SafeDesk\benchmarks\tau2-bench\data\simulations\tau2_prep_check_telecom_0000\results.json,,2026-07-09T22:52:02
tau2_prep_check,telecom,telecom,none,[mms_issue]bad_wifi_calling|break_app_both_permissions|data_usage_exceeded|user_abroad_roaming_enabled_off[PERSONA:None],telecom_0000,0,913,pending,0,tau2_prep_check_telecom_0000,C:\Users\86132\Desktop\SafeDesk\benchmarks\tau2-bench\data\simulations\tau2_prep_check_telecom_0000\results.json,,2026-07-09T22:52:02
tau2_prep_check,telecom,telecom,none,[mms_issue]break_apn_mms_setting|break_app_sms_permission|data_usage_exceeded|user_abroad_roaming_enabled_off[PERSONA:Easy],telecom_0000,0,914,pending,0,tau2_prep_check_telecom_0000,C:\Users\86132\Desktop\SafeDesk\benchmarks\tau2-bench\data\simulations\tau2_prep_check_telecom_0000\results.json,,2026-07-09T22:52:02
tau2_prep_check,telecom,telecom,none,[mms_issue]break_apn_mms_setting|break_app_storage_permission|data_usage_exceeded|user_abroad_roaming_enabled_off[PERSONA:Hard],telecom_0000,0,915,pending,0,tau2_prep_check_telecom_0000,C:\Users\86132\Desktop\SafeDesk\benchmarks\tau2-bench\data\simulations\tau2_prep_check_telecom_0000\results.json,,2026-07-09T22:52:02
tau2_prep_check,telecom,telecom,none,[mms_issue]break_apn_mms_setting|break_app_both_permissions|data_usage_exceeded|user_abroad_roaming_enabled_off[PERSONA:None],telecom_0000,0,916,pending,0,tau2_prep_check_telecom_0000,C:\Users\86132\Desktop\SafeDesk\benchmarks\tau2-bench\data\simulations\tau2_prep_check_telecom_0000\results.json,,2026-07-09T22:52:02
tau2_prep_check,telecom,telecom,none,[mms_issue]bad_network_preference|bad_wifi_calling|data_usage_exceeded|user_abroad_roaming_disabled_on[PERSONA:Easy],telecom_0000,0,917,pending,0,tau2_prep_check_telecom_0000,C:\Users\86132\Desktop\SafeDesk\benchmarks\tau2-bench\data\simulations\tau2_prep_check_telecom_0000\results.json,,2026-07-09T22:52:02
tau2_prep_check,telecom,telecom,none,[mms_issue]bad_network_preference|break_apn_mms_setting|data_usage_exceeded|user_abroad_roaming_disabled_on[PERSONA:Hard],telecom_0000,0,918,pending,0,tau2_prep_check_telecom_0000,C:\Users\86132\Desktop\SafeDesk\benchmarks\tau2-bench\data\simulations\tau2_prep_check_telecom_0000\results.json,,2026-07-09T22:52:02
tau2_prep_check,telecom,telecom,none,[mms_issue]bad_network_preference|break_app_sms_permission|data_usage_exceeded|user_abroad_roaming_disabled_on[PERSONA:None],telecom_0000,0,919,pending,0,tau2_prep_check_telecom_0000,C:\Users\86132\Desktop\SafeDesk\benchmarks\tau2-bench\data\simulations\tau2_prep_check_telecom_0000\results.json,,2026-07-09T22:52:02
tau2_prep_check,telecom,telecom,none,[mms_issue]bad_network_preference|break_app_storage_permission|data_usage_exceeded|user_abroad_roaming_disabled_on[PERSONA:Easy],telecom_0000,0,920,pending,0,tau2_prep_check_telecom_0000,C:\Users\86132\Desktop\SafeDesk\benchmarks\tau2-bench\data\simulations\tau2_prep_check_telecom_0000\results.json,,2026-07-09T22:52:02
tau2_prep_check,telecom,telecom,none,[mms_issue]bad_network_preference|break_app_both_permissions|data_usage_exceeded|user_abroad_roaming_disabled_on[PERSONA:Hard],telecom_0000,0,921,pending,0,tau2_prep_check_telecom_0000,C:\Users\86132\Desktop\SafeDesk\benchmarks\tau2-bench\data\simulations\tau2_prep_check_telecom_0000\results.json,,2026-07-09T22:52:02
tau2_prep_check,telecom,telecom,none,[mms_issue]bad_wifi_calling|break_apn_mms_setting|data_usage_exceeded|user_abroad_roaming_disabled_on[PERSONA:None],telecom_0000,0,922,pending,0,tau2_prep_check_telecom_0000,C:\Users\86132\Desktop\SafeDesk\benchmarks\tau2-bench\data\simulations\tau2_prep_check_telecom_0000\results.json,,2026-07-09T22:52:02
tau2_prep_check,telecom,telecom,none,[mms_issue]bad_wifi_calling|break_app_sms_permission|data_usage_exceeded|user_abroad_roaming_disabled_on[PERSONA:Easy],telecom_0000,0,923,pending,0,tau2_prep_check_telecom_0000,C:\Users\86132\Desktop\SafeDesk\benchmarks\tau2-bench\data\simulations\tau2_prep_check_telecom_0000\results.json,,2026-07-09T22:52:02
tau2_prep_check,telecom,telecom,none,[mms_issue]bad_wifi_calling|break_app_storage_permission|data_usage_exceeded|user_abroad_roaming_disabled_on[PERSONA:Hard],telecom_0000,0,924,pending,0,tau2_prep_check_telecom_0000,C:\Users\86132\Desktop\SafeDesk\benchmarks\tau2-bench\data\simulations\tau2_prep_check_telecom_0000\results.json,,2026-07-09T22:52:02
tau2_prep_check,telecom,telecom,none,[mms_issue]bad_wifi_calling|break_app_both_permissions|data_usage_exceeded|user_abroad_roaming_disabled_on[PERSONA:None],telecom_0000,0,925,pending,0,tau2_prep_check_telecom_0000,C:\Users\86132\Desktop\SafeDesk\benchmarks\tau2-bench\data\simulations\tau2_prep_check_telecom_0000\results.json,,2026-07-09T22:52:02
tau2_prep_check,telecom,telecom,none,[mms_issue]break_apn_mms_setting|break_app_sms_permission|data_usage_exceeded|user_abroad_roaming_disabled_on[PERSONA:Easy],telecom_0000,0,926,pending,0,tau2_prep_check_telecom_0000,C:\Users\86132\Desktop\SafeDesk\benchmarks\tau2-bench\data\simulations\tau2_prep_check_telecom_0000\results.json,,2026-07-09T22:52:02
tau2_prep_check,telecom,telecom,none,[mms_issue]break_apn_mms_setting|break_app_storage_permission|data_usage_exceeded|user_abroad_roaming_disabled_on[PERSONA:Hard],telecom_0000,0,927,pending,0,tau2_prep_check_telecom_0000,C:\Users\86132\Desktop\SafeDesk\benchmarks\tau2-bench\data\simulations\tau2_prep_check_telecom_0000\results.json,,2026-07-09T22:52:02
tau2_prep_check,telecom,telecom,none,[mms_issue]break_apn_mms_setting|break_app_both_permissions|data_usage_exceeded|user_abroad_roaming_disabled_on[PERSONA:None],telecom_0000,0,928,pending,0,tau2_prep_check_telecom_0000,C:\Users\86132\Desktop\SafeDesk\benchmarks\tau2-bench\data\simulations\tau2_prep_check_telecom_0000\results.json,,2026-07-09T22:52:02
tau2_prep_check,telecom,telecom,none,[mms_issue]bad_network_preference|bad_wifi_calling|data_usage_exceeded|user_abroad_roaming_disabled_off[PERSONA:Easy],telecom_0000,0,929,pending,0,tau2_prep_check_telecom_0000,C:\Users\86132\Desktop\SafeDesk\benchmarks\tau2-bench\data\simulations\tau2_prep_check_telecom_0000\results.json,,2026-07-09T22:52:02
tau2_prep_check,telecom,telecom,none,[mms_issue]bad_network_preference|break_apn_mms_setting|data_usage_exceeded|user_abroad_roaming_disabled_off[PERSONA:Hard],telecom_0000,0,930,pending,0,tau2_prep_check_telecom_0000,C:\Users\86132\Desktop\SafeDesk\benchmarks\tau2-bench\data\simulations\tau2_prep_check_telecom_0000\results.json,,2026-07-09T22:52:02
tau2_prep_check,telecom,telecom,none,[mms_issue]bad_network_preference|break_app_sms_permission|data_usage_exceeded|user_abroad_roaming_disabled_off[PERSONA:None],telecom_0000,0,931,pending,0,tau2_prep_check_telecom_0000,C:\Users\86132\Desktop\SafeDesk\benchmarks\tau2-bench\data\simulations\tau2_prep_check_telecom_0000\results.json,,2026-07-09T22:52:02
tau2_prep_check,telecom,telecom,none,[mms_issue]bad_network_preference|break_app_storage_permission|data_usage_exceeded|user_abroad_roaming_disabled_off[PERSONA:Easy],telecom_0000,0,932,pending,0,tau2_prep_check_telecom_0000,C:\Users\86132\Desktop\SafeDesk\benchmarks\tau2-bench\data\simulations\tau2_prep_check_telecom_0000\results.json,,2026-07-09T22:52:02
tau2_prep_check,telecom,telecom,none,[mms_issue]bad_network_preference|break_app_both_permissions|data_usage_exceeded|user_abroad_roaming_disabled_off[PERSONA:Hard],telecom_0000,0,933,pending,0,tau2_prep_check_telecom_0000,C:\Users\86132\Desktop\SafeDesk\benchmarks\tau2-bench\data\simulations\tau2_prep_check_telecom_0000\results.json,,2026-07-09T22:52:02
tau2_prep_check,telecom,telecom,none,[mms_issue]bad_wifi_calling|break_apn_mms_setting|data_usage_exceeded|user_abroad_roaming_disabled_off[PERSONA:None],telecom_0000,0,934,pending,0,tau2_prep_check_telecom_0000,C:\Users\86132\Desktop\SafeDesk\benchmarks\tau2-bench\data\simulations\tau2_prep_check_telecom_0000\results.json,,2026-07-09T22:52:02
tau2_prep_check,telecom,telecom,none,[mms_issue]bad_wifi_calling|break_app_sms_permission|data_usage_exceeded|user_abroad_roaming_disabled_off[PERSONA:Easy],telecom_0000,0,935,pending,0,tau2_prep_check_telecom_0000,C:\Users\86132\Desktop\SafeDesk\benchmarks\tau2-bench\data\simulations\tau2_prep_check_telecom_0000\results.json,,2026-07-09T22:52:02
tau2_prep_check,telecom,telecom,none,[mms_issue]bad_wifi_calling|break_app_storage_permission|data_usage_exceeded|user_abroad_roaming_disabled_off[PERSONA:Hard],telecom_0000,0,936,pending,0,tau2_prep_check_telecom_0000,C:\Users\86132\Desktop\SafeDesk\benchmarks\tau2-bench\data\simulations\tau2_prep_check_telecom_0000\results.json,,2026-07-09T22:52:02
tau2_prep_check,telecom,telecom,none,[mms_issue]bad_wifi_calling|break_app_both_permissions|data_usage_exceeded|user_abroad_roaming_disabled_off[PERSONA:None],telecom_0000,0,937,pending,0,tau2_prep_check_telecom_0000,C:\Users\86132\Desktop\SafeDesk\benchmarks\tau2-bench\data\simulations\tau2_prep_check_telecom_0000\results.json,,2026-07-09T22:52:02
tau2_prep_check,telecom,telecom,none,[mms_issue]break_apn_mms_setting|break_app_sms_permission|data_usage_exceeded|user_abroad_roaming_disabled_off[PERSONA:Easy],telecom_0000,0,938,pending,0,tau2_prep_check_telecom_0000,C:\Users\86132\Desktop\SafeDesk\benchmarks\tau2-bench\data\simulations\tau2_prep_check_telecom_0000\results.json,,2026-07-09T22:52:02
tau2_prep_check,telecom,telecom,none,[mms_issue]break_apn_mms_setting|break_app_storage_permission|data_usage_exceeded|user_abroad_roaming_disabled_off[PERSONA:Hard],telecom_0000,0,939,pending,0,tau2_prep_check_telecom_0000,C:\Users\86132\Desktop\SafeDesk\benchmarks\tau2-bench\data\simulations\tau2_prep_check_telecom_0000\results.json,,2026-07-09T22:52:02
tau2_prep_check,telecom,telecom,none,[mms_issue]break_apn_mms_setting|break_app_both_permissions|data_usage_exceeded|user_abroad_roaming_disabled_off[PERSONA:None],telecom_0000,0,940,pending,0,tau2_prep_check_telecom_0000,C:\Users\86132\Desktop\SafeDesk\benchmarks\tau2-bench\data\simulations\tau2_prep_check_telecom_0000\results.json,,2026-07-09T22:52:02
tau2_prep_check,telecom,telecom,none,[mms_issue]bad_network_preference|bad_wifi_calling|break_apn_mms_setting|data_usage_exceeded[PERSONA:Easy],telecom_0000,0,941,pending,0,tau2_prep_check_telecom_0000,C:\Users\86132\Desktop\SafeDesk\benchmarks\tau2-bench\data\simulations\tau2_prep_check_telecom_0000\results.json,,2026-07-09T22:52:02
tau2_prep_check,telecom,telecom,none,[mms_issue]bad_network_preference|bad_wifi_calling|break_app_sms_permission|data_usage_exceeded[PERSONA:Hard],telecom_0000,0,942,pending,0,tau2_prep_check_telecom_0000,C:\Users\86132\Desktop\SafeDesk\benchmarks\tau2-bench\data\simulations\tau2_prep_check_telecom_0000\results.json,,2026-07-09T22:52:02
tau2_prep_check,telecom,telecom,none,[mms_issue]bad_network_preference|bad_wifi_calling|break_app_storage_permission|data_usage_exceeded[PERSONA:None],telecom_0000,0,943,pending,0,tau2_prep_check_telecom_0000,C:\Users\86132\Desktop\SafeDesk\benchmarks\tau2-bench\data\simulations\tau2_prep_check_telecom_0000\results.json,,2026-07-09T22:52:02
tau2_prep_check,telecom,telecom,none,[mms_issue]bad_network_preference|bad_wifi_calling|break_app_both_permissions|data_usage_exceeded[PERSONA:Easy],telecom_0000,0,944,pending,0,tau2_prep_check_telecom_0000,C:\Users\86132\Desktop\SafeDesk\benchmarks\tau2-bench\data\simulations\tau2_prep_check_telecom_0000\results.json,,2026-07-09T22:52:02
tau2_prep_check,telecom,telecom,none,[mms_issue]bad_network_preference|break_apn_mms_setting|break_app_sms_permission|data_usage_exceeded[PERSONA:Hard],telecom_0000,0,945,pending,0,tau2_prep_check_telecom_0000,C:\Users\86132\Desktop\SafeDesk\benchmarks\tau2-bench\data\simulations\tau2_prep_check_telecom_0000\results.json,,2026-07-09T22:52:02
tau2_prep_check,telecom,telecom,none,[mms_issue]bad_network_preference|break_apn_mms_setting|break_app_storage_permission|data_usage_exceeded[PERSONA:None],telecom_0000,0,946,pending,0,tau2_prep_check_telecom_0000,C:\Users\86132\Desktop\SafeDesk\benchmarks\tau2-bench\data\simulations\tau2_prep_check_telecom_0000\results.json,,2026-07-09T22:52:02
tau2_prep_check,telecom,telecom,none,[mms_issue]bad_network_preference|break_apn_mms_setting|break_app_both_permissions|data_usage_exceeded[PERSONA:Easy],telecom_0000,0,947,pending,0,tau2_prep_check_telecom_0000,C:\Users\86132\Desktop\SafeDesk\benchmarks\tau2-bench\data\simulations\tau2_prep_check_telecom_0000\results.json,,2026-07-09T22:52:02
tau2_prep_check,telecom,telecom,none,[mms_issue]bad_wifi_calling|break_apn_mms_setting|break_app_sms_permission|data_usage_exceeded[PERSONA:Hard],telecom_0000,0,948,pending,0,tau2_prep_check_telecom_0000,C:\Users\86132\Desktop\SafeDesk\benchmarks\tau2-bench\data\simulations\tau2_prep_check_telecom_0000\results.json,,2026-07-09T22:52:02
tau2_prep_check,telecom,telecom,none,[mms_issue]bad_wifi_calling|break_apn_mms_setting|break_app_storage_permission|data_usage_exceeded[PERSONA:None],telecom_0000,0,949,pending,0,tau2_prep_check_telecom_0000,C:\Users\86132\Desktop\SafeDesk\benchmarks\tau2-bench\data\simulations\tau2_prep_check_telecom_0000\results.json,,2026-07-09T22:52:02
tau2_prep_check,telecom,telecom,none,[mms_issue]bad_wifi_calling|break_apn_mms_setting|break_app_both_permissions|data_usage_exceeded[PERSONA:Easy],telecom_0000,0,950,pending,0,tau2_prep_check_telecom_0000,C:\Users\86132\Desktop\SafeDesk\benchmarks\tau2-bench\data\simulations\tau2_prep_check_telecom_0000\results.json,,2026-07-09T22:52:02
tau2_prep_check,telecom,telecom,none,[mms_issue]bad_network_preference|bad_wifi_calling|break_apn_mms_setting|user_abroad_roaming_enabled_off[PERSONA:None],telecom_0000,0,951,pending,0,tau2_prep_check_telecom_0000,C:\Users\86132\Desktop\SafeDesk\benchmarks\tau2-bench\data\simulations\tau2_prep_check_telecom_0000\results.json,,2026-07-09T22:52:02
tau2_prep_check,telecom,telecom,none,[mms_issue]bad_network_preference|bad_wifi_calling|break_app_sms_permission|user_abroad_roaming_enabled_off[PERSONA:Easy],telecom_0000,0,952,pending,0,tau2_prep_check_telecom_0000,C:\Users\86132\Desktop\SafeDesk\benchmarks\tau2-bench\data\simulations\tau2_prep_check_telecom_0000\results.json,,2026-07-09T22:52:02
tau2_prep_check,telecom,telecom,none,[mms_issue]bad_network_preference|bad_wifi_calling|break_app_storage_permission|user_abroad_roaming_enabled_off[PERSONA:Hard],telecom_0000,0,953,pending,0,tau2_prep_check_telecom_0000,C:\Users\86132\Desktop\SafeDesk\benchmarks\tau2-bench\data\simulations\tau2_prep_check_telecom_0000\results.json,,2026-07-09T22:52:02
tau2_prep_check,telecom,telecom,none,[mms_issue]bad_network_preference|bad_wifi_calling|break_app_both_permissions|user_abroad_roaming_enabled_off[PERSONA:None],telecom_0000,0,954,pending,0,tau2_prep_check_telecom_0000,C:\Users\86132\Desktop\SafeDesk\benchmarks\tau2-bench\data\simulations\tau2_prep_check_telecom_0000\results.json,,2026-07-09T22:52:02
tau2_prep_check,telecom,telecom,none,[mms_issue]bad_network_preference|break_apn_mms_setting|break_app_sms_permission|user_abroad_roaming_enabled_off[PERSONA:Easy],telecom_0000,0,955,pending,0,tau2_prep_check_telecom_0000,C:\Users\86132\Desktop\SafeDesk\benchmarks\tau2-bench\data\simulations\tau2_prep_check_telecom_0000\results.json,,2026-07-09T22:52:02
tau2_prep_check,telecom,telecom,none,[mms_issue]bad_network_preference|break_apn_mms_setting|break_app_storage_permission|user_abroad_roaming_enabled_off[PERSONA:Hard],telecom_0000,0,956,pending,0,tau2_prep_check_telecom_0000,C:\Users\86132\Desktop\SafeDesk\benchmarks\tau2-bench\data\simulations\tau2_prep_check_telecom_0000\results.json,,2026-07-09T22:52:02
tau2_prep_check,telecom,telecom,none,[mms_issue]bad_network_preference|break_apn_mms_setting|break_app_both_permissions|user_abroad_roaming_enabled_off[PERSONA:None],telecom_0000,0,957,pending,0,tau2_prep_check_telecom_0000,C:\Users\86132\Desktop\SafeDesk\benchmarks\tau2-bench\data\simulations\tau2_prep_check_telecom_0000\results.json,,2026-07-09T22:52:02
tau2_prep_check,telecom,telecom,none,[mms_issue]bad_wifi_calling|break_apn_mms_setting|break_app_sms_permission|user_abroad_roaming_enabled_off[PERSONA:Easy],telecom_0000,0,958,pending,0,tau2_prep_check_telecom_0000,C:\Users\86132\Desktop\SafeDesk\benchmarks\tau2-bench\data\simulations\tau2_prep_check_telecom_0000\results.json,,2026-07-09T22:52:02
tau2_prep_check,telecom,telecom,none,[mms_issue]bad_wifi_calling|break_apn_mms_setting|break_app_storage_permission|user_abroad_roaming_enabled_off[PERSONA:Hard],telecom_0000,0,959,pending,0,tau2_prep_check_telecom_0000,C:\Users\86132\Desktop\SafeDesk\benchmarks\tau2-bench\data\simulations\tau2_prep_check_telecom_0000\results.json,,2026-07-09T22:52:02
tau2_prep_check,telecom,telecom,none,[mms_issue]bad_wifi_calling|break_apn_mms_setting|break_app_both_permissions|user_abroad_roaming_enabled_off[PERSONA:None],telecom_0000,0,960,pending,0,tau2_prep_check_telecom_0000,C:\Users\86132\Desktop\SafeDesk\benchmarks\tau2-bench\data\simulations\tau2_prep_check_telecom_0000\results.json,,2026-07-09T22:52:02
tau2_prep_check,telecom,telecom,none,[mms_issue]bad_network_preference|bad_wifi_calling|break_apn_mms_setting|user_abroad_roaming_disabled_on[PERSONA:Easy],telecom_0000,0,961,pending,0,tau2_prep_check_telecom_0000,C:\Users\86132\Desktop\SafeDesk\benchmarks\tau2-bench\data\simulations\tau2_prep_check_telecom_0000\results.json,,2026-07-09T22:52:02
tau2_prep_check,telecom,telecom,none,[mms_issue]bad_network_preference|bad_wifi_calling|break_app_sms_permission|user_abroad_roaming_disabled_on[PERSONA:Hard],telecom_0000,0,962,pending,0,tau2_prep_check_telecom_0000,C:\Users\86132\Desktop\SafeDesk\benchmarks\tau2-bench\data\simulations\tau2_prep_check_telecom_0000\results.json,,2026-07-09T22:52:02
tau2_prep_check,telecom,telecom,none,[mms_issue]bad_network_preference|bad_wifi_calling|break_app_storage_permission|user_abroad_roaming_disabled_on[PERSONA:None],telecom_0000,0,963,pending,0,tau2_prep_check_telecom_0000,C:\Users\86132\Desktop\SafeDesk\benchmarks\tau2-bench\data\simulations\tau2_prep_check_telecom_0000\results.json,,2026-07-09T22:52:02
tau2_prep_check,telecom,telecom,none,[mms_issue]bad_network_preference|bad_wifi_calling|break_app_both_permissions|user_abroad_roaming_disabled_on[PERSONA:Easy],telecom_0000,0,964,pending,0,tau2_prep_check_telecom_0000,C:\Users\86132\Desktop\SafeDesk\benchmarks\tau2-bench\data\simulations\tau2_prep_check_telecom_0000\results.json,,2026-07-09T22:52:02
tau2_prep_check,telecom,telecom,none,[mms_issue]bad_network_preference|break_apn_mms_setting|break_app_sms_permission|user_abroad_roaming_disabled_on[PERSONA:Hard],telecom_0000,0,965,pending,0,tau2_prep_check_telecom_0000,C:\Users\86132\Desktop\SafeDesk\benchmarks\tau2-bench\data\simulations\tau2_prep_check_telecom_0000\results.json,,2026-07-09T22:52:02
tau2_prep_check,telecom,telecom,none,[mms_issue]bad_network_preference|break_apn_mms_setting|break_app_storage_permission|user_abroad_roaming_disabled_on[PERSONA:None],telecom_0000,0,966,pending,0,tau2_prep_check_telecom_0000,C:\Users\86132\Desktop\SafeDesk\benchmarks\tau2-bench\data\simulations\tau2_prep_check_telecom_0000\results.json,,2026-07-09T22:52:02
tau2_prep_check,telecom,telecom,none,[mms_issue]bad_network_preference|break_apn_mms_setting|break_app_both_permissions|user_abroad_roaming_disabled_on[PERSONA:Easy],telecom_0000,0,967,pending,0,tau2_prep_check_telecom_0000,C:\Users\86132\Desktop\SafeDesk\benchmarks\tau2-bench\data\simulations\tau2_prep_check_telecom_0000\results.json,,2026-07-09T22:52:02
tau2_prep_check,telecom,telecom,none,[mms_issue]bad_wifi_calling|break_apn_mms_setting|break_app_sms_permission|user_abroad_roaming_disabled_on[PERSONA:Hard],telecom_0000,0,968,pending,0,tau2_prep_check_telecom_0000,C:\Users\86132\Desktop\SafeDesk\benchmarks\tau2-bench\data\simulations\tau2_prep_check_telecom_0000\results.json,,2026-07-09T22:52:02
tau2_prep_check,telecom,telecom,none,[mms_issue]bad_wifi_calling|break_apn_mms_setting|break_app_storage_permission|user_abroad_roaming_disabled_on[PERSONA:None],telecom_0000,0,969,pending,0,tau2_prep_check_telecom_0000,C:\Users\86132\Desktop\SafeDesk\benchmarks\tau2-bench\data\simulations\tau2_prep_check_telecom_0000\results.json,,2026-07-09T22:52:02
tau2_prep_check,telecom,telecom,none,[mms_issue]bad_wifi_calling|break_apn_mms_setting|break_app_both_permissions|user_abroad_roaming_disabled_on[PERSONA:Easy],telecom_0000,0,970,pending,0,tau2_prep_check_telecom_0000,C:\Users\86132\Desktop\SafeDesk\benchmarks\tau2-bench\data\simulations\tau2_prep_check_telecom_0000\results.json,,2026-07-09T22:52:02
tau2_prep_check,telecom,telecom,none,[mms_issue]bad_network_preference|bad_wifi_calling|break_apn_mms_setting|user_abroad_roaming_disabled_off[PERSONA:Hard],telecom_0000,0,971,pending,0,tau2_prep_check_telecom_0000,C:\Users\86132\Desktop\SafeDesk\benchmarks\tau2-bench\data\simulations\tau2_prep_check_telecom_0000\results.json,,2026-07-09T22:52:02
tau2_prep_check,telecom,telecom,none,[mms_issue]bad_network_preference|bad_wifi_calling|break_app_sms_permission|user_abroad_roaming_disabled_off[PERSONA:None],telecom_0000,0,972,pending,0,tau2_prep_check_telecom_0000,C:\Users\86132\Desktop\SafeDesk\benchmarks\tau2-bench\data\simulations\tau2_prep_check_telecom_0000\results.json,,2026-07-09T22:52:02
tau2_prep_check,telecom,telecom,none,[mms_issue]bad_network_preference|bad_wifi_calling|break_app_storage_permission|user_abroad_roaming_disabled_off[PERSONA:Easy],telecom_0000,0,973,pending,0,tau2_prep_check_telecom_0000,C:\Users\86132\Desktop\SafeDesk\benchmarks\tau2-bench\data\simulations\tau2_prep_check_telecom_0000\results.json,,2026-07-09T22:52:02
tau2_prep_check,telecom,telecom,none,[mms_issue]bad_network_preference|bad_wifi_calling|break_app_both_permissions|user_abroad_roaming_disabled_off[PERSONA:Hard],telecom_0000,0,974,pending,0,tau2_prep_check_telecom_0000,C:\Users\86132\Desktop\SafeDesk\benchmarks\tau2-bench\data\simulations\tau2_prep_check_telecom_0000\results.json,,2026-07-09T22:52:02
tau2_prep_check,telecom,telecom,none,[mms_issue]bad_network_preference|break_apn_mms_setting|break_app_sms_permission|user_abroad_roaming_disabled_off[PERSONA:None],telecom_0000,0,975,pending,0,tau2_prep_check_telecom_0000,C:\Users\86132\Desktop\SafeDesk\benchmarks\tau2-bench\data\simulations\tau2_prep_check_telecom_0000\results.json,,2026-07-09T22:52:02
tau2_prep_check,telecom,telecom,none,[mms_issue]bad_network_preference|break_apn_mms_setting|break_app_storage_permission|user_abroad_roaming_disabled_off[PERSONA:Easy],telecom_0000,0,976,pending,0,tau2_prep_check_telecom_0000,C:\Users\86132\Desktop\SafeDesk\benchmarks\tau2-bench\data\simulations\tau2_prep_check_telecom_0000\results.json,,2026-07-09T22:52:02
tau2_prep_check,telecom,telecom,none,[mms_issue]bad_network_preference|break_apn_mms_setting|break_app_both_permissions|user_abroad_roaming_disabled_off[PERSONA:Hard],telecom_0000,0,977,pending,0,tau2_prep_check_telecom_0000,C:\Users\86132\Desktop\SafeDesk\benchmarks\tau2-bench\data\simulations\tau2_prep_check_telecom_0000\results.json,,2026-07-09T22:52:02
tau2_prep_check,telecom,telecom,none,[mms_issue]bad_wifi_calling|break_apn_mms_setting|break_app_sms_permission|user_abroad_roaming_disabled_off[PERSONA:None],telecom_0000,0,978,pending,0,tau2_prep_check_telecom_0000,C:\Users\86132\Desktop\SafeDesk\benchmarks\tau2-bench\data\simulations\tau2_prep_check_telecom_0000\results.json,,2026-07-09T22:52:02
tau2_prep_check,telecom,telecom,none,[mms_issue]bad_wifi_calling|break_apn_mms_setting|break_app_storage_permission|user_abroad_roaming_disabled_off[PERSONA:Easy],telecom_0000,0,979,pending,0,tau2_prep_check_telecom_0000,C:\Users\86132\Desktop\SafeDesk\benchmarks\tau2-bench\data\simulations\tau2_prep_check_telecom_0000\results.json,,2026-07-09T22:52:02
tau2_prep_check,telecom,telecom,none,[mms_issue]bad_wifi_calling|break_apn_mms_setting|break_app_both_permissions|user_abroad_roaming_disabled_off[PERSONA:Hard],telecom_0000,0,980,pending,0,tau2_prep_check_telecom_0000,C:\Users\86132\Desktop\SafeDesk\benchmarks\tau2-bench\data\simulations\tau2_prep_check_telecom_0000\results.json,,2026-07-09T22:52:02
tau2_prep_check,telecom,telecom,none,[mms_issue]bad_network_preference|bad_wifi_calling|break_apn_mms_setting|break_app_sms_permission[PERSONA:None],telecom_0000,0,981,pending,0,tau2_prep_check_telecom_0000,C:\Users\86132\Desktop\SafeDesk\benchmarks\tau2-bench\data\simulations\tau2_prep_check_telecom_0000\results.json,,2026-07-09T22:52:02
tau2_prep_check,telecom,telecom,none,[mms_issue]bad_network_preference|bad_wifi_calling|break_apn_mms_setting|break_app_storage_permission[PERSONA:Easy],telecom_0000,0,982,pending,0,tau2_prep_check_telecom_0000,C:\Users\86132\Desktop\SafeDesk\benchmarks\tau2-bench\data\simulations\tau2_prep_check_telecom_0000\results.json,,2026-07-09T22:52:02
tau2_prep_check,telecom,telecom,none,[mms_issue]bad_network_preference|bad_wifi_calling|break_apn_mms_setting|break_app_both_permissions[PERSONA:Hard],telecom_0000,0,983,pending,0,tau2_prep_check_telecom_0000,C:\Users\86132\Desktop\SafeDesk\benchmarks\tau2-bench\data\simulations\tau2_prep_check_telecom_0000\results.json,,2026-07-09T22:52:02
tau2_prep_check,telecom,telecom,none,[mms_issue]airplane_mode_on|bad_network_preference|data_mode_off|data_usage_exceeded|unseat_sim_card[PERSONA:None],telecom_0000,0,984,pending,0,tau2_prep_check_telecom_0000,C:\Users\86132\Desktop\SafeDesk\benchmarks\tau2-bench\data\simulations\tau2_prep_check_telecom_0000\results.json,,2026-07-09T22:52:02
tau2_prep_check,telecom,telecom,none,[mms_issue]airplane_mode_on|bad_wifi_calling|data_mode_off|data_usage_exceeded|unseat_sim_card[PERSONA:Easy],telecom_0000,0,985,pending,0,tau2_prep_check_telecom_0000,C:\Users\86132\Desktop\SafeDesk\benchmarks\tau2-bench\data\simulations\tau2_prep_check_telecom_0000\results.json,,2026-07-09T22:52:02
tau2_prep_check,telecom,telecom,none,[mms_issue]airplane_mode_on|break_apn_mms_setting|data_mode_off|data_usage_exceeded|unseat_sim_card[PERSONA:Hard],telecom_0000,0,986,pending,0,tau2_prep_check_telecom_0000,C:\Users\86132\Desktop\SafeDesk\benchmarks\tau2-bench\data\simulations\tau2_prep_check_telecom_0000\results.json,,2026-07-09T22:52:02
tau2_prep_check,telecom,telecom,none,[mms_issue]airplane_mode_on|break_app_sms_permission|data_mode_off|data_usage_exceeded|unseat_sim_card[PERSONA:None],telecom_0000,0,987,pending,0,tau2_prep_check_telecom_0000,C:\Users\86132\Desktop\SafeDesk\benchmarks\tau2-bench\data\simulations\tau2_prep_check_telecom_0000\results.json,,2026-07-09T22:52:02
tau2_prep_check,telecom,telecom,none,[mms_issue]airplane_mode_on|break_app_storage_permission|data_mode_off|data_usage_exceeded|unseat_sim_card[PERSONA:Easy],telecom_0000,0,988,pending,0,tau2_prep_check_telecom_0000,C:\Users\86132\Desktop\SafeDesk\benchmarks\tau2-bench\data\simulations\tau2_prep_check_telecom_0000\results.json,,2026-07-09T22:52:02
tau2_prep_check,telecom,telecom,none,[mms_issue]airplane_mode_on|break_app_both_permissions|data_mode_off|data_usage_exceeded|unseat_sim_card[PERSONA:Hard],telecom_0000,0,989,pending,0,tau2_prep_check_telecom_0000,C:\Users\86132\Desktop\SafeDesk\benchmarks\tau2-bench\data\simulations\tau2_prep_check_telecom_0000\results.json,,2026-07-09T22:52:02
tau2_prep_check,telecom,telecom,none,[mms_issue]airplane_mode_on|bad_network_preference|data_mode_off|unseat_sim_card|user_abroad_roaming_enabled_off[PERSONA:None],telecom_0000,0,990,pending,0,tau2_prep_check_telecom_0000,C:\Users\86132\Desktop\SafeDesk\benchmarks\tau2-bench\data\simulations\tau2_prep_check_telecom_0000\results.json,,2026-07-09T22:52:02
tau2_prep_check,telecom,telecom,none,[mms_issue]airplane_mode_on|bad_wifi_calling|data_mode_off|unseat_sim_card|user_abroad_roaming_enabled_off[PERSONA:Easy],telecom_0000,0,991,pending,0,tau2_prep_check_telecom_0000,C:\Users\86132\Desktop\SafeDesk\benchmarks\tau2-bench\data\simulations\tau2_prep_check_telecom_0000\results.json,,2026-07-09T22:52:02
tau2_prep_check,telecom,telecom,none,[mms_issue]airplane_mode_on|break_apn_mms_setting|data_mode_off|unseat_sim_card|user_abroad_roaming_enabled_off[PERSONA:Hard],telecom_0000,0,992,pending,0,tau2_prep_check_telecom_0000,C:\Users\86132\Desktop\SafeDesk\benchmarks\tau2-bench\data\simulations\tau2_prep_check_telecom_0000\results.json,,2026-07-09T22:52:02
tau2_prep_check,telecom,telecom,none,[mms_issue]airplane_mode_on|break_app_sms_permission|data_mode_off|unseat_sim_card|user_abroad_roaming_enabled_off[PERSONA:None],telecom_0000,0,993,pending,0,tau2_prep_check_telecom_0000,C:\Users\86132\Desktop\SafeDesk\benchmarks\tau2-bench\data\simulations\tau2_prep_check_telecom_0000\results.json,,2026-07-09T22:52:02
tau2_prep_check,telecom,telecom,none,[mms_issue]airplane_mode_on|break_app_storage_permission|data_mode_off|unseat_sim_card|user_abroad_roaming_enabled_off[PERSONA:Easy],telecom_0000,0,994,pending,0,tau2_prep_check_telecom_0000,C:\Users\86132\Desktop\SafeDesk\benchmarks\tau2-bench\data\simulations\tau2_prep_check_telecom_0000\results.json,,2026-07-09T22:52:02
tau2_prep_check,telecom,telecom,none,[mms_issue]airplane_mode_on|break_app_both_permissions|data_mode_off|unseat_sim_card|user_abroad_roaming_enabled_off[PERSONA:Hard],telecom_0000,0,995,pending,0,tau2_prep_check_telecom_0000,C:\Users\86132\Desktop\SafeDesk\benchmarks\tau2-bench\data\simulations\tau2_prep_check_telecom_0000\results.json,,2026-07-09T22:52:02
tau2_prep_check,telecom,telecom,none,[mms_issue]airplane_mode_on|bad_network_preference|data_mode_off|unseat_sim_card|user_abroad_roaming_disabled_on[PERSONA:None],telecom_0000,0,996,pending,0,tau2_prep_check_telecom_0000,C:\Users\86132\Desktop\SafeDesk\benchmarks\tau2-bench\data\simulations\tau2_prep_check_telecom_0000\results.json,,2026-07-09T22:52:02
tau2_prep_check,telecom,telecom,none,[mms_issue]airplane_mode_on|bad_wifi_calling|data_mode_off|unseat_sim_card|user_abroad_roaming_disabled_on[PERSONA:Easy],telecom_0000,0,997,pending,0,tau2_prep_check_telecom_0000,C:\Users\86132\Desktop\SafeDesk\benchmarks\tau2-bench\data\simulations\tau2_prep_check_telecom_0000\results.json,,2026-07-09T22:52:02
tau2_prep_check,telecom,telecom,none,[mms_issue]airplane_mode_on|break_apn_mms_setting|data_mode_off|unseat_sim_card|user_abroad_roaming_disabled_on[PERSONA:Hard],telecom_0000,0,998,pending,0,tau2_prep_check_telecom_0000,C:\Users\86132\Desktop\SafeDesk\benchmarks\tau2-bench\data\simulations\tau2_prep_check_telecom_0000\results.json,,2026-07-09T22:52:02
tau2_prep_check,telecom,telecom,none,[mms_issue]airplane_mode_on|break_app_sms_permission|data_mode_off|unseat_sim_card|user_abroad_roaming_disabled_on[PERSONA:None],telecom_0000,0,999,pending,0,tau2_prep_check_telecom_0000,C:\Users\86132\Desktop\SafeDesk\benchmarks\tau2-bench\data\simulations\tau2_prep_check_telecom_0000\results.json,,2026-07-09T22:52:02
tau2_prep_check,telecom,telecom,none,[mms_issue]airplane_mode_on|break_app_storage_permission|data_mode_off|unseat_sim_card|user_abroad_roaming_disabled_on[PERSONA:Easy],telecom_0000,0,1000,pending,0,tau2_prep_check_telecom_0000,C:\Users\86132\Desktop\SafeDesk\benchmarks\tau2-bench\data\simulations\tau2_prep_check_telecom_0000\results.json,,2026-07-09T22:52:02
tau2_prep_check,telecom,telecom,none,[mms_issue]airplane_mode_on|break_app_both_permissions|data_mode_off|unseat_sim_card|user_abroad_roaming_disabled_on[PERSONA:Hard],telecom_0000,0,1001,pending,0,tau2_prep_check_telecom_0000,C:\Users\86132\Desktop\SafeDesk\benchmarks\tau2-bench\data\simulations\tau2_prep_check_telecom_0000\results.json,,2026-07-09T22:52:02
tau2_prep_check,telecom,telecom,none,[mms_issue]airplane_mode_on|bad_network_preference|data_mode_off|unseat_sim_card|user_abroad_roaming_disabled_off[PERSONA:None],telecom_0000,0,1002,pending,0,tau2_prep_check_telecom_0000,C:\Users\86132\Desktop\SafeDesk\benchmarks\tau2-bench\data\simulations\tau2_prep_check_telecom_0000\results.json,,2026-07-09T22:52:02
tau2_prep_check,telecom,telecom,none,[mms_issue]airplane_mode_on|bad_wifi_calling|data_mode_off|unseat_sim_card|user_abroad_roaming_disabled_off[PERSONA:Easy],telecom_0000,0,1003,pending,0,tau2_prep_check_telecom_0000,C:\Users\86132\Desktop\SafeDesk\benchmarks\tau2-bench\data\simulations\tau2_prep_check_telecom_0000\results.json,,2026-07-09T22:52:02
tau2_prep_check,telecom,telecom,none,[mms_issue]airplane_mode_on|break_apn_mms_setting|data_mode_off|unseat_sim_card|user_abroad_roaming_disabled_off[PERSONA:Hard],telecom_0000,0,1004,pending,0,tau2_prep_check_telecom_0000,C:\Users\86132\Desktop\SafeDesk\benchmarks\tau2-bench\data\simulations\tau2_prep_check_telecom_0000\results.json,,2026-07-09T22:52:02
tau2_prep_check,telecom,telecom,none,[mms_issue]airplane_mode_on|break_app_sms_permission|data_mode_off|unseat_sim_card|user_abroad_roaming_disabled_off[PERSONA:None],telecom_0000,0,1005,pending,0,tau2_prep_check_telecom_0000,C:\Users\86132\Desktop\SafeDesk\benchmarks\tau2-bench\data\simulations\tau2_prep_check_telecom_0000\results.json,,2026-07-09T22:52:02
tau2_prep_check,telecom,telecom,none,[mms_issue]airplane_mode_on|break_app_storage_permission|data_mode_off|unseat_sim_card|user_abroad_roaming_disabled_off[PERSONA:Easy],telecom_0000,0,1006,pending,0,tau2_prep_check_telecom_0000,C:\Users\86132\Desktop\SafeDesk\benchmarks\tau2-bench\data\simulations\tau2_prep_check_telecom_0000\results.json,,2026-07-09T22:52:02
tau2_prep_check,telecom,telecom,none,[mms_issue]airplane_mode_on|break_app_both_permissions|data_mode_off|unseat_sim_card|user_abroad_roaming_disabled_off[PERSONA:Hard],telecom_0000,0,1007,pending,0,tau2_prep_check_telecom_0000,C:\Users\86132\Desktop\SafeDesk\benchmarks\tau2-bench\data\simulations\tau2_prep_check_telecom_0000\results.json,,2026-07-09T22:52:02
tau2_prep_check,telecom,telecom,none,[mms_issue]airplane_mode_on|bad_network_preference|bad_wifi_calling|data_mode_off|unseat_sim_card[PERSONA:None],telecom_0000,0,1008,pending,0,tau2_prep_check_telecom_0000,C:\Users\86132\Desktop\SafeDesk\benchmarks\tau2-bench\data\simulations\tau2_prep_check_telecom_0000\results.json,,2026-07-09T22:52:02
tau2_prep_check,telecom,telecom,none,[mms_issue]airplane_mode_on|bad_network_preference|break_apn_mms_setting|data_mode_off|unseat_sim_card[PERSONA:Easy],telecom_0000,0,1009,pending,0,tau2_prep_check_telecom_0000,C:\Users\86132\Desktop\SafeDesk\benchmarks\tau2-bench\data\simulations\tau2_prep_check_telecom_0000\results.json,,2026-07-09T22:52:02
tau2_prep_check,telecom,telecom,none,[mms_issue]airplane_mode_on|bad_network_preference|break_app_sms_permission|data_mode_off|unseat_sim_card[PERSONA:Hard],telecom_0000,0,1010,pending,0,tau2_prep_check_telecom_0000,C:\Users\86132\Desktop\SafeDesk\benchmarks\tau2-bench\data\simulations\tau2_prep_check_telecom_0000\results.json,,2026-07-09T22:52:02
tau2_prep_check,telecom,telecom,none,[mms_issue]airplane_mode_on|bad_network_preference|break_app_storage_permission|data_mode_off|unseat_sim_card[PERSONA:None],telecom_0000,0,1011,pending,0,tau2_prep_check_telecom_0000,C:\Users\86132\Desktop\SafeDesk\benchmarks\tau2-bench\data\simulations\tau2_prep_check_telecom_0000\results.json,,2026-07-09T22:52:02
tau2_prep_check,telecom,telecom,none,[mms_issue]airplane_mode_on|bad_network_preference|break_app_both_permissions|data_mode_off|unseat_sim_card[PERSONA:Easy],telecom_0000,0,1012,pending,0,tau2_prep_check_telecom_0000,C:\Users\86132\Desktop\SafeDesk\benchmarks\tau2-bench\data\simulations\tau2_prep_check_telecom_0000\results.json,,2026-07-09T22:52:02
tau2_prep_check,telecom,telecom,none,[mms_issue]airplane_mode_on|bad_wifi_calling|break_apn_mms_setting|data_mode_off|unseat_sim_card[PERSONA:Hard],telecom_0000,0,1013,pending,0,tau2_prep_check_telecom_0000,C:\Users\86132\Desktop\SafeDesk\benchmarks\tau2-bench\data\simulations\tau2_prep_check_telecom_0000\results.json,,2026-07-09T22:52:02
tau2_prep_check,telecom,telecom,none,[mms_issue]airplane_mode_on|bad_wifi_calling|break_app_sms_permission|data_mode_off|unseat_sim_card[PERSONA:None],telecom_0000,0,1014,pending,0,tau2_prep_check_telecom_0000,C:\Users\86132\Desktop\SafeDesk\benchmarks\tau2-bench\data\simulations\tau2_prep_check_telecom_0000\results.json,,2026-07-09T22:52:02
tau2_prep_check,telecom,telecom,none,[mms_issue]airplane_mode_on|bad_wifi_calling|break_app_storage_permission|data_mode_off|unseat_sim_card[PERSONA:Easy],telecom_0000,0,1015,pending,0,tau2_prep_check_telecom_0000,C:\Users\86132\Desktop\SafeDesk\benchmarks\tau2-bench\data\simulations\tau2_prep_check_telecom_0000\results.json,,2026-07-09T22:52:02
tau2_prep_check,telecom,telecom,none,[mms_issue]airplane_mode_on|bad_wifi_calling|break_app_both_permissions|data_mode_off|unseat_sim_card[PERSONA:Hard],telecom_0000,0,1016,pending,0,tau2_prep_check_telecom_0000,C:\Users\86132\Desktop\SafeDesk\benchmarks\tau2-bench\data\simulations\tau2_prep_check_telecom_0000\results.json,,2026-07-09T22:52:02
tau2_prep_check,telecom,telecom,none,[mms_issue]airplane_mode_on|break_apn_mms_setting|break_app_sms_permission|data_mode_off|unseat_sim_card[PERSONA:None],telecom_0000,0,1017,pending,0,tau2_prep_check_telecom_0000,C:\Users\86132\Desktop\SafeDesk\benchmarks\tau2-bench\data\simulations\tau2_prep_check_telecom_0000\results.json,,2026-07-09T22:52:02
tau2_prep_check,telecom,telecom,none,[mms_issue]airplane_mode_on|break_apn_mms_setting|break_app_storage_permission|data_mode_off|unseat_sim_card[PERSONA:Easy],telecom_0000,0,1018,pending,0,tau2_prep_check_telecom_0000,C:\Users\86132\Desktop\SafeDesk\benchmarks\tau2-bench\data\simulations\tau2_prep_check_telecom_0000\results.json,,2026-07-09T22:52:02
tau2_prep_check,telecom,telecom,none,[mms_issue]airplane_mode_on|break_apn_mms_setting|break_app_both_permissions|data_mode_off|unseat_sim_card[PERSONA:Hard],telecom_0000,0,1019,pending,0,tau2_prep_check_telecom_0000,C:\Users\86132\Desktop\SafeDesk\benchmarks\tau2-bench\data\simulations\tau2_prep_check_telecom_0000\results.json,,2026-07-09T22:52:02
tau2_prep_check,telecom,telecom,none,[mms_issue]airplane_mode_on|bad_network_preference|data_usage_exceeded|unseat_sim_card|user_abroad_roaming_enabled_off[PERSONA:None],telecom_0000,0,1020,pending,0,tau2_prep_check_telecom_0000,C:\Users\86132\Desktop\SafeDesk\benchmarks\tau2-bench\data\simulations\tau2_prep_check_telecom_0000\results.json,,2026-07-09T22:52:02
tau2_prep_check,telecom,telecom,none,[mms_issue]airplane_mode_on|bad_wifi_calling|data_usage_exceeded|unseat_sim_card|user_abroad_roaming_enabled_off[PERSONA:Easy],telecom_0000,0,1021,pending,0,tau2_prep_check_telecom_0000,C:\Users\86132\Desktop\SafeDesk\benchmarks\tau2-bench\data\simulations\tau2_prep_check_telecom_0000\results.json,,2026-07-09T22:52:02
tau2_prep_check,telecom,telecom,none,[mms_issue]airplane_mode_on|break_apn_mms_setting|data_usage_exceeded|unseat_sim_card|user_abroad_roaming_enabled_off[PERSONA:Hard],telecom_0000,0,1022,pending,0,tau2_prep_check_telecom_0000,C:\Users\86132\Desktop\SafeDesk\benchmarks\tau2-bench\data\simulations\tau2_prep_check_telecom_0000\results.json,,2026-07-09T22:52:02
tau2_prep_check,telecom,telecom,none,[mms_issue]airplane_mode_on|break_app_sms_permission|data_usage_exceeded|unseat_sim_card|user_abroad_roaming_enabled_off[PERSONA:None],telecom_0000,0,1023,pending,0,tau2_prep_check_telecom_0000,C:\Users\86132\Desktop\SafeDesk\benchmarks\tau2-bench\data\simulations\tau2_prep_check_telecom_0000\results.json,,2026-07-09T22:52:02
tau2_prep_check,telecom,telecom,none,[mms_issue]airplane_mode_on|break_app_storage_permission|data_usage_exceeded|unseat_sim_card|user_abroad_roaming_enabled_off[PERSONA:Easy],telecom_0000,0,1024,pending,0,tau2_prep_check_telecom_0000,C:\Users\86132\Desktop\SafeDesk\benchmarks\tau2-bench\data\simulations\tau2_prep_check_telecom_0000\results.json,,2026-07-09T22:52:02
tau2_prep_check,telecom,telecom,none,[mms_issue]airplane_mode_on|break_app_both_permissions|data_usage_exceeded|unseat_sim_card|user_abroad_roaming_enabled_off[PERSONA:Hard],telecom_0000,0,1025,pending,0,tau2_prep_check_telecom_0000,C:\Users\86132\Desktop\SafeDesk\benchmarks\tau2-bench\data\simulations\tau2_prep_check_telecom_0000\results.json,,2026-07-09T22:52:02
tau2_prep_check,telecom,telecom,none,[mms_issue]airplane_mode_on|bad_network_preference|data_usage_exceeded|unseat_sim_card|user_abroad_roaming_disabled_on[PERSONA:None],telecom_0000,0,1026,pending,0,tau2_prep_check_telecom_0000,C:\Users\86132\Desktop\SafeDesk\benchmarks\tau2-bench\data\simulations\tau2_prep_check_telecom_0000\results.json,,2026-07-09T22:52:02
tau2_prep_check,telecom,telecom,none,[mms_issue]airplane_mode_on|bad_wifi_calling|data_usage_exceeded|unseat_sim_card|user_abroad_roaming_disabled_on[PERSONA:Easy],telecom_0000,0,1027,pending,0,tau2_prep_check_telecom_0000,C:\Users\86132\Desktop\SafeDesk\benchmarks\tau2-bench\data\simulations\tau2_prep_check_telecom_0000\results.json,,2026-07-09T22:52:02
tau2_prep_check,telecom,telecom,none,[mms_issue]airplane_mode_on|break_apn_mms_setting|data_usage_exceeded|unseat_sim_card|user_abroad_roaming_disabled_on[PERSONA:Hard],telecom_0000,0,1028,pending,0,tau2_prep_check_telecom_0000,C:\Users\86132\Desktop\SafeDesk\benchmarks\tau2-bench\data\simulations\tau2_prep_check_telecom_0000\results.json,,2026-07-09T22:52:02
tau2_prep_check,telecom,telecom,none,[mms_issue]airplane_mode_on|break_app_sms_permission|data_usage_exceeded|unseat_sim_card|user_abroad_roaming_disabled_on[PERSONA:None],telecom_0000,0,1029,pending,0,tau2_prep_check_telecom_0000,C:\Users\86132\Desktop\SafeDesk\benchmarks\tau2-bench\data\simulations\tau2_prep_check_telecom_0000\results.json,,2026-07-09T22:52:02
tau2_prep_check,telecom,telecom,none,[mms_issue]airplane_mode_on|break_app_storage_permission|data_usage_exceeded|unseat_sim_card|user_abroad_roaming_disabled_on[PERSONA:Easy],telecom_0000,0,1030,pending,0,tau2_prep_check_telecom_0000,C:\Users\86132\Desktop\SafeDesk\benchmarks\tau2-bench\data\simulations\tau2_prep_check_telecom_0000\results.json,,2026-07-09T22:52:02
tau2_prep_check,telecom,telecom,none,[mms_issue]airplane_mode_on|break_app_both_permissions|data_usage_exceeded|unseat_sim_card|user_abroad_roaming_disabled_on[PERSONA:Hard],telecom_0000,0,1031,pending,0,tau2_prep_check_telecom_0000,C:\Users\86132\Desktop\SafeDesk\benchmarks\tau2-bench\data\simulations\tau2_prep_check_telecom_0000\results.json,,2026-07-09T22:52:02
tau2_prep_check,telecom,telecom,none,[mms_issue]airplane_mode_on|bad_network_preference|data_usage_exceeded|unseat_sim_card|user_abroad_roaming_disabled_off[PERSONA:None],telecom_0000,0,1032,pending,0,tau2_prep_check_telecom_0000,C:\Users\86132\Desktop\SafeDesk\benchmarks\tau2-bench\data\simulations\tau2_prep_check_telecom_0000\results.json,,2026-07-09T22:52:02
tau2_prep_check,telecom,telecom,none,[mms_issue]airplane_mode_on|bad_wifi_calling|data_usage_exceeded|unseat_sim_card|user_abroad_roaming_disabled_off[PERSONA:Easy],telecom_0000,0,1033,pending,0,tau2_prep_check_telecom_0000,C:\Users\86132\Desktop\SafeDesk\benchmarks\tau2-bench\data\simulations\tau2_prep_check_telecom_0000\results.json,,2026-07-09T22:52:02
tau2_prep_check,telecom,telecom,none,[mms_issue]airplane_mode_on|break_apn_mms_setting|data_usage_exceeded|unseat_sim_card|user_abroad_roaming_disabled_off[PERSONA:Hard],telecom_0000,0,1034,pending,0,tau2_prep_check_telecom_0000,C:\Users\86132\Desktop\SafeDesk\benchmarks\tau2-bench\data\simulations\tau2_prep_check_telecom_0000\results.json,,2026-07-09T22:52:02
tau2_prep_check,telecom,telecom,none,[mms_issue]airplane_mode_on|break_app_sms_permission|data_usage_exceeded|unseat_sim_card|user_abroad_roaming_disabled_off[PERSONA:None],telecom_0000,0,1035,pending,0,tau2_prep_check_telecom_0000,C:\Users\86132\Desktop\SafeDesk\benchmarks\tau2-bench\data\simulations\tau2_prep_check_telecom_0000\results.json,,2026-07-09T22:52:02
tau2_prep_check,telecom,telecom,none,[mms_issue]airplane_mode_on|break_app_storage_permission|data_usage_exceeded|unseat_sim_card|user_abroad_roaming_disabled_off[PERSONA:Easy],telecom_0000,0,1036,pending,0,tau2_prep_check_telecom_0000,C:\Users\86132\Desktop\SafeDesk\benchmarks\tau2-bench\data\simulations\tau2_prep_check_telecom_0000\results.json,,2026-07-09T22:52:02
tau2_prep_check,telecom,telecom,none,[mms_issue]airplane_mode_on|break_app_both_permissions|data_usage_exceeded|unseat_sim_card|user_abroad_roaming_disabled_off[PERSONA:Hard],telecom_0000,0,1037,pending,0,tau2_prep_check_telecom_0000,C:\Users\86132\Desktop\SafeDesk\benchmarks\tau2-bench\data\simulations\tau2_prep_check_telecom_0000\results.json,,2026-07-09T22:52:02
tau2_prep_check,telecom,telecom,none,[mms_issue]airplane_mode_on|bad_network_preference|bad_wifi_calling|data_usage_exceeded|unseat_sim_card[PERSONA:None],telecom_0000,0,1038,pending,0,tau2_prep_check_telecom_0000,C:\Users\86132\Desktop\SafeDesk\benchmarks\tau2-bench\data\simulations\tau2_prep_check_telecom_0000\results.json,,2026-07-09T22:52:02
tau2_prep_check,telecom,telecom,none,[mms_issue]airplane_mode_on|bad_network_preference|break_apn_mms_setting|data_usage_exceeded|unseat_sim_card[PERSONA:Easy],telecom_0000,0,1039,pending,0,tau2_prep_check_telecom_0000,C:\Users\86132\Desktop\SafeDesk\benchmarks\tau2-bench\data\simulations\tau2_prep_check_telecom_0000\results.json,,2026-07-09T22:52:02
tau2_prep_check,telecom,telecom,none,[mms_issue]airplane_mode_on|bad_network_preference|break_app_sms_permission|data_usage_exceeded|unseat_sim_card[PERSONA:Hard],telecom_0000,0,1040,pending,0,tau2_prep_check_telecom_0000,C:\Users\86132\Desktop\SafeDesk\benchmarks\tau2-bench\data\simulations\tau2_prep_check_telecom_0000\results.json,,2026-07-09T22:52:02
tau2_prep_check,telecom,telecom,none,[mms_issue]airplane_mode_on|bad_network_preference|break_app_storage_permission|data_usage_exceeded|unseat_sim_card[PERSONA:None],telecom_0000,0,1041,pending,0,tau2_prep_check_telecom_0000,C:\Users\86132\Desktop\SafeDesk\benchmarks\tau2-bench\data\simulations\tau2_prep_check_telecom_0000\results.json,,2026-07-09T22:52:02
tau2_prep_check,telecom,telecom,none,[mms_issue]airplane_mode_on|bad_network_preference|break_app_both_permissions|data_usage_exceeded|unseat_sim_card[PERSONA:Easy],telecom_0000,0,1042,pending,0,tau2_prep_check_telecom_0000,C:\Users\86132\Desktop\SafeDesk\benchmarks\tau2-bench\data\simulations\tau2_prep_check_telecom_0000\results.json,,2026-07-09T22:52:02
tau2_prep_check,telecom,telecom,none,[mms_issue]airplane_mode_on|bad_wifi_calling|break_apn_mms_setting|data_usage_exceeded|unseat_sim_card[PERSONA:Hard],telecom_0000,0,1043,pending,0,tau2_prep_check_telecom_0000,C:\Users\86132\Desktop\SafeDesk\benchmarks\tau2-bench\data\simulations\tau2_prep_check_telecom_0000\results.json,,2026-07-09T22:52:02
tau2_prep_check,telecom,telecom,none,[mms_issue]airplane_mode_on|bad_wifi_calling|break_app_sms_permission|data_usage_exceeded|unseat_sim_card[PERSONA:None],telecom_0000,0,1044,pending,0,tau2_prep_check_telecom_0000,C:\Users\86132\Desktop\SafeDesk\benchmarks\tau2-bench\data\simulations\tau2_prep_check_telecom_0000\results.json,,2026-07-09T22:52:02
tau2_prep_check,telecom,telecom,none,[mms_issue]airplane_mode_on|bad_wifi_calling|break_app_storage_permission|data_usage_exceeded|unseat_sim_card[PERSONA:Easy],telecom_0000,0,1045,pending,0,tau2_prep_check_telecom_0000,C:\Users\86132\Desktop\SafeDesk\benchmarks\tau2-bench\data\simulations\tau2_prep_check_telecom_0000\results.json,,2026-07-09T22:52:02
tau2_prep_check,telecom,telecom,none,[mms_issue]airplane_mode_on|bad_wifi_calling|break_app_both_permissions|data_usage_exceeded|unseat_sim_card[PERSONA:Hard],telecom_0000,0,1046,pending,0,tau2_prep_check_telecom_0000,C:\Users\86132\Desktop\SafeDesk\benchmarks\tau2-bench\data\simulations\tau2_prep_check_telecom_0000\results.json,,2026-07-09T22:52:02
tau2_prep_check,telecom,telecom,none,[mms_issue]airplane_mode_on|break_apn_mms_setting|break_app_sms_permission|data_usage_exceeded|unseat_sim_card[PERSONA:None],telecom_0000,0,1047,pending,0,tau2_prep_check_telecom_0000,C:\Users\86132\Desktop\SafeDesk\benchmarks\tau2-bench\data\simulations\tau2_prep_check_telecom_0000\results.json,,2026-07-09T22:52:02
tau2_prep_check,telecom,telecom,none,[mms_issue]airplane_mode_on|break_apn_mms_setting|break_app_storage_permission|data_usage_exceeded|unseat_sim_card[PERSONA:Easy],telecom_0000,0,1048,pending,0,tau2_prep_check_telecom_0000,C:\Users\86132\Desktop\SafeDesk\benchmarks\tau2-bench\data\simulations\tau2_prep_check_telecom_0000\results.json,,2026-07-09T22:52:02
tau2_prep_check,telecom,telecom,none,[mms_issue]airplane_mode_on|break_apn_mms_setting|break_app_both_permissions|data_usage_exceeded|unseat_sim_card[PERSONA:Hard],telecom_0000,0,1049,pending,0,tau2_prep_check_telecom_0000,C:\Users\86132\Desktop\SafeDesk\benchmarks\tau2-bench\data\simulations\tau2_prep_check_telecom_0000\results.json,,2026-07-09T22:52:02
tau2_prep_check,telecom,telecom,none,[mms_issue]airplane_mode_on|bad_network_preference|bad_wifi_calling|unseat_sim_card|user_abroad_roaming_enabled_off[PERSONA:None],telecom_0000,0,1050,pending,0,tau2_prep_check_telecom_0000,C:\Users\86132\Desktop\SafeDesk\benchmarks\tau2-bench\data\simulations\tau2_prep_check_telecom_0000\results.json,,2026-07-09T22:52:02
tau2_prep_check,telecom,telecom,none,[mms_issue]airplane_mode_on|bad_network_preference|break_apn_mms_setting|unseat_sim_card|user_abroad_roaming_enabled_off[PERSONA:Easy],telecom_0000,0,1051,pending,0,tau2_prep_check_telecom_0000,C:\Users\86132\Desktop\SafeDesk\benchmarks\tau2-bench\data\simulations\tau2_prep_check_telecom_0000\results.json,,2026-07-09T22:52:02
tau2_prep_check,telecom,telecom,none,[mms_issue]airplane_mode_on|bad_network_preference|break_app_sms_permission|unseat_sim_card|user_abroad_roaming_enabled_off[PERSONA:Hard],telecom_0000,0,1052,pending,0,tau2_prep_check_telecom_0000,C:\Users\86132\Desktop\SafeDesk\benchmarks\tau2-bench\data\simulations\tau2_prep_check_telecom_0000\results.json,,2026-07-09T22:52:02
tau2_prep_check,telecom,telecom,none,[mms_issue]airplane_mode_on|bad_network_preference|break_app_storage_permission|unseat_sim_card|user_abroad_roaming_enabled_off[PERSONA:None],telecom_0000,0,1053,pending,0,tau2_prep_check_telecom_0000,C:\Users\86132\Desktop\SafeDesk\benchmarks\tau2-bench\data\simulations\tau2_prep_check_telecom_0000\results.json,,2026-07-09T22:52:02
tau2_prep_check,telecom,telecom,none,[mms_issue]airplane_mode_on|bad_network_preference|break_app_both_permissions|unseat_sim_card|user_abroad_roaming_enabled_off[PERSONA:Easy],telecom_0000,0,1054,pending,0,tau2_prep_check_telecom_0000,C:\Users\86132\Desktop\SafeDesk\benchmarks\tau2-bench\data\simulations\tau2_prep_check_telecom_0000\results.json,,2026-07-09T22:52:02
tau2_prep_check,telecom,telecom,none,[mms_issue]airplane_mode_on|bad_wifi_calling|break_apn_mms_setting|unseat_sim_card|user_abroad_roaming_enabled_off[PERSONA:Hard],telecom_0000,0,1055,pending,0,tau2_prep_check_telecom_0000,C:\Users\86132\Desktop\SafeDesk\benchmarks\tau2-bench\data\simulations\tau2_prep_check_telecom_0000\results.json,,2026-07-09T22:52:02
tau2_prep_check,telecom,telecom,none,[mms_issue]airplane_mode_on|bad_wifi_calling|break_app_sms_permission|unseat_sim_card|user_abroad_roaming_enabled_off[PERSONA:None],telecom_0000,0,1056,pending,0,tau2_prep_check_telecom_0000,C:\Users\86132\Desktop\SafeDesk\benchmarks\tau2-bench\data\simulations\tau2_prep_check_telecom_0000\results.json,,2026-07-09T22:52:02
tau2_prep_check,telecom,telecom,none,[mms_issue]airplane_mode_on|bad_wifi_calling|break_app_storage_permission|unseat_sim_card|user_abroad_roaming_enabled_off[PERSONA:Easy],telecom_0000,0,1057,pending,0,tau2_prep_check_telecom_0000,C:\Users\86132\Desktop\SafeDesk\benchmarks\tau2-bench\data\simulations\tau2_prep_check_telecom_0000\results.json,,2026-07-09T22:52:02
tau2_prep_check,telecom,telecom,none,[mms_issue]airplane_mode_on|bad_wifi_calling|break_app_both_permissions|unseat_sim_card|user_abroad_roaming_enabled_off[PERSONA:Hard],telecom_0000,0,1058,pending,0,tau2_prep_check_telecom_0000,C:\Users\86132\Desktop\SafeDesk\benchmarks\tau2-bench\data\simulations\tau2_prep_check_telecom_0000\results.json,,2026-07-09T22:52:02
tau2_prep_check,telecom,telecom,none,[mms_issue]airplane_mode_on|break_apn_mms_setting|break_app_sms_permission|unseat_sim_card|user_abroad_roaming_enabled_off[PERSONA:None],telecom_0000,0,1059,pending,0,tau2_prep_check_telecom_0000,C:\Users\86132\Desktop\SafeDesk\benchmarks\tau2-bench\data\simulations\tau2_prep_check_telecom_0000\results.json,,2026-07-09T22:52:02
tau2_prep_check,telecom,telecom,none,[mms_issue]airplane_mode_on|break_apn_mms_setting|break_app_storage_permission|unseat_sim_card|user_abroad_roaming_enabled_off[PERSONA:Easy],telecom_0000,0,1060,pending,0,tau2_prep_check_telecom_0000,C:\Users\86132\Desktop\SafeDesk\benchmarks\tau2-bench\data\simulations\tau2_prep_check_telecom_0000\results.json,,2026-07-09T22:52:02
tau2_prep_check,telecom,telecom,none,[mms_issue]airplane_mode_on|break_apn_mms_setting|break_app_both_permissions|unseat_sim_card|user_abroad_roaming_enabled_off[PERSONA:Hard],telecom_0000,0,1061,pending,0,tau2_prep_check_telecom_0000,C:\Users\86132\Desktop\SafeDesk\benchmarks\tau2-bench\data\simulations\tau2_prep_check_telecom_0000\results.json,,2026-07-09T22:52:02
tau2_prep_check,telecom,telecom,none,[mms_issue]airplane_mode_on|bad_network_preference|bad_wifi_calling|unseat_sim_card|user_abroad_roaming_disabled_on[PERSONA:None],telecom_0000,0,1062,pending,0,tau2_prep_check_telecom_0000,C:\Users\86132\Desktop\SafeDesk\benchmarks\tau2-bench\data\simulations\tau2_prep_check_telecom_0000\results.json,,2026-07-09T22:52:02
tau2_prep_check,telecom,telecom,none,[mms_issue]airplane_mode_on|bad_network_preference|break_apn_mms_setting|unseat_sim_card|user_abroad_roaming_disabled_on[PERSONA:Easy],telecom_0000,0,1063,pending,0,tau2_prep_check_telecom_0000,C:\Users\86132\Desktop\SafeDesk\benchmarks\tau2-bench\data\simulations\tau2_prep_check_telecom_0000\results.json,,2026-07-09T22:52:02
tau2_prep_check,telecom,telecom,none,[mms_issue]airplane_mode_on|bad_network_preference|break_app_sms_permission|unseat_sim_card|user_abroad_roaming_disabled_on[PERSONA:Hard],telecom_0000,0,1064,pending,0,tau2_prep_check_telecom_0000,C:\Users\86132\Desktop\SafeDesk\benchmarks\tau2-bench\data\simulations\tau2_prep_check_telecom_0000\results.json,,2026-07-09T22:52:02
tau2_prep_check,telecom,telecom,none,[mms_issue]airplane_mode_on|bad_network_preference|break_app_storage_permission|unseat_sim_card|user_abroad_roaming_disabled_on[PERSONA:None],telecom_0000,0,1065,pending,0,tau2_prep_check_telecom_0000,C:\Users\86132\Desktop\SafeDesk\benchmarks\tau2-bench\data\simulations\tau2_prep_check_telecom_0000\results.json,,2026-07-09T22:52:02
tau2_prep_check,telecom,telecom,none,[mms_issue]airplane_mode_on|bad_network_preference|break_app_both_permissions|unseat_sim_card|user_abroad_roaming_disabled_on[PERSONA:Easy],telecom_0000,0,1066,pending,0,tau2_prep_check_telecom_0000,C:\Users\86132\Desktop\SafeDesk\benchmarks\tau2-bench\data\simulations\tau2_prep_check_telecom_0000\results.json,,2026-07-09T22:52:02
tau2_prep_check,telecom,telecom,none,[mms_issue]airplane_mode_on|bad_wifi_calling|break_apn_mms_setting|unseat_sim_card|user_abroad_roaming_disabled_on[PERSONA:Hard],telecom_0000,0,1067,pending,0,tau2_prep_check_telecom_0000,C:\Users\86132\Desktop\SafeDesk\benchmarks\tau2-bench\data\simulations\tau2_prep_check_telecom_0000\results.json,,2026-07-09T22:52:02
tau2_prep_check,telecom,telecom,none,[mms_issue]airplane_mode_on|bad_wifi_calling|break_app_sms_permission|unseat_sim_card|user_abroad_roaming_disabled_on[PERSONA:None],telecom_0000,0,1068,pending,0,tau2_prep_check_telecom_0000,C:\Users\86132\Desktop\SafeDesk\benchmarks\tau2-bench\data\simulations\tau2_prep_check_telecom_0000\results.json,,2026-07-09T22:52:02
tau2_prep_check,telecom,telecom,none,[mms_issue]airplane_mode_on|bad_wifi_calling|break_app_storage_permission|unseat_sim_card|user_abroad_roaming_disabled_on[PERSONA:Easy],telecom_0000,0,1069,pending,0,tau2_prep_check_telecom_0000,C:\Users\86132\Desktop\SafeDesk\benchmarks\tau2-bench\data\simulations\tau2_prep_check_telecom_0000\results.json,,2026-07-09T22:52:02
tau2_prep_check,telecom,telecom,none,[mms_issue]airplane_mode_on|bad_wifi_calling|break_app_both_permissions|unseat_sim_card|user_abroad_roaming_disabled_on[PERSONA:Hard],telecom_0000,0,1070,pending,0,tau2_prep_check_telecom_0000,C:\Users\86132\Desktop\SafeDesk\benchmarks\tau2-bench\data\simulations\tau2_prep_check_telecom_0000\results.json,,2026-07-09T22:52:02
tau2_prep_check,telecom,telecom,none,[mms_issue]airplane_mode_on|break_apn_mms_setting|break_app_sms_permission|unseat_sim_card|user_abroad_roaming_disabled_on[PERSONA:None],telecom_0000,0,1071,pending,0,tau2_prep_check_telecom_0000,C:\Users\86132\Desktop\SafeDesk\benchmarks\tau2-bench\data\simulations\tau2_prep_check_telecom_0000\results.json,,2026-07-09T22:52:02
tau2_prep_check,telecom,telecom,none,[mms_issue]airplane_mode_on|break_apn_mms_setting|break_app_storage_permission|unseat_sim_card|user_abroad_roaming_disabled_on[PERSONA:Easy],telecom_0000,0,1072,pending,0,tau2_prep_check_telecom_0000,C:\Users\86132\Desktop\SafeDesk\benchmarks\tau2-bench\data\simulations\tau2_prep_check_telecom_0000\results.json,,2026-07-09T22:52:02
tau2_prep_check,telecom,telecom,none,[mms_issue]airplane_mode_on|break_apn_mms_setting|break_app_both_permissions|unseat_sim_card|user_abroad_roaming_disabled_on[PERSONA:Hard],telecom_0000,0,1073,pending,0,tau2_prep_check_telecom_0000,C:\Users\86132\Desktop\SafeDesk\benchmarks\tau2-bench\data\simulations\tau2_prep_check_telecom_0000\results.json,,2026-07-09T22:52:02
tau2_prep_check,telecom,telecom,none,[mms_issue]airplane_mode_on|bad_network_preference|bad_wifi_calling|unseat_sim_card|user_abroad_roaming_disabled_off[PERSONA:None],telecom_0000,0,1074,pending,0,tau2_prep_check_telecom_0000,C:\Users\86132\Desktop\SafeDesk\benchmarks\tau2-bench\data\simulations\tau2_prep_check_telecom_0000\results.json,,2026-07-09T22:52:02
tau2_prep_check,telecom,telecom,none,[mms_issue]airplane_mode_on|bad_network_preference|break_apn_mms_setting|unseat_sim_card|user_abroad_roaming_disabled_off[PERSONA:Easy],telecom_0000,0,1075,pending,0,tau2_prep_check_telecom_0000,C:\Users\86132\Desktop\SafeDesk\benchmarks\tau2-bench\data\simulations\tau2_prep_check_telecom_0000\results.json,,2026-07-09T22:52:02
tau2_prep_check,telecom,telecom,none,[mms_issue]airplane_mode_on|bad_network_preference|break_app_sms_permission|unseat_sim_card|user_abroad_roaming_disabled_off[PERSONA:Hard],telecom_0000,0,1076,pending,0,tau2_prep_check_telecom_0000,C:\Users\86132\Desktop\SafeDesk\benchmarks\tau2-bench\data\simulations\tau2_prep_check_telecom_0000\results.json,,2026-07-09T22:52:02
tau2_prep_check,telecom,telecom,none,[mms_issue]airplane_mode_on|bad_network_preference|break_app_storage_permission|unseat_sim_card|user_abroad_roaming_disabled_off[PERSONA:None],telecom_0000,0,1077,pending,0,tau2_prep_check_telecom_0000,C:\Users\86132\Desktop\SafeDesk\benchmarks\tau2-bench\data\simulations\tau2_prep_check_telecom_0000\results.json,,2026-07-09T22:52:02
tau2_prep_check,telecom,telecom,none,[mms_issue]airplane_mode_on|bad_network_preference|break_app_both_permissions|unseat_sim_card|user_abroad_roaming_disabled_off[PERSONA:Easy],telecom_0000,0,1078,pending,0,tau2_prep_check_telecom_0000,C:\Users\86132\Desktop\SafeDesk\benchmarks\tau2-bench\data\simulations\tau2_prep_check_telecom_0000\results.json,,2026-07-09T22:52:02
tau2_prep_check,telecom,telecom,none,[mms_issue]airplane_mode_on|bad_wifi_calling|break_apn_mms_setting|unseat_sim_card|user_abroad_roaming_disabled_off[PERSONA:Hard],telecom_0000,0,1079,pending,0,tau2_prep_check_telecom_0000,C:\Users\86132\Desktop\SafeDesk\benchmarks\tau2-bench\data\simulations\tau2_prep_check_telecom_0000\results.json,,2026-07-09T22:52:02
tau2_prep_check,telecom,telecom,none,[mms_issue]airplane_mode_on|bad_wifi_calling|break_app_sms_permission|unseat_sim_card|user_abroad_roaming_disabled_off[PERSONA:None],telecom_0000,0,1080,pending,0,tau2_prep_check_telecom_0000,C:\Users\86132\Desktop\SafeDesk\benchmarks\tau2-bench\data\simulations\tau2_prep_check_telecom_0000\results.json,,2026-07-09T22:52:02
tau2_prep_check,telecom,telecom,none,[mms_issue]airplane_mode_on|bad_wifi_calling|break_app_storage_permission|unseat_sim_card|user_abroad_roaming_disabled_off[PERSONA:Easy],telecom_0000,0,1081,pending,0,tau2_prep_check_telecom_0000,C:\Users\86132\Desktop\SafeDesk\benchmarks\tau2-bench\data\simulations\tau2_prep_check_telecom_0000\results.json,,2026-07-09T22:52:02
tau2_prep_check,telecom,telecom,none,[mms_issue]airplane_mode_on|bad_wifi_calling|break_app_both_permissions|unseat_sim_card|user_abroad_roaming_disabled_off[PERSONA:Hard],telecom_0000,0,1082,pending,0,tau2_prep_check_telecom_0000,C:\Users\86132\Desktop\SafeDesk\benchmarks\tau2-bench\data\simulations\tau2_prep_check_telecom_0000\results.json,,2026-07-09T22:52:02
tau2_prep_check,telecom,telecom,none,[mms_issue]airplane_mode_on|break_apn_mms_setting|break_app_sms_permission|unseat_sim_card|user_abroad_roaming_disabled_off[PERSONA:None],telecom_0000,0,1083,pending,0,tau2_prep_check_telecom_0000,C:\Users\86132\Desktop\SafeDesk\benchmarks\tau2-bench\data\simulations\tau2_prep_check_telecom_0000\results.json,,2026-07-09T22:52:02
tau2_prep_check,telecom,telecom,none,[mms_issue]airplane_mode_on|break_apn_mms_setting|break_app_storage_permission|unseat_sim_card|user_abroad_roaming_disabled_off[PERSONA:Easy],telecom_0000,0,1084,pending,0,tau2_prep_check_telecom_0000,C:\Users\86132\Desktop\SafeDesk\benchmarks\tau2-bench\data\simulations\tau2_prep_check_telecom_0000\results.json,,2026-07-09T22:52:02
tau2_prep_check,telecom,telecom,none,[mms_issue]airplane_mode_on|break_apn_mms_setting|break_app_both_permissions|unseat_sim_card|user_abroad_roaming_disabled_off[PERSONA:Hard],telecom_0000,0,1085,pending,0,tau2_prep_check_telecom_0000,C:\Users\86132\Desktop\SafeDesk\benchmarks\tau2-bench\data\simulations\tau2_prep_check_telecom_0000\results.json,,2026-07-09T22:52:02
tau2_prep_check,telecom,telecom,none,[mms_issue]airplane_mode_on|bad_network_preference|bad_wifi_calling|break_apn_mms_setting|unseat_sim_card[PERSONA:None],telecom_0000,0,1086,pending,0,tau2_prep_check_telecom_0000,C:\Users\86132\Desktop\SafeDesk\benchmarks\tau2-bench\data\simulations\tau2_prep_check_telecom_0000\results.json,,2026-07-09T22:52:02
tau2_prep_check,telecom,telecom,none,[mms_issue]airplane_mode_on|bad_network_preference|bad_wifi_calling|break_app_sms_permission|unseat_sim_card[PERSONA:Easy],telecom_0000,0,1087,pending,0,tau2_prep_check_telecom_0000,C:\Users\86132\Desktop\SafeDesk\benchmarks\tau2-bench\data\simulations\tau2_prep_check_telecom_0000\results.json,,2026-07-09T22:52:02
tau2_prep_check,telecom,telecom,none,[mms_issue]airplane_mode_on|bad_network_preference|bad_wifi_calling|break_app_storage_permission|unseat_sim_card[PERSONA:Hard],telecom_0000,0,1088,pending,0,tau2_prep_check_telecom_0000,C:\Users\86132\Desktop\SafeDesk\benchmarks\tau2-bench\data\simulations\tau2_prep_check_telecom_0000\results.json,,2026-07-09T22:52:02
tau2_prep_check,telecom,telecom,none,[mms_issue]airplane_mode_on|bad_network_preference|bad_wifi_calling|break_app_both_permissions|unseat_sim_card[PERSONA:None],telecom_0000,0,1089,pending,0,tau2_prep_check_telecom_0000,C:\Users\86132\Desktop\SafeDesk\benchmarks\tau2-bench\data\simulations\tau2_prep_check_telecom_0000\results.json,,2026-07-09T22:52:02
tau2_prep_check,telecom,telecom,none,[mms_issue]airplane_mode_on|bad_network_preference|break_apn_mms_setting|break_app_sms_permission|unseat_sim_card[PERSONA:Easy],telecom_0000,0,1090,pending,0,tau2_prep_check_telecom_0000,C:\Users\86132\Desktop\SafeDesk\benchmarks\tau2-bench\data\simulations\tau2_prep_check_telecom_0000\results.json,,2026-07-09T22:52:02
tau2_prep_check,telecom,telecom,none,[mms_issue]airplane_mode_on|bad_network_preference|break_apn_mms_setting|break_app_storage_permission|unseat_sim_card[PERSONA:Hard],telecom_0000,0,1091,pending,0,tau2_prep_check_telecom_0000,C:\Users\86132\Desktop\SafeDesk\benchmarks\tau2-bench\data\simulations\tau2_prep_check_telecom_0000\results.json,,2026-07-09T22:52:02
tau2_prep_check,telecom,telecom,none,[mms_issue]airplane_mode_on|bad_network_preference|break_apn_mms_setting|break_app_both_permissions|unseat_sim_card[PERSONA:None],telecom_0000,0,1092,pending,0,tau2_prep_check_telecom_0000,C:\Users\86132\Desktop\SafeDesk\benchmarks\tau2-bench\data\simulations\tau2_prep_check_telecom_0000\results.json,,2026-07-09T22:52:02
tau2_prep_check,telecom,telecom,none,[mms_issue]airplane_mode_on|bad_wifi_calling|break_apn_mms_setting|break_app_sms_permission|unseat_sim_card[PERSONA:Easy],telecom_0000,0,1093,pending,0,tau2_prep_check_telecom_0000,C:\Users\86132\Desktop\SafeDesk\benchmarks\tau2-bench\data\simulations\tau2_prep_check_telecom_0000\results.json,,2026-07-09T22:52:02
tau2_prep_check,telecom,telecom,none,[mms_issue]airplane_mode_on|bad_wifi_calling|break_apn_mms_setting|break_app_storage_permission|unseat_sim_card[PERSONA:Hard],telecom_0000,0,1094,pending,0,tau2_prep_check_telecom_0000,C:\Users\86132\Desktop\SafeDesk\benchmarks\tau2-bench\data\simulations\tau2_prep_check_telecom_0000\results.json,,2026-07-09T22:52:02
tau2_prep_check,telecom,telecom,none,[mms_issue]airplane_mode_on|bad_wifi_calling|break_apn_mms_setting|break_app_both_permissions|unseat_sim_card[PERSONA:None],telecom_0000,0,1095,pending,0,tau2_prep_check_telecom_0000,C:\Users\86132\Desktop\SafeDesk\benchmarks\tau2-bench\data\simulations\tau2_prep_check_telecom_0000\results.json,,2026-07-09T22:52:02
tau2_prep_check,telecom,telecom,none,[mms_issue]airplane_mode_on|bad_network_preference|data_mode_off|data_usage_exceeded|user_abroad_roaming_enabled_off[PERSONA:Easy],telecom_0000,0,1096,pending,0,tau2_prep_check_telecom_0000,C:\Users\86132\Desktop\SafeDesk\benchmarks\tau2-bench\data\simulations\tau2_prep_check_telecom_0000\results.json,,2026-07-09T22:52:02
tau2_prep_check,telecom,telecom,none,[mms_issue]airplane_mode_on|bad_wifi_calling|data_mode_off|data_usage_exceeded|user_abroad_roaming_enabled_off[PERSONA:Hard],telecom_0000,0,1097,pending,0,tau2_prep_check_telecom_0000,C:\Users\86132\Desktop\SafeDesk\benchmarks\tau2-bench\data\simulations\tau2_prep_check_telecom_0000\results.json,,2026-07-09T22:52:02
tau2_prep_check,telecom,telecom,none,[mms_issue]airplane_mode_on|break_apn_mms_setting|data_mode_off|data_usage_exceeded|user_abroad_roaming_enabled_off[PERSONA:None],telecom_0000,0,1098,pending,0,tau2_prep_check_telecom_0000,C:\Users\86132\Desktop\SafeDesk\benchmarks\tau2-bench\data\simulations\tau2_prep_check_telecom_0000\results.json,,2026-07-09T22:52:02
tau2_prep_check,telecom,telecom,none,[mms_issue]airplane_mode_on|break_app_sms_permission|data_mode_off|data_usage_exceeded|user_abroad_roaming_enabled_off[PERSONA:Easy],telecom_0000,0,1099,pending,0,tau2_prep_check_telecom_0000,C:\Users\86132\Desktop\SafeDesk\benchmarks\tau2-bench\data\simulations\tau2_prep_check_telecom_0000\results.json,,2026-07-09T22:52:02
tau2_prep_check,telecom,telecom,none,[mms_issue]airplane_mode_on|break_app_storage_permission|data_mode_off|data_usage_exceeded|user_abroad_roaming_enabled_off[PERSONA:Hard],telecom_0000,0,1100,pending,0,tau2_prep_check_telecom_0000,C:\Users\86132\Desktop\SafeDesk\benchmarks\tau2-bench\data\simulations\tau2_prep_check_telecom_0000\results.json,,2026-07-09T22:52:02
tau2_prep_check,telecom,telecom,none,[mms_issue]airplane_mode_on|break_app_both_permissions|data_mode_off|data_usage_exceeded|user_abroad_roaming_enabled_off[PERSONA:None],telecom_0000,0,1101,pending,0,tau2_prep_check_telecom_0000,C:\Users\86132\Desktop\SafeDesk\benchmarks\tau2-bench\data\simulations\tau2_prep_check_telecom_0000\results.json,,2026-07-09T22:52:02
tau2_prep_check,telecom,telecom,none,[mms_issue]airplane_mode_on|bad_network_preference|data_mode_off|data_usage_exceeded|user_abroad_roaming_disabled_on[PERSONA:Easy],telecom_0000,0,1102,pending,0,tau2_prep_check_telecom_0000,C:\Users\86132\Desktop\SafeDesk\benchmarks\tau2-bench\data\simulations\tau2_prep_check_telecom_0000\results.json,,2026-07-09T22:52:02
tau2_prep_check,telecom,telecom,none,[mms_issue]airplane_mode_on|bad_wifi_calling|data_mode_off|data_usage_exceeded|user_abroad_roaming_disabled_on[PERSONA:Hard],telecom_0000,0,1103,pending,0,tau2_prep_check_telecom_0000,C:\Users\86132\Desktop\SafeDesk\benchmarks\tau2-bench\data\simulations\tau2_prep_check_telecom_0000\results.json,,2026-07-09T22:52:02
tau2_prep_check,telecom,telecom,none,[mms_issue]airplane_mode_on|break_apn_mms_setting|data_mode_off|data_usage_exceeded|user_abroad_roaming_disabled_on[PERSONA:None],telecom_0000,0,1104,pending,0,tau2_prep_check_telecom_0000,C:\Users\86132\Desktop\SafeDesk\benchmarks\tau2-bench\data\simulations\tau2_prep_check_telecom_0000\results.json,,2026-07-09T22:52:02
tau2_prep_check,telecom,telecom,none,[mms_issue]airplane_mode_on|break_app_sms_permission|data_mode_off|data_usage_exceeded|user_abroad_roaming_disabled_on[PERSONA:Easy],telecom_0000,0,1105,pending,0,tau2_prep_check_telecom_0000,C:\Users\86132\Desktop\SafeDesk\benchmarks\tau2-bench\data\simulations\tau2_prep_check_telecom_0000\results.json,,2026-07-09T22:52:02
tau2_prep_check,telecom,telecom,none,[mms_issue]airplane_mode_on|break_app_storage_permission|data_mode_off|data_usage_exceeded|user_abroad_roaming_disabled_on[PERSONA:Hard],telecom_0000,0,1106,pending,0,tau2_prep_check_telecom_0000,C:\Users\86132\Desktop\SafeDesk\benchmarks\tau2-bench\data\simulations\tau2_prep_check_telecom_0000\results.json,,2026-07-09T22:52:02
tau2_prep_check,telecom,telecom,none,[mms_issue]airplane_mode_on|break_app_both_permissions|data_mode_off|data_usage_exceeded|user_abroad_roaming_disabled_on[PERSONA:None],telecom_0000,0,1107,pending,0,tau2_prep_check_telecom_0000,C:\Users\86132\Desktop\SafeDesk\benchmarks\tau2-bench\data\simulations\tau2_prep_check_telecom_0000\results.json,,2026-07-09T22:52:02
tau2_prep_check,telecom,telecom,none,[mms_issue]airplane_mode_on|bad_network_preference|data_mode_off|data_usage_exceeded|user_abroad_roaming_disabled_off[PERSONA:Easy],telecom_0000,0,1108,pending,0,tau2_prep_check_telecom_0000,C:\Users\86132\Desktop\SafeDesk\benchmarks\tau2-bench\data\simulations\tau2_prep_check_telecom_0000\results.json,,2026-07-09T22:52:02
tau2_prep_check,telecom,telecom,none,[mms_issue]airplane_mode_on|bad_wifi_calling|data_mode_off|data_usage_exceeded|user_abroad_roaming_disabled_off[PERSONA:Hard],telecom_0000,0,1109,pending,0,tau2_prep_check_telecom_0000,C:\Users\86132\Desktop\SafeDesk\benchmarks\tau2-bench\data\simulations\tau2_prep_check_telecom_0000\results.json,,2026-07-09T22:52:02
tau2_prep_check,telecom,telecom,none,[mms_issue]airplane_mode_on|break_apn_mms_setting|data_mode_off|data_usage_exceeded|user_abroad_roaming_disabled_off[PERSONA:None],telecom_0000,0,1110,pending,0,tau2_prep_check_telecom_0000,C:\Users\86132\Desktop\SafeDesk\benchmarks\tau2-bench\data\simulations\tau2_prep_check_telecom_0000\results.json,,2026-07-09T22:52:02
tau2_prep_check,telecom,telecom,none,[mms_issue]airplane_mode_on|break_app_sms_permission|data_mode_off|data_usage_exceeded|user_abroad_roaming_disabled_off[PERSONA:Easy],telecom_0000,0,1111,pending,0,tau2_prep_check_telecom_0000,C:\Users\86132\Desktop\SafeDesk\benchmarks\tau2-bench\data\simulations\tau2_prep_check_telecom_0000\results.json,,2026-07-09T22:52:02
tau2_prep_check,telecom,telecom,none,[mms_issue]airplane_mode_on|break_app_storage_permission|data_mode_off|data_usage_exceeded|user_abroad_roaming_disabled_off[PERSONA:Hard],telecom_0000,0,1112,pending,0,tau2_prep_check_telecom_0000,C:\Users\86132\Desktop\SafeDesk\benchmarks\tau2-bench\data\simulations\tau2_prep_check_telecom_0000\results.json,,2026-07-09T22:52:02
tau2_prep_check,telecom,telecom,none,[mms_issue]airplane_mode_on|break_app_both_permissions|data_mode_off|data_usage_exceeded|user_abroad_roaming_disabled_off[PERSONA:None],telecom_0000,0,1113,pending,0,tau2_prep_check_telecom_0000,C:\Users\86132\Desktop\SafeDesk\benchmarks\tau2-bench\data\simulations\tau2_prep_check_telecom_0000\results.json,,2026-07-09T22:52:02
tau2_prep_check,telecom,telecom,none,[mms_issue]airplane_mode_on|bad_network_preference|bad_wifi_calling|data_mode_off|data_usage_exceeded[PERSONA:Easy],telecom_0000,0,1114,pending,0,tau2_prep_check_telecom_0000,C:\Users\86132\Desktop\SafeDesk\benchmarks\tau2-bench\data\simulations\tau2_prep_check_telecom_0000\results.json,,2026-07-09T22:52:02
tau2_prep_check,telecom,telecom,none,[mms_issue]airplane_mode_on|bad_network_preference|break_apn_mms_setting|data_mode_off|data_usage_exceeded[PERSONA:Hard],telecom_0000,0,1115,pending,0,tau2_prep_check_telecom_0000,C:\Users\86132\Desktop\SafeDesk\benchmarks\tau2-bench\data\simulations\tau2_prep_check_telecom_0000\results.json,,2026-07-09T22:52:02
tau2_prep_check,telecom,telecom,none,[mms_issue]airplane_mode_on|bad_network_preference|break_app_sms_permission|data_mode_off|data_usage_exceeded[PERSONA:None],telecom_0000,0,1116,pending,0,tau2_prep_check_telecom_0000,C:\Users\86132\Desktop\SafeDesk\benchmarks\tau2-bench\data\simulations\tau2_prep_check_telecom_0000\results.json,,2026-07-09T22:52:02
tau2_prep_check,telecom,telecom,none,[mms_issue]airplane_mode_on|bad_network_preference|break_app_storage_permission|data_mode_off|data_usage_exceeded[PERSONA:Easy],telecom_0000,0,1117,pending,0,tau2_prep_check_telecom_0000,C:\Users\86132\Desktop\SafeDesk\benchmarks\tau2-bench\data\simulations\tau2_prep_check_telecom_0000\results.json,,2026-07-09T22:52:02
tau2_prep_check,telecom,telecom,none,[mms_issue]airplane_mode_on|bad_network_preference|break_app_both_permissions|data_mode_off|data_usage_exceeded[PERSONA:Hard],telecom_0000,0,1118,pending,0,tau2_prep_check_telecom_0000,C:\Users\86132\Desktop\SafeDesk\benchmarks\tau2-bench\data\simulations\tau2_prep_check_telecom_0000\results.json,,2026-07-09T22:52:02
tau2_prep_check,telecom,telecom,none,[mms_issue]airplane_mode_on|bad_wifi_calling|break_apn_mms_setting|data_mode_off|data_usage_exceeded[PERSONA:None],telecom_0000,0,1119,pending,0,tau2_prep_check_telecom_0000,C:\Users\86132\Desktop\SafeDesk\benchmarks\tau2-bench\data\simulations\tau2_prep_check_telecom_0000\results.json,,2026-07-09T22:52:02
tau2_prep_check,telecom,telecom,none,[mms_issue]airplane_mode_on|bad_wifi_calling|break_app_sms_permission|data_mode_off|data_usage_exceeded[PERSONA:Easy],telecom_0000,0,1120,pending,0,tau2_prep_check_telecom_0000,C:\Users\86132\Desktop\SafeDesk\benchmarks\tau2-bench\data\simulations\tau2_prep_check_telecom_0000\results.json,,2026-07-09T22:52:02
tau2_prep_check,telecom,telecom,none,[mms_issue]airplane_mode_on|bad_wifi_calling|break_app_storage_permission|data_mode_off|data_usage_exceeded[PERSONA:Hard],telecom_0000,0,1121,pending,0,tau2_prep_check_telecom_0000,C:\Users\86132\Desktop\SafeDesk\benchmarks\tau2-bench\data\simulations\tau2_prep_check_telecom_0000\results.json,,2026-07-09T22:52:02
tau2_prep_check,telecom,telecom,none,[mms_issue]airplane_mode_on|bad_wifi_calling|break_app_both_permissions|data_mode_off|data_usage_exceeded[PERSONA:None],telecom_0000,0,1122,pending,0,tau2_prep_check_telecom_0000,C:\Users\86132\Desktop\SafeDesk\benchmarks\tau2-bench\data\simulations\tau2_prep_check_telecom_0000\results.json,,2026-07-09T22:52:02
tau2_prep_check,telecom,telecom,none,[mms_issue]airplane_mode_on|break_apn_mms_setting|break_app_sms_permission|data_mode_off|data_usage_exceeded[PERSONA:Easy],telecom_0000,0,1123,pending,0,tau2_prep_check_telecom_0000,C:\Users\86132\Desktop\SafeDesk\benchmarks\tau2-bench\data\simulations\tau2_prep_check_telecom_0000\results.json,,2026-07-09T22:52:02
tau2_prep_check,telecom,telecom,none,[mms_issue]airplane_mode_on|break_apn_mms_setting|break_app_storage_permission|data_mode_off|data_usage_exceeded[PERSONA:Hard],telecom_0000,0,1124,pending,0,tau2_prep_check_telecom_0000,C:\Users\86132\Desktop\SafeDesk\benchmarks\tau2-bench\data\simulations\tau2_prep_check_telecom_0000\results.json,,2026-07-09T22:52:02
tau2_prep_check,telecom,telecom,none,[mms_issue]airplane_mode_on|break_apn_mms_setting|break_app_both_permissions|data_mode_off|data_usage_exceeded[PERSONA:None],telecom_0000,0,1125,pending,0,tau2_prep_check_telecom_0000,C:\Users\86132\Desktop\SafeDesk\benchmarks\tau2-bench\data\simulations\tau2_prep_check_telecom_0000\results.json,,2026-07-09T22:52:02
tau2_prep_check,telecom,telecom,none,[mms_issue]airplane_mode_on|bad_network_preference|bad_wifi_calling|data_mode_off|user_abroad_roaming_enabled_off[PERSONA:Easy],telecom_0000,0,1126,pending,0,tau2_prep_check_telecom_0000,C:\Users\86132\Desktop\SafeDesk\benchmarks\tau2-bench\data\simulations\tau2_prep_check_telecom_0000\results.json,,2026-07-09T22:52:02
tau2_prep_check,telecom,telecom,none,[mms_issue]airplane_mode_on|bad_network_preference|break_apn_mms_setting|data_mode_off|user_abroad_roaming_enabled_off[PERSONA:Hard],telecom_0000,0,1127,pending,0,tau2_prep_check_telecom_0000,C:\Users\86132\Desktop\SafeDesk\benchmarks\tau2-bench\data\simulations\tau2_prep_check_telecom_0000\results.json,,2026-07-09T22:52:02
tau2_prep_check,telecom,telecom,none,[mms_issue]airplane_mode_on|bad_network_preference|break_app_sms_permission|data_mode_off|user_abroad_roaming_enabled_off[PERSONA:None],telecom_0000,0,1128,pending,0,tau2_prep_check_telecom_0000,C:\Users\86132\Desktop\SafeDesk\benchmarks\tau2-bench\data\simulations\tau2_prep_check_telecom_0000\results.json,,2026-07-09T22:52:02
tau2_prep_check,telecom,telecom,none,[mms_issue]airplane_mode_on|bad_network_preference|break_app_storage_permission|data_mode_off|user_abroad_roaming_enabled_off[PERSONA:Easy],telecom_0000,0,1129,pending,0,tau2_prep_check_telecom_0000,C:\Users\86132\Desktop\SafeDesk\benchmarks\tau2-bench\data\simulations\tau2_prep_check_telecom_0000\results.json,,2026-07-09T22:52:02
tau2_prep_check,telecom,telecom,none,[mms_issue]airplane_mode_on|bad_network_preference|break_app_both_permissions|data_mode_off|user_abroad_roaming_enabled_off[PERSONA:Hard],telecom_0000,0,1130,pending,0,tau2_prep_check_telecom_0000,C:\Users\86132\Desktop\SafeDesk\benchmarks\tau2-bench\data\simulations\tau2_prep_check_telecom_0000\results.json,,2026-07-09T22:52:02
tau2_prep_check,telecom,telecom,none,[mms_issue]airplane_mode_on|bad_wifi_calling|break_apn_mms_setting|data_mode_off|user_abroad_roaming_enabled_off[PERSONA:None],telecom_0000,0,1131,pending,0,tau2_prep_check_telecom_0000,C:\Users\86132\Desktop\SafeDesk\benchmarks\tau2-bench\data\simulations\tau2_prep_check_telecom_0000\results.json,,2026-07-09T22:52:02
tau2_prep_check,telecom,telecom,none,[mms_issue]airplane_mode_on|bad_wifi_calling|break_app_sms_permission|data_mode_off|user_abroad_roaming_enabled_off[PERSONA:Easy],telecom_0000,0,1132,pending,0,tau2_prep_check_telecom_0000,C:\Users\86132\Desktop\SafeDesk\benchmarks\tau2-bench\data\simulations\tau2_prep_check_telecom_0000\results.json,,2026-07-09T22:52:02
tau2_prep_check,telecom,telecom,none,[mms_issue]airplane_mode_on|bad_wifi_calling|break_app_storage_permission|data_mode_off|user_abroad_roaming_enabled_off[PERSONA:Hard],telecom_0000,0,1133,pending,0,tau2_prep_check_telecom_0000,C:\Users\86132\Desktop\SafeDesk\benchmarks\tau2-bench\data\simulations\tau2_prep_check_telecom_0000\results.json,,2026-07-09T22:52:02
tau2_prep_check,telecom,telecom,none,[mms_issue]airplane_mode_on|bad_wifi_calling|break_app_both_permissions|data_mode_off|user_abroad_roaming_enabled_off[PERSONA:None],telecom_0000,0,1134,pending,0,tau2_prep_check_telecom_0000,C:\Users\86132\Desktop\SafeDesk\benchmarks\tau2-bench\data\simulations\tau2_prep_check_telecom_0000\results.json,,2026-07-09T22:52:02
tau2_prep_check,telecom,telecom,none,[mms_issue]airplane_mode_on|break_apn_mms_setting|break_app_sms_permission|data_mode_off|user_abroad_roaming_enabled_off[PERSONA:Easy],telecom_0000,0,1135,pending,0,tau2_prep_check_telecom_0000,C:\Users\86132\Desktop\SafeDesk\benchmarks\tau2-bench\data\simulations\tau2_prep_check_telecom_0000\results.json,,2026-07-09T22:52:02
tau2_prep_check,telecom,telecom,none,[mms_issue]airplane_mode_on|break_apn_mms_setting|break_app_storage_permission|data_mode_off|user_abroad_roaming_enabled_off[PERSONA:Hard],telecom_0000,0,1136,pending,0,tau2_prep_check_telecom_0000,C:\Users\86132\Desktop\SafeDesk\benchmarks\tau2-bench\data\simulations\tau2_prep_check_telecom_0000\results.json,,2026-07-09T22:52:02
tau2_prep_check,telecom,telecom,none,[mms_issue]airplane_mode_on|break_apn_mms_setting|break_app_both_permissions|data_mode_off|user_abroad_roaming_enabled_off[PERSONA:None],telecom_0000,0,1137,pending,0,tau2_prep_check_telecom_0000,C:\Users\86132\Desktop\SafeDesk\benchmarks\tau2-bench\data\simulations\tau2_prep_check_telecom_0000\results.json,,2026-07-09T22:52:02
tau2_prep_check,telecom,telecom,none,[mms_issue]airplane_mode_on|bad_network_preference|bad_wifi_calling|data_mode_off|user_abroad_roaming_disabled_on[PERSONA:Easy],telecom_0000,0,1138,pending,0,tau2_prep_check_telecom_0000,C:\Users\86132\Desktop\SafeDesk\benchmarks\tau2-bench\data\simulations\tau2_prep_check_telecom_0000\results.json,,2026-07-09T22:52:02
tau2_prep_check,telecom,telecom,none,[mms_issue]airplane_mode_on|bad_network_preference|break_apn_mms_setting|data_mode_off|user_abroad_roaming_disabled_on[PERSONA:Hard],telecom_0000,0,1139,pending,0,tau2_prep_check_telecom_0000,C:\Users\86132\Desktop\SafeDesk\benchmarks\tau2-bench\data\simulations\tau2_prep_check_telecom_0000\results.json,,2026-07-09T22:52:02
tau2_prep_check,telecom,telecom,none,[mms_issue]airplane_mode_on|bad_network_preference|break_app_sms_permission|data_mode_off|user_abroad_roaming_disabled_on[PERSONA:None],telecom_0000,0,1140,pending,0,tau2_prep_check_telecom_0000,C:\Users\86132\Desktop\SafeDesk\benchmarks\tau2-bench\data\simulations\tau2_prep_check_telecom_0000\results.json,,2026-07-09T22:52:02
tau2_prep_check,telecom,telecom,none,[mms_issue]airplane_mode_on|bad_network_preference|break_app_storage_permission|data_mode_off|user_abroad_roaming_disabled_on[PERSONA:Easy],telecom_0000,0,1141,pending,0,tau2_prep_check_telecom_0000,C:\Users\86132\Desktop\SafeDesk\benchmarks\tau2-bench\data\simulations\tau2_prep_check_telecom_0000\results.json,,2026-07-09T22:52:02
tau2_prep_check,telecom,telecom,none,[mms_issue]airplane_mode_on|bad_network_preference|break_app_both_permissions|data_mode_off|user_abroad_roaming_disabled_on[PERSONA:Hard],telecom_0000,0,1142,pending,0,tau2_prep_check_telecom_0000,C:\Users\86132\Desktop\SafeDesk\benchmarks\tau2-bench\data\simulations\tau2_prep_check_telecom_0000\results.json,,2026-07-09T22:52:02
tau2_prep_check,telecom,telecom,none,[mms_issue]airplane_mode_on|bad_wifi_calling|break_apn_mms_setting|data_mode_off|user_abroad_roaming_disabled_on[PERSONA:None],telecom_0000,0,1143,pending,0,tau2_prep_check_telecom_0000,C:\Users\86132\Desktop\SafeDesk\benchmarks\tau2-bench\data\simulations\tau2_prep_check_telecom_0000\results.json,,2026-07-09T22:52:02
tau2_prep_check,telecom,telecom,none,[mms_issue]airplane_mode_on|bad_wifi_calling|break_app_sms_permission|data_mode_off|user_abroad_roaming_disabled_on[PERSONA:Easy],telecom_0000,0,1144,pending,0,tau2_prep_check_telecom_0000,C:\Users\86132\Desktop\SafeDesk\benchmarks\tau2-bench\data\simulations\tau2_prep_check_telecom_0000\results.json,,2026-07-09T22:52:02
tau2_prep_check,telecom,telecom,none,[mms_issue]airplane_mode_on|bad_wifi_calling|break_app_storage_permission|data_mode_off|user_abroad_roaming_disabled_on[PERSONA:Hard],telecom_0000,0,1145,pending,0,tau2_prep_check_telecom_0000,C:\Users\86132\Desktop\SafeDesk\benchmarks\tau2-bench\data\simulations\tau2_prep_check_telecom_0000\results.json,,2026-07-09T22:52:02
tau2_prep_check,telecom,telecom,none,[mms_issue]airplane_mode_on|bad_wifi_calling|break_app_both_permissions|data_mode_off|user_abroad_roaming_disabled_on[PERSONA:None],telecom_0000,0,1146,pending,0,tau2_prep_check_telecom_0000,C:\Users\86132\Desktop\SafeDesk\benchmarks\tau2-bench\data\simulations\tau2_prep_check_telecom_0000\results.json,,2026-07-09T22:52:02
tau2_prep_check,telecom,telecom,none,[mms_issue]airplane_mode_on|break_apn_mms_setting|break_app_sms_permission|data_mode_off|user_abroad_roaming_disabled_on[PERSONA:Easy],telecom_0000,0,1147,pending,0,tau2_prep_check_telecom_0000,C:\Users\86132\Desktop\SafeDesk\benchmarks\tau2-bench\data\simulations\tau2_prep_check_telecom_0000\results.json,,2026-07-09T22:52:02
tau2_prep_check,telecom,telecom,none,[mms_issue]airplane_mode_on|break_apn_mms_setting|break_app_storage_permission|data_mode_off|user_abroad_roaming_disabled_on[PERSONA:Hard],telecom_0000,0,1148,pending,0,tau2_prep_check_telecom_0000,C:\Users\86132\Desktop\SafeDesk\benchmarks\tau2-bench\data\simulations\tau2_prep_check_telecom_0000\results.json,,2026-07-09T22:52:02
tau2_prep_check,telecom,telecom,none,[mms_issue]airplane_mode_on|break_apn_mms_setting|break_app_both_permissions|data_mode_off|user_abroad_roaming_disabled_on[PERSONA:None],telecom_0000,0,1149,pending,0,tau2_prep_check_telecom_0000,C:\Users\86132\Desktop\SafeDesk\benchmarks\tau2-bench\data\simulations\tau2_prep_check_telecom_0000\results.json,,2026-07-09T22:52:02
tau2_prep_check,telecom,telecom,none,[mms_issue]airplane_mode_on|bad_network_preference|bad_wifi_calling|data_mode_off|user_abroad_roaming_disabled_off[PERSONA:Easy],telecom_0000,0,1150,pending,0,tau2_prep_check_telecom_0000,C:\Users\86132\Desktop\SafeDesk\benchmarks\tau2-bench\data\simulations\tau2_prep_check_telecom_0000\results.json,,2026-07-09T22:52:02
tau2_prep_check,telecom,telecom,none,[mms_issue]airplane_mode_on|bad_network_preference|break_apn_mms_setting|data_mode_off|user_abroad_roaming_disabled_off[PERSONA:Hard],telecom_0000,0,1151,pending,0,tau2_prep_check_telecom_0000,C:\Users\86132\Desktop\SafeDesk\benchmarks\tau2-bench\data\simulations\tau2_prep_check_telecom_0000\results.json,,2026-07-09T22:52:02
tau2_prep_check,telecom,telecom,none,[mms_issue]airplane_mode_on|bad_network_preference|break_app_sms_permission|data_mode_off|user_abroad_roaming_disabled_off[PERSONA:None],telecom_0000,0,1152,pending,0,tau2_prep_check_telecom_0000,C:\Users\86132\Desktop\SafeDesk\benchmarks\tau2-bench\data\simulations\tau2_prep_check_telecom_0000\results.json,,2026-07-09T22:52:02
tau2_prep_check,telecom,telecom,none,[mms_issue]airplane_mode_on|bad_network_preference|break_app_storage_permission|data_mode_off|user_abroad_roaming_disabled_off[PERSONA:Easy],telecom_0000,0,1153,pending,0,tau2_prep_check_telecom_0000,C:\Users\86132\Desktop\SafeDesk\benchmarks\tau2-bench\data\simulations\tau2_prep_check_telecom_0000\results.json,,2026-07-09T22:52:02
tau2_prep_check,telecom,telecom,none,[mms_issue]airplane_mode_on|bad_network_preference|break_app_both_permissions|data_mode_off|user_abroad_roaming_disabled_off[PERSONA:Hard],telecom_0000,0,1154,pending,0,tau2_prep_check_telecom_0000,C:\Users\86132\Desktop\SafeDesk\benchmarks\tau2-bench\data\simulations\tau2_prep_check_telecom_0000\results.json,,2026-07-09T22:52:02
tau2_prep_check,telecom,telecom,none,[mms_issue]airplane_mode_on|bad_wifi_calling|break_apn_mms_setting|data_mode_off|user_abroad_roaming_disabled_off[PERSONA:None],telecom_0000,0,1155,pending,0,tau2_prep_check_telecom_0000,C:\Users\86132\Desktop\SafeDesk\benchmarks\tau2-bench\data\simulations\tau2_prep_check_telecom_0000\results.json,,2026-07-09T22:52:02
tau2_prep_check,telecom,telecom,none,[mms_issue]airplane_mode_on|bad_wifi_calling|break_app_sms_permission|data_mode_off|user_abroad_roaming_disabled_off[PERSONA:Easy],telecom_0000,0,1156,pending,0,tau2_prep_check_telecom_0000,C:\Users\86132\Desktop\SafeDesk\benchmarks\tau2-bench\data\simulations\tau2_prep_check_telecom_0000\results.json,,2026-07-09T22:52:02
tau2_prep_check,telecom,telecom,none,[mms_issue]airplane_mode_on|bad_wifi_calling|break_app_storage_permission|data_mode_off|user_abroad_roaming_disabled_off[PERSONA:Hard],telecom_0000,0,1157,pending,0,tau2_prep_check_telecom_0000,C:\Users\86132\Desktop\SafeDesk\benchmarks\tau2-bench\data\simulations\tau2_prep_check_telecom_0000\results.json,,2026-07-09T22:52:02
tau2_prep_check,telecom,telecom,none,[mms_issue]airplane_mode_on|bad_wifi_calling|break_app_both_permissions|data_mode_off|user_abroad_roaming_disabled_off[PERSONA:None],telecom_0000,0,1158,pending,0,tau2_prep_check_telecom_0000,C:\Users\86132\Desktop\SafeDesk\benchmarks\tau2-bench\data\simulations\tau2_prep_check_telecom_0000\results.json,,2026-07-09T22:52:02
tau2_prep_check,telecom,telecom,none,[mms_issue]airplane_mode_on|break_apn_mms_setting|break_app_sms_permission|data_mode_off|user_abroad_roaming_disabled_off[PERSONA:Easy],telecom_0000,0,1159,pending,0,tau2_prep_check_telecom_0000,C:\Users\86132\Desktop\SafeDesk\benchmarks\tau2-bench\data\simulations\tau2_prep_check_telecom_0000\results.json,,2026-07-09T22:52:02
tau2_prep_check,telecom,telecom,none,[mms_issue]airplane_mode_on|break_apn_mms_setting|break_app_storage_permission|data_mode_off|user_abroad_roaming_disabled_off[PERSONA:Hard],telecom_0000,0,1160,pending,0,tau2_prep_check_telecom_0000,C:\Users\86132\Desktop\SafeDesk\benchmarks\tau2-bench\data\simulations\tau2_prep_check_telecom_0000\results.json,,2026-07-09T22:52:02
tau2_prep_check,telecom,telecom,none,[mms_issue]airplane_mode_on|break_apn_mms_setting|break_app_both_permissions|data_mode_off|user_abroad_roaming_disabled_off[PERSONA:None],telecom_0000,0,1161,pending,0,tau2_prep_check_telecom_0000,C:\Users\86132\Desktop\SafeDesk\benchmarks\tau2-bench\data\simulations\tau2_prep_check_telecom_0000\results.json,,2026-07-09T22:52:02
tau2_prep_check,telecom,telecom,none,[mms_issue]airplane_mode_on|bad_network_preference|bad_wifi_calling|break_apn_mms_setting|data_mode_off[PERSONA:Easy],telecom_0000,0,1162,pending,0,tau2_prep_check_telecom_0000,C:\Users\86132\Desktop\SafeDesk\benchmarks\tau2-bench\data\simulations\tau2_prep_check_telecom_0000\results.json,,2026-07-09T22:52:02
tau2_prep_check,telecom,telecom,none,[mms_issue]airplane_mode_on|bad_network_preference|bad_wifi_calling|break_app_sms_permission|data_mode_off[PERSONA:Hard],telecom_0000,0,1163,pending,0,tau2_prep_check_telecom_0000,C:\Users\86132\Desktop\SafeDesk\benchmarks\tau2-bench\data\simulations\tau2_prep_check_telecom_0000\results.json,,2026-07-09T22:52:02
tau2_prep_check,telecom,telecom,none,[mms_issue]airplane_mode_on|bad_network_preference|bad_wifi_calling|break_app_storage_permission|data_mode_off[PERSONA:None],telecom_0000,0,1164,pending,0,tau2_prep_check_telecom_0000,C:\Users\86132\Desktop\SafeDesk\benchmarks\tau2-bench\data\simulations\tau2_prep_check_telecom_0000\results.json,,2026-07-09T22:52:02
tau2_prep_check,telecom,telecom,none,[mms_issue]airplane_mode_on|bad_network_preference|bad_wifi_calling|break_app_both_permissions|data_mode_off[PERSONA:Easy],telecom_0000,0,1165,pending,0,tau2_prep_check_telecom_0000,C:\Users\86132\Desktop\SafeDesk\benchmarks\tau2-bench\data\simulations\tau2_prep_check_telecom_0000\results.json,,2026-07-09T22:52:02
tau2_prep_check,telecom,telecom,none,[mms_issue]airplane_mode_on|bad_network_preference|break_apn_mms_setting|break_app_sms_permission|data_mode_off[PERSONA:Hard],telecom_0000,0,1166,pending,0,tau2_prep_check_telecom_0000,C:\Users\86132\Desktop\SafeDesk\benchmarks\tau2-bench\data\simulations\tau2_prep_check_telecom_0000\results.json,,2026-07-09T22:52:02
tau2_prep_check,telecom,telecom,none,[mms_issue]airplane_mode_on|bad_network_preference|break_apn_mms_setting|break_app_storage_permission|data_mode_off[PERSONA:None],telecom_0000,0,1167,pending,0,tau2_prep_check_telecom_0000,C:\Users\86132\Desktop\SafeDesk\benchmarks\tau2-bench\data\simulations\tau2_prep_check_telecom_0000\results.json,,2026-07-09T22:52:02
tau2_prep_check,telecom,telecom,none,[mms_issue]airplane_mode_on|bad_network_preference|break_apn_mms_setting|break_app_both_permissions|data_mode_off[PERSONA:Easy],telecom_0000,0,1168,pending,0,tau2_prep_check_telecom_0000,C:\Users\86132\Desktop\SafeDesk\benchmarks\tau2-bench\data\simulations\tau2_prep_check_telecom_0000\results.json,,2026-07-09T22:52:02
tau2_prep_check,telecom,telecom,none,[mms_issue]airplane_mode_on|bad_wifi_calling|break_apn_mms_setting|break_app_sms_permission|data_mode_off[PERSONA:Hard],telecom_0000,0,1169,pending,0,tau2_prep_check_telecom_0000,C:\Users\86132\Desktop\SafeDesk\benchmarks\tau2-bench\data\simulations\tau2_prep_check_telecom_0000\results.json,,2026-07-09T22:52:02
tau2_prep_check,telecom,telecom,none,[mms_issue]airplane_mode_on|bad_wifi_calling|break_apn_mms_setting|break_app_storage_permission|data_mode_off[PERSONA:None],telecom_0000,0,1170,pending,0,tau2_prep_check_telecom_0000,C:\Users\86132\Desktop\SafeDesk\benchmarks\tau2-bench\data\simulations\tau2_prep_check_telecom_0000\results.json,,2026-07-09T22:52:02
tau2_prep_check,telecom,telecom,none,[mms_issue]airplane_mode_on|bad_wifi_calling|break_apn_mms_setting|break_app_both_permissions|data_mode_off[PERSONA:Easy],telecom_0000,0,1171,pending,0,tau2_prep_check_telecom_0000,C:\Users\86132\Desktop\SafeDesk\benchmarks\tau2-bench\data\simulations\tau2_prep_check_telecom_0000\results.json,,2026-07-09T22:52:02
tau2_prep_check,telecom,telecom,none,[mms_issue]airplane_mode_on|bad_network_preference|bad_wifi_calling|data_usage_exceeded|user_abroad_roaming_enabled_off[PERSONA:Hard],telecom_0000,0,1172,pending,0,tau2_prep_check_telecom_0000,C:\Users\86132\Desktop\SafeDesk\benchmarks\tau2-bench\data\simulations\tau2_prep_check_telecom_0000\results.json,,2026-07-09T22:52:02
tau2_prep_check,telecom,telecom,none,[mms_issue]airplane_mode_on|bad_network_preference|break_apn_mms_setting|data_usage_exceeded|user_abroad_roaming_enabled_off[PERSONA:None],telecom_0000,0,1173,pending,0,tau2_prep_check_telecom_0000,C:\Users\86132\Desktop\SafeDesk\benchmarks\tau2-bench\data\simulations\tau2_prep_check_telecom_0000\results.json,,2026-07-09T22:52:02
tau2_prep_check,telecom,telecom,none,[mms_issue]airplane_mode_on|bad_network_preference|break_app_sms_permission|data_usage_exceeded|user_abroad_roaming_enabled_off[PERSONA:Easy],telecom_0000,0,1174,pending,0,tau2_prep_check_telecom_0000,C:\Users\86132\Desktop\SafeDesk\benchmarks\tau2-bench\data\simulations\tau2_prep_check_telecom_0000\results.json,,2026-07-09T22:52:02
tau2_prep_check,telecom,telecom,none,[mms_issue]airplane_mode_on|bad_network_preference|break_app_storage_permission|data_usage_exceeded|user_abroad_roaming_enabled_off[PERSONA:Hard],telecom_0000,0,1175,pending,0,tau2_prep_check_telecom_0000,C:\Users\86132\Desktop\SafeDesk\benchmarks\tau2-bench\data\simulations\tau2_prep_check_telecom_0000\results.json,,2026-07-09T22:52:02
tau2_prep_check,telecom,telecom,none,[mms_issue]airplane_mode_on|bad_network_preference|break_app_both_permissions|data_usage_exceeded|user_abroad_roaming_enabled_off[PERSONA:None],telecom_0000,0,1176,pending,0,tau2_prep_check_telecom_0000,C:\Users\86132\Desktop\SafeDesk\benchmarks\tau2-bench\data\simulations\tau2_prep_check_telecom_0000\results.json,,2026-07-09T22:52:02
tau2_prep_check,telecom,telecom,none,[mms_issue]airplane_mode_on|bad_wifi_calling|break_apn_mms_setting|data_usage_exceeded|user_abroad_roaming_enabled_off[PERSONA:Easy],telecom_0000,0,1177,pending,0,tau2_prep_check_telecom_0000,C:\Users\86132\Desktop\SafeDesk\benchmarks\tau2-bench\data\simulations\tau2_prep_check_telecom_0000\results.json,,2026-07-09T22:52:02
tau2_prep_check,telecom,telecom,none,[mms_issue]airplane_mode_on|bad_wifi_calling|break_app_sms_permission|data_usage_exceeded|user_abroad_roaming_enabled_off[PERSONA:Hard],telecom_0000,0,1178,pending,0,tau2_prep_check_telecom_0000,C:\Users\86132\Desktop\SafeDesk\benchmarks\tau2-bench\data\simulations\tau2_prep_check_telecom_0000\results.json,,2026-07-09T22:52:02
tau2_prep_check,telecom,telecom,none,[mms_issue]airplane_mode_on|bad_wifi_calling|break_app_storage_permission|data_usage_exceeded|user_abroad_roaming_enabled_off[PERSONA:None],telecom_0000,0,1179,pending,0,tau2_prep_check_telecom_0000,C:\Users\86132\Desktop\SafeDesk\benchmarks\tau2-bench\data\simulations\tau2_prep_check_telecom_0000\results.json,,2026-07-09T22:52:02
tau2_prep_check,telecom,telecom,none,[mms_issue]airplane_mode_on|bad_wifi_calling|break_app_both_permissions|data_usage_exceeded|user_abroad_roaming_enabled_off[PERSONA:Easy],telecom_0000,0,1180,pending,0,tau2_prep_check_telecom_0000,C:\Users\86132\Desktop\SafeDesk\benchmarks\tau2-bench\data\simulations\tau2_prep_check_telecom_0000\results.json,,2026-07-09T22:52:02
tau2_prep_check,telecom,telecom,none,[mms_issue]airplane_mode_on|break_apn_mms_setting|break_app_sms_permission|data_usage_exceeded|user_abroad_roaming_enabled_off[PERSONA:Hard],telecom_0000,0,1181,pending,0,tau2_prep_check_telecom_0000,C:\Users\86132\Desktop\SafeDesk\benchmarks\tau2-bench\data\simulations\tau2_prep_check_telecom_0000\results.json,,2026-07-09T22:52:02
tau2_prep_check,telecom,telecom,none,[mms_issue]airplane_mode_on|break_apn_mms_setting|break_app_storage_permission|data_usage_exceeded|user_abroad_roaming_enabled_off[PERSONA:None],telecom_0000,0,1182,pending,0,tau2_prep_check_telecom_0000,C:\Users\86132\Desktop\SafeDesk\benchmarks\tau2-bench\data\simulations\tau2_prep_check_telecom_0000\results.json,,2026-07-09T22:52:02
tau2_prep_check,telecom,telecom,none,[mms_issue]airplane_mode_on|break_apn_mms_setting|break_app_both_permissions|data_usage_exceeded|user_abroad_roaming_enabled_off[PERSONA:Easy],telecom_0000,0,1183,pending,0,tau2_prep_check_telecom_0000,C:\Users\86132\Desktop\SafeDesk\benchmarks\tau2-bench\data\simulations\tau2_prep_check_telecom_0000\results.json,,2026-07-09T22:52:02
tau2_prep_check,telecom,telecom,none,[mms_issue]airplane_mode_on|bad_network_preference|bad_wifi_calling|data_usage_exceeded|user_abroad_roaming_disabled_on[PERSONA:Hard],telecom_0000,0,1184,pending,0,tau2_prep_check_telecom_0000,C:\Users\86132\Desktop\SafeDesk\benchmarks\tau2-bench\data\simulations\tau2_prep_check_telecom_0000\results.json,,2026-07-09T22:52:02
tau2_prep_check,telecom,telecom,none,[mms_issue]airplane_mode_on|bad_network_preference|break_apn_mms_setting|data_usage_exceeded|user_abroad_roaming_disabled_on[PERSONA:None],telecom_0000,0,1185,pending,0,tau2_prep_check_telecom_0000,C:\Users\86132\Desktop\SafeDesk\benchmarks\tau2-bench\data\simulations\tau2_prep_check_telecom_0000\results.json,,2026-07-09T22:52:02
tau2_prep_check,telecom,telecom,none,[mms_issue]airplane_mode_on|bad_network_preference|break_app_sms_permission|data_usage_exceeded|user_abroad_roaming_disabled_on[PERSONA:Easy],telecom_0000,0,1186,pending,0,tau2_prep_check_telecom_0000,C:\Users\86132\Desktop\SafeDesk\benchmarks\tau2-bench\data\simulations\tau2_prep_check_telecom_0000\results.json,,2026-07-09T22:52:02
tau2_prep_check,telecom,telecom,none,[mms_issue]airplane_mode_on|bad_network_preference|break_app_storage_permission|data_usage_exceeded|user_abroad_roaming_disabled_on[PERSONA:Hard],telecom_0000,0,1187,pending,0,tau2_prep_check_telecom_0000,C:\Users\86132\Desktop\SafeDesk\benchmarks\tau2-bench\data\simulations\tau2_prep_check_telecom_0000\results.json,,2026-07-09T22:52:02
tau2_prep_check,telecom,telecom,none,[mms_issue]airplane_mode_on|bad_network_preference|break_app_both_permissions|data_usage_exceeded|user_abroad_roaming_disabled_on[PERSONA:None],telecom_0000,0,1188,pending,0,tau2_prep_check_telecom_0000,C:\Users\86132\Desktop\SafeDesk\benchmarks\tau2-bench\data\simulations\tau2_prep_check_telecom_0000\results.json,,2026-07-09T22:52:02
tau2_prep_check,telecom,telecom,none,[mms_issue]airplane_mode_on|bad_wifi_calling|break_apn_mms_setting|data_usage_exceeded|user_abroad_roaming_disabled_on[PERSONA:Easy],telecom_0000,0,1189,pending,0,tau2_prep_check_telecom_0000,C:\Users\86132\Desktop\SafeDesk\benchmarks\tau2-bench\data\simulations\tau2_prep_check_telecom_0000\results.json,,2026-07-09T22:52:02
tau2_prep_check,telecom,telecom,none,[mms_issue]airplane_mode_on|bad_wifi_calling|break_app_sms_permission|data_usage_exceeded|user_abroad_roaming_disabled_on[PERSONA:Hard],telecom_0000,0,1190,pending,0,tau2_prep_check_telecom_0000,C:\Users\86132\Desktop\SafeDesk\benchmarks\tau2-bench\data\simulations\tau2_prep_check_telecom_0000\results.json,,2026-07-09T22:52:02
tau2_prep_check,telecom,telecom,none,[mms_issue]airplane_mode_on|bad_wifi_calling|break_app_storage_permission|data_usage_exceeded|user_abroad_roaming_disabled_on[PERSONA:None],telecom_0000,0,1191,pending,0,tau2_prep_check_telecom_0000,C:\Users\86132\Desktop\SafeDesk\benchmarks\tau2-bench\data\simulations\tau2_prep_check_telecom_0000\results.json,,2026-07-09T22:52:02
tau2_prep_check,telecom,telecom,none,[mms_issue]airplane_mode_on|bad_wifi_calling|break_app_both_permissions|data_usage_exceeded|user_abroad_roaming_disabled_on[PERSONA:Easy],telecom_0000,0,1192,pending,0,tau2_prep_check_telecom_0000,C:\Users\86132\Desktop\SafeDesk\benchmarks\tau2-bench\data\simulations\tau2_prep_check_telecom_0000\results.json,,2026-07-09T22:52:02
tau2_prep_check,telecom,telecom,none,[mms_issue]airplane_mode_on|break_apn_mms_setting|break_app_sms_permission|data_usage_exceeded|user_abroad_roaming_disabled_on[PERSONA:Hard],telecom_0000,0,1193,pending,0,tau2_prep_check_telecom_0000,C:\Users\86132\Desktop\SafeDesk\benchmarks\tau2-bench\data\simulations\tau2_prep_check_telecom_0000\results.json,,2026-07-09T22:52:02
tau2_prep_check,telecom,telecom,none,[mms_issue]airplane_mode_on|break_apn_mms_setting|break_app_storage_permission|data_usage_exceeded|user_abroad_roaming_disabled_on[PERSONA:None],telecom_0000,0,1194,pending,0,tau2_prep_check_telecom_0000,C:\Users\86132\Desktop\SafeDesk\benchmarks\tau2-bench\data\simulations\tau2_prep_check_telecom_0000\results.json,,2026-07-09T22:52:02
tau2_prep_check,telecom,telecom,none,[mms_issue]airplane_mode_on|break_apn_mms_setting|break_app_both_permissions|data_usage_exceeded|user_abroad_roaming_disabled_on[PERSONA:Easy],telecom_0000,0,1195,pending,0,tau2_prep_check_telecom_0000,C:\Users\86132\Desktop\SafeDesk\benchmarks\tau2-bench\data\simulations\tau2_prep_check_telecom_0000\results.json,,2026-07-09T22:52:02
tau2_prep_check,telecom,telecom,none,[mms_issue]airplane_mode_on|bad_network_preference|bad_wifi_calling|data_usage_exceeded|user_abroad_roaming_disabled_off[PERSONA:Hard],telecom_0000,0,1196,pending,0,tau2_prep_check_telecom_0000,C:\Users\86132\Desktop\SafeDesk\benchmarks\tau2-bench\data\simulations\tau2_prep_check_telecom_0000\results.json,,2026-07-09T22:52:02
tau2_prep_check,telecom,telecom,none,[mms_issue]airplane_mode_on|bad_network_preference|break_apn_mms_setting|data_usage_exceeded|user_abroad_roaming_disabled_off[PERSONA:None],telecom_0000,0,1197,pending,0,tau2_prep_check_telecom_0000,C:\Users\86132\Desktop\SafeDesk\benchmarks\tau2-bench\data\simulations\tau2_prep_check_telecom_0000\results.json,,2026-07-09T22:52:02
tau2_prep_check,telecom,telecom,none,[mms_issue]airplane_mode_on|bad_network_preference|break_app_sms_permission|data_usage_exceeded|user_abroad_roaming_disabled_off[PERSONA:Easy],telecom_0000,0,1198,pending,0,tau2_prep_check_telecom_0000,C:\Users\86132\Desktop\SafeDesk\benchmarks\tau2-bench\data\simulations\tau2_prep_check_telecom_0000\results.json,,2026-07-09T22:52:02
tau2_prep_check,telecom,telecom,none,[mms_issue]airplane_mode_on|bad_network_preference|break_app_storage_permission|data_usage_exceeded|user_abroad_roaming_disabled_off[PERSONA:Hard],telecom_0000,0,1199,pending,0,tau2_prep_check_telecom_0000,C:\Users\86132\Desktop\SafeDesk\benchmarks\tau2-bench\data\simulations\tau2_prep_check_telecom_0000\results.json,,2026-07-09T22:52:02
tau2_prep_check,telecom,telecom,none,[mms_issue]airplane_mode_on|bad_network_preference|break_app_both_permissions|data_usage_exceeded|user_abroad_roaming_disabled_off[PERSONA:None],telecom_0000,0,1200,pending,0,tau2_prep_check_telecom_0000,C:\Users\86132\Desktop\SafeDesk\benchmarks\tau2-bench\data\simulations\tau2_prep_check_telecom_0000\results.json,,2026-07-09T22:52:02
tau2_prep_check,telecom,telecom,none,[mms_issue]airplane_mode_on|bad_wifi_calling|break_apn_mms_setting|data_usage_exceeded|user_abroad_roaming_disabled_off[PERSONA:Easy],telecom_0000,0,1201,pending,0,tau2_prep_check_telecom_0000,C:\Users\86132\Desktop\SafeDesk\benchmarks\tau2-bench\data\simulations\tau2_prep_check_telecom_0000\results.json,,2026-07-09T22:52:02
tau2_prep_check,telecom,telecom,none,[mms_issue]airplane_mode_on|bad_wifi_calling|break_app_sms_permission|data_usage_exceeded|user_abroad_roaming_disabled_off[PERSONA:Hard],telecom_0000,0,1202,pending,0,tau2_prep_check_telecom_0000,C:\Users\86132\Desktop\SafeDesk\benchmarks\tau2-bench\data\simulations\tau2_prep_check_telecom_0000\results.json,,2026-07-09T22:52:02
tau2_prep_check,telecom,telecom,none,[mms_issue]airplane_mode_on|bad_wifi_calling|break_app_storage_permission|data_usage_exceeded|user_abroad_roaming_disabled_off[PERSONA:None],telecom_0000,0,1203,pending,0,tau2_prep_check_telecom_0000,C:\Users\86132\Desktop\SafeDesk\benchmarks\tau2-bench\data\simulations\tau2_prep_check_telecom_0000\results.json,,2026-07-09T22:52:02
tau2_prep_check,telecom,telecom,none,[mms_issue]airplane_mode_on|bad_wifi_calling|break_app_both_permissions|data_usage_exceeded|user_abroad_roaming_disabled_off[PERSONA:Easy],telecom_0000,0,1204,pending,0,tau2_prep_check_telecom_0000,C:\Users\86132\Desktop\SafeDesk\benchmarks\tau2-bench\data\simulations\tau2_prep_check_telecom_0000\results.json,,2026-07-09T22:52:02
tau2_prep_check,telecom,telecom,none,[mms_issue]airplane_mode_on|break_apn_mms_setting|break_app_sms_permission|data_usage_exceeded|user_abroad_roaming_disabled_off[PERSONA:Hard],telecom_0000,0,1205,pending,0,tau2_prep_check_telecom_0000,C:\Users\86132\Desktop\SafeDesk\benchmarks\tau2-bench\data\simulations\tau2_prep_check_telecom_0000\results.json,,2026-07-09T22:52:02
tau2_prep_check,telecom,telecom,none,[mms_issue]airplane_mode_on|break_apn_mms_setting|break_app_storage_permission|data_usage_exceeded|user_abroad_roaming_disabled_off[PERSONA:None],telecom_0000,0,1206,pending,0,tau2_prep_check_telecom_0000,C:\Users\86132\Desktop\SafeDesk\benchmarks\tau2-bench\data\simulations\tau2_prep_check_telecom_0000\results.json,,2026-07-09T22:52:02
tau2_prep_check,telecom,telecom,none,[mms_issue]airplane_mode_on|break_apn_mms_setting|break_app_both_permissions|data_usage_exceeded|user_abroad_roaming_disabled_off[PERSONA:Easy],telecom_0000,0,1207,pending,0,tau2_prep_check_telecom_0000,C:\Users\86132\Desktop\SafeDesk\benchmarks\tau2-bench\data\simulations\tau2_prep_check_telecom_0000\results.json,,2026-07-09T22:52:02
tau2_prep_check,telecom,telecom,none,[mms_issue]airplane_mode_on|bad_network_preference|bad_wifi_calling|break_apn_mms_setting|data_usage_exceeded[PERSONA:Hard],telecom_0000,0,1208,pending,0,tau2_prep_check_telecom_0000,C:\Users\86132\Desktop\SafeDesk\benchmarks\tau2-bench\data\simulations\tau2_prep_check_telecom_0000\results.json,,2026-07-09T22:52:02
tau2_prep_check,telecom,telecom,none,[mms_issue]airplane_mode_on|bad_network_preference|bad_wifi_calling|break_app_sms_permission|data_usage_exceeded[PERSONA:None],telecom_0000,0,1209,pending,0,tau2_prep_check_telecom_0000,C:\Users\86132\Desktop\SafeDesk\benchmarks\tau2-bench\data\simulations\tau2_prep_check_telecom_0000\results.json,,2026-07-09T22:52:02
tau2_prep_check,telecom,telecom,none,[mms_issue]airplane_mode_on|bad_network_preference|bad_wifi_calling|break_app_storage_permission|data_usage_exceeded[PERSONA:Easy],telecom_0000,0,1210,pending,0,tau2_prep_check_telecom_0000,C:\Users\86132\Desktop\SafeDesk\benchmarks\tau2-bench\data\simulations\tau2_prep_check_telecom_0000\results.json,,2026-07-09T22:52:02
tau2_prep_check,telecom,telecom,none,[mms_issue]airplane_mode_on|bad_network_preference|bad_wifi_calling|break_app_both_permissions|data_usage_exceeded[PERSONA:Hard],telecom_0000,0,1211,pending,0,tau2_prep_check_telecom_0000,C:\Users\86132\Desktop\SafeDesk\benchmarks\tau2-bench\data\simulations\tau2_prep_check_telecom_0000\results.json,,2026-07-09T22:52:02
tau2_prep_check,telecom,telecom,none,[mms_issue]airplane_mode_on|bad_network_preference|break_apn_mms_setting|break_app_sms_permission|data_usage_exceeded[PERSONA:None],telecom_0000,0,1212,pending,0,tau2_prep_check_telecom_0000,C:\Users\86132\Desktop\SafeDesk\benchmarks\tau2-bench\data\simulations\tau2_prep_check_telecom_0000\results.json,,2026-07-09T22:52:02
tau2_prep_check,telecom,telecom,none,[mms_issue]airplane_mode_on|bad_network_preference|break_apn_mms_setting|break_app_storage_permission|data_usage_exceeded[PERSONA:Easy],telecom_0000,0,1213,pending,0,tau2_prep_check_telecom_0000,C:\Users\86132\Desktop\SafeDesk\benchmarks\tau2-bench\data\simulations\tau2_prep_check_telecom_0000\results.json,,2026-07-09T22:52:02
tau2_prep_check,telecom,telecom,none,[mms_issue]airplane_mode_on|bad_network_preference|break_apn_mms_setting|break_app_both_permissions|data_usage_exceeded[PERSONA:Hard],telecom_0000,0,1214,pending,0,tau2_prep_check_telecom_0000,C:\Users\86132\Desktop\SafeDesk\benchmarks\tau2-bench\data\simulations\tau2_prep_check_telecom_0000\results.json,,2026-07-09T22:52:02
tau2_prep_check,telecom,telecom,none,[mms_issue]airplane_mode_on|bad_wifi_calling|break_apn_mms_setting|break_app_sms_permission|data_usage_exceeded[PERSONA:None],telecom_0000,0,1215,pending,0,tau2_prep_check_telecom_0000,C:\Users\86132\Desktop\SafeDesk\benchmarks\tau2-bench\data\simulations\tau2_prep_check_telecom_0000\results.json,,2026-07-09T22:52:02
tau2_prep_check,telecom,telecom,none,[mms_issue]airplane_mode_on|bad_wifi_calling|break_apn_mms_setting|break_app_storage_permission|data_usage_exceeded[PERSONA:Easy],telecom_0000,0,1216,pending,0,tau2_prep_check_telecom_0000,C:\Users\86132\Desktop\SafeDesk\benchmarks\tau2-bench\data\simulations\tau2_prep_check_telecom_0000\results.json,,2026-07-09T22:52:02
tau2_prep_check,telecom,telecom,none,[mms_issue]airplane_mode_on|bad_wifi_calling|break_apn_mms_setting|break_app_both_permissions|data_usage_exceeded[PERSONA:Hard],telecom_0000,0,1217,pending,0,tau2_prep_check_telecom_0000,C:\Users\86132\Desktop\SafeDesk\benchmarks\tau2-bench\data\simulations\tau2_prep_check_telecom_0000\results.json,,2026-07-09T22:52:02
tau2_prep_check,telecom,telecom,none,[mms_issue]airplane_mode_on|bad_network_preference|bad_wifi_calling|break_apn_mms_setting|user_abroad_roaming_enabled_off[PERSONA:Easy],telecom_0000,0,1218,pending,0,tau2_prep_check_telecom_0000,C:\Users\86132\Desktop\SafeDesk\benchmarks\tau2-bench\data\simulations\tau2_prep_check_telecom_0000\results.json,,2026-07-09T22:52:02
tau2_prep_check,telecom,telecom,none,[mms_issue]airplane_mode_on|bad_network_preference|bad_wifi_calling|break_app_sms_permission|user_abroad_roaming_enabled_off[PERSONA:Hard],telecom_0000,0,1219,pending,0,tau2_prep_check_telecom_0000,C:\Users\86132\Desktop\SafeDesk\benchmarks\tau2-bench\data\simulations\tau2_prep_check_telecom_0000\results.json,,2026-07-09T22:52:02
tau2_prep_check,telecom,telecom,none,[mms_issue]airplane_mode_on|bad_network_preference|bad_wifi_calling|break_app_storage_permission|user_abroad_roaming_enabled_off[PERSONA:None],telecom_0000,0,1220,pending,0,tau2_prep_check_telecom_0000,C:\Users\86132\Desktop\SafeDesk\benchmarks\tau2-bench\data\simulations\tau2_prep_check_telecom_0000\results.json,,2026-07-09T22:52:02
tau2_prep_check,telecom,telecom,none,[mms_issue]airplane_mode_on|bad_network_preference|bad_wifi_calling|break_app_both_permissions|user_abroad_roaming_enabled_off[PERSONA:Easy],telecom_0000,0,1221,pending,0,tau2_prep_check_telecom_0000,C:\Users\86132\Desktop\SafeDesk\benchmarks\tau2-bench\data\simulations\tau2_prep_check_telecom_0000\results.json,,2026-07-09T22:52:02
tau2_prep_check,telecom,telecom,none,[mms_issue]airplane_mode_on|bad_network_preference|break_apn_mms_setting|break_app_sms_permission|user_abroad_roaming_enabled_off[PERSONA:Hard],telecom_0000,0,1222,pending,0,tau2_prep_check_telecom_0000,C:\Users\86132\Desktop\SafeDesk\benchmarks\tau2-bench\data\simulations\tau2_prep_check_telecom_0000\results.json,,2026-07-09T22:52:02
tau2_prep_check,telecom,telecom,none,[mms_issue]airplane_mode_on|bad_network_preference|break_apn_mms_setting|break_app_storage_permission|user_abroad_roaming_enabled_off[PERSONA:None],telecom_0000,0,1223,pending,0,tau2_prep_check_telecom_0000,C:\Users\86132\Desktop\SafeDesk\benchmarks\tau2-bench\data\simulations\tau2_prep_check_telecom_0000\results.json,,2026-07-09T22:52:02
tau2_prep_check,telecom,telecom,none,[mms_issue]airplane_mode_on|bad_network_preference|break_apn_mms_setting|break_app_both_permissions|user_abroad_roaming_enabled_off[PERSONA:Easy],telecom_0000,0,1224,pending,0,tau2_prep_check_telecom_0000,C:\Users\86132\Desktop\SafeDesk\benchmarks\tau2-bench\data\simulations\tau2_prep_check_telecom_0000\results.json,,2026-07-09T22:52:02
tau2_prep_check,telecom,telecom,none,[mms_issue]airplane_mode_on|bad_wifi_calling|break_apn_mms_setting|break_app_sms_permission|user_abroad_roaming_enabled_off[PERSONA:Hard],telecom_0000,0,1225,pending,0,tau2_prep_check_telecom_0000,C:\Users\86132\Desktop\SafeDesk\benchmarks\tau2-bench\data\simulations\tau2_prep_check_telecom_0000\results.json,,2026-07-09T22:52:02
tau2_prep_check,telecom,telecom,none,[mms_issue]airplane_mode_on|bad_wifi_calling|break_apn_mms_setting|break_app_storage_permission|user_abroad_roaming_enabled_off[PERSONA:None],telecom_0000,0,1226,pending,0,tau2_prep_check_telecom_0000,C:\Users\86132\Desktop\SafeDesk\benchmarks\tau2-bench\data\simulations\tau2_prep_check_telecom_0000\results.json,,2026-07-09T22:52:02
tau2_prep_check,telecom,telecom,none,[mms_issue]airplane_mode_on|bad_wifi_calling|break_apn_mms_setting|break_app_both_permissions|user_abroad_roaming_enabled_off[PERSONA:Easy],telecom_0000,0,1227,pending,0,tau2_prep_check_telecom_0000,C:\Users\86132\Desktop\SafeDesk\benchmarks\tau2-bench\data\simulations\tau2_prep_check_telecom_0000\results.json,,2026-07-09T22:52:02
tau2_prep_check,telecom,telecom,none,[mms_issue]airplane_mode_on|bad_network_preference|bad_wifi_calling|break_apn_mms_setting|user_abroad_roaming_disabled_on[PERSONA:Hard],telecom_0000,0,1228,pending,0,tau2_prep_check_telecom_0000,C:\Users\86132\Desktop\SafeDesk\benchmarks\tau2-bench\data\simulations\tau2_prep_check_telecom_0000\results.json,,2026-07-09T22:52:02
tau2_prep_check,telecom,telecom,none,[mms_issue]airplane_mode_on|bad_network_preference|bad_wifi_calling|break_app_sms_permission|user_abroad_roaming_disabled_on[PERSONA:None],telecom_0000,0,1229,pending,0,tau2_prep_check_telecom_0000,C:\Users\86132\Desktop\SafeDesk\benchmarks\tau2-bench\data\simulations\tau2_prep_check_telecom_0000\results.json,,2026-07-09T22:52:02
tau2_prep_check,telecom,telecom,none,[mms_issue]airplane_mode_on|bad_network_preference|bad_wifi_calling|break_app_storage_permission|user_abroad_roaming_disabled_on[PERSONA:Easy],telecom_0000,0,1230,pending,0,tau2_prep_check_telecom_0000,C:\Users\86132\Desktop\SafeDesk\benchmarks\tau2-bench\data\simulations\tau2_prep_check_telecom_0000\results.json,,2026-07-09T22:52:02
tau2_prep_check,telecom,telecom,none,[mms_issue]airplane_mode_on|bad_network_preference|bad_wifi_calling|break_app_both_permissions|user_abroad_roaming_disabled_on[PERSONA:Hard],telecom_0000,0,1231,pending,0,tau2_prep_check_telecom_0000,C:\Users\86132\Desktop\SafeDesk\benchmarks\tau2-bench\data\simulations\tau2_prep_check_telecom_0000\results.json,,2026-07-09T22:52:02
tau2_prep_check,telecom,telecom,none,[mms_issue]airplane_mode_on|bad_network_preference|break_apn_mms_setting|break_app_sms_permission|user_abroad_roaming_disabled_on[PERSONA:None],telecom_0000,0,1232,pending,0,tau2_prep_check_telecom_0000,C:\Users\86132\Desktop\SafeDesk\benchmarks\tau2-bench\data\simulations\tau2_prep_check_telecom_0000\results.json,,2026-07-09T22:52:02
tau2_prep_check,telecom,telecom,none,[mms_issue]airplane_mode_on|bad_network_preference|break_apn_mms_setting|break_app_storage_permission|user_abroad_roaming_disabled_on[PERSONA:Easy],telecom_0000,0,1233,pending,0,tau2_prep_check_telecom_0000,C:\Users\86132\Desktop\SafeDesk\benchmarks\tau2-bench\data\simulations\tau2_prep_check_telecom_0000\results.json,,2026-07-09T22:52:02
tau2_prep_check,telecom,telecom,none,[mms_issue]airplane_mode_on|bad_network_preference|break_apn_mms_setting|break_app_both_permissions|user_abroad_roaming_disabled_on[PERSONA:Hard],telecom_0000,0,1234,pending,0,tau2_prep_check_telecom_0000,C:\Users\86132\Desktop\SafeDesk\benchmarks\tau2-bench\data\simulations\tau2_prep_check_telecom_0000\results.json,,2026-07-09T22:52:02
tau2_prep_check,telecom,telecom,none,[mms_issue]airplane_mode_on|bad_wifi_calling|break_apn_mms_setting|break_app_sms_permission|user_abroad_roaming_disabled_on[PERSONA:None],telecom_0000,0,1235,pending,0,tau2_prep_check_telecom_0000,C:\Users\86132\Desktop\SafeDesk\benchmarks\tau2-bench\data\simulations\tau2_prep_check_telecom_0000\results.json,,2026-07-09T22:52:02
tau2_prep_check,telecom,telecom,none,[mms_issue]airplane_mode_on|bad_wifi_calling|break_apn_mms_setting|break_app_storage_permission|user_abroad_roaming_disabled_on[PERSONA:Easy],telecom_0000,0,1236,pending,0,tau2_prep_check_telecom_0000,C:\Users\86132\Desktop\SafeDesk\benchmarks\tau2-bench\data\simulations\tau2_prep_check_telecom_0000\results.json,,2026-07-09T22:52:02
tau2_prep_check,telecom,telecom,none,[mms_issue]airplane_mode_on|bad_wifi_calling|break_apn_mms_setting|break_app_both_permissions|user_abroad_roaming_disabled_on[PERSONA:Hard],telecom_0000,0,1237,pending,0,tau2_prep_check_telecom_0000,C:\Users\86132\Desktop\SafeDesk\benchmarks\tau2-bench\data\simulations\tau2_prep_check_telecom_0000\results.json,,2026-07-09T22:52:02
tau2_prep_check,telecom,telecom,none,[mms_issue]airplane_mode_on|bad_network_preference|bad_wifi_calling|break_apn_mms_setting|user_abroad_roaming_disabled_off[PERSONA:None],telecom_0000,0,1238,pending,0,tau2_prep_check_telecom_0000,C:\Users\86132\Desktop\SafeDesk\benchmarks\tau2-bench\data\simulations\tau2_prep_check_telecom_0000\results.json,,2026-07-09T22:52:02
tau2_prep_check,telecom,telecom,none,[mms_issue]airplane_mode_on|bad_network_preference|bad_wifi_calling|break_app_sms_permission|user_abroad_roaming_disabled_off[PERSONA:Easy],telecom_0000,0,1239,pending,0,tau2_prep_check_telecom_0000,C:\Users\86132\Desktop\SafeDesk\benchmarks\tau2-bench\data\simulations\tau2_prep_check_telecom_0000\results.json,,2026-07-09T22:52:02
tau2_prep_check,telecom,telecom,none,[mms_issue]airplane_mode_on|bad_network_preference|bad_wifi_calling|break_app_storage_permission|user_abroad_roaming_disabled_off[PERSONA:Hard],telecom_0000,0,1240,pending,0,tau2_prep_check_telecom_0000,C:\Users\86132\Desktop\SafeDesk\benchmarks\tau2-bench\data\simulations\tau2_prep_check_telecom_0000\results.json,,2026-07-09T22:52:02
tau2_prep_check,telecom,telecom,none,[mms_issue]airplane_mode_on|bad_network_preference|bad_wifi_calling|break_app_both_permissions|user_abroad_roaming_disabled_off[PERSONA:None],telecom_0000,0,1241,pending,0,tau2_prep_check_telecom_0000,C:\Users\86132\Desktop\SafeDesk\benchmarks\tau2-bench\data\simulations\tau2_prep_check_telecom_0000\results.json,,2026-07-09T22:52:02
tau2_prep_check,telecom,telecom,none,[mms_issue]airplane_mode_on|bad_network_preference|break_apn_mms_setting|break_app_sms_permission|user_abroad_roaming_disabled_off[PERSONA:Easy],telecom_0000,0,1242,pending,0,tau2_prep_check_telecom_0000,C:\Users\86132\Desktop\SafeDesk\benchmarks\tau2-bench\data\simulations\tau2_prep_check_telecom_0000\results.json,,2026-07-09T22:52:02
tau2_prep_check,telecom,telecom,none,[mms_issue]airplane_mode_on|bad_network_preference|break_apn_mms_setting|break_app_storage_permission|user_abroad_roaming_disabled_off[PERSONA:Hard],telecom_0000,0,1243,pending,0,tau2_prep_check_telecom_0000,C:\Users\86132\Desktop\SafeDesk\benchmarks\tau2-bench\data\simulations\tau2_prep_check_telecom_0000\results.json,,2026-07-09T22:52:02
tau2_prep_check,telecom,telecom,none,[mms_issue]airplane_mode_on|bad_network_preference|break_apn_mms_setting|break_app_both_permissions|user_abroad_roaming_disabled_off[PERSONA:None],telecom_0000,0,1244,pending,0,tau2_prep_check_telecom_0000,C:\Users\86132\Desktop\SafeDesk\benchmarks\tau2-bench\data\simulations\tau2_prep_check_telecom_0000\results.json,,2026-07-09T22:52:02
tau2_prep_check,telecom,telecom,none,[mms_issue]airplane_mode_on|bad_wifi_calling|break_apn_mms_setting|break_app_sms_permission|user_abroad_roaming_disabled_off[PERSONA:Easy],telecom_0000,0,1245,pending,0,tau2_prep_check_telecom_0000,C:\Users\86132\Desktop\SafeDesk\benchmarks\tau2-bench\data\simulations\tau2_prep_check_telecom_0000\results.json,,2026-07-09T22:52:02
tau2_prep_check,telecom,telecom,none,[mms_issue]airplane_mode_on|bad_wifi_calling|break_apn_mms_setting|break_app_storage_permission|user_abroad_roaming_disabled_off[PERSONA:Hard],telecom_0000,0,1246,pending,0,tau2_prep_check_telecom_0000,C:\Users\86132\Desktop\SafeDesk\benchmarks\tau2-bench\data\simulations\tau2_prep_check_telecom_0000\results.json,,2026-07-09T22:52:02
tau2_prep_check,telecom,telecom,none,[mms_issue]airplane_mode_on|bad_wifi_calling|break_apn_mms_setting|break_app_both_permissions|user_abroad_roaming_disabled_off[PERSONA:None],telecom_0000,0,1247,pending,0,tau2_prep_check_telecom_0000,C:\Users\86132\Desktop\SafeDesk\benchmarks\tau2-bench\data\simulations\tau2_prep_check_telecom_0000\results.json,,2026-07-09T22:52:02
tau2_prep_check,telecom,telecom,none,[mms_issue]airplane_mode_on|bad_network_preference|bad_wifi_calling|break_apn_mms_setting|break_app_sms_permission[PERSONA:Easy],telecom_0000,0,1248,pending,0,tau2_prep_check_telecom_0000,C:\Users\86132\Desktop\SafeDesk\benchmarks\tau2-bench\data\simulations\tau2_prep_check_telecom_0000\results.json,,2026-07-09T22:52:02
tau2_prep_check,telecom,telecom,none,[mms_issue]airplane_mode_on|bad_network_preference|bad_wifi_calling|break_apn_mms_setting|break_app_storage_permission[PERSONA:Hard],telecom_0000,0,1249,pending,0,tau2_prep_check_telecom_0000,C:\Users\86132\Desktop\SafeDesk\benchmarks\tau2-bench\data\simulations\tau2_prep_check_telecom_0000\results.json,,2026-07-09T22:52:02
tau2_prep_check,telecom,telecom,none,[mms_issue]airplane_mode_on|bad_network_preference|bad_wifi_calling|break_apn_mms_setting|break_app_both_permissions[PERSONA:None],telecom_0000,0,1250,pending,0,tau2_prep_check_telecom_0000,C:\Users\86132\Desktop\SafeDesk\benchmarks\tau2-bench\data\simulations\tau2_prep_check_telecom_0000\results.json,,2026-07-09T22:52:02
tau2_prep_check,telecom,telecom,none,[mms_issue]bad_network_preference|data_mode_off|data_usage_exceeded|unseat_sim_card|user_abroad_roaming_enabled_off[PERSONA:Easy],telecom_0000,0,1251,pending,0,tau2_prep_check_telecom_0000,C:\Users\86132\Desktop\SafeDesk\benchmarks\tau2-bench\data\simulations\tau2_prep_check_telecom_0000\results.json,,2026-07-09T22:52:02
tau2_prep_check,telecom,telecom,none,[mms_issue]bad_wifi_calling|data_mode_off|data_usage_exceeded|unseat_sim_card|user_abroad_roaming_enabled_off[PERSONA:Hard],telecom_0000,0,1252,pending,0,tau2_prep_check_telecom_0000,C:\Users\86132\Desktop\SafeDesk\benchmarks\tau2-bench\data\simulations\tau2_prep_check_telecom_0000\results.json,,2026-07-09T22:52:02
tau2_prep_check,telecom,telecom,none,[mms_issue]break_apn_mms_setting|data_mode_off|data_usage_exceeded|unseat_sim_card|user_abroad_roaming_enabled_off[PERSONA:None],telecom_0000,0,1253,pending,0,tau2_prep_check_telecom_0000,C:\Users\86132\Desktop\SafeDesk\benchmarks\tau2-bench\data\simulations\tau2_prep_check_telecom_0000\results.json,,2026-07-09T22:52:02
tau2_prep_check,telecom,telecom,none,[mms_issue]break_app_sms_permission|data_mode_off|data_usage_exceeded|unseat_sim_card|user_abroad_roaming_enabled_off[PERSONA:Easy],telecom_0000,0,1254,pending,0,tau2_prep_check_telecom_0000,C:\Users\86132\Desktop\SafeDesk\benchmarks\tau2-bench\data\simulations\tau2_prep_check_telecom_0000\results.json,,2026-07-09T22:52:02
tau2_prep_check,telecom,telecom,none,[mms_issue]break_app_storage_permission|data_mode_off|data_usage_exceeded|unseat_sim_card|user_abroad_roaming_enabled_off[PERSONA:Hard],telecom_0000,0,1255,pending,0,tau2_prep_check_telecom_0000,C:\Users\86132\Desktop\SafeDesk\benchmarks\tau2-bench\data\simulations\tau2_prep_check_telecom_0000\results.json,,2026-07-09T22:52:02
tau2_prep_check,telecom,telecom,none,[mms_issue]break_app_both_permissions|data_mode_off|data_usage_exceeded|unseat_sim_card|user_abroad_roaming_enabled_off[PERSONA:None],telecom_0000,0,1256,pending,0,tau2_prep_check_telecom_0000,C:\Users\86132\Desktop\SafeDesk\benchmarks\tau2-bench\data\simulations\tau2_prep_check_telecom_0000\results.json,,2026-07-09T22:52:02
tau2_prep_check,telecom,telecom,none,[mms_issue]bad_network_preference|data_mode_off|data_usage_exceeded|unseat_sim_card|user_abroad_roaming_disabled_on[PERSONA:Easy],telecom_0000,0,1257,pending,0,tau2_prep_check_telecom_0000,C:\Users\86132\Desktop\SafeDesk\benchmarks\tau2-bench\data\simulations\tau2_prep_check_telecom_0000\results.json,,2026-07-09T22:52:02
tau2_prep_check,telecom,telecom,none,[mms_issue]bad_wifi_calling|data_mode_off|data_usage_exceeded|unseat_sim_card|user_abroad_roaming_disabled_on[PERSONA:Hard],telecom_0000,0,1258,pending,0,tau2_prep_check_telecom_0000,C:\Users\86132\Desktop\SafeDesk\benchmarks\tau2-bench\data\simulations\tau2_prep_check_telecom_0000\results.json,,2026-07-09T22:52:02
tau2_prep_check,telecom,telecom,none,[mms_issue]break_apn_mms_setting|data_mode_off|data_usage_exceeded|unseat_sim_card|user_abroad_roaming_disabled_on[PERSONA:None],telecom_0000,0,1259,pending,0,tau2_prep_check_telecom_0000,C:\Users\86132\Desktop\SafeDesk\benchmarks\tau2-bench\data\simulations\tau2_prep_check_telecom_0000\results.json,,2026-07-09T22:52:02
tau2_prep_check,telecom,telecom,none,[mms_issue]break_app_sms_permission|data_mode_off|data_usage_exceeded|unseat_sim_card|user_abroad_roaming_disabled_on[PERSONA:Easy],telecom_0000,0,1260,pending,0,tau2_prep_check_telecom_0000,C:\Users\86132\Desktop\SafeDesk\benchmarks\tau2-bench\data\simulations\tau2_prep_check_telecom_0000\results.json,,2026-07-09T22:52:02
tau2_prep_check,telecom,telecom,none,[mms_issue]break_app_storage_permission|data_mode_off|data_usage_exceeded|unseat_sim_card|user_abroad_roaming_disabled_on[PERSONA:Hard],telecom_0000,0,1261,pending,0,tau2_prep_check_telecom_0000,C:\Users\86132\Desktop\SafeDesk\benchmarks\tau2-bench\data\simulations\tau2_prep_check_telecom_0000\results.json,,2026-07-09T22:52:02
tau2_prep_check,telecom,telecom,none,[mms_issue]break_app_both_permissions|data_mode_off|data_usage_exceeded|unseat_sim_card|user_abroad_roaming_disabled_on[PERSONA:None],telecom_0000,0,1262,pending,0,tau2_prep_check_telecom_0000,C:\Users\86132\Desktop\SafeDesk\benchmarks\tau2-bench\data\simulations\tau2_prep_check_telecom_0000\results.json,,2026-07-09T22:52:02
tau2_prep_check,telecom,telecom,none,[mms_issue]bad_network_preference|data_mode_off|data_usage_exceeded|unseat_sim_card|user_abroad_roaming_disabled_off[PERSONA:Easy],telecom_0000,0,1263,pending,0,tau2_prep_check_telecom_0000,C:\Users\86132\Desktop\SafeDesk\benchmarks\tau2-bench\data\simulations\tau2_prep_check_telecom_0000\results.json,,2026-07-09T22:52:02
tau2_prep_check,telecom,telecom,none,[mms_issue]bad_wifi_calling|data_mode_off|data_usage_exceeded|unseat_sim_card|user_abroad_roaming_disabled_off[PERSONA:Hard],telecom_0000,0,1264,pending,0,tau2_prep_check_telecom_0000,C:\Users\86132\Desktop\SafeDesk\benchmarks\tau2-bench\data\simulations\tau2_prep_check_telecom_0000\results.json,,2026-07-09T22:52:02
tau2_prep_check,telecom,telecom,none,[mms_issue]break_apn_mms_setting|data_mode_off|data_usage_exceeded|unseat_sim_card|user_abroad_roaming_disabled_off[PERSONA:None],telecom_0000,0,1265,pending,0,tau2_prep_check_telecom_0000,C:\Users\86132\Desktop\SafeDesk\benchmarks\tau2-bench\data\simulations\tau2_prep_check_telecom_0000\results.json,,2026-07-09T22:52:02
tau2_prep_check,telecom,telecom,none,[mms_issue]break_app_sms_permission|data_mode_off|data_usage_exceeded|unseat_sim_card|user_abroad_roaming_disabled_off[PERSONA:Easy],telecom_0000,0,1266,pending,0,tau2_prep_check_telecom_0000,C:\Users\86132\Desktop\SafeDesk\benchmarks\tau2-bench\data\simulations\tau2_prep_check_telecom_0000\results.json,,2026-07-09T22:52:02
tau2_prep_check,telecom,telecom,none,[mms_issue]break_app_storage_permission|data_mode_off|data_usage_exceeded|unseat_sim_card|user_abroad_roaming_disabled_off[PERSONA:Hard],telecom_0000,0,1267,pending,0,tau2_prep_check_telecom_0000,C:\Users\86132\Desktop\SafeDesk\benchmarks\tau2-bench\data\simulations\tau2_prep_check_telecom_0000\results.json,,2026-07-09T22:52:02
tau2_prep_check,telecom,telecom,none,[mms_issue]break_app_both_permissions|data_mode_off|data_usage_exceeded|unseat_sim_card|user_abroad_roaming_disabled_off[PERSONA:None],telecom_0000,0,1268,pending,0,tau2_prep_check_telecom_0000,C:\Users\86132\Desktop\SafeDesk\benchmarks\tau2-bench\data\simulations\tau2_prep_check_telecom_0000\results.json,,2026-07-09T22:52:02
tau2_prep_check,telecom,telecom,none,[mms_issue]bad_network_preference|bad_wifi_calling|data_mode_off|data_usage_exceeded|unseat_sim_card[PERSONA:Easy],telecom_0000,0,1269,pending,0,tau2_prep_check_telecom_0000,C:\Users\86132\Desktop\SafeDesk\benchmarks\tau2-bench\data\simulations\tau2_prep_check_telecom_0000\results.json,,2026-07-09T22:52:02
tau2_prep_check,telecom,telecom,none,[mms_issue]bad_network_preference|break_apn_mms_setting|data_mode_off|data_usage_exceeded|unseat_sim_card[PERSONA:Hard],telecom_0000,0,1270,pending,0,tau2_prep_check_telecom_0000,C:\Users\86132\Desktop\SafeDesk\benchmarks\tau2-bench\data\simulations\tau2_prep_check_telecom_0000\results.json,,2026-07-09T22:52:02
tau2_prep_check,telecom,telecom,none,[mms_issue]bad_network_preference|break_app_sms_permission|data_mode_off|data_usage_exceeded|unseat_sim_card[PERSONA:None],telecom_0000,0,1271,pending,0,tau2_prep_check_telecom_0000,C:\Users\86132\Desktop\SafeDesk\benchmarks\tau2-bench\data\simulations\tau2_prep_check_telecom_0000\results.json,,2026-07-09T22:52:02
tau2_prep_check,telecom,telecom,none,[mms_issue]bad_network_preference|break_app_storage_permission|data_mode_off|data_usage_exceeded|unseat_sim_card[PERSONA:Easy],telecom_0000,0,1272,pending,0,tau2_prep_check_telecom_0000,C:\Users\86132\Desktop\SafeDesk\benchmarks\tau2-bench\data\simulations\tau2_prep_check_telecom_0000\results.json,,2026-07-09T22:52:02
tau2_prep_check,telecom,telecom,none,[mms_issue]bad_network_preference|break_app_both_permissions|data_mode_off|data_usage_exceeded|unseat_sim_card[PERSONA:Hard],telecom_0000,0,1273,pending,0,tau2_prep_check_telecom_0000,C:\Users\86132\Desktop\SafeDesk\benchmarks\tau2-bench\data\simulations\tau2_prep_check_telecom_0000\results.json,,2026-07-09T22:52:02
tau2_prep_check,telecom,telecom,none,[mms_issue]bad_wifi_calling|break_apn_mms_setting|data_mode_off|data_usage_exceeded|unseat_sim_card[PERSONA:None],telecom_0000,0,1274,pending,0,tau2_prep_check_telecom_0000,C:\Users\86132\Desktop\SafeDesk\benchmarks\tau2-bench\data\simulations\tau2_prep_check_telecom_0000\results.json,,2026-07-09T22:52:02
tau2_prep_check,telecom,telecom,none,[mms_issue]bad_wifi_calling|break_app_sms_permission|data_mode_off|data_usage_exceeded|unseat_sim_card[PERSONA:Easy],telecom_0000,0,1275,pending,0,tau2_prep_check_telecom_0000,C:\Users\86132\Desktop\SafeDesk\benchmarks\tau2-bench\data\simulations\tau2_prep_check_telecom_0000\results.json,,2026-07-09T22:52:02
tau2_prep_check,telecom,telecom,none,[mms_issue]bad_wifi_calling|break_app_storage_permission|data_mode_off|data_usage_exceeded|unseat_sim_card[PERSONA:Hard],telecom_0000,0,1276,pending,0,tau2_prep_check_telecom_0000,C:\Users\86132\Desktop\SafeDesk\benchmarks\tau2-bench\data\simulations\tau2_prep_check_telecom_0000\results.json,,2026-07-09T22:52:02
tau2_prep_check,telecom,telecom,none,[mms_issue]bad_wifi_calling|break_app_both_permissions|data_mode_off|data_usage_exceeded|unseat_sim_card[PERSONA:None],telecom_0000,0,1277,pending,0,tau2_prep_check_telecom_0000,C:\Users\86132\Desktop\SafeDesk\benchmarks\tau2-bench\data\simulations\tau2_prep_check_telecom_0000\results.json,,2026-07-09T22:52:02
tau2_prep_check,telecom,telecom,none,[mms_issue]break_apn_mms_setting|break_app_sms_permission|data_mode_off|data_usage_exceeded|unseat_sim_card[PERSONA:Easy],telecom_0000,0,1278,pending,0,tau2_prep_check_telecom_0000,C:\Users\86132\Desktop\SafeDesk\benchmarks\tau2-bench\data\simulations\tau2_prep_check_telecom_0000\results.json,,2026-07-09T22:52:02
tau2_prep_check,telecom,telecom,none,[mms_issue]break_apn_mms_setting|break_app_storage_permission|data_mode_off|data_usage_exceeded|unseat_sim_card[PERSONA:Hard],telecom_0000,0,1279,pending,0,tau2_prep_check_telecom_0000,C:\Users\86132\Desktop\SafeDesk\benchmarks\tau2-bench\data\simulations\tau2_prep_check_telecom_0000\results.json,,2026-07-09T22:52:02
tau2_prep_check,telecom,telecom,none,[mms_issue]break_apn_mms_setting|break_app_both_permissions|data_mode_off|data_usage_exceeded|unseat_sim_card[PERSONA:None],telecom_0000,0,1280,pending,0,tau2_prep_check_telecom_0000,C:\Users\86132\Desktop\SafeDesk\benchmarks\tau2-bench\data\simulations\tau2_prep_check_telecom_0000\results.json,,2026-07-09T22:52:02
tau2_prep_check,telecom,telecom,none,[mms_issue]bad_network_preference|bad_wifi_calling|data_mode_off|unseat_sim_card|user_abroad_roaming_enabled_off[PERSONA:Easy],telecom_0000,0,1281,pending,0,tau2_prep_check_telecom_0000,C:\Users\86132\Desktop\SafeDesk\benchmarks\tau2-bench\data\simulations\tau2_prep_check_telecom_0000\results.json,,2026-07-09T22:52:02
tau2_prep_check,telecom,telecom,none,[mms_issue]bad_network_preference|break_apn_mms_setting|data_mode_off|unseat_sim_card|user_abroad_roaming_enabled_off[PERSONA:Hard],telecom_0000,0,1282,pending,0,tau2_prep_check_telecom_0000,C:\Users\86132\Desktop\SafeDesk\benchmarks\tau2-bench\data\simulations\tau2_prep_check_telecom_0000\results.json,,2026-07-09T22:52:02
tau2_prep_check,telecom,telecom,none,[mms_issue]bad_network_preference|break_app_sms_permission|data_mode_off|unseat_sim_card|user_abroad_roaming_enabled_off[PERSONA:None],telecom_0000,0,1283,pending,0,tau2_prep_check_telecom_0000,C:\Users\86132\Desktop\SafeDesk\benchmarks\tau2-bench\data\simulations\tau2_prep_check_telecom_0000\results.json,,2026-07-09T22:52:02
tau2_prep_check,telecom,telecom,none,[mms_issue]bad_network_preference|break_app_storage_permission|data_mode_off|unseat_sim_card|user_abroad_roaming_enabled_off[PERSONA:Easy],telecom_0000,0,1284,pending,0,tau2_prep_check_telecom_0000,C:\Users\86132\Desktop\SafeDesk\benchmarks\tau2-bench\data\simulations\tau2_prep_check_telecom_0000\results.json,,2026-07-09T22:52:02
tau2_prep_check,telecom,telecom,none,[mms_issue]bad_network_preference|break_app_both_permissions|data_mode_off|unseat_sim_card|user_abroad_roaming_enabled_off[PERSONA:Hard],telecom_0000,0,1285,pending,0,tau2_prep_check_telecom_0000,C:\Users\86132\Desktop\SafeDesk\benchmarks\tau2-bench\data\simulations\tau2_prep_check_telecom_0000\results.json,,2026-07-09T22:52:02
tau2_prep_check,telecom,telecom,none,[mms_issue]bad_wifi_calling|break_apn_mms_setting|data_mode_off|unseat_sim_card|user_abroad_roaming_enabled_off[PERSONA:None],telecom_0000,0,1286,pending,0,tau2_prep_check_telecom_0000,C:\Users\86132\Desktop\SafeDesk\benchmarks\tau2-bench\data\simulations\tau2_prep_check_telecom_0000\results.json,,2026-07-09T22:52:02
tau2_prep_check,telecom,telecom,none,[mms_issue]bad_wifi_calling|break_app_sms_permission|data_mode_off|unseat_sim_card|user_abroad_roaming_enabled_off[PERSONA:Easy],telecom_0000,0,1287,pending,0,tau2_prep_check_telecom_0000,C:\Users\86132\Desktop\SafeDesk\benchmarks\tau2-bench\data\simulations\tau2_prep_check_telecom_0000\results.json,,2026-07-09T22:52:02
tau2_prep_check,telecom,telecom,none,[mms_issue]bad_wifi_calling|break_app_storage_permission|data_mode_off|unseat_sim_card|user_abroad_roaming_enabled_off[PERSONA:Hard],telecom_0000,0,1288,pending,0,tau2_prep_check_telecom_0000,C:\Users\86132\Desktop\SafeDesk\benchmarks\tau2-bench\data\simulations\tau2_prep_check_telecom_0000\results.json,,2026-07-09T22:52:02
tau2_prep_check,telecom,telecom,none,[mms_issue]bad_wifi_calling|break_app_both_permissions|data_mode_off|unseat_sim_card|user_abroad_roaming_enabled_off[PERSONA:None],telecom_0000,0,1289,pending,0,tau2_prep_check_telecom_0000,C:\Users\86132\Desktop\SafeDesk\benchmarks\tau2-bench\data\simulations\tau2_prep_check_telecom_0000\results.json,,2026-07-09T22:52:02
tau2_prep_check,telecom,telecom,none,[mms_issue]break_apn_mms_setting|break_app_sms_permission|data_mode_off|unseat_sim_card|user_abroad_roaming_enabled_off[PERSONA:Easy],telecom_0000,0,1290,pending,0,tau2_prep_check_telecom_0000,C:\Users\86132\Desktop\SafeDesk\benchmarks\tau2-bench\data\simulations\tau2_prep_check_telecom_0000\results.json,,2026-07-09T22:52:02
tau2_prep_check,telecom,telecom,none,[mms_issue]break_apn_mms_setting|break_app_storage_permission|data_mode_off|unseat_sim_card|user_abroad_roaming_enabled_off[PERSONA:Hard],telecom_0000,0,1291,pending,0,tau2_prep_check_telecom_0000,C:\Users\86132\Desktop\SafeDesk\benchmarks\tau2-bench\data\simulations\tau2_prep_check_telecom_0000\results.json,,2026-07-09T22:52:02
tau2_prep_check,telecom,telecom,none,[mms_issue]break_apn_mms_setting|break_app_both_permissions|data_mode_off|unseat_sim_card|user_abroad_roaming_enabled_off[PERSONA:None],telecom_0000,0,1292,pending,0,tau2_prep_check_telecom_0000,C:\Users\86132\Desktop\SafeDesk\benchmarks\tau2-bench\data\simulations\tau2_prep_check_telecom_0000\results.json,,2026-07-09T22:52:02
tau2_prep_check,telecom,telecom,none,[mms_issue]bad_network_preference|bad_wifi_calling|data_mode_off|unseat_sim_card|user_abroad_roaming_disabled_on[PERSONA:Easy],telecom_0000,0,1293,pending,0,tau2_prep_check_telecom_0000,C:\Users\86132\Desktop\SafeDesk\benchmarks\tau2-bench\data\simulations\tau2_prep_check_telecom_0000\results.json,,2026-07-09T22:52:02
tau2_prep_check,telecom,telecom,none,[mms_issue]bad_network_preference|break_apn_mms_setting|data_mode_off|unseat_sim_card|user_abroad_roaming_disabled_on[PERSONA:Hard],telecom_0000,0,1294,pending,0,tau2_prep_check_telecom_0000,C:\Users\86132\Desktop\SafeDesk\benchmarks\tau2-bench\data\simulations\tau2_prep_check_telecom_0000\results.json,,2026-07-09T22:52:02
tau2_prep_check,telecom,telecom,none,[mms_issue]bad_network_preference|break_app_sms_permission|data_mode_off|unseat_sim_card|user_abroad_roaming_disabled_on[PERSONA:None],telecom_0000,0,1295,pending,0,tau2_prep_check_telecom_0000,C:\Users\86132\Desktop\SafeDesk\benchmarks\tau2-bench\data\simulations\tau2_prep_check_telecom_0000\results.json,,2026-07-09T22:52:02
tau2_prep_check,telecom,telecom,none,[mms_issue]bad_network_preference|break_app_storage_permission|data_mode_off|unseat_sim_card|user_abroad_roaming_disabled_on[PERSONA:Easy],telecom_0000,0,1296,pending,0,tau2_prep_check_telecom_0000,C:\Users\86132\Desktop\SafeDesk\benchmarks\tau2-bench\data\simulations\tau2_prep_check_telecom_0000\results.json,,2026-07-09T22:52:02
tau2_prep_check,telecom,telecom,none,[mms_issue]bad_network_preference|break_app_both_permissions|data_mode_off|unseat_sim_card|user_abroad_roaming_disabled_on[PERSONA:Hard],telecom_0000,0,1297,pending,0,tau2_prep_check_telecom_0000,C:\Users\86132\Desktop\SafeDesk\benchmarks\tau2-bench\data\simulations\tau2_prep_check_telecom_0000\results.json,,2026-07-09T22:52:02
tau2_prep_check,telecom,telecom,none,[mms_issue]bad_wifi_calling|break_apn_mms_setting|data_mode_off|unseat_sim_card|user_abroad_roaming_disabled_on[PERSONA:None],telecom_0000,0,1298,pending,0,tau2_prep_check_telecom_0000,C:\Users\86132\Desktop\SafeDesk\benchmarks\tau2-bench\data\simulations\tau2_prep_check_telecom_0000\results.json,,2026-07-09T22:52:02
tau2_prep_check,telecom,telecom,none,[mms_issue]bad_wifi_calling|break_app_sms_permission|data_mode_off|unseat_sim_card|user_abroad_roaming_disabled_on[PERSONA:Easy],telecom_0000,0,1299,pending,0,tau2_prep_check_telecom_0000,C:\Users\86132\Desktop\SafeDesk\benchmarks\tau2-bench\data\simulations\tau2_prep_check_telecom_0000\results.json,,2026-07-09T22:52:02
tau2_prep_check,telecom,telecom,none,[mms_issue]bad_wifi_calling|break_app_storage_permission|data_mode_off|unseat_sim_card|user_abroad_roaming_disabled_on[PERSONA:Hard],telecom_0000,0,1300,pending,0,tau2_prep_check_telecom_0000,C:\Users\86132\Desktop\SafeDesk\benchmarks\tau2-bench\data\simulations\tau2_prep_check_telecom_0000\results.json,,2026-07-09T22:52:02
tau2_prep_check,telecom,telecom,none,[mms_issue]bad_wifi_calling|break_app_both_permissions|data_mode_off|unseat_sim_card|user_abroad_roaming_disabled_on[PERSONA:None],telecom_0000,0,1301,pending,0,tau2_prep_check_telecom_0000,C:\Users\86132\Desktop\SafeDesk\benchmarks\tau2-bench\data\simulations\tau2_prep_check_telecom_0000\results.json,,2026-07-09T22:52:02
tau2_prep_check,telecom,telecom,none,[mms_issue]break_apn_mms_setting|break_app_sms_permission|data_mode_off|unseat_sim_card|user_abroad_roaming_disabled_on[PERSONA:Easy],telecom_0000,0,1302,pending,0,tau2_prep_check_telecom_0000,C:\Users\86132\Desktop\SafeDesk\benchmarks\tau2-bench\data\simulations\tau2_prep_check_telecom_0000\results.json,,2026-07-09T22:52:02
tau2_prep_check,telecom,telecom,none,[mms_issue]break_apn_mms_setting|break_app_storage_permission|data_mode_off|unseat_sim_card|user_abroad_roaming_disabled_on[PERSONA:Hard],telecom_0000,0,1303,pending,0,tau2_prep_check_telecom_0000,C:\Users\86132\Desktop\SafeDesk\benchmarks\tau2-bench\data\simulations\tau2_prep_check_telecom_0000\results.json,,2026-07-09T22:52:02
tau2_prep_check,telecom,telecom,none,[mms_issue]break_apn_mms_setting|break_app_both_permissions|data_mode_off|unseat_sim_card|user_abroad_roaming_disabled_on[PERSONA:None],telecom_0000,0,1304,pending,0,tau2_prep_check_telecom_0000,C:\Users\86132\Desktop\SafeDesk\benchmarks\tau2-bench\data\simulations\tau2_prep_check_telecom_0000\results.json,,2026-07-09T22:52:02
tau2_prep_check,telecom,telecom,none,[mms_issue]bad_network_preference|bad_wifi_calling|data_mode_off|unseat_sim_card|user_abroad_roaming_disabled_off[PERSONA:Easy],telecom_0000,0,1305,pending,0,tau2_prep_check_telecom_0000,C:\Users\86132\Desktop\SafeDesk\benchmarks\tau2-bench\data\simulations\tau2_prep_check_telecom_0000\results.json,,2026-07-09T22:52:02
tau2_prep_check,telecom,telecom,none,[mms_issue]bad_network_preference|break_apn_mms_setting|data_mode_off|unseat_sim_card|user_abroad_roaming_disabled_off[PERSONA:Hard],telecom_0000,0,1306,pending,0,tau2_prep_check_telecom_0000,C:\Users\86132\Desktop\SafeDesk\benchmarks\tau2-bench\data\simulations\tau2_prep_check_telecom_0000\results.json,,2026-07-09T22:52:02
tau2_prep_check,telecom,telecom,none,[mms_issue]bad_network_preference|break_app_sms_permission|data_mode_off|unseat_sim_card|user_abroad_roaming_disabled_off[PERSONA:None],telecom_0000,0,1307,pending,0,tau2_prep_check_telecom_0000,C:\Users\86132\Desktop\SafeDesk\benchmarks\tau2-bench\data\simulations\tau2_prep_check_telecom_0000\results.json,,2026-07-09T22:52:02
tau2_prep_check,telecom,telecom,none,[mms_issue]bad_network_preference|break_app_storage_permission|data_mode_off|unseat_sim_card|user_abroad_roaming_disabled_off[PERSONA:Easy],telecom_0000,0,1308,pending,0,tau2_prep_check_telecom_0000,C:\Users\86132\Desktop\SafeDesk\benchmarks\tau2-bench\data\simulations\tau2_prep_check_telecom_0000\results.json,,2026-07-09T22:52:02
tau2_prep_check,telecom,telecom,none,[mms_issue]bad_network_preference|break_app_both_permissions|data_mode_off|unseat_sim_card|user_abroad_roaming_disabled_off[PERSONA:Hard],telecom_0000,0,1309,pending,0,tau2_prep_check_telecom_0000,C:\Users\86132\Desktop\SafeDesk\benchmarks\tau2-bench\data\simulations\tau2_prep_check_telecom_0000\results.json,,2026-07-09T22:52:02
tau2_prep_check,telecom,telecom,none,[mms_issue]bad_wifi_calling|break_apn_mms_setting|data_mode_off|unseat_sim_card|user_abroad_roaming_disabled_off[PERSONA:None],telecom_0000,0,1310,pending,0,tau2_prep_check_telecom_0000,C:\Users\86132\Desktop\SafeDesk\benchmarks\tau2-bench\data\simulations\tau2_prep_check_telecom_0000\results.json,,2026-07-09T22:52:02
tau2_prep_check,telecom,telecom,none,[mms_issue]bad_wifi_calling|break_app_sms_permission|data_mode_off|unseat_sim_card|user_abroad_roaming_disabled_off[PERSONA:Easy],telecom_0000,0,1311,pending,0,tau2_prep_check_telecom_0000,C:\Users\86132\Desktop\SafeDesk\benchmarks\tau2-bench\data\simulations\tau2_prep_check_telecom_0000\results.json,,2026-07-09T22:52:02
tau2_prep_check,telecom,telecom,none,[mms_issue]bad_wifi_calling|break_app_storage_permission|data_mode_off|unseat_sim_card|user_abroad_roaming_disabled_off[PERSONA:Hard],telecom_0000,0,1312,pending,0,tau2_prep_check_telecom_0000,C:\Users\86132\Desktop\SafeDesk\benchmarks\tau2-bench\data\simulations\tau2_prep_check_telecom_0000\results.json,,2026-07-09T22:52:02
tau2_prep_check,telecom,telecom,none,[mms_issue]bad_wifi_calling|break_app_both_permissions|data_mode_off|unseat_sim_card|user_abroad_roaming_disabled_off[PERSONA:None],telecom_0000,0,1313,pending,0,tau2_prep_check_telecom_0000,C:\Users\86132\Desktop\SafeDesk\benchmarks\tau2-bench\data\simulations\tau2_prep_check_telecom_0000\results.json,,2026-07-09T22:52:02
tau2_prep_check,telecom,telecom,none,[mms_issue]break_apn_mms_setting|break_app_sms_permission|data_mode_off|unseat_sim_card|user_abroad_roaming_disabled_off[PERSONA:Easy],telecom_0000,0,1314,pending,0,tau2_prep_check_telecom_0000,C:\Users\86132\Desktop\SafeDesk\benchmarks\tau2-bench\data\simulations\tau2_prep_check_telecom_0000\results.json,,2026-07-09T22:52:02
tau2_prep_check,telecom,telecom,none,[mms_issue]break_apn_mms_setting|break_app_storage_permission|data_mode_off|unseat_sim_card|user_abroad_roaming_disabled_off[PERSONA:Hard],telecom_0000,0,1315,pending,0,tau2_prep_check_telecom_0000,C:\Users\86132\Desktop\SafeDesk\benchmarks\tau2-bench\data\simulations\tau2_prep_check_telecom_0000\results.json,,2026-07-09T22:52:02
tau2_prep_check,telecom,telecom,none,[mms_issue]break_apn_mms_setting|break_app_both_permissions|data_mode_off|unseat_sim_card|user_abroad_roaming_disabled_off[PERSONA:None],telecom_0000,0,1316,pending,0,tau2_prep_check_telecom_0000,C:\Users\86132\Desktop\SafeDesk\benchmarks\tau2-bench\data\simulations\tau2_prep_check_telecom_0000\results.json,,2026-07-09T22:52:02
tau2_prep_check,telecom,telecom,none,[mms_issue]bad_network_preference|bad_wifi_calling|break_apn_mms_setting|data_mode_off|unseat_sim_card[PERSONA:Easy],telecom_0000,0,1317,pending,0,tau2_prep_check_telecom_0000,C:\Users\86132\Desktop\SafeDesk\benchmarks\tau2-bench\data\simulations\tau2_prep_check_telecom_0000\results.json,,2026-07-09T22:52:02
tau2_prep_check,telecom,telecom,none,[mms_issue]bad_network_preference|bad_wifi_calling|break_app_sms_permission|data_mode_off|unseat_sim_card[PERSONA:Hard],telecom_0000,0,1318,pending,0,tau2_prep_check_telecom_0000,C:\Users\86132\Desktop\SafeDesk\benchmarks\tau2-bench\data\simulations\tau2_prep_check_telecom_0000\results.json,,2026-07-09T22:52:02
tau2_prep_check,telecom,telecom,none,[mms_issue]bad_network_preference|bad_wifi_calling|break_app_storage_permission|data_mode_off|unseat_sim_card[PERSONA:None],telecom_0000,0,1319,pending,0,tau2_prep_check_telecom_0000,C:\Users\86132\Desktop\SafeDesk\benchmarks\tau2-bench\data\simulations\tau2_prep_check_telecom_0000\results.json,,2026-07-09T22:52:02
tau2_prep_check,telecom,telecom,none,[mms_issue]bad_network_preference|bad_wifi_calling|break_app_both_permissions|data_mode_off|unseat_sim_card[PERSONA:Easy],telecom_0000,0,1320,pending,0,tau2_prep_check_telecom_0000,C:\Users\86132\Desktop\SafeDesk\benchmarks\tau2-bench\data\simulations\tau2_prep_check_telecom_0000\results.json,,2026-07-09T22:52:02
tau2_prep_check,telecom,telecom,none,[mms_issue]bad_network_preference|break_apn_mms_setting|break_app_sms_permission|data_mode_off|unseat_sim_card[PERSONA:Hard],telecom_0000,0,1321,pending,0,tau2_prep_check_telecom_0000,C:\Users\86132\Desktop\SafeDesk\benchmarks\tau2-bench\data\simulations\tau2_prep_check_telecom_0000\results.json,,2026-07-09T22:52:02
tau2_prep_check,telecom,telecom,none,[mms_issue]bad_network_preference|break_apn_mms_setting|break_app_storage_permission|data_mode_off|unseat_sim_card[PERSONA:None],telecom_0000,0,1322,pending,0,tau2_prep_check_telecom_0000,C:\Users\86132\Desktop\SafeDesk\benchmarks\tau2-bench\data\simulations\tau2_prep_check_telecom_0000\results.json,,2026-07-09T22:52:02
tau2_prep_check,telecom,telecom,none,[mms_issue]bad_network_preference|break_apn_mms_setting|break_app_both_permissions|data_mode_off|unseat_sim_card[PERSONA:Easy],telecom_0000,0,1323,pending,0,tau2_prep_check_telecom_0000,C:\Users\86132\Desktop\SafeDesk\benchmarks\tau2-bench\data\simulations\tau2_prep_check_telecom_0000\results.json,,2026-07-09T22:52:02
tau2_prep_check,telecom,telecom,none,[mms_issue]bad_wifi_calling|break_apn_mms_setting|break_app_sms_permission|data_mode_off|unseat_sim_card[PERSONA:Hard],telecom_0000,0,1324,pending,0,tau2_prep_check_telecom_0000,C:\Users\86132\Desktop\SafeDesk\benchmarks\tau2-bench\data\simulations\tau2_prep_check_telecom_0000\results.json,,2026-07-09T22:52:02
tau2_prep_check,telecom,telecom,none,[mms_issue]bad_wifi_calling|break_apn_mms_setting|break_app_storage_permission|data_mode_off|unseat_sim_card[PERSONA:None],telecom_0000,0,1325,pending,0,tau2_prep_check_telecom_0000,C:\Users\86132\Desktop\SafeDesk\benchmarks\tau2-bench\data\simulations\tau2_prep_check_telecom_0000\results.json,,2026-07-09T22:52:02
tau2_prep_check,telecom,telecom,none,[mms_issue]bad_wifi_calling|break_apn_mms_setting|break_app_both_permissions|data_mode_off|unseat_sim_card[PERSONA:Easy],telecom_0000,0,1326,pending,0,tau2_prep_check_telecom_0000,C:\Users\86132\Desktop\SafeDesk\benchmarks\tau2-bench\data\simulations\tau2_prep_check_telecom_0000\results.json,,2026-07-09T22:52:02
tau2_prep_check,telecom,telecom,none,[mms_issue]bad_network_preference|bad_wifi_calling|data_usage_exceeded|unseat_sim_card|user_abroad_roaming_enabled_off[PERSONA:Hard],telecom_0000,0,1327,pending,0,tau2_prep_check_telecom_0000,C:\Users\86132\Desktop\SafeDesk\benchmarks\tau2-bench\data\simulations\tau2_prep_check_telecom_0000\results.json,,2026-07-09T22:52:02
tau2_prep_check,telecom,telecom,none,[mms_issue]bad_network_preference|break_apn_mms_setting|data_usage_exceeded|unseat_sim_card|user_abroad_roaming_enabled_off[PERSONA:None],telecom_0000,0,1328,pending,0,tau2_prep_check_telecom_0000,C:\Users\86132\Desktop\SafeDesk\benchmarks\tau2-bench\data\simulations\tau2_prep_check_telecom_0000\results.json,,2026-07-09T22:52:02
tau2_prep_check,telecom,telecom,none,[mms_issue]bad_network_preference|break_app_sms_permission|data_usage_exceeded|unseat_sim_card|user_abroad_roaming_enabled_off[PERSONA:Easy],telecom_0000,0,1329,pending,0,tau2_prep_check_telecom_0000,C:\Users\86132\Desktop\SafeDesk\benchmarks\tau2-bench\data\simulations\tau2_prep_check_telecom_0000\results.json,,2026-07-09T22:52:02
tau2_prep_check,telecom,telecom,none,[mms_issue]bad_network_preference|break_app_storage_permission|data_usage_exceeded|unseat_sim_card|user_abroad_roaming_enabled_off[PERSONA:Hard],telecom_0000,0,1330,pending,0,tau2_prep_check_telecom_0000,C:\Users\86132\Desktop\SafeDesk\benchmarks\tau2-bench\data\simulations\tau2_prep_check_telecom_0000\results.json,,2026-07-09T22:52:02
tau2_prep_check,telecom,telecom,none,[mms_issue]bad_network_preference|break_app_both_permissions|data_usage_exceeded|unseat_sim_card|user_abroad_roaming_enabled_off[PERSONA:None],telecom_0000,0,1331,pending,0,tau2_prep_check_telecom_0000,C:\Users\86132\Desktop\SafeDesk\benchmarks\tau2-bench\data\simulations\tau2_prep_check_telecom_0000\results.json,,2026-07-09T22:52:02
tau2_prep_check,telecom,telecom,none,[mms_issue]bad_wifi_calling|break_apn_mms_setting|data_usage_exceeded|unseat_sim_card|user_abroad_roaming_enabled_off[PERSONA:Easy],telecom_0000,0,1332,pending,0,tau2_prep_check_telecom_0000,C:\Users\86132\Desktop\SafeDesk\benchmarks\tau2-bench\data\simulations\tau2_prep_check_telecom_0000\results.json,,2026-07-09T22:52:02
tau2_prep_check,telecom,telecom,none,[mms_issue]bad_wifi_calling|break_app_sms_permission|data_usage_exceeded|unseat_sim_card|user_abroad_roaming_enabled_off[PERSONA:Hard],telecom_0000,0,1333,pending,0,tau2_prep_check_telecom_0000,C:\Users\86132\Desktop\SafeDesk\benchmarks\tau2-bench\data\simulations\tau2_prep_check_telecom_0000\results.json,,2026-07-09T22:52:02
tau2_prep_check,telecom,telecom,none,[mms_issue]bad_wifi_calling|break_app_storage_permission|data_usage_exceeded|unseat_sim_card|user_abroad_roaming_enabled_off[PERSONA:None],telecom_0000,0,1334,pending,0,tau2_prep_check_telecom_0000,C:\Users\86132\Desktop\SafeDesk\benchmarks\tau2-bench\data\simulations\tau2_prep_check_telecom_0000\results.json,,2026-07-09T22:52:02
tau2_prep_check,telecom,telecom,none,[mms_issue]bad_wifi_calling|break_app_both_permissions|data_usage_exceeded|unseat_sim_card|user_abroad_roaming_enabled_off[PERSONA:Easy],telecom_0000,0,1335,pending,0,tau2_prep_check_telecom_0000,C:\Users\86132\Desktop\SafeDesk\benchmarks\tau2-bench\data\simulations\tau2_prep_check_telecom_0000\results.json,,2026-07-09T22:52:02
tau2_prep_check,telecom,telecom,none,[mms_issue]break_apn_mms_setting|break_app_sms_permission|data_usage_exceeded|unseat_sim_card|user_abroad_roaming_enabled_off[PERSONA:Hard],telecom_0000,0,1336,pending,0,tau2_prep_check_telecom_0000,C:\Users\86132\Desktop\SafeDesk\benchmarks\tau2-bench\data\simulations\tau2_prep_check_telecom_0000\results.json,,2026-07-09T22:52:02
tau2_prep_check,telecom,telecom,none,[mms_issue]break_apn_mms_setting|break_app_storage_permission|data_usage_exceeded|unseat_sim_card|user_abroad_roaming_enabled_off[PERSONA:None],telecom_0000,0,1337,pending,0,tau2_prep_check_telecom_0000,C:\Users\86132\Desktop\SafeDesk\benchmarks\tau2-bench\data\simulations\tau2_prep_check_telecom_0000\results.json,,2026-07-09T22:52:02
tau2_prep_check,telecom,telecom,none,[mms_issue]break_apn_mms_setting|break_app_both_permissions|data_usage_exceeded|unseat_sim_card|user_abroad_roaming_enabled_off[PERSONA:Easy],telecom_0000,0,1338,pending,0,tau2_prep_check_telecom_0000,C:\Users\86132\Desktop\SafeDesk\benchmarks\tau2-bench\data\simulations\tau2_prep_check_telecom_0000\results.json,,2026-07-09T22:52:02
tau2_prep_check,telecom,telecom,none,[mms_issue]bad_network_preference|bad_wifi_calling|data_usage_exceeded|unseat_sim_card|user_abroad_roaming_disabled_on[PERSONA:Hard],telecom_0000,0,1339,pending,0,tau2_prep_check_telecom_0000,C:\Users\86132\Desktop\SafeDesk\benchmarks\tau2-bench\data\simulations\tau2_prep_check_telecom_0000\results.json,,2026-07-09T22:52:02
tau2_prep_check,telecom,telecom,none,[mms_issue]bad_network_preference|break_apn_mms_setting|data_usage_exceeded|unseat_sim_card|user_abroad_roaming_disabled_on[PERSONA:None],telecom_0000,0,1340,pending,0,tau2_prep_check_telecom_0000,C:\Users\86132\Desktop\SafeDesk\benchmarks\tau2-bench\data\simulations\tau2_prep_check_telecom_0000\results.json,,2026-07-09T22:52:02
tau2_prep_check,telecom,telecom,none,[mms_issue]bad_network_preference|break_app_sms_permission|data_usage_exceeded|unseat_sim_card|user_abroad_roaming_disabled_on[PERSONA:Easy],telecom_0000,0,1341,pending,0,tau2_prep_check_telecom_0000,C:\Users\86132\Desktop\SafeDesk\benchmarks\tau2-bench\data\simulations\tau2_prep_check_telecom_0000\results.json,,2026-07-09T22:52:02
tau2_prep_check,telecom,telecom,none,[mms_issue]bad_network_preference|break_app_storage_permission|data_usage_exceeded|unseat_sim_card|user_abroad_roaming_disabled_on[PERSONA:Hard],telecom_0000,0,1342,pending,0,tau2_prep_check_telecom_0000,C:\Users\86132\Desktop\SafeDesk\benchmarks\tau2-bench\data\simulations\tau2_prep_check_telecom_0000\results.json,,2026-07-09T22:52:02
tau2_prep_check,telecom,telecom,none,[mms_issue]bad_network_preference|break_app_both_permissions|data_usage_exceeded|unseat_sim_card|user_abroad_roaming_disabled_on[PERSONA:None],telecom_0000,0,1343,pending,0,tau2_prep_check_telecom_0000,C:\Users\86132\Desktop\SafeDesk\benchmarks\tau2-bench\data\simulations\tau2_prep_check_telecom_0000\results.json,,2026-07-09T22:52:02
tau2_prep_check,telecom,telecom,none,[mms_issue]bad_wifi_calling|break_apn_mms_setting|data_usage_exceeded|unseat_sim_card|user_abroad_roaming_disabled_on[PERSONA:Easy],telecom_0000,0,1344,pending,0,tau2_prep_check_telecom_0000,C:\Users\86132\Desktop\SafeDesk\benchmarks\tau2-bench\data\simulations\tau2_prep_check_telecom_0000\results.json,,2026-07-09T22:52:02
tau2_prep_check,telecom,telecom,none,[mms_issue]bad_wifi_calling|break_app_sms_permission|data_usage_exceeded|unseat_sim_card|user_abroad_roaming_disabled_on[PERSONA:Hard],telecom_0000,0,1345,pending,0,tau2_prep_check_telecom_0000,C:\Users\86132\Desktop\SafeDesk\benchmarks\tau2-bench\data\simulations\tau2_prep_check_telecom_0000\results.json,,2026-07-09T22:52:02
tau2_prep_check,telecom,telecom,none,[mms_issue]bad_wifi_calling|break_app_storage_permission|data_usage_exceeded|unseat_sim_card|user_abroad_roaming_disabled_on[PERSONA:None],telecom_0000,0,1346,pending,0,tau2_prep_check_telecom_0000,C:\Users\86132\Desktop\SafeDesk\benchmarks\tau2-bench\data\simulations\tau2_prep_check_telecom_0000\results.json,,2026-07-09T22:52:02
tau2_prep_check,telecom,telecom,none,[mms_issue]bad_wifi_calling|break_app_both_permissions|data_usage_exceeded|unseat_sim_card|user_abroad_roaming_disabled_on[PERSONA:Easy],telecom_0000,0,1347,pending,0,tau2_prep_check_telecom_0000,C:\Users\86132\Desktop\SafeDesk\benchmarks\tau2-bench\data\simulations\tau2_prep_check_telecom_0000\results.json,,2026-07-09T22:52:02
tau2_prep_check,telecom,telecom,none,[mms_issue]break_apn_mms_setting|break_app_sms_permission|data_usage_exceeded|unseat_sim_card|user_abroad_roaming_disabled_on[PERSONA:Hard],telecom_0000,0,1348,pending,0,tau2_prep_check_telecom_0000,C:\Users\86132\Desktop\SafeDesk\benchmarks\tau2-bench\data\simulations\tau2_prep_check_telecom_0000\results.json,,2026-07-09T22:52:02
tau2_prep_check,telecom,telecom,none,[mms_issue]break_apn_mms_setting|break_app_storage_permission|data_usage_exceeded|unseat_sim_card|user_abroad_roaming_disabled_on[PERSONA:None],telecom_0000,0,1349,pending,0,tau2_prep_check_telecom_0000,C:\Users\86132\Desktop\SafeDesk\benchmarks\tau2-bench\data\simulations\tau2_prep_check_telecom_0000\results.json,,2026-07-09T22:52:02
tau2_prep_check,telecom,telecom,none,[mms_issue]break_apn_mms_setting|break_app_both_permissions|data_usage_exceeded|unseat_sim_card|user_abroad_roaming_disabled_on[PERSONA:Easy],telecom_0000,0,1350,pending,0,tau2_prep_check_telecom_0000,C:\Users\86132\Desktop\SafeDesk\benchmarks\tau2-bench\data\simulations\tau2_prep_check_telecom_0000\results.json,,2026-07-09T22:52:02
tau2_prep_check,telecom,telecom,none,[mms_issue]bad_network_preference|bad_wifi_calling|data_usage_exceeded|unseat_sim_card|user_abroad_roaming_disabled_off[PERSONA:Hard],telecom_0000,0,1351,pending,0,tau2_prep_check_telecom_0000,C:\Users\86132\Desktop\SafeDesk\benchmarks\tau2-bench\data\simulations\tau2_prep_check_telecom_0000\results.json,,2026-07-09T22:52:02
tau2_prep_check,telecom,telecom,none,[mms_issue]bad_network_preference|break_apn_mms_setting|data_usage_exceeded|unseat_sim_card|user_abroad_roaming_disabled_off[PERSONA:None],telecom_0000,0,1352,pending,0,tau2_prep_check_telecom_0000,C:\Users\86132\Desktop\SafeDesk\benchmarks\tau2-bench\data\simulations\tau2_prep_check_telecom_0000\results.json,,2026-07-09T22:52:02
tau2_prep_check,telecom,telecom,none,[mms_issue]bad_network_preference|break_app_sms_permission|data_usage_exceeded|unseat_sim_card|user_abroad_roaming_disabled_off[PERSONA:Easy],telecom_0000,0,1353,pending,0,tau2_prep_check_telecom_0000,C:\Users\86132\Desktop\SafeDesk\benchmarks\tau2-bench\data\simulations\tau2_prep_check_telecom_0000\results.json,,2026-07-09T22:52:02
tau2_prep_check,telecom,telecom,none,[mms_issue]bad_network_preference|break_app_storage_permission|data_usage_exceeded|unseat_sim_card|user_abroad_roaming_disabled_off[PERSONA:Hard],telecom_0000,0,1354,pending,0,tau2_prep_check_telecom_0000,C:\Users\86132\Desktop\SafeDesk\benchmarks\tau2-bench\data\simulations\tau2_prep_check_telecom_0000\results.json,,2026-07-09T22:52:02
tau2_prep_check,telecom,telecom,none,[mms_issue]bad_network_preference|break_app_both_permissions|data_usage_exceeded|unseat_sim_card|user_abroad_roaming_disabled_off[PERSONA:None],telecom_0000,0,1355,pending,0,tau2_prep_check_telecom_0000,C:\Users\86132\Desktop\SafeDesk\benchmarks\tau2-bench\data\simulations\tau2_prep_check_telecom_0000\results.json,,2026-07-09T22:52:02
tau2_prep_check,telecom,telecom,none,[mms_issue]bad_wifi_calling|break_apn_mms_setting|data_usage_exceeded|unseat_sim_card|user_abroad_roaming_disabled_off[PERSONA:Easy],telecom_0000,0,1356,pending,0,tau2_prep_check_telecom_0000,C:\Users\86132\Desktop\SafeDesk\benchmarks\tau2-bench\data\simulations\tau2_prep_check_telecom_0000\results.json,,2026-07-09T22:52:02
tau2_prep_check,telecom,telecom,none,[mms_issue]bad_wifi_calling|break_app_sms_permission|data_usage_exceeded|unseat_sim_card|user_abroad_roaming_disabled_off[PERSONA:Hard],telecom_0000,0,1357,pending,0,tau2_prep_check_telecom_0000,C:\Users\86132\Desktop\SafeDesk\benchmarks\tau2-bench\data\simulations\tau2_prep_check_telecom_0000\results.json,,2026-07-09T22:52:02
tau2_prep_check,telecom,telecom,none,[mms_issue]bad_wifi_calling|break_app_storage_permission|data_usage_exceeded|unseat_sim_card|user_abroad_roaming_disabled_off[PERSONA:None],telecom_0000,0,1358,pending,0,tau2_prep_check_telecom_0000,C:\Users\86132\Desktop\SafeDesk\benchmarks\tau2-bench\data\simulations\tau2_prep_check_telecom_0000\results.json,,2026-07-09T22:52:02
tau2_prep_check,telecom,telecom,none,[mms_issue]bad_wifi_calling|break_app_both_permissions|data_usage_exceeded|unseat_sim_card|user_abroad_roaming_disabled_off[PERSONA:Easy],telecom_0000,0,1359,pending,0,tau2_prep_check_telecom_0000,C:\Users\86132\Desktop\SafeDesk\benchmarks\tau2-bench\data\simulations\tau2_prep_check_telecom_0000\results.json,,2026-07-09T22:52:02
tau2_prep_check,telecom,telecom,none,[mms_issue]break_apn_mms_setting|break_app_sms_permission|data_usage_exceeded|unseat_sim_card|user_abroad_roaming_disabled_off[PERSONA:Hard],telecom_0000,0,1360,pending,0,tau2_prep_check_telecom_0000,C:\Users\86132\Desktop\SafeDesk\benchmarks\tau2-bench\data\simulations\tau2_prep_check_telecom_0000\results.json,,2026-07-09T22:52:02
tau2_prep_check,telecom,telecom,none,[mms_issue]break_apn_mms_setting|break_app_storage_permission|data_usage_exceeded|unseat_sim_card|user_abroad_roaming_disabled_off[PERSONA:None],telecom_0000,0,1361,pending,0,tau2_prep_check_telecom_0000,C:\Users\86132\Desktop\SafeDesk\benchmarks\tau2-bench\data\simulations\tau2_prep_check_telecom_0000\results.json,,2026-07-09T22:52:02
tau2_prep_check,telecom,telecom,none,[mms_issue]break_apn_mms_setting|break_app_both_permissions|data_usage_exceeded|unseat_sim_card|user_abroad_roaming_disabled_off[PERSONA:Easy],telecom_0000,0,1362,pending,0,tau2_prep_check_telecom_0000,C:\Users\86132\Desktop\SafeDesk\benchmarks\tau2-bench\data\simulations\tau2_prep_check_telecom_0000\results.json,,2026-07-09T22:52:02
tau2_prep_check,telecom,telecom,none,[mms_issue]bad_network_preference|bad_wifi_calling|break_apn_mms_setting|data_usage_exceeded|unseat_sim_card[PERSONA:Hard],telecom_0000,0,1363,pending,0,tau2_prep_check_telecom_0000,C:\Users\86132\Desktop\SafeDesk\benchmarks\tau2-bench\data\simulations\tau2_prep_check_telecom_0000\results.json,,2026-07-09T22:52:02
tau2_prep_check,telecom,telecom,none,[mms_issue]bad_network_preference|bad_wifi_calling|break_app_sms_permission|data_usage_exceeded|unseat_sim_card[PERSONA:None],telecom_0000,0,1364,pending,0,tau2_prep_check_telecom_0000,C:\Users\86132\Desktop\SafeDesk\benchmarks\tau2-bench\data\simulations\tau2_prep_check_telecom_0000\results.json,,2026-07-09T22:52:02
tau2_prep_check,telecom,telecom,none,[mms_issue]bad_network_preference|bad_wifi_calling|break_app_storage_permission|data_usage_exceeded|unseat_sim_card[PERSONA:Easy],telecom_0000,0,1365,pending,0,tau2_prep_check_telecom_0000,C:\Users\86132\Desktop\SafeDesk\benchmarks\tau2-bench\data\simulations\tau2_prep_check_telecom_0000\results.json,,2026-07-09T22:52:02
tau2_prep_check,telecom,telecom,none,[mms_issue]bad_network_preference|bad_wifi_calling|break_app_both_permissions|data_usage_exceeded|unseat_sim_card[PERSONA:Hard],telecom_0000,0,1366,pending,0,tau2_prep_check_telecom_0000,C:\Users\86132\Desktop\SafeDesk\benchmarks\tau2-bench\data\simulations\tau2_prep_check_telecom_0000\results.json,,2026-07-09T22:52:02
tau2_prep_check,telecom,telecom,none,[mms_issue]bad_network_preference|break_apn_mms_setting|break_app_sms_permission|data_usage_exceeded|unseat_sim_card[PERSONA:None],telecom_0000,0,1367,pending,0,tau2_prep_check_telecom_0000,C:\Users\86132\Desktop\SafeDesk\benchmarks\tau2-bench\data\simulations\tau2_prep_check_telecom_0000\results.json,,2026-07-09T22:52:02
tau2_prep_check,telecom,telecom,none,[mms_issue]bad_network_preference|break_apn_mms_setting|break_app_storage_permission|data_usage_exceeded|unseat_sim_card[PERSONA:Easy],telecom_0000,0,1368,pending,0,tau2_prep_check_telecom_0000,C:\Users\86132\Desktop\SafeDesk\benchmarks\tau2-bench\data\simulations\tau2_prep_check_telecom_0000\results.json,,2026-07-09T22:52:02
tau2_prep_check,telecom,telecom,none,[mms_issue]bad_network_preference|break_apn_mms_setting|break_app_both_permissions|data_usage_exceeded|unseat_sim_card[PERSONA:Hard],telecom_0000,0,1369,pending,0,tau2_prep_check_telecom_0000,C:\Users\86132\Desktop\SafeDesk\benchmarks\tau2-bench\data\simulations\tau2_prep_check_telecom_0000\results.json,,2026-07-09T22:52:02
tau2_prep_check,telecom,telecom,none,[mms_issue]bad_wifi_calling|break_apn_mms_setting|break_app_sms_permission|data_usage_exceeded|unseat_sim_card[PERSONA:None],telecom_0000,0,1370,pending,0,tau2_prep_check_telecom_0000,C:\Users\86132\Desktop\SafeDesk\benchmarks\tau2-bench\data\simulations\tau2_prep_check_telecom_0000\results.json,,2026-07-09T22:52:02
tau2_prep_check,telecom,telecom,none,[mms_issue]bad_wifi_calling|break_apn_mms_setting|break_app_storage_permission|data_usage_exceeded|unseat_sim_card[PERSONA:Easy],telecom_0000,0,1371,pending,0,tau2_prep_check_telecom_0000,C:\Users\86132\Desktop\SafeDesk\benchmarks\tau2-bench\data\simulations\tau2_prep_check_telecom_0000\results.json,,2026-07-09T22:52:02
tau2_prep_check,telecom,telecom,none,[mms_issue]bad_wifi_calling|break_apn_mms_setting|break_app_both_permissions|data_usage_exceeded|unseat_sim_card[PERSONA:Hard],telecom_0000,0,1372,pending,0,tau2_prep_check_telecom_0000,C:\Users\86132\Desktop\SafeDesk\benchmarks\tau2-bench\data\simulations\tau2_prep_check_telecom_0000\results.json,,2026-07-09T22:52:02
tau2_prep_check,telecom,telecom,none,[mms_issue]bad_network_preference|bad_wifi_calling|break_apn_mms_setting|unseat_sim_card|user_abroad_roaming_enabled_off[PERSONA:Easy],telecom_0000,0,1373,pending,0,tau2_prep_check_telecom_0000,C:\Users\86132\Desktop\SafeDesk\benchmarks\tau2-bench\data\simulations\tau2_prep_check_telecom_0000\results.json,,2026-07-09T22:52:02
tau2_prep_check,telecom,telecom,none,[mms_issue]bad_network_preference|bad_wifi_calling|break_app_sms_permission|unseat_sim_card|user_abroad_roaming_enabled_off[PERSONA:Hard],telecom_0000,0,1374,pending,0,tau2_prep_check_telecom_0000,C:\Users\86132\Desktop\SafeDesk\benchmarks\tau2-bench\data\simulations\tau2_prep_check_telecom_0000\results.json,,2026-07-09T22:52:02
tau2_prep_check,telecom,telecom,none,[mms_issue]bad_network_preference|bad_wifi_calling|break_app_storage_permission|unseat_sim_card|user_abroad_roaming_enabled_off[PERSONA:None],telecom_0000,0,1375,pending,0,tau2_prep_check_telecom_0000,C:\Users\86132\Desktop\SafeDesk\benchmarks\tau2-bench\data\simulations\tau2_prep_check_telecom_0000\results.json,,2026-07-09T22:52:02
tau2_prep_check,telecom,telecom,none,[mms_issue]bad_network_preference|bad_wifi_calling|break_app_both_permissions|unseat_sim_card|user_abroad_roaming_enabled_off[PERSONA:Easy],telecom_0000,0,1376,pending,0,tau2_prep_check_telecom_0000,C:\Users\86132\Desktop\SafeDesk\benchmarks\tau2-bench\data\simulations\tau2_prep_check_telecom_0000\results.json,,2026-07-09T22:52:02
tau2_prep_check,telecom,telecom,none,[mms_issue]bad_network_preference|break_apn_mms_setting|break_app_sms_permission|unseat_sim_card|user_abroad_roaming_enabled_off[PERSONA:Hard],telecom_0000,0,1377,pending,0,tau2_prep_check_telecom_0000,C:\Users\86132\Desktop\SafeDesk\benchmarks\tau2-bench\data\simulations\tau2_prep_check_telecom_0000\results.json,,2026-07-09T22:52:02
tau2_prep_check,telecom,telecom,none,[mms_issue]bad_network_preference|break_apn_mms_setting|break_app_storage_permission|unseat_sim_card|user_abroad_roaming_enabled_off[PERSONA:None],telecom_0000,0,1378,pending,0,tau2_prep_check_telecom_0000,C:\Users\86132\Desktop\SafeDesk\benchmarks\tau2-bench\data\simulations\tau2_prep_check_telecom_0000\results.json,,2026-07-09T22:52:02
tau2_prep_check,telecom,telecom,none,[mms_issue]bad_network_preference|break_apn_mms_setting|break_app_both_permissions|unseat_sim_card|user_abroad_roaming_enabled_off[PERSONA:Easy],telecom_0000,0,1379,pending,0,tau2_prep_check_telecom_0000,C:\Users\86132\Desktop\SafeDesk\benchmarks\tau2-bench\data\simulations\tau2_prep_check_telecom_0000\results.json,,2026-07-09T22:52:02
tau2_prep_check,telecom,telecom,none,[mms_issue]bad_wifi_calling|break_apn_mms_setting|break_app_sms_permission|unseat_sim_card|user_abroad_roaming_enabled_off[PERSONA:Hard],telecom_0000,0,1380,pending,0,tau2_prep_check_telecom_0000,C:\Users\86132\Desktop\SafeDesk\benchmarks\tau2-bench\data\simulations\tau2_prep_check_telecom_0000\results.json,,2026-07-09T22:52:02
tau2_prep_check,telecom,telecom,none,[mms_issue]bad_wifi_calling|break_apn_mms_setting|break_app_storage_permission|unseat_sim_card|user_abroad_roaming_enabled_off[PERSONA:None],telecom_0000,0,1381,pending,0,tau2_prep_check_telecom_0000,C:\Users\86132\Desktop\SafeDesk\benchmarks\tau2-bench\data\simulations\tau2_prep_check_telecom_0000\results.json,,2026-07-09T22:52:02
tau2_prep_check,telecom,telecom,none,[mms_issue]bad_wifi_calling|break_apn_mms_setting|break_app_both_permissions|unseat_sim_card|user_abroad_roaming_enabled_off[PERSONA:Easy],telecom_0000,0,1382,pending,0,tau2_prep_check_telecom_0000,C:\Users\86132\Desktop\SafeDesk\benchmarks\tau2-bench\data\simulations\tau2_prep_check_telecom_0000\results.json,,2026-07-09T22:52:02
tau2_prep_check,telecom,telecom,none,[mms_issue]bad_network_preference|bad_wifi_calling|break_apn_mms_setting|unseat_sim_card|user_abroad_roaming_disabled_on[PERSONA:Hard],telecom_0000,0,1383,pending,0,tau2_prep_check_telecom_0000,C:\Users\86132\Desktop\SafeDesk\benchmarks\tau2-bench\data\simulations\tau2_prep_check_telecom_0000\results.json,,2026-07-09T22:52:02
tau2_prep_check,telecom,telecom,none,[mms_issue]bad_network_preference|bad_wifi_calling|break_app_sms_permission|unseat_sim_card|user_abroad_roaming_disabled_on[PERSONA:None],telecom_0000,0,1384,pending,0,tau2_prep_check_telecom_0000,C:\Users\86132\Desktop\SafeDesk\benchmarks\tau2-bench\data\simulations\tau2_prep_check_telecom_0000\results.json,,2026-07-09T22:52:02
tau2_prep_check,telecom,telecom,none,[mms_issue]bad_network_preference|bad_wifi_calling|break_app_storage_permission|unseat_sim_card|user_abroad_roaming_disabled_on[PERSONA:Easy],telecom_0000,0,1385,pending,0,tau2_prep_check_telecom_0000,C:\Users\86132\Desktop\SafeDesk\benchmarks\tau2-bench\data\simulations\tau2_prep_check_telecom_0000\results.json,,2026-07-09T22:52:02
tau2_prep_check,telecom,telecom,none,[mms_issue]bad_network_preference|bad_wifi_calling|break_app_both_permissions|unseat_sim_card|user_abroad_roaming_disabled_on[PERSONA:Hard],telecom_0000,0,1386,pending,0,tau2_prep_check_telecom_0000,C:\Users\86132\Desktop\SafeDesk\benchmarks\tau2-bench\data\simulations\tau2_prep_check_telecom_0000\results.json,,2026-07-09T22:52:02
tau2_prep_check,telecom,telecom,none,[mms_issue]bad_network_preference|break_apn_mms_setting|break_app_sms_permission|unseat_sim_card|user_abroad_roaming_disabled_on[PERSONA:None],telecom_0000,0,1387,pending,0,tau2_prep_check_telecom_0000,C:\Users\86132\Desktop\SafeDesk\benchmarks\tau2-bench\data\simulations\tau2_prep_check_telecom_0000\results.json,,2026-07-09T22:52:02
tau2_prep_check,telecom,telecom,none,[mms_issue]bad_network_preference|break_apn_mms_setting|break_app_storage_permission|unseat_sim_card|user_abroad_roaming_disabled_on[PERSONA:Easy],telecom_0000,0,1388,pending,0,tau2_prep_check_telecom_0000,C:\Users\86132\Desktop\SafeDesk\benchmarks\tau2-bench\data\simulations\tau2_prep_check_telecom_0000\results.json,,2026-07-09T22:52:02
tau2_prep_check,telecom,telecom,none,[mms_issue]bad_network_preference|break_apn_mms_setting|break_app_both_permissions|unseat_sim_card|user_abroad_roaming_disabled_on[PERSONA:Hard],telecom_0000,0,1389,pending,0,tau2_prep_check_telecom_0000,C:\Users\86132\Desktop\SafeDesk\benchmarks\tau2-bench\data\simulations\tau2_prep_check_telecom_0000\results.json,,2026-07-09T22:52:02
tau2_prep_check,telecom,telecom,none,[mms_issue]bad_wifi_calling|break_apn_mms_setting|break_app_sms_permission|unseat_sim_card|user_abroad_roaming_disabled_on[PERSONA:None],telecom_0000,0,1390,pending,0,tau2_prep_check_telecom_0000,C:\Users\86132\Desktop\SafeDesk\benchmarks\tau2-bench\data\simulations\tau2_prep_check_telecom_0000\results.json,,2026-07-09T22:52:02
tau2_prep_check,telecom,telecom,none,[mms_issue]bad_wifi_calling|break_apn_mms_setting|break_app_storage_permission|unseat_sim_card|user_abroad_roaming_disabled_on[PERSONA:Easy],telecom_0000,0,1391,pending,0,tau2_prep_check_telecom_0000,C:\Users\86132\Desktop\SafeDesk\benchmarks\tau2-bench\data\simulations\tau2_prep_check_telecom_0000\results.json,,2026-07-09T22:52:02
tau2_prep_check,telecom,telecom,none,[mms_issue]bad_wifi_calling|break_apn_mms_setting|break_app_both_permissions|unseat_sim_card|user_abroad_roaming_disabled_on[PERSONA:Hard],telecom_0000,0,1392,pending,0,tau2_prep_check_telecom_0000,C:\Users\86132\Desktop\SafeDesk\benchmarks\tau2-bench\data\simulations\tau2_prep_check_telecom_0000\results.json,,2026-07-09T22:52:02
tau2_prep_check,telecom,telecom,none,[mms_issue]bad_network_preference|bad_wifi_calling|break_apn_mms_setting|unseat_sim_card|user_abroad_roaming_disabled_off[PERSONA:None],telecom_0000,0,1393,pending,0,tau2_prep_check_telecom_0000,C:\Users\86132\Desktop\SafeDesk\benchmarks\tau2-bench\data\simulations\tau2_prep_check_telecom_0000\results.json,,2026-07-09T22:52:02
tau2_prep_check,telecom,telecom,none,[mms_issue]bad_network_preference|bad_wifi_calling|break_app_sms_permission|unseat_sim_card|user_abroad_roaming_disabled_off[PERSONA:Easy],telecom_0000,0,1394,pending,0,tau2_prep_check_telecom_0000,C:\Users\86132\Desktop\SafeDesk\benchmarks\tau2-bench\data\simulations\tau2_prep_check_telecom_0000\results.json,,2026-07-09T22:52:02
tau2_prep_check,telecom,telecom,none,[mms_issue]bad_network_preference|bad_wifi_calling|break_app_storage_permission|unseat_sim_card|user_abroad_roaming_disabled_off[PERSONA:Hard],telecom_0000,0,1395,pending,0,tau2_prep_check_telecom_0000,C:\Users\86132\Desktop\SafeDesk\benchmarks\tau2-bench\data\simulations\tau2_prep_check_telecom_0000\results.json,,2026-07-09T22:52:02
tau2_prep_check,telecom,telecom,none,[mms_issue]bad_network_preference|bad_wifi_calling|break_app_both_permissions|unseat_sim_card|user_abroad_roaming_disabled_off[PERSONA:None],telecom_0000,0,1396,pending,0,tau2_prep_check_telecom_0000,C:\Users\86132\Desktop\SafeDesk\benchmarks\tau2-bench\data\simulations\tau2_prep_check_telecom_0000\results.json,,2026-07-09T22:52:02
tau2_prep_check,telecom,telecom,none,[mms_issue]bad_network_preference|break_apn_mms_setting|break_app_sms_permission|unseat_sim_card|user_abroad_roaming_disabled_off[PERSONA:Easy],telecom_0000,0,1397,pending,0,tau2_prep_check_telecom_0000,C:\Users\86132\Desktop\SafeDesk\benchmarks\tau2-bench\data\simulations\tau2_prep_check_telecom_0000\results.json,,2026-07-09T22:52:02
tau2_prep_check,telecom,telecom,none,[mms_issue]bad_network_preference|break_apn_mms_setting|break_app_storage_permission|unseat_sim_card|user_abroad_roaming_disabled_off[PERSONA:Hard],telecom_0000,0,1398,pending,0,tau2_prep_check_telecom_0000,C:\Users\86132\Desktop\SafeDesk\benchmarks\tau2-bench\data\simulations\tau2_prep_check_telecom_0000\results.json,,2026-07-09T22:52:02
tau2_prep_check,telecom,telecom,none,[mms_issue]bad_network_preference|break_apn_mms_setting|break_app_both_permissions|unseat_sim_card|user_abroad_roaming_disabled_off[PERSONA:None],telecom_0000,0,1399,pending,0,tau2_prep_check_telecom_0000,C:\Users\86132\Desktop\SafeDesk\benchmarks\tau2-bench\data\simulations\tau2_prep_check_telecom_0000\results.json,,2026-07-09T22:52:02
tau2_prep_check,telecom,telecom,none,[mms_issue]bad_wifi_calling|break_apn_mms_setting|break_app_sms_permission|unseat_sim_card|user_abroad_roaming_disabled_off[PERSONA:Easy],telecom_0000,0,1400,pending,0,tau2_prep_check_telecom_0000,C:\Users\86132\Desktop\SafeDesk\benchmarks\tau2-bench\data\simulations\tau2_prep_check_telecom_0000\results.json,,2026-07-09T22:52:02
tau2_prep_check,telecom,telecom,none,[mms_issue]bad_wifi_calling|break_apn_mms_setting|break_app_storage_permission|unseat_sim_card|user_abroad_roaming_disabled_off[PERSONA:Hard],telecom_0000,0,1401,pending,0,tau2_prep_check_telecom_0000,C:\Users\86132\Desktop\SafeDesk\benchmarks\tau2-bench\data\simulations\tau2_prep_check_telecom_0000\results.json,,2026-07-09T22:52:02
tau2_prep_check,telecom,telecom,none,[mms_issue]bad_wifi_calling|break_apn_mms_setting|break_app_both_permissions|unseat_sim_card|user_abroad_roaming_disabled_off[PERSONA:None],telecom_0000,0,1402,pending,0,tau2_prep_check_telecom_0000,C:\Users\86132\Desktop\SafeDesk\benchmarks\tau2-bench\data\simulations\tau2_prep_check_telecom_0000\results.json,,2026-07-09T22:52:02
tau2_prep_check,telecom,telecom,none,[mms_issue]bad_network_preference|bad_wifi_calling|break_apn_mms_setting|break_app_sms_permission|unseat_sim_card[PERSONA:Easy],telecom_0000,0,1403,pending,0,tau2_prep_check_telecom_0000,C:\Users\86132\Desktop\SafeDesk\benchmarks\tau2-bench\data\simulations\tau2_prep_check_telecom_0000\results.json,,2026-07-09T22:52:02
tau2_prep_check,telecom,telecom,none,[mms_issue]bad_network_preference|bad_wifi_calling|break_apn_mms_setting|break_app_storage_permission|unseat_sim_card[PERSONA:Hard],telecom_0000,0,1404,pending,0,tau2_prep_check_telecom_0000,C:\Users\86132\Desktop\SafeDesk\benchmarks\tau2-bench\data\simulations\tau2_prep_check_telecom_0000\results.json,,2026-07-09T22:52:02
tau2_prep_check,telecom,telecom,none,[mms_issue]bad_network_preference|bad_wifi_calling|break_apn_mms_setting|break_app_both_permissions|unseat_sim_card[PERSONA:None],telecom_0000,0,1405,pending,0,tau2_prep_check_telecom_0000,C:\Users\86132\Desktop\SafeDesk\benchmarks\tau2-bench\data\simulations\tau2_prep_check_telecom_0000\results.json,,2026-07-09T22:52:02
tau2_prep_check,telecom,telecom,none,[mms_issue]bad_network_preference|bad_wifi_calling|data_mode_off|data_usage_exceeded|user_abroad_roaming_enabled_off[PERSONA:Easy],telecom_0000,0,1406,pending,0,tau2_prep_check_telecom_0000,C:\Users\86132\Desktop\SafeDesk\benchmarks\tau2-bench\data\simulations\tau2_prep_check_telecom_0000\results.json,,2026-07-09T22:52:02
tau2_prep_check,telecom,telecom,none,[mms_issue]bad_network_preference|break_apn_mms_setting|data_mode_off|data_usage_exceeded|user_abroad_roaming_enabled_off[PERSONA:Hard],telecom_0000,0,1407,pending,0,tau2_prep_check_telecom_0000,C:\Users\86132\Desktop\SafeDesk\benchmarks\tau2-bench\data\simulations\tau2_prep_check_telecom_0000\results.json,,2026-07-09T22:52:02
tau2_prep_check,telecom,telecom,none,[mms_issue]bad_network_preference|break_app_sms_permission|data_mode_off|data_usage_exceeded|user_abroad_roaming_enabled_off[PERSONA:None],telecom_0000,0,1408,pending,0,tau2_prep_check_telecom_0000,C:\Users\86132\Desktop\SafeDesk\benchmarks\tau2-bench\data\simulations\tau2_prep_check_telecom_0000\results.json,,2026-07-09T22:52:02
tau2_prep_check,telecom,telecom,none,[mms_issue]bad_network_preference|break_app_storage_permission|data_mode_off|data_usage_exceeded|user_abroad_roaming_enabled_off[PERSONA:Easy],telecom_0000,0,1409,pending,0,tau2_prep_check_telecom_0000,C:\Users\86132\Desktop\SafeDesk\benchmarks\tau2-bench\data\simulations\tau2_prep_check_telecom_0000\results.json,,2026-07-09T22:52:02
tau2_prep_check,telecom,telecom,none,[mms_issue]bad_network_preference|break_app_both_permissions|data_mode_off|data_usage_exceeded|user_abroad_roaming_enabled_off[PERSONA:Hard],telecom_0000,0,1410,pending,0,tau2_prep_check_telecom_0000,C:\Users\86132\Desktop\SafeDesk\benchmarks\tau2-bench\data\simulations\tau2_prep_check_telecom_0000\results.json,,2026-07-09T22:52:02
tau2_prep_check,telecom,telecom,none,[mms_issue]bad_wifi_calling|break_apn_mms_setting|data_mode_off|data_usage_exceeded|user_abroad_roaming_enabled_off[PERSONA:None],telecom_0000,0,1411,pending,0,tau2_prep_check_telecom_0000,C:\Users\86132\Desktop\SafeDesk\benchmarks\tau2-bench\data\simulations\tau2_prep_check_telecom_0000\results.json,,2026-07-09T22:52:02
tau2_prep_check,telecom,telecom,none,[mms_issue]bad_wifi_calling|break_app_sms_permission|data_mode_off|data_usage_exceeded|user_abroad_roaming_enabled_off[PERSONA:Easy],telecom_0000,0,1412,pending,0,tau2_prep_check_telecom_0000,C:\Users\86132\Desktop\SafeDesk\benchmarks\tau2-bench\data\simulations\tau2_prep_check_telecom_0000\results.json,,2026-07-09T22:52:02
tau2_prep_check,telecom,telecom,none,[mms_issue]bad_wifi_calling|break_app_storage_permission|data_mode_off|data_usage_exceeded|user_abroad_roaming_enabled_off[PERSONA:Hard],telecom_0000,0,1413,pending,0,tau2_prep_check_telecom_0000,C:\Users\86132\Desktop\SafeDesk\benchmarks\tau2-bench\data\simulations\tau2_prep_check_telecom_0000\results.json,,2026-07-09T22:52:02
tau2_prep_check,telecom,telecom,none,[mms_issue]bad_wifi_calling|break_app_both_permissions|data_mode_off|data_usage_exceeded|user_abroad_roaming_enabled_off[PERSONA:None],telecom_0000,0,1414,pending,0,tau2_prep_check_telecom_0000,C:\Users\86132\Desktop\SafeDesk\benchmarks\tau2-bench\data\simulations\tau2_prep_check_telecom_0000\results.json,,2026-07-09T22:52:02
tau2_prep_check,telecom,telecom,none,[mms_issue]break_apn_mms_setting|break_app_sms_permission|data_mode_off|data_usage_exceeded|user_abroad_roaming_enabled_off[PERSONA:Easy],telecom_0000,0,1415,pending,0,tau2_prep_check_telecom_0000,C:\Users\86132\Desktop\SafeDesk\benchmarks\tau2-bench\data\simulations\tau2_prep_check_telecom_0000\results.json,,2026-07-09T22:52:02
tau2_prep_check,telecom,telecom,none,[mms_issue]break_apn_mms_setting|break_app_storage_permission|data_mode_off|data_usage_exceeded|user_abroad_roaming_enabled_off[PERSONA:Hard],telecom_0000,0,1416,pending,0,tau2_prep_check_telecom_0000,C:\Users\86132\Desktop\SafeDesk\benchmarks\tau2-bench\data\simulations\tau2_prep_check_telecom_0000\results.json,,2026-07-09T22:52:02
tau2_prep_check,telecom,telecom,none,[mms_issue]break_apn_mms_setting|break_app_both_permissions|data_mode_off|data_usage_exceeded|user_abroad_roaming_enabled_off[PERSONA:None],telecom_0000,0,1417,pending,0,tau2_prep_check_telecom_0000,C:\Users\86132\Desktop\SafeDesk\benchmarks\tau2-bench\data\simulations\tau2_prep_check_telecom_0000\results.json,,2026-07-09T22:52:02
tau2_prep_check,telecom,telecom,none,[mms_issue]bad_network_preference|bad_wifi_calling|data_mode_off|data_usage_exceeded|user_abroad_roaming_disabled_on[PERSONA:Easy],telecom_0000,0,1418,pending,0,tau2_prep_check_telecom_0000,C:\Users\86132\Desktop\SafeDesk\benchmarks\tau2-bench\data\simulations\tau2_prep_check_telecom_0000\results.json,,2026-07-09T22:52:02
tau2_prep_check,telecom,telecom,none,[mms_issue]bad_network_preference|break_apn_mms_setting|data_mode_off|data_usage_exceeded|user_abroad_roaming_disabled_on[PERSONA:Hard],telecom_0000,0,1419,pending,0,tau2_prep_check_telecom_0000,C:\Users\86132\Desktop\SafeDesk\benchmarks\tau2-bench\data\simulations\tau2_prep_check_telecom_0000\results.json,,2026-07-09T22:52:02
tau2_prep_check,telecom,telecom,none,[mms_issue]bad_network_preference|break_app_sms_permission|data_mode_off|data_usage_exceeded|user_abroad_roaming_disabled_on[PERSONA:None],telecom_0000,0,1420,pending,0,tau2_prep_check_telecom_0000,C:\Users\86132\Desktop\SafeDesk\benchmarks\tau2-bench\data\simulations\tau2_prep_check_telecom_0000\results.json,,2026-07-09T22:52:02
tau2_prep_check,telecom,telecom,none,[mms_issue]bad_network_preference|break_app_storage_permission|data_mode_off|data_usage_exceeded|user_abroad_roaming_disabled_on[PERSONA:Easy],telecom_0000,0,1421,pending,0,tau2_prep_check_telecom_0000,C:\Users\86132\Desktop\SafeDesk\benchmarks\tau2-bench\data\simulations\tau2_prep_check_telecom_0000\results.json,,2026-07-09T22:52:02
tau2_prep_check,telecom,telecom,none,[mms_issue]bad_network_preference|break_app_both_permissions|data_mode_off|data_usage_exceeded|user_abroad_roaming_disabled_on[PERSONA:Hard],telecom_0000,0,1422,pending,0,tau2_prep_check_telecom_0000,C:\Users\86132\Desktop\SafeDesk\benchmarks\tau2-bench\data\simulations\tau2_prep_check_telecom_0000\results.json,,2026-07-09T22:52:02
tau2_prep_check,telecom,telecom,none,[mms_issue]bad_wifi_calling|break_apn_mms_setting|data_mode_off|data_usage_exceeded|user_abroad_roaming_disabled_on[PERSONA:None],telecom_0000,0,1423,pending,0,tau2_prep_check_telecom_0000,C:\Users\86132\Desktop\SafeDesk\benchmarks\tau2-bench\data\simulations\tau2_prep_check_telecom_0000\results.json,,2026-07-09T22:52:02
tau2_prep_check,telecom,telecom,none,[mms_issue]bad_wifi_calling|break_app_sms_permission|data_mode_off|data_usage_exceeded|user_abroad_roaming_disabled_on[PERSONA:Easy],telecom_0000,0,1424,pending,0,tau2_prep_check_telecom_0000,C:\Users\86132\Desktop\SafeDesk\benchmarks\tau2-bench\data\simulations\tau2_prep_check_telecom_0000\results.json,,2026-07-09T22:52:02
tau2_prep_check,telecom,telecom,none,[mms_issue]bad_wifi_calling|break_app_storage_permission|data_mode_off|data_usage_exceeded|user_abroad_roaming_disabled_on[PERSONA:Hard],telecom_0000,0,1425,pending,0,tau2_prep_check_telecom_0000,C:\Users\86132\Desktop\SafeDesk\benchmarks\tau2-bench\data\simulations\tau2_prep_check_telecom_0000\results.json,,2026-07-09T22:52:02
tau2_prep_check,telecom,telecom,none,[mms_issue]bad_wifi_calling|break_app_both_permissions|data_mode_off|data_usage_exceeded|user_abroad_roaming_disabled_on[PERSONA:None],telecom_0000,0,1426,pending,0,tau2_prep_check_telecom_0000,C:\Users\86132\Desktop\SafeDesk\benchmarks\tau2-bench\data\simulations\tau2_prep_check_telecom_0000\results.json,,2026-07-09T22:52:02
tau2_prep_check,telecom,telecom,none,[mms_issue]break_apn_mms_setting|break_app_sms_permission|data_mode_off|data_usage_exceeded|user_abroad_roaming_disabled_on[PERSONA:Easy],telecom_0000,0,1427,pending,0,tau2_prep_check_telecom_0000,C:\Users\86132\Desktop\SafeDesk\benchmarks\tau2-bench\data\simulations\tau2_prep_check_telecom_0000\results.json,,2026-07-09T22:52:02
tau2_prep_check,telecom,telecom,none,[mms_issue]break_apn_mms_setting|break_app_storage_permission|data_mode_off|data_usage_exceeded|user_abroad_roaming_disabled_on[PERSONA:Hard],telecom_0000,0,1428,pending,0,tau2_prep_check_telecom_0000,C:\Users\86132\Desktop\SafeDesk\benchmarks\tau2-bench\data\simulations\tau2_prep_check_telecom_0000\results.json,,2026-07-09T22:52:02
tau2_prep_check,telecom,telecom,none,[mms_issue]break_apn_mms_setting|break_app_both_permissions|data_mode_off|data_usage_exceeded|user_abroad_roaming_disabled_on[PERSONA:None],telecom_0000,0,1429,pending,0,tau2_prep_check_telecom_0000,C:\Users\86132\Desktop\SafeDesk\benchmarks\tau2-bench\data\simulations\tau2_prep_check_telecom_0000\results.json,,2026-07-09T22:52:02
tau2_prep_check,telecom,telecom,none,[mms_issue]bad_network_preference|bad_wifi_calling|data_mode_off|data_usage_exceeded|user_abroad_roaming_disabled_off[PERSONA:Easy],telecom_0000,0,1430,pending,0,tau2_prep_check_telecom_0000,C:\Users\86132\Desktop\SafeDesk\benchmarks\tau2-bench\data\simulations\tau2_prep_check_telecom_0000\results.json,,2026-07-09T22:52:02
tau2_prep_check,telecom,telecom,none,[mms_issue]bad_network_preference|break_apn_mms_setting|data_mode_off|data_usage_exceeded|user_abroad_roaming_disabled_off[PERSONA:Hard],telecom_0000,0,1431,pending,0,tau2_prep_check_telecom_0000,C:\Users\86132\Desktop\SafeDesk\benchmarks\tau2-bench\data\simulations\tau2_prep_check_telecom_0000\results.json,,2026-07-09T22:52:02
tau2_prep_check,telecom,telecom,none,[mms_issue]bad_network_preference|break_app_sms_permission|data_mode_off|data_usage_exceeded|user_abroad_roaming_disabled_off[PERSONA:None],telecom_0000,0,1432,pending,0,tau2_prep_check_telecom_0000,C:\Users\86132\Desktop\SafeDesk\benchmarks\tau2-bench\data\simulations\tau2_prep_check_telecom_0000\results.json,,2026-07-09T22:52:02
tau2_prep_check,telecom,telecom,none,[mms_issue]bad_network_preference|break_app_storage_permission|data_mode_off|data_usage_exceeded|user_abroad_roaming_disabled_off[PERSONA:Easy],telecom_0000,0,1433,pending,0,tau2_prep_check_telecom_0000,C:\Users\86132\Desktop\SafeDesk\benchmarks\tau2-bench\data\simulations\tau2_prep_check_telecom_0000\results.json,,2026-07-09T22:52:02
tau2_prep_check,telecom,telecom,none,[mms_issue]bad_network_preference|break_app_both_permissions|data_mode_off|data_usage_exceeded|user_abroad_roaming_disabled_off[PERSONA:Hard],telecom_0000,0,1434,pending,0,tau2_prep_check_telecom_0000,C:\Users\86132\Desktop\SafeDesk\benchmarks\tau2-bench\data\simulations\tau2_prep_check_telecom_0000\results.json,,2026-07-09T22:52:02
tau2_prep_check,telecom,telecom,none,[mms_issue]bad_wifi_calling|break_apn_mms_setting|data_mode_off|data_usage_exceeded|user_abroad_roaming_disabled_off[PERSONA:None],telecom_0000,0,1435,pending,0,tau2_prep_check_telecom_0000,C:\Users\86132\Desktop\SafeDesk\benchmarks\tau2-bench\data\simulations\tau2_prep_check_telecom_0000\results.json,,2026-07-09T22:52:02
tau2_prep_check,telecom,telecom,none,[mms_issue]bad_wifi_calling|break_app_sms_permission|data_mode_off|data_usage_exceeded|user_abroad_roaming_disabled_off[PERSONA:Easy],telecom_0000,0,1436,pending,0,tau2_prep_check_telecom_0000,C:\Users\86132\Desktop\SafeDesk\benchmarks\tau2-bench\data\simulations\tau2_prep_check_telecom_0000\results.json,,2026-07-09T22:52:02
tau2_prep_check,telecom,telecom,none,[mms_issue]bad_wifi_calling|break_app_storage_permission|data_mode_off|data_usage_exceeded|user_abroad_roaming_disabled_off[PERSONA:Hard],telecom_0000,0,1437,pending,0,tau2_prep_check_telecom_0000,C:\Users\86132\Desktop\SafeDesk\benchmarks\tau2-bench\data\simulations\tau2_prep_check_telecom_0000\results.json,,2026-07-09T22:52:02
tau2_prep_check,telecom,telecom,none,[mms_issue]bad_wifi_calling|break_app_both_permissions|data_mode_off|data_usage_exceeded|user_abroad_roaming_disabled_off[PERSONA:None],telecom_0000,0,1438,pending,0,tau2_prep_check_telecom_0000,C:\Users\86132\Desktop\SafeDesk\benchmarks\tau2-bench\data\simulations\tau2_prep_check_telecom_0000\results.json,,2026-07-09T22:52:02
tau2_prep_check,telecom,telecom,none,[mms_issue]break_apn_mms_setting|break_app_sms_permission|data_mode_off|data_usage_exceeded|user_abroad_roaming_disabled_off[PERSONA:Easy],telecom_0000,0,1439,pending,0,tau2_prep_check_telecom_0000,C:\Users\86132\Desktop\SafeDesk\benchmarks\tau2-bench\data\simulations\tau2_prep_check_telecom_0000\results.json,,2026-07-09T22:52:02
tau2_prep_check,telecom,telecom,none,[mms_issue]break_apn_mms_setting|break_app_storage_permission|data_mode_off|data_usage_exceeded|user_abroad_roaming_disabled_off[PERSONA:Hard],telecom_0000,0,1440,pending,0,tau2_prep_check_telecom_0000,C:\Users\86132\Desktop\SafeDesk\benchmarks\tau2-bench\data\simulations\tau2_prep_check_telecom_0000\results.json,,2026-07-09T22:52:02
tau2_prep_check,telecom,telecom,none,[mms_issue]break_apn_mms_setting|break_app_both_permissions|data_mode_off|data_usage_exceeded|user_abroad_roaming_disabled_off[PERSONA:None],telecom_0000,0,1441,pending,0,tau2_prep_check_telecom_0000,C:\Users\86132\Desktop\SafeDesk\benchmarks\tau2-bench\data\simulations\tau2_prep_check_telecom_0000\results.json,,2026-07-09T22:52:02
tau2_prep_check,telecom,telecom,none,[mms_issue]bad_network_preference|bad_wifi_calling|break_apn_mms_setting|data_mode_off|data_usage_exceeded[PERSONA:Easy],telecom_0000,0,1442,pending,0,tau2_prep_check_telecom_0000,C:\Users\86132\Desktop\SafeDesk\benchmarks\tau2-bench\data\simulations\tau2_prep_check_telecom_0000\results.json,,2026-07-09T22:52:02
tau2_prep_check,telecom,telecom,none,[mms_issue]bad_network_preference|bad_wifi_calling|break_app_sms_permission|data_mode_off|data_usage_exceeded[PERSONA:Hard],telecom_0000,0,1443,pending,0,tau2_prep_check_telecom_0000,C:\Users\86132\Desktop\SafeDesk\benchmarks\tau2-bench\data\simulations\tau2_prep_check_telecom_0000\results.json,,2026-07-09T22:52:02
tau2_prep_check,telecom,telecom,none,[mms_issue]bad_network_preference|bad_wifi_calling|break_app_storage_permission|data_mode_off|data_usage_exceeded[PERSONA:None],telecom_0000,0,1444,pending,0,tau2_prep_check_telecom_0000,C:\Users\86132\Desktop\SafeDesk\benchmarks\tau2-bench\data\simulations\tau2_prep_check_telecom_0000\results.json,,2026-07-09T22:52:02
tau2_prep_check,telecom,telecom,none,[mms_issue]bad_network_preference|bad_wifi_calling|break_app_both_permissions|data_mode_off|data_usage_exceeded[PERSONA:Easy],telecom_0000,0,1445,pending,0,tau2_prep_check_telecom_0000,C:\Users\86132\Desktop\SafeDesk\benchmarks\tau2-bench\data\simulations\tau2_prep_check_telecom_0000\results.json,,2026-07-09T22:52:02
tau2_prep_check,telecom,telecom,none,[mms_issue]bad_network_preference|break_apn_mms_setting|break_app_sms_permission|data_mode_off|data_usage_exceeded[PERSONA:Hard],telecom_0000,0,1446,pending,0,tau2_prep_check_telecom_0000,C:\Users\86132\Desktop\SafeDesk\benchmarks\tau2-bench\data\simulations\tau2_prep_check_telecom_0000\results.json,,2026-07-09T22:52:02
tau2_prep_check,telecom,telecom,none,[mms_issue]bad_network_preference|break_apn_mms_setting|break_app_storage_permission|data_mode_off|data_usage_exceeded[PERSONA:None],telecom_0000,0,1447,pending,0,tau2_prep_check_telecom_0000,C:\Users\86132\Desktop\SafeDesk\benchmarks\tau2-bench\data\simulations\tau2_prep_check_telecom_0000\results.json,,2026-07-09T22:52:02
tau2_prep_check,telecom,telecom,none,[mms_issue]bad_network_preference|break_apn_mms_setting|break_app_both_permissions|data_mode_off|data_usage_exceeded[PERSONA:Easy],telecom_0000,0,1448,pending,0,tau2_prep_check_telecom_0000,C:\Users\86132\Desktop\SafeDesk\benchmarks\tau2-bench\data\simulations\tau2_prep_check_telecom_0000\results.json,,2026-07-09T22:52:02
tau2_prep_check,telecom,telecom,none,[mms_issue]bad_wifi_calling|break_apn_mms_setting|break_app_sms_permission|data_mode_off|data_usage_exceeded[PERSONA:Hard],telecom_0000,0,1449,pending,0,tau2_prep_check_telecom_0000,C:\Users\86132\Desktop\SafeDesk\benchmarks\tau2-bench\data\simulations\tau2_prep_check_telecom_0000\results.json,,2026-07-09T22:52:02
tau2_prep_check,telecom,telecom,none,[mms_issue]bad_wifi_calling|break_apn_mms_setting|break_app_storage_permission|data_mode_off|data_usage_exceeded[PERSONA:None],telecom_0000,0,1450,pending,0,tau2_prep_check_telecom_0000,C:\Users\86132\Desktop\SafeDesk\benchmarks\tau2-bench\data\simulations\tau2_prep_check_telecom_0000\results.json,,2026-07-09T22:52:02
tau2_prep_check,telecom,telecom,none,[mms_issue]bad_wifi_calling|break_apn_mms_setting|break_app_both_permissions|data_mode_off|data_usage_exceeded[PERSONA:Easy],telecom_0000,0,1451,pending,0,tau2_prep_check_telecom_0000,C:\Users\86132\Desktop\SafeDesk\benchmarks\tau2-bench\data\simulations\tau2_prep_check_telecom_0000\results.json,,2026-07-09T22:52:02
tau2_prep_check,telecom,telecom,none,[mms_issue]bad_network_preference|bad_wifi_calling|break_apn_mms_setting|data_mode_off|user_abroad_roaming_enabled_off[PERSONA:None],telecom_0000,0,1452,pending,0,tau2_prep_check_telecom_0000,C:\Users\86132\Desktop\SafeDesk\benchmarks\tau2-bench\data\simulations\tau2_prep_check_telecom_0000\results.json,,2026-07-09T22:52:02
tau2_prep_check,telecom,telecom,none,[mms_issue]bad_network_preference|bad_wifi_calling|break_app_sms_permission|data_mode_off|user_abroad_roaming_enabled_off[PERSONA:Easy],telecom_0000,0,1453,pending,0,tau2_prep_check_telecom_0000,C:\Users\86132\Desktop\SafeDesk\benchmarks\tau2-bench\data\simulations\tau2_prep_check_telecom_0000\results.json,,2026-07-09T22:52:02
tau2_prep_check,telecom,telecom,none,[mms_issue]bad_network_preference|bad_wifi_calling|break_app_storage_permission|data_mode_off|user_abroad_roaming_enabled_off[PERSONA:Hard],telecom_0000,0,1454,pending,0,tau2_prep_check_telecom_0000,C:\Users\86132\Desktop\SafeDesk\benchmarks\tau2-bench\data\simulations\tau2_prep_check_telecom_0000\results.json,,2026-07-09T22:52:02
tau2_prep_check,telecom,telecom,none,[mms_issue]bad_network_preference|bad_wifi_calling|break_app_both_permissions|data_mode_off|user_abroad_roaming_enabled_off[PERSONA:None],telecom_0000,0,1455,pending,0,tau2_prep_check_telecom_0000,C:\Users\86132\Desktop\SafeDesk\benchmarks\tau2-bench\data\simulations\tau2_prep_check_telecom_0000\results.json,,2026-07-09T22:52:02
tau2_prep_check,telecom,telecom,none,[mms_issue]bad_network_preference|break_apn_mms_setting|break_app_sms_permission|data_mode_off|user_abroad_roaming_enabled_off[PERSONA:Easy],telecom_0000,0,1456,pending,0,tau2_prep_check_telecom_0000,C:\Users\86132\Desktop\SafeDesk\benchmarks\tau2-bench\data\simulations\tau2_prep_check_telecom_0000\results.json,,2026-07-09T22:52:02
tau2_prep_check,telecom,telecom,none,[mms_issue]bad_network_preference|break_apn_mms_setting|break_app_storage_permission|data_mode_off|user_abroad_roaming_enabled_off[PERSONA:Hard],telecom_0000,0,1457,pending,0,tau2_prep_check_telecom_0000,C:\Users\86132\Desktop\SafeDesk\benchmarks\tau2-bench\data\simulations\tau2_prep_check_telecom_0000\results.json,,2026-07-09T22:52:02
tau2_prep_check,telecom,telecom,none,[mms_issue]bad_network_preference|break_apn_mms_setting|break_app_both_permissions|data_mode_off|user_abroad_roaming_enabled_off[PERSONA:None],telecom_0000,0,1458,pending,0,tau2_prep_check_telecom_0000,C:\Users\86132\Desktop\SafeDesk\benchmarks\tau2-bench\data\simulations\tau2_prep_check_telecom_0000\results.json,,2026-07-09T22:52:02
tau2_prep_check,telecom,telecom,none,[mms_issue]bad_wifi_calling|break_apn_mms_setting|break_app_sms_permission|data_mode_off|user_abroad_roaming_enabled_off[PERSONA:Easy],telecom_0000,0,1459,pending,0,tau2_prep_check_telecom_0000,C:\Users\86132\Desktop\SafeDesk\benchmarks\tau2-bench\data\simulations\tau2_prep_check_telecom_0000\results.json,,2026-07-09T22:52:02
tau2_prep_check,telecom,telecom,none,[mms_issue]bad_wifi_calling|break_apn_mms_setting|break_app_storage_permission|data_mode_off|user_abroad_roaming_enabled_off[PERSONA:Hard],telecom_0000,0,1460,pending,0,tau2_prep_check_telecom_0000,C:\Users\86132\Desktop\SafeDesk\benchmarks\tau2-bench\data\simulations\tau2_prep_check_telecom_0000\results.json,,2026-07-09T22:52:02
tau2_prep_check,telecom,telecom,none,[mms_issue]bad_wifi_calling|break_apn_mms_setting|break_app_both_permissions|data_mode_off|user_abroad_roaming_enabled_off[PERSONA:None],telecom_0000,0,1461,pending,0,tau2_prep_check_telecom_0000,C:\Users\86132\Desktop\SafeDesk\benchmarks\tau2-bench\data\simulations\tau2_prep_check_telecom_0000\results.json,,2026-07-09T22:52:02
tau2_prep_check,telecom,telecom,none,[mms_issue]bad_network_preference|bad_wifi_calling|break_apn_mms_setting|data_mode_off|user_abroad_roaming_disabled_on[PERSONA:Easy],telecom_0000,0,1462,pending,0,tau2_prep_check_telecom_0000,C:\Users\86132\Desktop\SafeDesk\benchmarks\tau2-bench\data\simulations\tau2_prep_check_telecom_0000\results.json,,2026-07-09T22:52:02
tau2_prep_check,telecom,telecom,none,[mms_issue]bad_network_preference|bad_wifi_calling|break_app_sms_permission|data_mode_off|user_abroad_roaming_disabled_on[PERSONA:Hard],telecom_0000,0,1463,pending,0,tau2_prep_check_telecom_0000,C:\Users\86132\Desktop\SafeDesk\benchmarks\tau2-bench\data\simulations\tau2_prep_check_telecom_0000\results.json,,2026-07-09T22:52:02
tau2_prep_check,telecom,telecom,none,[mms_issue]bad_network_preference|bad_wifi_calling|break_app_storage_permission|data_mode_off|user_abroad_roaming_disabled_on[PERSONA:None],telecom_0000,0,1464,pending,0,tau2_prep_check_telecom_0000,C:\Users\86132\Desktop\SafeDesk\benchmarks\tau2-bench\data\simulations\tau2_prep_check_telecom_0000\results.json,,2026-07-09T22:52:02
tau2_prep_check,telecom,telecom,none,[mms_issue]bad_network_preference|bad_wifi_calling|break_app_both_permissions|data_mode_off|user_abroad_roaming_disabled_on[PERSONA:Easy],telecom_0000,0,1465,pending,0,tau2_prep_check_telecom_0000,C:\Users\86132\Desktop\SafeDesk\benchmarks\tau2-bench\data\simulations\tau2_prep_check_telecom_0000\results.json,,2026-07-09T22:52:02
tau2_prep_check,telecom,telecom,none,[mms_issue]bad_network_preference|break_apn_mms_setting|break_app_sms_permission|data_mode_off|user_abroad_roaming_disabled_on[PERSONA:Hard],telecom_0000,0,1466,pending,0,tau2_prep_check_telecom_0000,C:\Users\86132\Desktop\SafeDesk\benchmarks\tau2-bench\data\simulations\tau2_prep_check_telecom_0000\results.json,,2026-07-09T22:52:02
tau2_prep_check,telecom,telecom,none,[mms_issue]bad_network_preference|break_apn_mms_setting|break_app_storage_permission|data_mode_off|user_abroad_roaming_disabled_on[PERSONA:None],telecom_0000,0,1467,pending,0,tau2_prep_check_telecom_0000,C:\Users\86132\Desktop\SafeDesk\benchmarks\tau2-bench\data\simulations\tau2_prep_check_telecom_0000\results.json,,2026-07-09T22:52:02
tau2_prep_check,telecom,telecom,none,[mms_issue]bad_network_preference|break_apn_mms_setting|break_app_both_permissions|data_mode_off|user_abroad_roaming_disabled_on[PERSONA:Easy],telecom_0000,0,1468,pending,0,tau2_prep_check_telecom_0000,C:\Users\86132\Desktop\SafeDesk\benchmarks\tau2-bench\data\simulations\tau2_prep_check_telecom_0000\results.json,,2026-07-09T22:52:02
tau2_prep_check,telecom,telecom,none,[mms_issue]bad_wifi_calling|break_apn_mms_setting|break_app_sms_permission|data_mode_off|user_abroad_roaming_disabled_on[PERSONA:Hard],telecom_0000,0,1469,pending,0,tau2_prep_check_telecom_0000,C:\Users\86132\Desktop\SafeDesk\benchmarks\tau2-bench\data\simulations\tau2_prep_check_telecom_0000\results.json,,2026-07-09T22:52:02
tau2_prep_check,telecom,telecom,none,[mms_issue]bad_wifi_calling|break_apn_mms_setting|break_app_storage_permission|data_mode_off|user_abroad_roaming_disabled_on[PERSONA:None],telecom_0000,0,1470,pending,0,tau2_prep_check_telecom_0000,C:\Users\86132\Desktop\SafeDesk\benchmarks\tau2-bench\data\simulations\tau2_prep_check_telecom_0000\results.json,,2026-07-09T22:52:02
tau2_prep_check,telecom,telecom,none,[mms_issue]bad_wifi_calling|break_apn_mms_setting|break_app_both_permissions|data_mode_off|user_abroad_roaming_disabled_on[PERSONA:Easy],telecom_0000,0,1471,pending,0,tau2_prep_check_telecom_0000,C:\Users\86132\Desktop\SafeDesk\benchmarks\tau2-bench\data\simulations\tau2_prep_check_telecom_0000\results.json,,2026-07-09T22:52:02
tau2_prep_check,telecom,telecom,none,[mms_issue]bad_network_preference|bad_wifi_calling|break_apn_mms_setting|data_mode_off|user_abroad_roaming_disabled_off[PERSONA:Hard],telecom_0000,0,1472,pending,0,tau2_prep_check_telecom_0000,C:\Users\86132\Desktop\SafeDesk\benchmarks\tau2-bench\data\simulations\tau2_prep_check_telecom_0000\results.json,,2026-07-09T22:52:02
tau2_prep_check,telecom,telecom,none,[mms_issue]bad_network_preference|bad_wifi_calling|break_app_sms_permission|data_mode_off|user_abroad_roaming_disabled_off[PERSONA:None],telecom_0000,0,1473,pending,0,tau2_prep_check_telecom_0000,C:\Users\86132\Desktop\SafeDesk\benchmarks\tau2-bench\data\simulations\tau2_prep_check_telecom_0000\results.json,,2026-07-09T22:52:02
tau2_prep_check,telecom,telecom,none,[mms_issue]bad_network_preference|bad_wifi_calling|break_app_storage_permission|data_mode_off|user_abroad_roaming_disabled_off[PERSONA:Easy],telecom_0000,0,1474,pending,0,tau2_prep_check_telecom_0000,C:\Users\86132\Desktop\SafeDesk\benchmarks\tau2-bench\data\simulations\tau2_prep_check_telecom_0000\results.json,,2026-07-09T22:52:02
tau2_prep_check,telecom,telecom,none,[mms_issue]bad_network_preference|bad_wifi_calling|break_app_both_permissions|data_mode_off|user_abroad_roaming_disabled_off[PERSONA:Hard],telecom_0000,0,1475,pending,0,tau2_prep_check_telecom_0000,C:\Users\86132\Desktop\SafeDesk\benchmarks\tau2-bench\data\simulations\tau2_prep_check_telecom_0000\results.json,,2026-07-09T22:52:02
tau2_prep_check,telecom,telecom,none,[mms_issue]bad_network_preference|break_apn_mms_setting|break_app_sms_permission|data_mode_off|user_abroad_roaming_disabled_off[PERSONA:None],telecom_0000,0,1476,pending,0,tau2_prep_check_telecom_0000,C:\Users\86132\Desktop\SafeDesk\benchmarks\tau2-bench\data\simulations\tau2_prep_check_telecom_0000\results.json,,2026-07-09T22:52:02
tau2_prep_check,telecom,telecom,none,[mms_issue]bad_network_preference|break_apn_mms_setting|break_app_storage_permission|data_mode_off|user_abroad_roaming_disabled_off[PERSONA:Easy],telecom_0000,0,1477,pending,0,tau2_prep_check_telecom_0000,C:\Users\86132\Desktop\SafeDesk\benchmarks\tau2-bench\data\simulations\tau2_prep_check_telecom_0000\results.json,,2026-07-09T22:52:02
tau2_prep_check,telecom,telecom,none,[mms_issue]bad_network_preference|break_apn_mms_setting|break_app_both_permissions|data_mode_off|user_abroad_roaming_disabled_off[PERSONA:Hard],telecom_0000,0,1478,pending,0,tau2_prep_check_telecom_0000,C:\Users\86132\Desktop\SafeDesk\benchmarks\tau2-bench\data\simulations\tau2_prep_check_telecom_0000\results.json,,2026-07-09T22:52:02
tau2_prep_check,telecom,telecom,none,[mms_issue]bad_wifi_calling|break_apn_mms_setting|break_app_sms_permission|data_mode_off|user_abroad_roaming_disabled_off[PERSONA:None],telecom_0000,0,1479,pending,0,tau2_prep_check_telecom_0000,C:\Users\86132\Desktop\SafeDesk\benchmarks\tau2-bench\data\simulations\tau2_prep_check_telecom_0000\results.json,,2026-07-09T22:52:02
tau2_prep_check,telecom,telecom,none,[mms_issue]bad_wifi_calling|break_apn_mms_setting|break_app_storage_permission|data_mode_off|user_abroad_roaming_disabled_off[PERSONA:Easy],telecom_0000,0,1480,pending,0,tau2_prep_check_telecom_0000,C:\Users\86132\Desktop\SafeDesk\benchmarks\tau2-bench\data\simulations\tau2_prep_check_telecom_0000\results.json,,2026-07-09T22:52:02
tau2_prep_check,telecom,telecom,none,[mms_issue]bad_wifi_calling|break_apn_mms_setting|break_app_both_permissions|data_mode_off|user_abroad_roaming_disabled_off[PERSONA:Hard],telecom_0000,0,1481,pending,0,tau2_prep_check_telecom_0000,C:\Users\86132\Desktop\SafeDesk\benchmarks\tau2-bench\data\simulations\tau2_prep_check_telecom_0000\results.json,,2026-07-09T22:52:02
tau2_prep_check,telecom,telecom,none,[mms_issue]bad_network_preference|bad_wifi_calling|break_apn_mms_setting|break_app_sms_permission|data_mode_off[PERSONA:None],telecom_0000,0,1482,pending,0,tau2_prep_check_telecom_0000,C:\Users\86132\Desktop\SafeDesk\benchmarks\tau2-bench\data\simulations\tau2_prep_check_telecom_0000\results.json,,2026-07-09T22:52:02
tau2_prep_check,telecom,telecom,none,[mms_issue]bad_network_preference|bad_wifi_calling|break_apn_mms_setting|break_app_storage_permission|data_mode_off[PERSONA:Easy],telecom_0000,0,1483,pending,0,tau2_prep_check_telecom_0000,C:\Users\86132\Desktop\SafeDesk\benchmarks\tau2-bench\data\simulations\tau2_prep_check_telecom_0000\results.json,,2026-07-09T22:52:02
tau2_prep_check,telecom,telecom,none,[mms_issue]bad_network_preference|bad_wifi_calling|break_apn_mms_setting|break_app_both_permissions|data_mode_off[PERSONA:Hard],telecom_0000,0,1484,pending,0,tau2_prep_check_telecom_0000,C:\Users\86132\Desktop\SafeDesk\benchmarks\tau2-bench\data\simulations\tau2_prep_check_telecom_0000\results.json,,2026-07-09T22:52:02
tau2_prep_check,telecom,telecom,none,[mms_issue]bad_network_preference|bad_wifi_calling|break_apn_mms_setting|data_usage_exceeded|user_abroad_roaming_enabled_off[PERSONA:None],telecom_0000,0,1485,pending,0,tau2_prep_check_telecom_0000,C:\Users\86132\Desktop\SafeDesk\benchmarks\tau2-bench\data\simulations\tau2_prep_check_telecom_0000\results.json,,2026-07-09T22:52:02
tau2_prep_check,telecom,telecom,none,[mms_issue]bad_network_preference|bad_wifi_calling|break_app_sms_permission|data_usage_exceeded|user_abroad_roaming_enabled_off[PERSONA:Easy],telecom_0000,0,1486,pending,0,tau2_prep_check_telecom_0000,C:\Users\86132\Desktop\SafeDesk\benchmarks\tau2-bench\data\simulations\tau2_prep_check_telecom_0000\results.json,,2026-07-09T22:52:02
tau2_prep_check,telecom,telecom,none,[mms_issue]bad_network_preference|bad_wifi_calling|break_app_storage_permission|data_usage_exceeded|user_abroad_roaming_enabled_off[PERSONA:Hard],telecom_0000,0,1487,pending,0,tau2_prep_check_telecom_0000,C:\Users\86132\Desktop\SafeDesk\benchmarks\tau2-bench\data\simulations\tau2_prep_check_telecom_0000\results.json,,2026-07-09T22:52:02
tau2_prep_check,telecom,telecom,none,[mms_issue]bad_network_preference|bad_wifi_calling|break_app_both_permissions|data_usage_exceeded|user_abroad_roaming_enabled_off[PERSONA:None],telecom_0000,0,1488,pending,0,tau2_prep_check_telecom_0000,C:\Users\86132\Desktop\SafeDesk\benchmarks\tau2-bench\data\simulations\tau2_prep_check_telecom_0000\results.json,,2026-07-09T22:52:02
tau2_prep_check,telecom,telecom,none,[mms_issue]bad_network_preference|break_apn_mms_setting|break_app_sms_permission|data_usage_exceeded|user_abroad_roaming_enabled_off[PERSONA:Easy],telecom_0000,0,1489,pending,0,tau2_prep_check_telecom_0000,C:\Users\86132\Desktop\SafeDesk\benchmarks\tau2-bench\data\simulations\tau2_prep_check_telecom_0000\results.json,,2026-07-09T22:52:02
tau2_prep_check,telecom,telecom,none,[mms_issue]bad_network_preference|break_apn_mms_setting|break_app_storage_permission|data_usage_exceeded|user_abroad_roaming_enabled_off[PERSONA:Hard],telecom_0000,0,1490,pending,0,tau2_prep_check_telecom_0000,C:\Users\86132\Desktop\SafeDesk\benchmarks\tau2-bench\data\simulations\tau2_prep_check_telecom_0000\results.json,,2026-07-09T22:52:02
tau2_prep_check,telecom,telecom,none,[mms_issue]bad_network_preference|break_apn_mms_setting|break_app_both_permissions|data_usage_exceeded|user_abroad_roaming_enabled_off[PERSONA:None],telecom_0000,0,1491,pending,0,tau2_prep_check_telecom_0000,C:\Users\86132\Desktop\SafeDesk\benchmarks\tau2-bench\data\simulations\tau2_prep_check_telecom_0000\results.json,,2026-07-09T22:52:02
tau2_prep_check,telecom,telecom,none,[mms_issue]bad_wifi_calling|break_apn_mms_setting|break_app_sms_permission|data_usage_exceeded|user_abroad_roaming_enabled_off[PERSONA:Easy],telecom_0000,0,1492,pending,0,tau2_prep_check_telecom_0000,C:\Users\86132\Desktop\SafeDesk\benchmarks\tau2-bench\data\simulations\tau2_prep_check_telecom_0000\results.json,,2026-07-09T22:52:02
tau2_prep_check,telecom,telecom,none,[mms_issue]bad_wifi_calling|break_apn_mms_setting|break_app_storage_permission|data_usage_exceeded|user_abroad_roaming_enabled_off[PERSONA:Hard],telecom_0000,0,1493,pending,0,tau2_prep_check_telecom_0000,C:\Users\86132\Desktop\SafeDesk\benchmarks\tau2-bench\data\simulations\tau2_prep_check_telecom_0000\results.json,,2026-07-09T22:52:02
tau2_prep_check,telecom,telecom,none,[mms_issue]bad_wifi_calling|break_apn_mms_setting|break_app_both_permissions|data_usage_exceeded|user_abroad_roaming_enabled_off[PERSONA:None],telecom_0000,0,1494,pending,0,tau2_prep_check_telecom_0000,C:\Users\86132\Desktop\SafeDesk\benchmarks\tau2-bench\data\simulations\tau2_prep_check_telecom_0000\results.json,,2026-07-09T22:52:02
tau2_prep_check,telecom,telecom,none,[mms_issue]bad_network_preference|bad_wifi_calling|break_apn_mms_setting|data_usage_exceeded|user_abroad_roaming_disabled_on[PERSONA:Easy],telecom_0000,0,1495,pending,0,tau2_prep_check_telecom_0000,C:\Users\86132\Desktop\SafeDesk\benchmarks\tau2-bench\data\simulations\tau2_prep_check_telecom_0000\results.json,,2026-07-09T22:52:02
tau2_prep_check,telecom,telecom,none,[mms_issue]bad_network_preference|bad_wifi_calling|break_app_sms_permission|data_usage_exceeded|user_abroad_roaming_disabled_on[PERSONA:Hard],telecom_0000,0,1496,pending,0,tau2_prep_check_telecom_0000,C:\Users\86132\Desktop\SafeDesk\benchmarks\tau2-bench\data\simulations\tau2_prep_check_telecom_0000\results.json,,2026-07-09T22:52:02
tau2_prep_check,telecom,telecom,none,[mms_issue]bad_network_preference|bad_wifi_calling|break_app_storage_permission|data_usage_exceeded|user_abroad_roaming_disabled_on[PERSONA:None],telecom_0000,0,1497,pending,0,tau2_prep_check_telecom_0000,C:\Users\86132\Desktop\SafeDesk\benchmarks\tau2-bench\data\simulations\tau2_prep_check_telecom_0000\results.json,,2026-07-09T22:52:02
tau2_prep_check,telecom,telecom,none,[mms_issue]bad_network_preference|bad_wifi_calling|break_app_both_permissions|data_usage_exceeded|user_abroad_roaming_disabled_on[PERSONA:Easy],telecom_0000,0,1498,pending,0,tau2_prep_check_telecom_0000,C:\Users\86132\Desktop\SafeDesk\benchmarks\tau2-bench\data\simulations\tau2_prep_check_telecom_0000\results.json,,2026-07-09T22:52:02
tau2_prep_check,telecom,telecom,none,[mms_issue]bad_network_preference|break_apn_mms_setting|break_app_sms_permission|data_usage_exceeded|user_abroad_roaming_disabled_on[PERSONA:Hard],telecom_0000,0,1499,pending,0,tau2_prep_check_telecom_0000,C:\Users\86132\Desktop\SafeDesk\benchmarks\tau2-bench\data\simulations\tau2_prep_check_telecom_0000\results.json,,2026-07-09T22:52:02
tau2_prep_check,telecom,telecom,none,[mms_issue]bad_network_preference|break_apn_mms_setting|break_app_storage_permission|data_usage_exceeded|user_abroad_roaming_disabled_on[PERSONA:None],telecom_0000,0,1500,pending,0,tau2_prep_check_telecom_0000,C:\Users\86132\Desktop\SafeDesk\benchmarks\tau2-bench\data\simulations\tau2_prep_check_telecom_0000\results.json,,2026-07-09T22:52:02
tau2_prep_check,telecom,telecom,none,[mms_issue]bad_network_preference|break_apn_mms_setting|break_app_both_permissions|data_usage_exceeded|user_abroad_roaming_disabled_on[PERSONA:Easy],telecom_0000,0,1501,pending,0,tau2_prep_check_telecom_0000,C:\Users\86132\Desktop\SafeDesk\benchmarks\tau2-bench\data\simulations\tau2_prep_check_telecom_0000\results.json,,2026-07-09T22:52:02
tau2_prep_check,telecom,telecom,none,[mms_issue]bad_wifi_calling|break_apn_mms_setting|break_app_sms_permission|data_usage_exceeded|user_abroad_roaming_disabled_on[PERSONA:Hard],telecom_0000,0,1502,pending,0,tau2_prep_check_telecom_0000,C:\Users\86132\Desktop\SafeDesk\benchmarks\tau2-bench\data\simulations\tau2_prep_check_telecom_0000\results.json,,2026-07-09T22:52:02
tau2_prep_check,telecom,telecom,none,[mms_issue]bad_wifi_calling|break_apn_mms_setting|break_app_storage_permission|data_usage_exceeded|user_abroad_roaming_disabled_on[PERSONA:None],telecom_0000,0,1503,pending,0,tau2_prep_check_telecom_0000,C:\Users\86132\Desktop\SafeDesk\benchmarks\tau2-bench\data\simulations\tau2_prep_check_telecom_0000\results.json,,2026-07-09T22:52:02
tau2_prep_check,telecom,telecom,none,[mms_issue]bad_wifi_calling|break_apn_mms_setting|break_app_both_permissions|data_usage_exceeded|user_abroad_roaming_disabled_on[PERSONA:Easy],telecom_0000,0,1504,pending,0,tau2_prep_check_telecom_0000,C:\Users\86132\Desktop\SafeDesk\benchmarks\tau2-bench\data\simulations\tau2_prep_check_telecom_0000\results.json,,2026-07-09T22:52:02
tau2_prep_check,telecom,telecom,none,[mms_issue]bad_network_preference|bad_wifi_calling|break_apn_mms_setting|data_usage_exceeded|user_abroad_roaming_disabled_off[PERSONA:Hard],telecom_0000,0,1505,pending,0,tau2_prep_check_telecom_0000,C:\Users\86132\Desktop\SafeDesk\benchmarks\tau2-bench\data\simulations\tau2_prep_check_telecom_0000\results.json,,2026-07-09T22:52:02
tau2_prep_check,telecom,telecom,none,[mms_issue]bad_network_preference|bad_wifi_calling|break_app_sms_permission|data_usage_exceeded|user_abroad_roaming_disabled_off[PERSONA:None],telecom_0000,0,1506,pending,0,tau2_prep_check_telecom_0000,C:\Users\86132\Desktop\SafeDesk\benchmarks\tau2-bench\data\simulations\tau2_prep_check_telecom_0000\results.json,,2026-07-09T22:52:02
tau2_prep_check,telecom,telecom,none,[mms_issue]bad_network_preference|bad_wifi_calling|break_app_storage_permission|data_usage_exceeded|user_abroad_roaming_disabled_off[PERSONA:Easy],telecom_0000,0,1507,pending,0,tau2_prep_check_telecom_0000,C:\Users\86132\Desktop\SafeDesk\benchmarks\tau2-bench\data\simulations\tau2_prep_check_telecom_0000\results.json,,2026-07-09T22:52:02
tau2_prep_check,telecom,telecom,none,[mms_issue]bad_network_preference|bad_wifi_calling|break_app_both_permissions|data_usage_exceeded|user_abroad_roaming_disabled_off[PERSONA:Hard],telecom_0000,0,1508,pending,0,tau2_prep_check_telecom_0000,C:\Users\86132\Desktop\SafeDesk\benchmarks\tau2-bench\data\simulations\tau2_prep_check_telecom_0000\results.json,,2026-07-09T22:52:02
tau2_prep_check,telecom,telecom,none,[mms_issue]bad_network_preference|break_apn_mms_setting|break_app_sms_permission|data_usage_exceeded|user_abroad_roaming_disabled_off[PERSONA:None],telecom_0000,0,1509,pending,0,tau2_prep_check_telecom_0000,C:\Users\86132\Desktop\SafeDesk\benchmarks\tau2-bench\data\simulations\tau2_prep_check_telecom_0000\results.json,,2026-07-09T22:52:02
tau2_prep_check,telecom,telecom,none,[mms_issue]bad_network_preference|break_apn_mms_setting|break_app_storage_permission|data_usage_exceeded|user_abroad_roaming_disabled_off[PERSONA:Easy],telecom_0000,0,1510,pending,0,tau2_prep_check_telecom_0000,C:\Users\86132\Desktop\SafeDesk\benchmarks\tau2-bench\data\simulations\tau2_prep_check_telecom_0000\results.json,,2026-07-09T22:52:02
tau2_prep_check,telecom,telecom,none,[mms_issue]bad_network_preference|break_apn_mms_setting|break_app_both_permissions|data_usage_exceeded|user_abroad_roaming_disabled_off[PERSONA:Hard],telecom_0000,0,1511,pending,0,tau2_prep_check_telecom_0000,C:\Users\86132\Desktop\SafeDesk\benchmarks\tau2-bench\data\simulations\tau2_prep_check_telecom_0000\results.json,,2026-07-09T22:52:02
tau2_prep_check,telecom,telecom,none,[mms_issue]bad_wifi_calling|break_apn_mms_setting|break_app_sms_permission|data_usage_exceeded|user_abroad_roaming_disabled_off[PERSONA:None],telecom_0000,0,1512,pending,0,tau2_prep_check_telecom_0000,C:\Users\86132\Desktop\SafeDesk\benchmarks\tau2-bench\data\simulations\tau2_prep_check_telecom_0000\results.json,,2026-07-09T22:52:02
tau2_prep_check,telecom,telecom,none,[mms_issue]bad_wifi_calling|break_apn_mms_setting|break_app_storage_permission|data_usage_exceeded|user_abroad_roaming_disabled_off[PERSONA:Easy],telecom_0000,0,1513,pending,0,tau2_prep_check_telecom_0000,C:\Users\86132\Desktop\SafeDesk\benchmarks\tau2-bench\data\simulations\tau2_prep_check_telecom_0000\results.json,,2026-07-09T22:52:02
tau2_prep_check,telecom,telecom,none,[mms_issue]bad_wifi_calling|break_apn_mms_setting|break_app_both_permissions|data_usage_exceeded|user_abroad_roaming_disabled_off[PERSONA:Hard],telecom_0000,0,1514,pending,0,tau2_prep_check_telecom_0000,C:\Users\86132\Desktop\SafeDesk\benchmarks\tau2-bench\data\simulations\tau2_prep_check_telecom_0000\results.json,,2026-07-09T22:52:02
tau2_prep_check,telecom,telecom,none,[mms_issue]bad_network_preference|bad_wifi_calling|break_apn_mms_setting|break_app_sms_permission|data_usage_exceeded[PERSONA:None],telecom_0000,0,1515,pending,0,tau2_prep_check_telecom_0000,C:\Users\86132\Desktop\SafeDesk\benchmarks\tau2-bench\data\simulations\tau2_prep_check_telecom_0000\results.json,,2026-07-09T22:52:02
tau2_prep_check,telecom,telecom,none,[mms_issue]bad_network_preference|bad_wifi_calling|break_apn_mms_setting|break_app_storage_permission|data_usage_exceeded[PERSONA:Easy],telecom_0000,0,1516,pending,0,tau2_prep_check_telecom_0000,C:\Users\86132\Desktop\SafeDesk\benchmarks\tau2-bench\data\simulations\tau2_prep_check_telecom_0000\results.json,,2026-07-09T22:52:02
tau2_prep_check,telecom,telecom,none,[mms_issue]bad_network_preference|bad_wifi_calling|break_apn_mms_setting|break_app_both_permissions|data_usage_exceeded[PERSONA:Hard],telecom_0000,0,1517,pending,0,tau2_prep_check_telecom_0000,C:\Users\86132\Desktop\SafeDesk\benchmarks\tau2-bench\data\simulations\tau2_prep_check_telecom_0000\results.json,,2026-07-09T22:52:02
tau2_prep_check,telecom,telecom,none,[mms_issue]bad_network_preference|bad_wifi_calling|break_apn_mms_setting|break_app_sms_permission|user_abroad_roaming_enabled_off[PERSONA:None],telecom_0000,0,1518,pending,0,tau2_prep_check_telecom_0000,C:\Users\86132\Desktop\SafeDesk\benchmarks\tau2-bench\data\simulations\tau2_prep_check_telecom_0000\results.json,,2026-07-09T22:52:02
tau2_prep_check,telecom,telecom,none,[mms_issue]bad_network_preference|bad_wifi_calling|break_apn_mms_setting|break_app_storage_permission|user_abroad_roaming_enabled_off[PERSONA:Easy],telecom_0000,0,1519,pending,0,tau2_prep_check_telecom_0000,C:\Users\86132\Desktop\SafeDesk\benchmarks\tau2-bench\data\simulations\tau2_prep_check_telecom_0000\results.json,,2026-07-09T22:52:02
tau2_prep_check,telecom,telecom,none,[mms_issue]bad_network_preference|bad_wifi_calling|break_apn_mms_setting|break_app_both_permissions|user_abroad_roaming_enabled_off[PERSONA:Hard],telecom_0000,0,1520,pending,0,tau2_prep_check_telecom_0000,C:\Users\86132\Desktop\SafeDesk\benchmarks\tau2-bench\data\simulations\tau2_prep_check_telecom_0000\results.json,,2026-07-09T22:52:02
tau2_prep_check,telecom,telecom,none,[mms_issue]bad_network_preference|bad_wifi_calling|break_apn_mms_setting|break_app_sms_permission|user_abroad_roaming_disabled_on[PERSONA:None],telecom_0000,0,1521,pending,0,tau2_prep_check_telecom_0000,C:\Users\86132\Desktop\SafeDesk\benchmarks\tau2-bench\data\simulations\tau2_prep_check_telecom_0000\results.json,,2026-07-09T22:52:02
tau2_prep_check,telecom,telecom,none,[mms_issue]bad_network_preference|bad_wifi_calling|break_apn_mms_setting|break_app_storage_permission|user_abroad_roaming_disabled_on[PERSONA:Easy],telecom_0000,0,1522,pending,0,tau2_prep_check_telecom_0000,C:\Users\86132\Desktop\SafeDesk\benchmarks\tau2-bench\data\simulations\tau2_prep_check_telecom_0000\results.json,,2026-07-09T22:52:02
tau2_prep_check,telecom,telecom,none,[mms_issue]bad_network_preference|bad_wifi_calling|break_apn_mms_setting|break_app_both_permissions|user_abroad_roaming_disabled_on[PERSONA:Hard],telecom_0000,0,1523,pending,0,tau2_prep_check_telecom_0000,C:\Users\86132\Desktop\SafeDesk\benchmarks\tau2-bench\data\simulations\tau2_prep_check_telecom_0000\results.json,,2026-07-09T22:52:02
tau2_prep_check,telecom,telecom,none,[mms_issue]bad_network_preference|bad_wifi_calling|break_apn_mms_setting|break_app_sms_permission|user_abroad_roaming_disabled_off[PERSONA:None],telecom_0000,0,1524,pending,0,tau2_prep_check_telecom_0000,C:\Users\86132\Desktop\SafeDesk\benchmarks\tau2-bench\data\simulations\tau2_prep_check_telecom_0000\results.json,,2026-07-09T22:52:02
tau2_prep_check,telecom,telecom,none,[mms_issue]bad_network_preference|bad_wifi_calling|break_apn_mms_setting|break_app_storage_permission|user_abroad_roaming_disabled_off[PERSONA:Easy],telecom_0000,0,1525,pending,0,tau2_prep_check_telecom_0000,C:\Users\86132\Desktop\SafeDesk\benchmarks\tau2-bench\data\simulations\tau2_prep_check_telecom_0000\results.json,,2026-07-09T22:52:02
tau2_prep_check,telecom,telecom,none,[mms_issue]bad_network_preference|bad_wifi_calling|break_apn_mms_setting|break_app_both_permissions|user_abroad_roaming_disabled_off[PERSONA:Hard],telecom_0000,0,1526,pending,0,tau2_prep_check_telecom_0000,C:\Users\86132\Desktop\SafeDesk\benchmarks\tau2-bench\data\simulations\tau2_prep_check_telecom_0000\results.json,,2026-07-09T22:52:02
tau2_prep_check,telecom,telecom,none,[mms_issue]airplane_mode_on|bad_network_preference|data_mode_off|data_usage_exceeded|unseat_sim_card|user_abroad_roaming_enabled_off[PERSONA:None],telecom_0000,0,1527,pending,0,tau2_prep_check_telecom_0000,C:\Users\86132\Desktop\SafeDesk\benchmarks\tau2-bench\data\simulations\tau2_prep_check_telecom_0000\results.json,,2026-07-09T22:52:02
tau2_prep_check,telecom,telecom,none,[mms_issue]airplane_mode_on|bad_wifi_calling|data_mode_off|data_usage_exceeded|unseat_sim_card|user_abroad_roaming_enabled_off[PERSONA:Easy],telecom_0000,0,1528,pending,0,tau2_prep_check_telecom_0000,C:\Users\86132\Desktop\SafeDesk\benchmarks\tau2-bench\data\simulations\tau2_prep_check_telecom_0000\results.json,,2026-07-09T22:52:02
tau2_prep_check,telecom,telecom,none,[mms_issue]airplane_mode_on|break_apn_mms_setting|data_mode_off|data_usage_exceeded|unseat_sim_card|user_abroad_roaming_enabled_off[PERSONA:Hard],telecom_0000,0,1529,pending,0,tau2_prep_check_telecom_0000,C:\Users\86132\Desktop\SafeDesk\benchmarks\tau2-bench\data\simulations\tau2_prep_check_telecom_0000\results.json,,2026-07-09T22:52:02
tau2_prep_check,telecom,telecom,none,[mms_issue]airplane_mode_on|break_app_sms_permission|data_mode_off|data_usage_exceeded|unseat_sim_card|user_abroad_roaming_enabled_off[PERSONA:None],telecom_0000,0,1530,pending,0,tau2_prep_check_telecom_0000,C:\Users\86132\Desktop\SafeDesk\benchmarks\tau2-bench\data\simulations\tau2_prep_check_telecom_0000\results.json,,2026-07-09T22:52:02
tau2_prep_check,telecom,telecom,none,[mms_issue]airplane_mode_on|break_app_storage_permission|data_mode_off|data_usage_exceeded|unseat_sim_card|user_abroad_roaming_enabled_off[PERSONA:Easy],telecom_0000,0,1531,pending,0,tau2_prep_check_telecom_0000,C:\Users\86132\Desktop\SafeDesk\benchmarks\tau2-bench\data\simulations\tau2_prep_check_telecom_0000\results.json,,2026-07-09T22:52:02
tau2_prep_check,telecom,telecom,none,[mms_issue]airplane_mode_on|break_app_both_permissions|data_mode_off|data_usage_exceeded|unseat_sim_card|user_abroad_roaming_enabled_off[PERSONA:Hard],telecom_0000,0,1532,pending,0,tau2_prep_check_telecom_0000,C:\Users\86132\Desktop\SafeDesk\benchmarks\tau2-bench\data\simulations\tau2_prep_check_telecom_0000\results.json,,2026-07-09T22:52:02
tau2_prep_check,telecom,telecom,none,[mms_issue]airplane_mode_on|bad_network_preference|data_mode_off|data_usage_exceeded|unseat_sim_card|user_abroad_roaming_disabled_on[PERSONA:None],telecom_0000,0,1533,pending,0,tau2_prep_check_telecom_0000,C:\Users\86132\Desktop\SafeDesk\benchmarks\tau2-bench\data\simulations\tau2_prep_check_telecom_0000\results.json,,2026-07-09T22:52:02
tau2_prep_check,telecom,telecom,none,[mms_issue]airplane_mode_on|bad_wifi_calling|data_mode_off|data_usage_exceeded|unseat_sim_card|user_abroad_roaming_disabled_on[PERSONA:Easy],telecom_0000,0,1534,pending,0,tau2_prep_check_telecom_0000,C:\Users\86132\Desktop\SafeDesk\benchmarks\tau2-bench\data\simulations\tau2_prep_check_telecom_0000\results.json,,2026-07-09T22:52:02
tau2_prep_check,telecom,telecom,none,[mms_issue]airplane_mode_on|break_apn_mms_setting|data_mode_off|data_usage_exceeded|unseat_sim_card|user_abroad_roaming_disabled_on[PERSONA:Hard],telecom_0000,0,1535,pending,0,tau2_prep_check_telecom_0000,C:\Users\86132\Desktop\SafeDesk\benchmarks\tau2-bench\data\simulations\tau2_prep_check_telecom_0000\results.json,,2026-07-09T22:52:02
tau2_prep_check,telecom,telecom,none,[mms_issue]airplane_mode_on|break_app_sms_permission|data_mode_off|data_usage_exceeded|unseat_sim_card|user_abroad_roaming_disabled_on[PERSONA:None],telecom_0000,0,1536,pending,0,tau2_prep_check_telecom_0000,C:\Users\86132\Desktop\SafeDesk\benchmarks\tau2-bench\data\simulations\tau2_prep_check_telecom_0000\results.json,,2026-07-09T22:52:02
tau2_prep_check,telecom,telecom,none,[mms_issue]airplane_mode_on|break_app_storage_permission|data_mode_off|data_usage_exceeded|unseat_sim_card|user_abroad_roaming_disabled_on[PERSONA:Easy],telecom_0000,0,1537,pending,0,tau2_prep_check_telecom_0000,C:\Users\86132\Desktop\SafeDesk\benchmarks\tau2-bench\data\simulations\tau2_prep_check_telecom_0000\results.json,,2026-07-09T22:52:02
tau2_prep_check,telecom,telecom,none,[mms_issue]airplane_mode_on|break_app_both_permissions|data_mode_off|data_usage_exceeded|unseat_sim_card|user_abroad_roaming_disabled_on[PERSONA:Hard],telecom_0000,0,1538,pending,0,tau2_prep_check_telecom_0000,C:\Users\86132\Desktop\SafeDesk\benchmarks\tau2-bench\data\simulations\tau2_prep_check_telecom_0000\results.json,,2026-07-09T22:52:02
tau2_prep_check,telecom,telecom,none,[mms_issue]airplane_mode_on|bad_network_preference|data_mode_off|data_usage_exceeded|unseat_sim_card|user_abroad_roaming_disabled_off[PERSONA:None],telecom_0000,0,1539,pending,0,tau2_prep_check_telecom_0000,C:\Users\86132\Desktop\SafeDesk\benchmarks\tau2-bench\data\simulations\tau2_prep_check_telecom_0000\results.json,,2026-07-09T22:52:02
tau2_prep_check,telecom,telecom,none,[mms_issue]airplane_mode_on|bad_wifi_calling|data_mode_off|data_usage_exceeded|unseat_sim_card|user_abroad_roaming_disabled_off[PERSONA:Easy],telecom_0000,0,1540,pending,0,tau2_prep_check_telecom_0000,C:\Users\86132\Desktop\SafeDesk\benchmarks\tau2-bench\data\simulations\tau2_prep_check_telecom_0000\results.json,,2026-07-09T22:52:02
tau2_prep_check,telecom,telecom,none,[mms_issue]airplane_mode_on|break_apn_mms_setting|data_mode_off|data_usage_exceeded|unseat_sim_card|user_abroad_roaming_disabled_off[PERSONA:Hard],telecom_0000,0,1541,pending,0,tau2_prep_check_telecom_0000,C:\Users\86132\Desktop\SafeDesk\benchmarks\tau2-bench\data\simulations\tau2_prep_check_telecom_0000\results.json,,2026-07-09T22:52:02
tau2_prep_check,telecom,telecom,none,[mms_issue]airplane_mode_on|break_app_sms_permission|data_mode_off|data_usage_exceeded|unseat_sim_card|user_abroad_roaming_disabled_off[PERSONA:None],telecom_0000,0,1542,pending,0,tau2_prep_check_telecom_0000,C:\Users\86132\Desktop\SafeDesk\benchmarks\tau2-bench\data\simulations\tau2_prep_check_telecom_0000\results.json,,2026-07-09T22:52:02
tau2_prep_check,telecom,telecom,none,[mms_issue]airplane_mode_on|break_app_storage_permission|data_mode_off|data_usage_exceeded|unseat_sim_card|user_abroad_roaming_disabled_off[PERSONA:Easy],telecom_0000,0,1543,pending,0,tau2_prep_check_telecom_0000,C:\Users\86132\Desktop\SafeDesk\benchmarks\tau2-bench\data\simulations\tau2_prep_check_telecom_0000\results.json,,2026-07-09T22:52:02
tau2_prep_check,telecom,telecom,none,[mms_issue]airplane_mode_on|break_app_both_permissions|data_mode_off|data_usage_exceeded|unseat_sim_card|user_abroad_roaming_disabled_off[PERSONA:Hard],telecom_0000,0,1544,pending,0,tau2_prep_check_telecom_0000,C:\Users\86132\Desktop\SafeDesk\benchmarks\tau2-bench\data\simulations\tau2_prep_check_telecom_0000\results.json,,2026-07-09T22:52:02
tau2_prep_check,telecom,telecom,none,[mms_issue]airplane_mode_on|bad_network_preference|bad_wifi_calling|data_mode_off|data_usage_exceeded|unseat_sim_card[PERSONA:None],telecom_0000,0,1545,pending,0,tau2_prep_check_telecom_0000,C:\Users\86132\Desktop\SafeDesk\benchmarks\tau2-bench\data\simulations\tau2_prep_check_telecom_0000\results.json,,2026-07-09T22:52:02
tau2_prep_check,telecom,telecom,none,[mms_issue]airplane_mode_on|bad_network_preference|break_apn_mms_setting|data_mode_off|data_usage_exceeded|unseat_sim_card[PERSONA:Easy],telecom_0000,0,1546,pending,0,tau2_prep_check_telecom_0000,C:\Users\86132\Desktop\SafeDesk\benchmarks\tau2-bench\data\simulations\tau2_prep_check_telecom_0000\results.json,,2026-07-09T22:52:02
tau2_prep_check,telecom,telecom,none,[mms_issue]airplane_mode_on|bad_network_preference|break_app_sms_permission|data_mode_off|data_usage_exceeded|unseat_sim_card[PERSONA:Hard],telecom_0000,0,1547,pending,0,tau2_prep_check_telecom_0000,C:\Users\86132\Desktop\SafeDesk\benchmarks\tau2-bench\data\simulations\tau2_prep_check_telecom_0000\results.json,,2026-07-09T22:52:02
tau2_prep_check,telecom,telecom,none,[mms_issue]airplane_mode_on|bad_network_preference|break_app_storage_permission|data_mode_off|data_usage_exceeded|unseat_sim_card[PERSONA:None],telecom_0000,0,1548,pending,0,tau2_prep_check_telecom_0000,C:\Users\86132\Desktop\SafeDesk\benchmarks\tau2-bench\data\simulations\tau2_prep_check_telecom_0000\results.json,,2026-07-09T22:52:02
tau2_prep_check,telecom,telecom,none,[mms_issue]airplane_mode_on|bad_network_preference|break_app_both_permissions|data_mode_off|data_usage_exceeded|unseat_sim_card[PERSONA:Easy],telecom_0000,0,1549,pending,0,tau2_prep_check_telecom_0000,C:\Users\86132\Desktop\SafeDesk\benchmarks\tau2-bench\data\simulations\tau2_prep_check_telecom_0000\results.json,,2026-07-09T22:52:02
tau2_prep_check,telecom,telecom,none,[mms_issue]airplane_mode_on|bad_wifi_calling|break_apn_mms_setting|data_mode_off|data_usage_exceeded|unseat_sim_card[PERSONA:Hard],telecom_0000,0,1550,pending,0,tau2_prep_check_telecom_0000,C:\Users\86132\Desktop\SafeDesk\benchmarks\tau2-bench\data\simulations\tau2_prep_check_telecom_0000\results.json,,2026-07-09T22:52:02
tau2_prep_check,telecom,telecom,none,[mms_issue]airplane_mode_on|bad_wifi_calling|break_app_sms_permission|data_mode_off|data_usage_exceeded|unseat_sim_card[PERSONA:None],telecom_0000,0,1551,pending,0,tau2_prep_check_telecom_0000,C:\Users\86132\Desktop\SafeDesk\benchmarks\tau2-bench\data\simulations\tau2_prep_check_telecom_0000\results.json,,2026-07-09T22:52:02
tau2_prep_check,telecom,telecom,none,[mms_issue]airplane_mode_on|bad_wifi_calling|break_app_storage_permission|data_mode_off|data_usage_exceeded|unseat_sim_card[PERSONA:Easy],telecom_0000,0,1552,pending,0,tau2_prep_check_telecom_0000,C:\Users\86132\Desktop\SafeDesk\benchmarks\tau2-bench\data\simulations\tau2_prep_check_telecom_0000\results.json,,2026-07-09T22:52:02
tau2_prep_check,telecom,telecom,none,[mms_issue]airplane_mode_on|bad_wifi_calling|break_app_both_permissions|data_mode_off|data_usage_exceeded|unseat_sim_card[PERSONA:Hard],telecom_0000,0,1553,pending,0,tau2_prep_check_telecom_0000,C:\Users\86132\Desktop\SafeDesk\benchmarks\tau2-bench\data\simulations\tau2_prep_check_telecom_0000\results.json,,2026-07-09T22:52:02
tau2_prep_check,telecom,telecom,none,[mms_issue]airplane_mode_on|break_apn_mms_setting|break_app_sms_permission|data_mode_off|data_usage_exceeded|unseat_sim_card[PERSONA:None],telecom_0000,0,1554,pending,0,tau2_prep_check_telecom_0000,C:\Users\86132\Desktop\SafeDesk\benchmarks\tau2-bench\data\simulations\tau2_prep_check_telecom_0000\results.json,,2026-07-09T22:52:02
tau2_prep_check,telecom,telecom,none,[mms_issue]airplane_mode_on|break_apn_mms_setting|break_app_storage_permission|data_mode_off|data_usage_exceeded|unseat_sim_card[PERSONA:Easy],telecom_0000,0,1555,pending,0,tau2_prep_check_telecom_0000,C:\Users\86132\Desktop\SafeDesk\benchmarks\tau2-bench\data\simulations\tau2_prep_check_telecom_0000\results.json,,2026-07-09T22:52:02
tau2_prep_check,telecom,telecom,none,[mms_issue]airplane_mode_on|break_apn_mms_setting|break_app_both_permissions|data_mode_off|data_usage_exceeded|unseat_sim_card[PERSONA:Hard],telecom_0000,0,1556,pending,0,tau2_prep_check_telecom_0000,C:\Users\86132\Desktop\SafeDesk\benchmarks\tau2-bench\data\simulations\tau2_prep_check_telecom_0000\results.json,,2026-07-09T22:52:02
tau2_prep_check,telecom,telecom,none,[mms_issue]airplane_mode_on|bad_network_preference|bad_wifi_calling|data_mode_off|unseat_sim_card|user_abroad_roaming_enabled_off[PERSONA:None],telecom_0000,0,1557,pending,0,tau2_prep_check_telecom_0000,C:\Users\86132\Desktop\SafeDesk\benchmarks\tau2-bench\data\simulations\tau2_prep_check_telecom_0000\results.json,,2026-07-09T22:52:02
tau2_prep_check,telecom,telecom,none,[mms_issue]airplane_mode_on|bad_network_preference|break_apn_mms_setting|data_mode_off|unseat_sim_card|user_abroad_roaming_enabled_off[PERSONA:Easy],telecom_0000,0,1558,pending,0,tau2_prep_check_telecom_0000,C:\Users\86132\Desktop\SafeDesk\benchmarks\tau2-bench\data\simulations\tau2_prep_check_telecom_0000\results.json,,2026-07-09T22:52:02
tau2_prep_check,telecom,telecom,none,[mms_issue]airplane_mode_on|bad_network_preference|break_app_sms_permission|data_mode_off|unseat_sim_card|user_abroad_roaming_enabled_off[PERSONA:Hard],telecom_0000,0,1559,pending,0,tau2_prep_check_telecom_0000,C:\Users\86132\Desktop\SafeDesk\benchmarks\tau2-bench\data\simulations\tau2_prep_check_telecom_0000\results.json,,2026-07-09T22:52:02
tau2_prep_check,telecom,telecom,none,[mms_issue]airplane_mode_on|bad_network_preference|break_app_storage_permission|data_mode_off|unseat_sim_card|user_abroad_roaming_enabled_off[PERSONA:None],telecom_0000,0,1560,pending,0,tau2_prep_check_telecom_0000,C:\Users\86132\Desktop\SafeDesk\benchmarks\tau2-bench\data\simulations\tau2_prep_check_telecom_0000\results.json,,2026-07-09T22:52:02
tau2_prep_check,telecom,telecom,none,[mms_issue]airplane_mode_on|bad_network_preference|break_app_both_permissions|data_mode_off|unseat_sim_card|user_abroad_roaming_enabled_off[PERSONA:Easy],telecom_0000,0,1561,pending,0,tau2_prep_check_telecom_0000,C:\Users\86132\Desktop\SafeDesk\benchmarks\tau2-bench\data\simulations\tau2_prep_check_telecom_0000\results.json,,2026-07-09T22:52:02
tau2_prep_check,telecom,telecom,none,[mms_issue]airplane_mode_on|bad_wifi_calling|break_apn_mms_setting|data_mode_off|unseat_sim_card|user_abroad_roaming_enabled_off[PERSONA:Hard],telecom_0000,0,1562,pending,0,tau2_prep_check_telecom_0000,C:\Users\86132\Desktop\SafeDesk\benchmarks\tau2-bench\data\simulations\tau2_prep_check_telecom_0000\results.json,,2026-07-09T22:52:02
tau2_prep_check,telecom,telecom,none,[mms_issue]airplane_mode_on|bad_wifi_calling|break_app_sms_permission|data_mode_off|unseat_sim_card|user_abroad_roaming_enabled_off[PERSONA:None],telecom_0000,0,1563,pending,0,tau2_prep_check_telecom_0000,C:\Users\86132\Desktop\SafeDesk\benchmarks\tau2-bench\data\simulations\tau2_prep_check_telecom_0000\results.json,,2026-07-09T22:52:02
tau2_prep_check,telecom,telecom,none,[mms_issue]airplane_mode_on|bad_wifi_calling|break_app_storage_permission|data_mode_off|unseat_sim_card|user_abroad_roaming_enabled_off[PERSONA:Easy],telecom_0000,0,1564,pending,0,tau2_prep_check_telecom_0000,C:\Users\86132\Desktop\SafeDesk\benchmarks\tau2-bench\data\simulations\tau2_prep_check_telecom_0000\results.json,,2026-07-09T22:52:02
tau2_prep_check,telecom,telecom,none,[mms_issue]airplane_mode_on|bad_wifi_calling|break_app_both_permissions|data_mode_off|unseat_sim_card|user_abroad_roaming_enabled_off[PERSONA:Hard],telecom_0000,0,1565,pending,0,tau2_prep_check_telecom_0000,C:\Users\86132\Desktop\SafeDesk\benchmarks\tau2-bench\data\simulations\tau2_prep_check_telecom_0000\results.json,,2026-07-09T22:52:02
tau2_prep_check,telecom,telecom,none,[mms_issue]airplane_mode_on|break_apn_mms_setting|break_app_sms_permission|data_mode_off|unseat_sim_card|user_abroad_roaming_enabled_off[PERSONA:None],telecom_0000,0,1566,pending,0,tau2_prep_check_telecom_0000,C:\Users\86132\Desktop\SafeDesk\benchmarks\tau2-bench\data\simulations\tau2_prep_check_telecom_0000\results.json,,2026-07-09T22:52:02
tau2_prep_check,telecom,telecom,none,[mms_issue]airplane_mode_on|break_apn_mms_setting|break_app_storage_permission|data_mode_off|unseat_sim_card|user_abroad_roaming_enabled_off[PERSONA:Easy],telecom_0000,0,1567,pending,0,tau2_prep_check_telecom_0000,C:\Users\86132\Desktop\SafeDesk\benchmarks\tau2-bench\data\simulations\tau2_prep_check_telecom_0000\results.json,,2026-07-09T22:52:02
tau2_prep_check,telecom,telecom,none,[mms_issue]airplane_mode_on|break_apn_mms_setting|break_app_both_permissions|data_mode_off|unseat_sim_card|user_abroad_roaming_enabled_off[PERSONA:Hard],telecom_0000,0,1568,pending,0,tau2_prep_check_telecom_0000,C:\Users\86132\Desktop\SafeDesk\benchmarks\tau2-bench\data\simulations\tau2_prep_check_telecom_0000\results.json,,2026-07-09T22:52:02
tau2_prep_check,telecom,telecom,none,[mms_issue]airplane_mode_on|bad_network_preference|bad_wifi_calling|data_mode_off|unseat_sim_card|user_abroad_roaming_disabled_on[PERSONA:None],telecom_0000,0,1569,pending,0,tau2_prep_check_telecom_0000,C:\Users\86132\Desktop\SafeDesk\benchmarks\tau2-bench\data\simulations\tau2_prep_check_telecom_0000\results.json,,2026-07-09T22:52:02
tau2_prep_check,telecom,telecom,none,[mms_issue]airplane_mode_on|bad_network_preference|break_apn_mms_setting|data_mode_off|unseat_sim_card|user_abroad_roaming_disabled_on[PERSONA:Easy],telecom_0000,0,1570,pending,0,tau2_prep_check_telecom_0000,C:\Users\86132\Desktop\SafeDesk\benchmarks\tau2-bench\data\simulations\tau2_prep_check_telecom_0000\results.json,,2026-07-09T22:52:02
tau2_prep_check,telecom,telecom,none,[mms_issue]airplane_mode_on|bad_network_preference|break_app_sms_permission|data_mode_off|unseat_sim_card|user_abroad_roaming_disabled_on[PERSONA:Hard],telecom_0000,0,1571,pending,0,tau2_prep_check_telecom_0000,C:\Users\86132\Desktop\SafeDesk\benchmarks\tau2-bench\data\simulations\tau2_prep_check_telecom_0000\results.json,,2026-07-09T22:52:02
tau2_prep_check,telecom,telecom,none,[mms_issue]airplane_mode_on|bad_network_preference|break_app_storage_permission|data_mode_off|unseat_sim_card|user_abroad_roaming_disabled_on[PERSONA:None],telecom_0000,0,1572,pending,0,tau2_prep_check_telecom_0000,C:\Users\86132\Desktop\SafeDesk\benchmarks\tau2-bench\data\simulations\tau2_prep_check_telecom_0000\results.json,,2026-07-09T22:52:02
tau2_prep_check,telecom,telecom,none,[mms_issue]airplane_mode_on|bad_network_preference|break_app_both_permissions|data_mode_off|unseat_sim_card|user_abroad_roaming_disabled_on[PERSONA:Easy],telecom_0000,0,1573,pending,0,tau2_prep_check_telecom_0000,C:\Users\86132\Desktop\SafeDesk\benchmarks\tau2-bench\data\simulations\tau2_prep_check_telecom_0000\results.json,,2026-07-09T22:52:02
tau2_prep_check,telecom,telecom,none,[mms_issue]airplane_mode_on|bad_wifi_calling|break_apn_mms_setting|data_mode_off|unseat_sim_card|user_abroad_roaming_disabled_on[PERSONA:Hard],telecom_0000,0,1574,pending,0,tau2_prep_check_telecom_0000,C:\Users\86132\Desktop\SafeDesk\benchmarks\tau2-bench\data\simulations\tau2_prep_check_telecom_0000\results.json,,2026-07-09T22:52:02
tau2_prep_check,telecom,telecom,none,[mms_issue]airplane_mode_on|bad_wifi_calling|break_app_sms_permission|data_mode_off|unseat_sim_card|user_abroad_roaming_disabled_on[PERSONA:None],telecom_0000,0,1575,pending,0,tau2_prep_check_telecom_0000,C:\Users\86132\Desktop\SafeDesk\benchmarks\tau2-bench\data\simulations\tau2_prep_check_telecom_0000\results.json,,2026-07-09T22:52:02
tau2_prep_check,telecom,telecom,none,[mms_issue]airplane_mode_on|bad_wifi_calling|break_app_storage_permission|data_mode_off|unseat_sim_card|user_abroad_roaming_disabled_on[PERSONA:Easy],telecom_0000,0,1576,pending,0,tau2_prep_check_telecom_0000,C:\Users\86132\Desktop\SafeDesk\benchmarks\tau2-bench\data\simulations\tau2_prep_check_telecom_0000\results.json,,2026-07-09T22:52:02
tau2_prep_check,telecom,telecom,none,[mms_issue]airplane_mode_on|bad_wifi_calling|break_app_both_permissions|data_mode_off|unseat_sim_card|user_abroad_roaming_disabled_on[PERSONA:Hard],telecom_0000,0,1577,pending,0,tau2_prep_check_telecom_0000,C:\Users\86132\Desktop\SafeDesk\benchmarks\tau2-bench\data\simulations\tau2_prep_check_telecom_0000\results.json,,2026-07-09T22:52:02
tau2_prep_check,telecom,telecom,none,[mms_issue]airplane_mode_on|break_apn_mms_setting|break_app_sms_permission|data_mode_off|unseat_sim_card|user_abroad_roaming_disabled_on[PERSONA:None],telecom_0000,0,1578,pending,0,tau2_prep_check_telecom_0000,C:\Users\86132\Desktop\SafeDesk\benchmarks\tau2-bench\data\simulations\tau2_prep_check_telecom_0000\results.json,,2026-07-09T22:52:02
tau2_prep_check,telecom,telecom,none,[mms_issue]airplane_mode_on|break_apn_mms_setting|break_app_storage_permission|data_mode_off|unseat_sim_card|user_abroad_roaming_disabled_on[PERSONA:Easy],telecom_0000,0,1579,pending,0,tau2_prep_check_telecom_0000,C:\Users\86132\Desktop\SafeDesk\benchmarks\tau2-bench\data\simulations\tau2_prep_check_telecom_0000\results.json,,2026-07-09T22:52:02
tau2_prep_check,telecom,telecom,none,[mms_issue]airplane_mode_on|break_apn_mms_setting|break_app_both_permissions|data_mode_off|unseat_sim_card|user_abroad_roaming_disabled_on[PERSONA:Hard],telecom_0000,0,1580,pending,0,tau2_prep_check_telecom_0000,C:\Users\86132\Desktop\SafeDesk\benchmarks\tau2-bench\data\simulations\tau2_prep_check_telecom_0000\results.json,,2026-07-09T22:52:02
tau2_prep_check,telecom,telecom,none,[mms_issue]airplane_mode_on|bad_network_preference|bad_wifi_calling|data_mode_off|unseat_sim_card|user_abroad_roaming_disabled_off[PERSONA:None],telecom_0000,0,1581,pending,0,tau2_prep_check_telecom_0000,C:\Users\86132\Desktop\SafeDesk\benchmarks\tau2-bench\data\simulations\tau2_prep_check_telecom_0000\results.json,,2026-07-09T22:52:02
tau2_prep_check,telecom,telecom,none,[mms_issue]airplane_mode_on|bad_network_preference|break_apn_mms_setting|data_mode_off|unseat_sim_card|user_abroad_roaming_disabled_off[PERSONA:Easy],telecom_0000,0,1582,pending,0,tau2_prep_check_telecom_0000,C:\Users\86132\Desktop\SafeDesk\benchmarks\tau2-bench\data\simulations\tau2_prep_check_telecom_0000\results.json,,2026-07-09T22:52:02
tau2_prep_check,telecom,telecom,none,[mms_issue]airplane_mode_on|bad_network_preference|break_app_sms_permission|data_mode_off|unseat_sim_card|user_abroad_roaming_disabled_off[PERSONA:Hard],telecom_0000,0,1583,pending,0,tau2_prep_check_telecom_0000,C:\Users\86132\Desktop\SafeDesk\benchmarks\tau2-bench\data\simulations\tau2_prep_check_telecom_0000\results.json,,2026-07-09T22:52:02
tau2_prep_check,telecom,telecom,none,[mms_issue]airplane_mode_on|bad_network_preference|break_app_storage_permission|data_mode_off|unseat_sim_card|user_abroad_roaming_disabled_off[PERSONA:None],telecom_0000,0,1584,pending,0,tau2_prep_check_telecom_0000,C:\Users\86132\Desktop\SafeDesk\benchmarks\tau2-bench\data\simulations\tau2_prep_check_telecom_0000\results.json,,2026-07-09T22:52:02
tau2_prep_check,telecom,telecom,none,[mms_issue]airplane_mode_on|bad_network_preference|break_app_both_permissions|data_mode_off|unseat_sim_card|user_abroad_roaming_disabled_off[PERSONA:Easy],telecom_0000,0,1585,pending,0,tau2_prep_check_telecom_0000,C:\Users\86132\Desktop\SafeDesk\benchmarks\tau2-bench\data\simulations\tau2_prep_check_telecom_0000\results.json,,2026-07-09T22:52:02
tau2_prep_check,telecom,telecom,none,[mms_issue]airplane_mode_on|bad_wifi_calling|break_apn_mms_setting|data_mode_off|unseat_sim_card|user_abroad_roaming_disabled_off[PERSONA:Hard],telecom_0000,0,1586,pending,0,tau2_prep_check_telecom_0000,C:\Users\86132\Desktop\SafeDesk\benchmarks\tau2-bench\data\simulations\tau2_prep_check_telecom_0000\results.json,,2026-07-09T22:52:02
tau2_prep_check,telecom,telecom,none,[mms_issue]airplane_mode_on|bad_wifi_calling|break_app_sms_permission|data_mode_off|unseat_sim_card|user_abroad_roaming_disabled_off[PERSONA:None],telecom_0000,0,1587,pending,0,tau2_prep_check_telecom_0000,C:\Users\86132\Desktop\SafeDesk\benchmarks\tau2-bench\data\simulations\tau2_prep_check_telecom_0000\results.json,,2026-07-09T22:52:02
tau2_prep_check,telecom,telecom,none,[mms_issue]airplane_mode_on|bad_wifi_calling|break_app_storage_permission|data_mode_off|unseat_sim_card|user_abroad_roaming_disabled_off[PERSONA:Easy],telecom_0000,0,1588,pending,0,tau2_prep_check_telecom_0000,C:\Users\86132\Desktop\SafeDesk\benchmarks\tau2-bench\data\simulations\tau2_prep_check_telecom_0000\results.json,,2026-07-09T22:52:02
tau2_prep_check,telecom,telecom,none,[mms_issue]airplane_mode_on|bad_wifi_calling|break_app_both_permissions|data_mode_off|unseat_sim_card|user_abroad_roaming_disabled_off[PERSONA:Hard],telecom_0000,0,1589,pending,0,tau2_prep_check_telecom_0000,C:\Users\86132\Desktop\SafeDesk\benchmarks\tau2-bench\data\simulations\tau2_prep_check_telecom_0000\results.json,,2026-07-09T22:52:02
tau2_prep_check,telecom,telecom,none,[mms_issue]airplane_mode_on|break_apn_mms_setting|break_app_sms_permission|data_mode_off|unseat_sim_card|user_abroad_roaming_disabled_off[PERSONA:None],telecom_0000,0,1590,pending,0,tau2_prep_check_telecom_0000,C:\Users\86132\Desktop\SafeDesk\benchmarks\tau2-bench\data\simulations\tau2_prep_check_telecom_0000\results.json,,2026-07-09T22:52:02
tau2_prep_check,telecom,telecom,none,[mms_issue]airplane_mode_on|break_apn_mms_setting|break_app_storage_permission|data_mode_off|unseat_sim_card|user_abroad_roaming_disabled_off[PERSONA:Easy],telecom_0000,0,1591,pending,0,tau2_prep_check_telecom_0000,C:\Users\86132\Desktop\SafeDesk\benchmarks\tau2-bench\data\simulations\tau2_prep_check_telecom_0000\results.json,,2026-07-09T22:52:02
tau2_prep_check,telecom,telecom,none,[mms_issue]airplane_mode_on|break_apn_mms_setting|break_app_both_permissions|data_mode_off|unseat_sim_card|user_abroad_roaming_disabled_off[PERSONA:Hard],telecom_0000,0,1592,pending,0,tau2_prep_check_telecom_0000,C:\Users\86132\Desktop\SafeDesk\benchmarks\tau2-bench\data\simulations\tau2_prep_check_telecom_0000\results.json,,2026-07-09T22:52:02
tau2_prep_check,telecom,telecom,none,[mms_issue]airplane_mode_on|bad_network_preference|bad_wifi_calling|break_apn_mms_setting|data_mode_off|unseat_sim_card[PERSONA:None],telecom_0000,0,1593,pending,0,tau2_prep_check_telecom_0000,C:\Users\86132\Desktop\SafeDesk\benchmarks\tau2-bench\data\simulations\tau2_prep_check_telecom_0000\results.json,,2026-07-09T22:52:02
tau2_prep_check,telecom,telecom,none,[mms_issue]airplane_mode_on|bad_network_preference|bad_wifi_calling|break_app_sms_permission|data_mode_off|unseat_sim_card[PERSONA:Easy],telecom_0000,0,1594,pending,0,tau2_prep_check_telecom_0000,C:\Users\86132\Desktop\SafeDesk\benchmarks\tau2-bench\data\simulations\tau2_prep_check_telecom_0000\results.json,,2026-07-09T22:52:02
tau2_prep_check,telecom,telecom,none,[mms_issue]airplane_mode_on|bad_network_preference|bad_wifi_calling|break_app_storage_permission|data_mode_off|unseat_sim_card[PERSONA:Hard],telecom_0000,0,1595,pending,0,tau2_prep_check_telecom_0000,C:\Users\86132\Desktop\SafeDesk\benchmarks\tau2-bench\data\simulations\tau2_prep_check_telecom_0000\results.json,,2026-07-09T22:52:02
tau2_prep_check,telecom,telecom,none,[mms_issue]airplane_mode_on|bad_network_preference|bad_wifi_calling|break_app_both_permissions|data_mode_off|unseat_sim_card[PERSONA:None],telecom_0000,0,1596,pending,0,tau2_prep_check_telecom_0000,C:\Users\86132\Desktop\SafeDesk\benchmarks\tau2-bench\data\simulations\tau2_prep_check_telecom_0000\results.json,,2026-07-09T22:52:02
tau2_prep_check,telecom,telecom,none,[mms_issue]airplane_mode_on|bad_network_preference|break_apn_mms_setting|break_app_sms_permission|data_mode_off|unseat_sim_card[PERSONA:Easy],telecom_0000,0,1597,pending,0,tau2_prep_check_telecom_0000,C:\Users\86132\Desktop\SafeDesk\benchmarks\tau2-bench\data\simulations\tau2_prep_check_telecom_0000\results.json,,2026-07-09T22:52:02
tau2_prep_check,telecom,telecom,none,[mms_issue]airplane_mode_on|bad_network_preference|break_apn_mms_setting|break_app_storage_permission|data_mode_off|unseat_sim_card[PERSONA:Hard],telecom_0000,0,1598,pending,0,tau2_prep_check_telecom_0000,C:\Users\86132\Desktop\SafeDesk\benchmarks\tau2-bench\data\simulations\tau2_prep_check_telecom_0000\results.json,,2026-07-09T22:52:02
tau2_prep_check,telecom,telecom,none,[mms_issue]airplane_mode_on|bad_network_preference|break_apn_mms_setting|break_app_both_permissions|data_mode_off|unseat_sim_card[PERSONA:None],telecom_0000,0,1599,pending,0,tau2_prep_check_telecom_0000,C:\Users\86132\Desktop\SafeDesk\benchmarks\tau2-bench\data\simulations\tau2_prep_check_telecom_0000\results.json,,2026-07-09T22:52:02
tau2_prep_check,telecom,telecom,none,[mms_issue]airplane_mode_on|bad_wifi_calling|break_apn_mms_setting|break_app_sms_permission|data_mode_off|unseat_sim_card[PERSONA:Easy],telecom_0000,0,1600,pending,0,tau2_prep_check_telecom_0000,C:\Users\86132\Desktop\SafeDesk\benchmarks\tau2-bench\data\simulations\tau2_prep_check_telecom_0000\results.json,,2026-07-09T22:52:02
tau2_prep_check,telecom,telecom,none,[mms_issue]airplane_mode_on|bad_wifi_calling|break_apn_mms_setting|break_app_storage_permission|data_mode_off|unseat_sim_card[PERSONA:Hard],telecom_0000,0,1601,pending,0,tau2_prep_check_telecom_0000,C:\Users\86132\Desktop\SafeDesk\benchmarks\tau2-bench\data\simulations\tau2_prep_check_telecom_0000\results.json,,2026-07-09T22:52:02
tau2_prep_check,telecom,telecom,none,[mms_issue]airplane_mode_on|bad_wifi_calling|break_apn_mms_setting|break_app_both_permissions|data_mode_off|unseat_sim_card[PERSONA:None],telecom_0000,0,1602,pending,0,tau2_prep_check_telecom_0000,C:\Users\86132\Desktop\SafeDesk\benchmarks\tau2-bench\data\simulations\tau2_prep_check_telecom_0000\results.json,,2026-07-09T22:52:02
tau2_prep_check,telecom,telecom,none,[mms_issue]airplane_mode_on|bad_network_preference|bad_wifi_calling|data_usage_exceeded|unseat_sim_card|user_abroad_roaming_enabled_off[PERSONA:Easy],telecom_0000,0,1603,pending,0,tau2_prep_check_telecom_0000,C:\Users\86132\Desktop\SafeDesk\benchmarks\tau2-bench\data\simulations\tau2_prep_check_telecom_0000\results.json,,2026-07-09T22:52:02
tau2_prep_check,telecom,telecom,none,[mms_issue]airplane_mode_on|bad_network_preference|break_apn_mms_setting|data_usage_exceeded|unseat_sim_card|user_abroad_roaming_enabled_off[PERSONA:Hard],telecom_0000,0,1604,pending,0,tau2_prep_check_telecom_0000,C:\Users\86132\Desktop\SafeDesk\benchmarks\tau2-bench\data\simulations\tau2_prep_check_telecom_0000\results.json,,2026-07-09T22:52:02
tau2_prep_check,telecom,telecom,none,[mms_issue]airplane_mode_on|bad_network_preference|break_app_sms_permission|data_usage_exceeded|unseat_sim_card|user_abroad_roaming_enabled_off[PERSONA:None],telecom_0000,0,1605,pending,0,tau2_prep_check_telecom_0000,C:\Users\86132\Desktop\SafeDesk\benchmarks\tau2-bench\data\simulations\tau2_prep_check_telecom_0000\results.json,,2026-07-09T22:52:02
tau2_prep_check,telecom,telecom,none,[mms_issue]airplane_mode_on|bad_network_preference|break_app_storage_permission|data_usage_exceeded|unseat_sim_card|user_abroad_roaming_enabled_off[PERSONA:Easy],telecom_0000,0,1606,pending,0,tau2_prep_check_telecom_0000,C:\Users\86132\Desktop\SafeDesk\benchmarks\tau2-bench\data\simulations\tau2_prep_check_telecom_0000\results.json,,2026-07-09T22:52:02
tau2_prep_check,telecom,telecom,none,[mms_issue]airplane_mode_on|bad_network_preference|break_app_both_permissions|data_usage_exceeded|unseat_sim_card|user_abroad_roaming_enabled_off[PERSONA:Hard],telecom_0000,0,1607,pending,0,tau2_prep_check_telecom_0000,C:\Users\86132\Desktop\SafeDesk\benchmarks\tau2-bench\data\simulations\tau2_prep_check_telecom_0000\results.json,,2026-07-09T22:52:02
tau2_prep_check,telecom,telecom,none,[mms_issue]airplane_mode_on|bad_wifi_calling|break_apn_mms_setting|data_usage_exceeded|unseat_sim_card|user_abroad_roaming_enabled_off[PERSONA:None],telecom_0000,0,1608,pending,0,tau2_prep_check_telecom_0000,C:\Users\86132\Desktop\SafeDesk\benchmarks\tau2-bench\data\simulations\tau2_prep_check_telecom_0000\results.json,,2026-07-09T22:52:02
tau2_prep_check,telecom,telecom,none,[mms_issue]airplane_mode_on|bad_wifi_calling|break_app_sms_permission|data_usage_exceeded|unseat_sim_card|user_abroad_roaming_enabled_off[PERSONA:Easy],telecom_0000,0,1609,pending,0,tau2_prep_check_telecom_0000,C:\Users\86132\Desktop\SafeDesk\benchmarks\tau2-bench\data\simulations\tau2_prep_check_telecom_0000\results.json,,2026-07-09T22:52:02
tau2_prep_check,telecom,telecom,none,[mms_issue]airplane_mode_on|bad_wifi_calling|break_app_storage_permission|data_usage_exceeded|unseat_sim_card|user_abroad_roaming_enabled_off[PERSONA:Hard],telecom_0000,0,1610,pending,0,tau2_prep_check_telecom_0000,C:\Users\86132\Desktop\SafeDesk\benchmarks\tau2-bench\data\simulations\tau2_prep_check_telecom_0000\results.json,,2026-07-09T22:52:02
tau2_prep_check,telecom,telecom,none,[mms_issue]airplane_mode_on|bad_wifi_calling|break_app_both_permissions|data_usage_exceeded|unseat_sim_card|user_abroad_roaming_enabled_off[PERSONA:None],telecom_0000,0,1611,pending,0,tau2_prep_check_telecom_0000,C:\Users\86132\Desktop\SafeDesk\benchmarks\tau2-bench\data\simulations\tau2_prep_check_telecom_0000\results.json,,2026-07-09T22:52:02
tau2_prep_check,telecom,telecom,none,[mms_issue]airplane_mode_on|break_apn_mms_setting|break_app_sms_permission|data_usage_exceeded|unseat_sim_card|user_abroad_roaming_enabled_off[PERSONA:Easy],telecom_0000,0,1612,pending,0,tau2_prep_check_telecom_0000,C:\Users\86132\Desktop\SafeDesk\benchmarks\tau2-bench\data\simulations\tau2_prep_check_telecom_0000\results.json,,2026-07-09T22:52:02
tau2_prep_check,telecom,telecom,none,[mms_issue]airplane_mode_on|break_apn_mms_setting|break_app_storage_permission|data_usage_exceeded|unseat_sim_card|user_abroad_roaming_enabled_off[PERSONA:Hard],telecom_0000,0,1613,pending,0,tau2_prep_check_telecom_0000,C:\Users\86132\Desktop\SafeDesk\benchmarks\tau2-bench\data\simulations\tau2_prep_check_telecom_0000\results.json,,2026-07-09T22:52:02
tau2_prep_check,telecom,telecom,none,[mms_issue]airplane_mode_on|break_apn_mms_setting|break_app_both_permissions|data_usage_exceeded|unseat_sim_card|user_abroad_roaming_enabled_off[PERSONA:None],telecom_0000,0,1614,pending,0,tau2_prep_check_telecom_0000,C:\Users\86132\Desktop\SafeDesk\benchmarks\tau2-bench\data\simulations\tau2_prep_check_telecom_0000\results.json,,2026-07-09T22:52:02
tau2_prep_check,telecom,telecom,none,[mms_issue]airplane_mode_on|bad_network_preference|bad_wifi_calling|data_usage_exceeded|unseat_sim_card|user_abroad_roaming_disabled_on[PERSONA:Easy],telecom_0000,0,1615,pending,0,tau2_prep_check_telecom_0000,C:\Users\86132\Desktop\SafeDesk\benchmarks\tau2-bench\data\simulations\tau2_prep_check_telecom_0000\results.json,,2026-07-09T22:52:02
tau2_prep_check,telecom,telecom,none,[mms_issue]airplane_mode_on|bad_network_preference|break_apn_mms_setting|data_usage_exceeded|unseat_sim_card|user_abroad_roaming_disabled_on[PERSONA:Hard],telecom_0000,0,1616,pending,0,tau2_prep_check_telecom_0000,C:\Users\86132\Desktop\SafeDesk\benchmarks\tau2-bench\data\simulations\tau2_prep_check_telecom_0000\results.json,,2026-07-09T22:52:02
tau2_prep_check,telecom,telecom,none,[mms_issue]airplane_mode_on|bad_network_preference|break_app_sms_permission|data_usage_exceeded|unseat_sim_card|user_abroad_roaming_disabled_on[PERSONA:None],telecom_0000,0,1617,pending,0,tau2_prep_check_telecom_0000,C:\Users\86132\Desktop\SafeDesk\benchmarks\tau2-bench\data\simulations\tau2_prep_check_telecom_0000\results.json,,2026-07-09T22:52:02
tau2_prep_check,telecom,telecom,none,[mms_issue]airplane_mode_on|bad_network_preference|break_app_storage_permission|data_usage_exceeded|unseat_sim_card|user_abroad_roaming_disabled_on[PERSONA:Easy],telecom_0000,0,1618,pending,0,tau2_prep_check_telecom_0000,C:\Users\86132\Desktop\SafeDesk\benchmarks\tau2-bench\data\simulations\tau2_prep_check_telecom_0000\results.json,,2026-07-09T22:52:02
tau2_prep_check,telecom,telecom,none,[mms_issue]airplane_mode_on|bad_network_preference|break_app_both_permissions|data_usage_exceeded|unseat_sim_card|user_abroad_roaming_disabled_on[PERSONA:Hard],telecom_0000,0,1619,pending,0,tau2_prep_check_telecom_0000,C:\Users\86132\Desktop\SafeDesk\benchmarks\tau2-bench\data\simulations\tau2_prep_check_telecom_0000\results.json,,2026-07-09T22:52:02
tau2_prep_check,telecom,telecom,none,[mms_issue]airplane_mode_on|bad_wifi_calling|break_apn_mms_setting|data_usage_exceeded|unseat_sim_card|user_abroad_roaming_disabled_on[PERSONA:None],telecom_0000,0,1620,pending,0,tau2_prep_check_telecom_0000,C:\Users\86132\Desktop\SafeDesk\benchmarks\tau2-bench\data\simulations\tau2_prep_check_telecom_0000\results.json,,2026-07-09T22:52:02
tau2_prep_check,telecom,telecom,none,[mms_issue]airplane_mode_on|bad_wifi_calling|break_app_sms_permission|data_usage_exceeded|unseat_sim_card|user_abroad_roaming_disabled_on[PERSONA:Easy],telecom_0000,0,1621,pending,0,tau2_prep_check_telecom_0000,C:\Users\86132\Desktop\SafeDesk\benchmarks\tau2-bench\data\simulations\tau2_prep_check_telecom_0000\results.json,,2026-07-09T22:52:02
tau2_prep_check,telecom,telecom,none,[mms_issue]airplane_mode_on|bad_wifi_calling|break_app_storage_permission|data_usage_exceeded|unseat_sim_card|user_abroad_roaming_disabled_on[PERSONA:Hard],telecom_0000,0,1622,pending,0,tau2_prep_check_telecom_0000,C:\Users\86132\Desktop\SafeDesk\benchmarks\tau2-bench\data\simulations\tau2_prep_check_telecom_0000\results.json,,2026-07-09T22:52:02
tau2_prep_check,telecom,telecom,none,[mms_issue]airplane_mode_on|bad_wifi_calling|break_app_both_permissions|data_usage_exceeded|unseat_sim_card|user_abroad_roaming_disabled_on[PERSONA:None],telecom_0000,0,1623,pending,0,tau2_prep_check_telecom_0000,C:\Users\86132\Desktop\SafeDesk\benchmarks\tau2-bench\data\simulations\tau2_prep_check_telecom_0000\results.json,,2026-07-09T22:52:02
tau2_prep_check,telecom,telecom,none,[mms_issue]airplane_mode_on|break_apn_mms_setting|break_app_sms_permission|data_usage_exceeded|unseat_sim_card|user_abroad_roaming_disabled_on[PERSONA:Easy],telecom_0000,0,1624,pending,0,tau2_prep_check_telecom_0000,C:\Users\86132\Desktop\SafeDesk\benchmarks\tau2-bench\data\simulations\tau2_prep_check_telecom_0000\results.json,,2026-07-09T22:52:02
tau2_prep_check,telecom,telecom,none,[mms_issue]airplane_mode_on|break_apn_mms_setting|break_app_storage_permission|data_usage_exceeded|unseat_sim_card|user_abroad_roaming_disabled_on[PERSONA:Hard],telecom_0000,0,1625,pending,0,tau2_prep_check_telecom_0000,C:\Users\86132\Desktop\SafeDesk\benchmarks\tau2-bench\data\simulations\tau2_prep_check_telecom_0000\results.json,,2026-07-09T22:52:02
tau2_prep_check,telecom,telecom,none,[mms_issue]airplane_mode_on|break_apn_mms_setting|break_app_both_permissions|data_usage_exceeded|unseat_sim_card|user_abroad_roaming_disabled_on[PERSONA:None],telecom_0000,0,1626,pending,0,tau2_prep_check_telecom_0000,C:\Users\86132\Desktop\SafeDesk\benchmarks\tau2-bench\data\simulations\tau2_prep_check_telecom_0000\results.json,,2026-07-09T22:52:02
tau2_prep_check,telecom,telecom,none,[mms_issue]airplane_mode_on|bad_network_preference|bad_wifi_calling|data_usage_exceeded|unseat_sim_card|user_abroad_roaming_disabled_off[PERSONA:Easy],telecom_0000,0,1627,pending,0,tau2_prep_check_telecom_0000,C:\Users\86132\Desktop\SafeDesk\benchmarks\tau2-bench\data\simulations\tau2_prep_check_telecom_0000\results.json,,2026-07-09T22:52:02
tau2_prep_check,telecom,telecom,none,[mms_issue]airplane_mode_on|bad_network_preference|break_apn_mms_setting|data_usage_exceeded|unseat_sim_card|user_abroad_roaming_disabled_off[PERSONA:Hard],telecom_0000,0,1628,pending,0,tau2_prep_check_telecom_0000,C:\Users\86132\Desktop\SafeDesk\benchmarks\tau2-bench\data\simulations\tau2_prep_check_telecom_0000\results.json,,2026-07-09T22:52:02
tau2_prep_check,telecom,telecom,none,[mms_issue]airplane_mode_on|bad_network_preference|break_app_sms_permission|data_usage_exceeded|unseat_sim_card|user_abroad_roaming_disabled_off[PERSONA:None],telecom_0000,0,1629,pending,0,tau2_prep_check_telecom_0000,C:\Users\86132\Desktop\SafeDesk\benchmarks\tau2-bench\data\simulations\tau2_prep_check_telecom_0000\results.json,,2026-07-09T22:52:02
tau2_prep_check,telecom,telecom,none,[mms_issue]airplane_mode_on|bad_network_preference|break_app_storage_permission|data_usage_exceeded|unseat_sim_card|user_abroad_roaming_disabled_off[PERSONA:Easy],telecom_0000,0,1630,pending,0,tau2_prep_check_telecom_0000,C:\Users\86132\Desktop\SafeDesk\benchmarks\tau2-bench\data\simulations\tau2_prep_check_telecom_0000\results.json,,2026-07-09T22:52:02
tau2_prep_check,telecom,telecom,none,[mms_issue]airplane_mode_on|bad_network_preference|break_app_both_permissions|data_usage_exceeded|unseat_sim_card|user_abroad_roaming_disabled_off[PERSONA:Hard],telecom_0000,0,1631,pending,0,tau2_prep_check_telecom_0000,C:\Users\86132\Desktop\SafeDesk\benchmarks\tau2-bench\data\simulations\tau2_prep_check_telecom_0000\results.json,,2026-07-09T22:52:02
tau2_prep_check,telecom,telecom,none,[mms_issue]airplane_mode_on|bad_wifi_calling|break_apn_mms_setting|data_usage_exceeded|unseat_sim_card|user_abroad_roaming_disabled_off[PERSONA:None],telecom_0000,0,1632,pending,0,tau2_prep_check_telecom_0000,C:\Users\86132\Desktop\SafeDesk\benchmarks\tau2-bench\data\simulations\tau2_prep_check_telecom_0000\results.json,,2026-07-09T22:52:02
tau2_prep_check,telecom,telecom,none,[mms_issue]airplane_mode_on|bad_wifi_calling|break_app_sms_permission|data_usage_exceeded|unseat_sim_card|user_abroad_roaming_disabled_off[PERSONA:Easy],telecom_0000,0,1633,pending,0,tau2_prep_check_telecom_0000,C:\Users\86132\Desktop\SafeDesk\benchmarks\tau2-bench\data\simulations\tau2_prep_check_telecom_0000\results.json,,2026-07-09T22:52:02
tau2_prep_check,telecom,telecom,none,[mms_issue]airplane_mode_on|bad_wifi_calling|break_app_storage_permission|data_usage_exceeded|unseat_sim_card|user_abroad_roaming_disabled_off[PERSONA:Hard],telecom_0000,0,1634,pending,0,tau2_prep_check_telecom_0000,C:\Users\86132\Desktop\SafeDesk\benchmarks\tau2-bench\data\simulations\tau2_prep_check_telecom_0000\results.json,,2026-07-09T22:52:02
tau2_prep_check,telecom,telecom,none,[mms_issue]airplane_mode_on|bad_wifi_calling|break_app_both_permissions|data_usage_exceeded|unseat_sim_card|user_abroad_roaming_disabled_off[PERSONA:None],telecom_0000,0,1635,pending,0,tau2_prep_check_telecom_0000,C:\Users\86132\Desktop\SafeDesk\benchmarks\tau2-bench\data\simulations\tau2_prep_check_telecom_0000\results.json,,2026-07-09T22:52:02
tau2_prep_check,telecom,telecom,none,[mms_issue]airplane_mode_on|break_apn_mms_setting|break_app_sms_permission|data_usage_exceeded|unseat_sim_card|user_abroad_roaming_disabled_off[PERSONA:Easy],telecom_0000,0,1636,pending,0,tau2_prep_check_telecom_0000,C:\Users\86132\Desktop\SafeDesk\benchmarks\tau2-bench\data\simulations\tau2_prep_check_telecom_0000\results.json,,2026-07-09T22:52:02
tau2_prep_check,telecom,telecom,none,[mms_issue]airplane_mode_on|break_apn_mms_setting|break_app_storage_permission|data_usage_exceeded|unseat_sim_card|user_abroad_roaming_disabled_off[PERSONA:Hard],telecom_0000,0,1637,pending,0,tau2_prep_check_telecom_0000,C:\Users\86132\Desktop\SafeDesk\benchmarks\tau2-bench\data\simulations\tau2_prep_check_telecom_0000\results.json,,2026-07-09T22:52:02
tau2_prep_check,telecom,telecom,none,[mms_issue]airplane_mode_on|break_apn_mms_setting|break_app_both_permissions|data_usage_exceeded|unseat_sim_card|user_abroad_roaming_disabled_off[PERSONA:None],telecom_0000,0,1638,pending,0,tau2_prep_check_telecom_0000,C:\Users\86132\Desktop\SafeDesk\benchmarks\tau2-bench\data\simulations\tau2_prep_check_telecom_0000\results.json,,2026-07-09T22:52:02
tau2_prep_check,telecom,telecom,none,[mms_issue]airplane_mode_on|bad_network_preference|bad_wifi_calling|break_apn_mms_setting|data_usage_exceeded|unseat_sim_card[PERSONA:Easy],telecom_0000,0,1639,pending,0,tau2_prep_check_telecom_0000,C:\Users\86132\Desktop\SafeDesk\benchmarks\tau2-bench\data\simulations\tau2_prep_check_telecom_0000\results.json,,2026-07-09T22:52:02
tau2_prep_check,telecom,telecom,none,[mms_issue]airplane_mode_on|bad_network_preference|bad_wifi_calling|break_app_sms_permission|data_usage_exceeded|unseat_sim_card[PERSONA:Hard],telecom_0000,0,1640,pending,0,tau2_prep_check_telecom_0000,C:\Users\86132\Desktop\SafeDesk\benchmarks\tau2-bench\data\simulations\tau2_prep_check_telecom_0000\results.json,,2026-07-09T22:52:02
tau2_prep_check,telecom,telecom,none,[mms_issue]airplane_mode_on|bad_network_preference|bad_wifi_calling|break_app_storage_permission|data_usage_exceeded|unseat_sim_card[PERSONA:None],telecom_0000,0,1641,pending,0,tau2_prep_check_telecom_0000,C:\Users\86132\Desktop\SafeDesk\benchmarks\tau2-bench\data\simulations\tau2_prep_check_telecom_0000\results.json,,2026-07-09T22:52:02
tau2_prep_check,telecom,telecom,none,[mms_issue]airplane_mode_on|bad_network_preference|bad_wifi_calling|break_app_both_permissions|data_usage_exceeded|unseat_sim_card[PERSONA:Easy],telecom_0000,0,1642,pending,0,tau2_prep_check_telecom_0000,C:\Users\86132\Desktop\SafeDesk\benchmarks\tau2-bench\data\simulations\tau2_prep_check_telecom_0000\results.json,,2026-07-09T22:52:02
tau2_prep_check,telecom,telecom,none,[mms_issue]airplane_mode_on|bad_network_preference|break_apn_mms_setting|break_app_sms_permission|data_usage_exceeded|unseat_sim_card[PERSONA:Hard],telecom_0000,0,1643,pending,0,tau2_prep_check_telecom_0000,C:\Users\86132\Desktop\SafeDesk\benchmarks\tau2-bench\data\simulations\tau2_prep_check_telecom_0000\results.json,,2026-07-09T22:52:02
tau2_prep_check,telecom,telecom,none,[mms_issue]airplane_mode_on|bad_network_preference|break_apn_mms_setting|break_app_storage_permission|data_usage_exceeded|unseat_sim_card[PERSONA:None],telecom_0000,0,1644,pending,0,tau2_prep_check_telecom_0000,C:\Users\86132\Desktop\SafeDesk\benchmarks\tau2-bench\data\simulations\tau2_prep_check_telecom_0000\results.json,,2026-07-09T22:52:02
tau2_prep_check,telecom,telecom,none,[mms_issue]airplane_mode_on|bad_network_preference|break_apn_mms_setting|break_app_both_permissions|data_usage_exceeded|unseat_sim_card[PERSONA:Easy],telecom_0000,0,1645,pending,0,tau2_prep_check_telecom_0000,C:\Users\86132\Desktop\SafeDesk\benchmarks\tau2-bench\data\simulations\tau2_prep_check_telecom_0000\results.json,,2026-07-09T22:52:02
tau2_prep_check,telecom,telecom,none,[mms_issue]airplane_mode_on|bad_wifi_calling|break_apn_mms_setting|break_app_sms_permission|data_usage_exceeded|unseat_sim_card[PERSONA:Hard],telecom_0000,0,1646,pending,0,tau2_prep_check_telecom_0000,C:\Users\86132\Desktop\SafeDesk\benchmarks\tau2-bench\data\simulations\tau2_prep_check_telecom_0000\results.json,,2026-07-09T22:52:02
tau2_prep_check,telecom,telecom,none,[mms_issue]airplane_mode_on|bad_wifi_calling|break_apn_mms_setting|break_app_storage_permission|data_usage_exceeded|unseat_sim_card[PERSONA:None],telecom_0000,0,1647,pending,0,tau2_prep_check_telecom_0000,C:\Users\86132\Desktop\SafeDesk\benchmarks\tau2-bench\data\simulations\tau2_prep_check_telecom_0000\results.json,,2026-07-09T22:52:02
tau2_prep_check,telecom,telecom,none,[mms_issue]airplane_mode_on|bad_wifi_calling|break_apn_mms_setting|break_app_both_permissions|data_usage_exceeded|unseat_sim_card[PERSONA:Easy],telecom_0000,0,1648,pending,0,tau2_prep_check_telecom_0000,C:\Users\86132\Desktop\SafeDesk\benchmarks\tau2-bench\data\simulations\tau2_prep_check_telecom_0000\results.json,,2026-07-09T22:52:02
tau2_prep_check,telecom,telecom,none,[mms_issue]airplane_mode_on|bad_network_preference|bad_wifi_calling|break_apn_mms_setting|unseat_sim_card|user_abroad_roaming_enabled_off[PERSONA:None],telecom_0000,0,1649,pending,0,tau2_prep_check_telecom_0000,C:\Users\86132\Desktop\SafeDesk\benchmarks\tau2-bench\data\simulations\tau2_prep_check_telecom_0000\results.json,,2026-07-09T22:52:02
tau2_prep_check,telecom,telecom,none,[mms_issue]airplane_mode_on|bad_network_preference|bad_wifi_calling|break_app_sms_permission|unseat_sim_card|user_abroad_roaming_enabled_off[PERSONA:Easy],telecom_0000,0,1650,pending,0,tau2_prep_check_telecom_0000,C:\Users\86132\Desktop\SafeDesk\benchmarks\tau2-bench\data\simulations\tau2_prep_check_telecom_0000\results.json,,2026-07-09T22:52:02
tau2_prep_check,telecom,telecom,none,[mms_issue]airplane_mode_on|bad_network_preference|bad_wifi_calling|break_app_storage_permission|unseat_sim_card|user_abroad_roaming_enabled_off[PERSONA:Hard],telecom_0000,0,1651,pending,0,tau2_prep_check_telecom_0000,C:\Users\86132\Desktop\SafeDesk\benchmarks\tau2-bench\data\simulations\tau2_prep_check_telecom_0000\results.json,,2026-07-09T22:52:02
tau2_prep_check,telecom,telecom,none,[mms_issue]airplane_mode_on|bad_network_preference|bad_wifi_calling|break_app_both_permissions|unseat_sim_card|user_abroad_roaming_enabled_off[PERSONA:None],telecom_0000,0,1652,pending,0,tau2_prep_check_telecom_0000,C:\Users\86132\Desktop\SafeDesk\benchmarks\tau2-bench\data\simulations\tau2_prep_check_telecom_0000\results.json,,2026-07-09T22:52:02
tau2_prep_check,telecom,telecom,none,[mms_issue]airplane_mode_on|bad_network_preference|break_apn_mms_setting|break_app_sms_permission|unseat_sim_card|user_abroad_roaming_enabled_off[PERSONA:Easy],telecom_0000,0,1653,pending,0,tau2_prep_check_telecom_0000,C:\Users\86132\Desktop\SafeDesk\benchmarks\tau2-bench\data\simulations\tau2_prep_check_telecom_0000\results.json,,2026-07-09T22:52:02
tau2_prep_check,telecom,telecom,none,[mms_issue]airplane_mode_on|bad_network_preference|break_apn_mms_setting|break_app_storage_permission|unseat_sim_card|user_abroad_roaming_enabled_off[PERSONA:Hard],telecom_0000,0,1654,pending,0,tau2_prep_check_telecom_0000,C:\Users\86132\Desktop\SafeDesk\benchmarks\tau2-bench\data\simulations\tau2_prep_check_telecom_0000\results.json,,2026-07-09T22:52:02
tau2_prep_check,telecom,telecom,none,[mms_issue]airplane_mode_on|bad_network_preference|break_apn_mms_setting|break_app_both_permissions|unseat_sim_card|user_abroad_roaming_enabled_off[PERSONA:None],telecom_0000,0,1655,pending,0,tau2_prep_check_telecom_0000,C:\Users\86132\Desktop\SafeDesk\benchmarks\tau2-bench\data\simulations\tau2_prep_check_telecom_0000\results.json,,2026-07-09T22:52:02
tau2_prep_check,telecom,telecom,none,[mms_issue]airplane_mode_on|bad_wifi_calling|break_apn_mms_setting|break_app_sms_permission|unseat_sim_card|user_abroad_roaming_enabled_off[PERSONA:Easy],telecom_0000,0,1656,pending,0,tau2_prep_check_telecom_0000,C:\Users\86132\Desktop\SafeDesk\benchmarks\tau2-bench\data\simulations\tau2_prep_check_telecom_0000\results.json,,2026-07-09T22:52:02
tau2_prep_check,telecom,telecom,none,[mms_issue]airplane_mode_on|bad_wifi_calling|break_apn_mms_setting|break_app_storage_permission|unseat_sim_card|user_abroad_roaming_enabled_off[PERSONA:Hard],telecom_0000,0,1657,pending,0,tau2_prep_check_telecom_0000,C:\Users\86132\Desktop\SafeDesk\benchmarks\tau2-bench\data\simulations\tau2_prep_check_telecom_0000\results.json,,2026-07-09T22:52:02
tau2_prep_check,telecom,telecom,none,[mms_issue]airplane_mode_on|bad_wifi_calling|break_apn_mms_setting|break_app_both_permissions|unseat_sim_card|user_abroad_roaming_enabled_off[PERSONA:None],telecom_0000,0,1658,pending,0,tau2_prep_check_telecom_0000,C:\Users\86132\Desktop\SafeDesk\benchmarks\tau2-bench\data\simulations\tau2_prep_check_telecom_0000\results.json,,2026-07-09T22:52:02
tau2_prep_check,telecom,telecom,none,[mms_issue]airplane_mode_on|bad_network_preference|bad_wifi_calling|break_apn_mms_setting|unseat_sim_card|user_abroad_roaming_disabled_on[PERSONA:Easy],telecom_0000,0,1659,pending,0,tau2_prep_check_telecom_0000,C:\Users\86132\Desktop\SafeDesk\benchmarks\tau2-bench\data\simulations\tau2_prep_check_telecom_0000\results.json,,2026-07-09T22:52:02
tau2_prep_check,telecom,telecom,none,[mms_issue]airplane_mode_on|bad_network_preference|bad_wifi_calling|break_app_sms_permission|unseat_sim_card|user_abroad_roaming_disabled_on[PERSONA:Hard],telecom_0000,0,1660,pending,0,tau2_prep_check_telecom_0000,C:\Users\86132\Desktop\SafeDesk\benchmarks\tau2-bench\data\simulations\tau2_prep_check_telecom_0000\results.json,,2026-07-09T22:52:02
tau2_prep_check,telecom,telecom,none,[mms_issue]airplane_mode_on|bad_network_preference|bad_wifi_calling|break_app_storage_permission|unseat_sim_card|user_abroad_roaming_disabled_on[PERSONA:None],telecom_0000,0,1661,pending,0,tau2_prep_check_telecom_0000,C:\Users\86132\Desktop\SafeDesk\benchmarks\tau2-bench\data\simulations\tau2_prep_check_telecom_0000\results.json,,2026-07-09T22:52:02
tau2_prep_check,telecom,telecom,none,[mms_issue]airplane_mode_on|bad_network_preference|bad_wifi_calling|break_app_both_permissions|unseat_sim_card|user_abroad_roaming_disabled_on[PERSONA:Easy],telecom_0000,0,1662,pending,0,tau2_prep_check_telecom_0000,C:\Users\86132\Desktop\SafeDesk\benchmarks\tau2-bench\data\simulations\tau2_prep_check_telecom_0000\results.json,,2026-07-09T22:52:02
tau2_prep_check,telecom,telecom,none,[mms_issue]airplane_mode_on|bad_network_preference|break_apn_mms_setting|break_app_sms_permission|unseat_sim_card|user_abroad_roaming_disabled_on[PERSONA:Hard],telecom_0000,0,1663,pending,0,tau2_prep_check_telecom_0000,C:\Users\86132\Desktop\SafeDesk\benchmarks\tau2-bench\data\simulations\tau2_prep_check_telecom_0000\results.json,,2026-07-09T22:52:02
tau2_prep_check,telecom,telecom,none,[mms_issue]airplane_mode_on|bad_network_preference|break_apn_mms_setting|break_app_storage_permission|unseat_sim_card|user_abroad_roaming_disabled_on[PERSONA:None],telecom_0000,0,1664,pending,0,tau2_prep_check_telecom_0000,C:\Users\86132\Desktop\SafeDesk\benchmarks\tau2-bench\data\simulations\tau2_prep_check_telecom_0000\results.json,,2026-07-09T22:52:02
tau2_prep_check,telecom,telecom,none,[mms_issue]airplane_mode_on|bad_network_preference|break_apn_mms_setting|break_app_both_permissions|unseat_sim_card|user_abroad_roaming_disabled_on[PERSONA:Easy],telecom_0000,0,1665,pending,0,tau2_prep_check_telecom_0000,C:\Users\86132\Desktop\SafeDesk\benchmarks\tau2-bench\data\simulations\tau2_prep_check_telecom_0000\results.json,,2026-07-09T22:52:02
tau2_prep_check,telecom,telecom,none,[mms_issue]airplane_mode_on|bad_wifi_calling|break_apn_mms_setting|break_app_sms_permission|unseat_sim_card|user_abroad_roaming_disabled_on[PERSONA:Hard],telecom_0000,0,1666,pending,0,tau2_prep_check_telecom_0000,C:\Users\86132\Desktop\SafeDesk\benchmarks\tau2-bench\data\simulations\tau2_prep_check_telecom_0000\results.json,,2026-07-09T22:52:02
tau2_prep_check,telecom,telecom,none,[mms_issue]airplane_mode_on|bad_wifi_calling|break_apn_mms_setting|break_app_storage_permission|unseat_sim_card|user_abroad_roaming_disabled_on[PERSONA:None],telecom_0000,0,1667,pending,0,tau2_prep_check_telecom_0000,C:\Users\86132\Desktop\SafeDesk\benchmarks\tau2-bench\data\simulations\tau2_prep_check_telecom_0000\results.json,,2026-07-09T22:52:02
tau2_prep_check,telecom,telecom,none,[mms_issue]airplane_mode_on|bad_wifi_calling|break_apn_mms_setting|break_app_both_permissions|unseat_sim_card|user_abroad_roaming_disabled_on[PERSONA:Easy],telecom_0000,0,1668,pending,0,tau2_prep_check_telecom_0000,C:\Users\86132\Desktop\SafeDesk\benchmarks\tau2-bench\data\simulations\tau2_prep_check_telecom_0000\results.json,,2026-07-09T22:52:02
tau2_prep_check,telecom,telecom,none,[mms_issue]airplane_mode_on|bad_network_preference|bad_wifi_calling|break_apn_mms_setting|unseat_sim_card|user_abroad_roaming_disabled_off[PERSONA:Hard],telecom_0000,0,1669,pending,0,tau2_prep_check_telecom_0000,C:\Users\86132\Desktop\SafeDesk\benchmarks\tau2-bench\data\simulations\tau2_prep_check_telecom_0000\results.json,,2026-07-09T22:52:02
tau2_prep_check,telecom,telecom,none,[mms_issue]airplane_mode_on|bad_network_preference|bad_wifi_calling|break_app_sms_permission|unseat_sim_card|user_abroad_roaming_disabled_off[PERSONA:None],telecom_0000,0,1670,pending,0,tau2_prep_check_telecom_0000,C:\Users\86132\Desktop\SafeDesk\benchmarks\tau2-bench\data\simulations\tau2_prep_check_telecom_0000\results.json,,2026-07-09T22:52:02
tau2_prep_check,telecom,telecom,none,[mms_issue]airplane_mode_on|bad_network_preference|bad_wifi_calling|break_app_storage_permission|unseat_sim_card|user_abroad_roaming_disabled_off[PERSONA:Easy],telecom_0000,0,1671,pending,0,tau2_prep_check_telecom_0000,C:\Users\86132\Desktop\SafeDesk\benchmarks\tau2-bench\data\simulations\tau2_prep_check_telecom_0000\results.json,,2026-07-09T22:52:02
tau2_prep_check,telecom,telecom,none,[mms_issue]airplane_mode_on|bad_network_preference|bad_wifi_calling|break_app_both_permissions|unseat_sim_card|user_abroad_roaming_disabled_off[PERSONA:Hard],telecom_0000,0,1672,pending,0,tau2_prep_check_telecom_0000,C:\Users\86132\Desktop\SafeDesk\benchmarks\tau2-bench\data\simulations\tau2_prep_check_telecom_0000\results.json,,2026-07-09T22:52:02
tau2_prep_check,telecom,telecom,none,[mms_issue]airplane_mode_on|bad_network_preference|break_apn_mms_setting|break_app_sms_permission|unseat_sim_card|user_abroad_roaming_disabled_off[PERSONA:None],telecom_0000,0,1673,pending,0,tau2_prep_check_telecom_0000,C:\Users\86132\Desktop\SafeDesk\benchmarks\tau2-bench\data\simulations\tau2_prep_check_telecom_0000\results.json,,2026-07-09T22:52:02
tau2_prep_check,telecom,telecom,none,[mms_issue]airplane_mode_on|bad_network_preference|break_apn_mms_setting|break_app_storage_permission|unseat_sim_card|user_abroad_roaming_disabled_off[PERSONA:Easy],telecom_0000,0,1674,pending,0,tau2_prep_check_telecom_0000,C:\Users\86132\Desktop\SafeDesk\benchmarks\tau2-bench\data\simulations\tau2_prep_check_telecom_0000\results.json,,2026-07-09T22:52:02
tau2_prep_check,telecom,telecom,none,[mms_issue]airplane_mode_on|bad_network_preference|break_apn_mms_setting|break_app_both_permissions|unseat_sim_card|user_abroad_roaming_disabled_off[PERSONA:Hard],telecom_0000,0,1675,pending,0,tau2_prep_check_telecom_0000,C:\Users\86132\Desktop\SafeDesk\benchmarks\tau2-bench\data\simulations\tau2_prep_check_telecom_0000\results.json,,2026-07-09T22:52:02
tau2_prep_check,telecom,telecom,none,[mms_issue]airplane_mode_on|bad_wifi_calling|break_apn_mms_setting|break_app_sms_permission|unseat_sim_card|user_abroad_roaming_disabled_off[PERSONA:None],telecom_0000,0,1676,pending,0,tau2_prep_check_telecom_0000,C:\Users\86132\Desktop\SafeDesk\benchmarks\tau2-bench\data\simulations\tau2_prep_check_telecom_0000\results.json,,2026-07-09T22:52:02
tau2_prep_check,telecom,telecom,none,[mms_issue]airplane_mode_on|bad_wifi_calling|break_apn_mms_setting|break_app_storage_permission|unseat_sim_card|user_abroad_roaming_disabled_off[PERSONA:Easy],telecom_0000,0,1677,pending,0,tau2_prep_check_telecom_0000,C:\Users\86132\Desktop\SafeDesk\benchmarks\tau2-bench\data\simulations\tau2_prep_check_telecom_0000\results.json,,2026-07-09T22:52:02
tau2_prep_check,telecom,telecom,none,[mms_issue]airplane_mode_on|bad_wifi_calling|break_apn_mms_setting|break_app_both_permissions|unseat_sim_card|user_abroad_roaming_disabled_off[PERSONA:Hard],telecom_0000,0,1678,pending,0,tau2_prep_check_telecom_0000,C:\Users\86132\Desktop\SafeDesk\benchmarks\tau2-bench\data\simulations\tau2_prep_check_telecom_0000\results.json,,2026-07-09T22:52:02
tau2_prep_check,telecom,telecom,none,[mms_issue]airplane_mode_on|bad_network_preference|bad_wifi_calling|break_apn_mms_setting|break_app_sms_permission|unseat_sim_card[PERSONA:None],telecom_0000,0,1679,pending,0,tau2_prep_check_telecom_0000,C:\Users\86132\Desktop\SafeDesk\benchmarks\tau2-bench\data\simulations\tau2_prep_check_telecom_0000\results.json,,2026-07-09T22:52:02
tau2_prep_check,telecom,telecom,none,[mms_issue]airplane_mode_on|bad_network_preference|bad_wifi_calling|break_apn_mms_setting|break_app_storage_permission|unseat_sim_card[PERSONA:Easy],telecom_0000,0,1680,pending,0,tau2_prep_check_telecom_0000,C:\Users\86132\Desktop\SafeDesk\benchmarks\tau2-bench\data\simulations\tau2_prep_check_telecom_0000\results.json,,2026-07-09T22:52:02
tau2_prep_check,telecom,telecom,none,[mms_issue]airplane_mode_on|bad_network_preference|bad_wifi_calling|break_apn_mms_setting|break_app_both_permissions|unseat_sim_card[PERSONA:Hard],telecom_0000,0,1681,pending,0,tau2_prep_check_telecom_0000,C:\Users\86132\Desktop\SafeDesk\benchmarks\tau2-bench\data\simulations\tau2_prep_check_telecom_0000\results.json,,2026-07-09T22:52:02
tau2_prep_check,telecom,telecom,none,[mms_issue]airplane_mode_on|bad_network_preference|bad_wifi_calling|data_mode_off|data_usage_exceeded|user_abroad_roaming_enabled_off[PERSONA:None],telecom_0000,0,1682,pending,0,tau2_prep_check_telecom_0000,C:\Users\86132\Desktop\SafeDesk\benchmarks\tau2-bench\data\simulations\tau2_prep_check_telecom_0000\results.json,,2026-07-09T22:52:02
tau2_prep_check,telecom,telecom,none,[mms_issue]airplane_mode_on|bad_network_preference|break_apn_mms_setting|data_mode_off|data_usage_exceeded|user_abroad_roaming_enabled_off[PERSONA:Easy],telecom_0000,0,1683,pending,0,tau2_prep_check_telecom_0000,C:\Users\86132\Desktop\SafeDesk\benchmarks\tau2-bench\data\simulations\tau2_prep_check_telecom_0000\results.json,,2026-07-09T22:52:02
tau2_prep_check,telecom,telecom,none,[mms_issue]airplane_mode_on|bad_network_preference|break_app_sms_permission|data_mode_off|data_usage_exceeded|user_abroad_roaming_enabled_off[PERSONA:Hard],telecom_0000,0,1684,pending,0,tau2_prep_check_telecom_0000,C:\Users\86132\Desktop\SafeDesk\benchmarks\tau2-bench\data\simulations\tau2_prep_check_telecom_0000\results.json,,2026-07-09T22:52:02
tau2_prep_check,telecom,telecom,none,[mms_issue]airplane_mode_on|bad_network_preference|break_app_storage_permission|data_mode_off|data_usage_exceeded|user_abroad_roaming_enabled_off[PERSONA:None],telecom_0000,0,1685,pending,0,tau2_prep_check_telecom_0000,C:\Users\86132\Desktop\SafeDesk\benchmarks\tau2-bench\data\simulations\tau2_prep_check_telecom_0000\results.json,,2026-07-09T22:52:02
tau2_prep_check,telecom,telecom,none,[mms_issue]airplane_mode_on|bad_network_preference|break_app_both_permissions|data_mode_off|data_usage_exceeded|user_abroad_roaming_enabled_off[PERSONA:Easy],telecom_0000,0,1686,pending,0,tau2_prep_check_telecom_0000,C:\Users\86132\Desktop\SafeDesk\benchmarks\tau2-bench\data\simulations\tau2_prep_check_telecom_0000\results.json,,2026-07-09T22:52:02
tau2_prep_check,telecom,telecom,none,[mms_issue]airplane_mode_on|bad_wifi_calling|break_apn_mms_setting|data_mode_off|data_usage_exceeded|user_abroad_roaming_enabled_off[PERSONA:Hard],telecom_0000,0,1687,pending,0,tau2_prep_check_telecom_0000,C:\Users\86132\Desktop\SafeDesk\benchmarks\tau2-bench\data\simulations\tau2_prep_check_telecom_0000\results.json,,2026-07-09T22:52:02
tau2_prep_check,telecom,telecom,none,[mms_issue]airplane_mode_on|bad_wifi_calling|break_app_sms_permission|data_mode_off|data_usage_exceeded|user_abroad_roaming_enabled_off[PERSONA:None],telecom_0000,0,1688,pending,0,tau2_prep_check_telecom_0000,C:\Users\86132\Desktop\SafeDesk\benchmarks\tau2-bench\data\simulations\tau2_prep_check_telecom_0000\results.json,,2026-07-09T22:52:02
tau2_prep_check,telecom,telecom,none,[mms_issue]airplane_mode_on|bad_wifi_calling|break_app_storage_permission|data_mode_off|data_usage_exceeded|user_abroad_roaming_enabled_off[PERSONA:Easy],telecom_0000,0,1689,pending,0,tau2_prep_check_telecom_0000,C:\Users\86132\Desktop\SafeDesk\benchmarks\tau2-bench\data\simulations\tau2_prep_check_telecom_0000\results.json,,2026-07-09T22:52:02
tau2_prep_check,telecom,telecom,none,[mms_issue]airplane_mode_on|bad_wifi_calling|break_app_both_permissions|data_mode_off|data_usage_exceeded|user_abroad_roaming_enabled_off[PERSONA:Hard],telecom_0000,0,1690,pending,0,tau2_prep_check_telecom_0000,C:\Users\86132\Desktop\SafeDesk\benchmarks\tau2-bench\data\simulations\tau2_prep_check_telecom_0000\results.json,,2026-07-09T22:52:02
tau2_prep_check,telecom,telecom,none,[mms_issue]airplane_mode_on|break_apn_mms_setting|break_app_sms_permission|data_mode_off|data_usage_exceeded|user_abroad_roaming_enabled_off[PERSONA:None],telecom_0000,0,1691,pending,0,tau2_prep_check_telecom_0000,C:\Users\86132\Desktop\SafeDesk\benchmarks\tau2-bench\data\simulations\tau2_prep_check_telecom_0000\results.json,,2026-07-09T22:52:02
tau2_prep_check,telecom,telecom,none,[mms_issue]airplane_mode_on|break_apn_mms_setting|break_app_storage_permission|data_mode_off|data_usage_exceeded|user_abroad_roaming_enabled_off[PERSONA:Easy],telecom_0000,0,1692,pending,0,tau2_prep_check_telecom_0000,C:\Users\86132\Desktop\SafeDesk\benchmarks\tau2-bench\data\simulations\tau2_prep_check_telecom_0000\results.json,,2026-07-09T22:52:02
tau2_prep_check,telecom,telecom,none,[mms_issue]airplane_mode_on|break_apn_mms_setting|break_app_both_permissions|data_mode_off|data_usage_exceeded|user_abroad_roaming_enabled_off[PERSONA:Hard],telecom_0000,0,1693,pending,0,tau2_prep_check_telecom_0000,C:\Users\86132\Desktop\SafeDesk\benchmarks\tau2-bench\data\simulations\tau2_prep_check_telecom_0000\results.json,,2026-07-09T22:52:02
tau2_prep_check,telecom,telecom,none,[mms_issue]airplane_mode_on|bad_network_preference|bad_wifi_calling|data_mode_off|data_usage_exceeded|user_abroad_roaming_disabled_on[PERSONA:None],telecom_0000,0,1694,pending,0,tau2_prep_check_telecom_0000,C:\Users\86132\Desktop\SafeDesk\benchmarks\tau2-bench\data\simulations\tau2_prep_check_telecom_0000\results.json,,2026-07-09T22:52:02
tau2_prep_check,telecom,telecom,none,[mms_issue]airplane_mode_on|bad_network_preference|break_apn_mms_setting|data_mode_off|data_usage_exceeded|user_abroad_roaming_disabled_on[PERSONA:Easy],telecom_0000,0,1695,pending,0,tau2_prep_check_telecom_0000,C:\Users\86132\Desktop\SafeDesk\benchmarks\tau2-bench\data\simulations\tau2_prep_check_telecom_0000\results.json,,2026-07-09T22:52:02
tau2_prep_check,telecom,telecom,none,[mms_issue]airplane_mode_on|bad_network_preference|break_app_sms_permission|data_mode_off|data_usage_exceeded|user_abroad_roaming_disabled_on[PERSONA:Hard],telecom_0000,0,1696,pending,0,tau2_prep_check_telecom_0000,C:\Users\86132\Desktop\SafeDesk\benchmarks\tau2-bench\data\simulations\tau2_prep_check_telecom_0000\results.json,,2026-07-09T22:52:02
tau2_prep_check,telecom,telecom,none,[mms_issue]airplane_mode_on|bad_network_preference|break_app_storage_permission|data_mode_off|data_usage_exceeded|user_abroad_roaming_disabled_on[PERSONA:None],telecom_0000,0,1697,pending,0,tau2_prep_check_telecom_0000,C:\Users\86132\Desktop\SafeDesk\benchmarks\tau2-bench\data\simulations\tau2_prep_check_telecom_0000\results.json,,2026-07-09T22:52:02
tau2_prep_check,telecom,telecom,none,[mms_issue]airplane_mode_on|bad_network_preference|break_app_both_permissions|data_mode_off|data_usage_exceeded|user_abroad_roaming_disabled_on[PERSONA:Easy],telecom_0000,0,1698,pending,0,tau2_prep_check_telecom_0000,C:\Users\86132\Desktop\SafeDesk\benchmarks\tau2-bench\data\simulations\tau2_prep_check_telecom_0000\results.json,,2026-07-09T22:52:02
tau2_prep_check,telecom,telecom,none,[mms_issue]airplane_mode_on|bad_wifi_calling|break_apn_mms_setting|data_mode_off|data_usage_exceeded|user_abroad_roaming_disabled_on[PERSONA:Hard],telecom_0000,0,1699,pending,0,tau2_prep_check_telecom_0000,C:\Users\86132\Desktop\SafeDesk\benchmarks\tau2-bench\data\simulations\tau2_prep_check_telecom_0000\results.json,,2026-07-09T22:52:02
tau2_prep_check,telecom,telecom,none,[mms_issue]airplane_mode_on|bad_wifi_calling|break_app_sms_permission|data_mode_off|data_usage_exceeded|user_abroad_roaming_disabled_on[PERSONA:None],telecom_0000,0,1700,pending,0,tau2_prep_check_telecom_0000,C:\Users\86132\Desktop\SafeDesk\benchmarks\tau2-bench\data\simulations\tau2_prep_check_telecom_0000\results.json,,2026-07-09T22:52:02
tau2_prep_check,telecom,telecom,none,[mms_issue]airplane_mode_on|bad_wifi_calling|break_app_storage_permission|data_mode_off|data_usage_exceeded|user_abroad_roaming_disabled_on[PERSONA:Easy],telecom_0000,0,1701,pending,0,tau2_prep_check_telecom_0000,C:\Users\86132\Desktop\SafeDesk\benchmarks\tau2-bench\data\simulations\tau2_prep_check_telecom_0000\results.json,,2026-07-09T22:52:02
tau2_prep_check,telecom,telecom,none,[mms_issue]airplane_mode_on|bad_wifi_calling|break_app_both_permissions|data_mode_off|data_usage_exceeded|user_abroad_roaming_disabled_on[PERSONA:Hard],telecom_0000,0,1702,pending,0,tau2_prep_check_telecom_0000,C:\Users\86132\Desktop\SafeDesk\benchmarks\tau2-bench\data\simulations\tau2_prep_check_telecom_0000\results.json,,2026-07-09T22:52:02
tau2_prep_check,telecom,telecom,none,[mms_issue]airplane_mode_on|break_apn_mms_setting|break_app_sms_permission|data_mode_off|data_usage_exceeded|user_abroad_roaming_disabled_on[PERSONA:None],telecom_0000,0,1703,pending,0,tau2_prep_check_telecom_0000,C:\Users\86132\Desktop\SafeDesk\benchmarks\tau2-bench\data\simulations\tau2_prep_check_telecom_0000\results.json,,2026-07-09T22:52:02
tau2_prep_check,telecom,telecom,none,[mms_issue]airplane_mode_on|break_apn_mms_setting|break_app_storage_permission|data_mode_off|data_usage_exceeded|user_abroad_roaming_disabled_on[PERSONA:Easy],telecom_0000,0,1704,pending,0,tau2_prep_check_telecom_0000,C:\Users\86132\Desktop\SafeDesk\benchmarks\tau2-bench\data\simulations\tau2_prep_check_telecom_0000\results.json,,2026-07-09T22:52:02
tau2_prep_check,telecom,telecom,none,[mms_issue]airplane_mode_on|break_apn_mms_setting|break_app_both_permissions|data_mode_off|data_usage_exceeded|user_abroad_roaming_disabled_on[PERSONA:Hard],telecom_0000,0,1705,pending,0,tau2_prep_check_telecom_0000,C:\Users\86132\Desktop\SafeDesk\benchmarks\tau2-bench\data\simulations\tau2_prep_check_telecom_0000\results.json,,2026-07-09T22:52:02
tau2_prep_check,telecom,telecom,none,[mms_issue]airplane_mode_on|bad_network_preference|bad_wifi_calling|data_mode_off|data_usage_exceeded|user_abroad_roaming_disabled_off[PERSONA:None],telecom_0000,0,1706,pending,0,tau2_prep_check_telecom_0000,C:\Users\86132\Desktop\SafeDesk\benchmarks\tau2-bench\data\simulations\tau2_prep_check_telecom_0000\results.json,,2026-07-09T22:52:02
tau2_prep_check,telecom,telecom,none,[mms_issue]airplane_mode_on|bad_network_preference|break_apn_mms_setting|data_mode_off|data_usage_exceeded|user_abroad_roaming_disabled_off[PERSONA:Easy],telecom_0000,0,1707,pending,0,tau2_prep_check_telecom_0000,C:\Users\86132\Desktop\SafeDesk\benchmarks\tau2-bench\data\simulations\tau2_prep_check_telecom_0000\results.json,,2026-07-09T22:52:02
tau2_prep_check,telecom,telecom,none,[mms_issue]airplane_mode_on|bad_network_preference|break_app_sms_permission|data_mode_off|data_usage_exceeded|user_abroad_roaming_disabled_off[PERSONA:Hard],telecom_0000,0,1708,pending,0,tau2_prep_check_telecom_0000,C:\Users\86132\Desktop\SafeDesk\benchmarks\tau2-bench\data\simulations\tau2_prep_check_telecom_0000\results.json,,2026-07-09T22:52:02
tau2_prep_check,telecom,telecom,none,[mms_issue]airplane_mode_on|bad_network_preference|break_app_storage_permission|data_mode_off|data_usage_exceeded|user_abroad_roaming_disabled_off[PERSONA:None],telecom_0000,0,1709,pending,0,tau2_prep_check_telecom_0000,C:\Users\86132\Desktop\SafeDesk\benchmarks\tau2-bench\data\simulations\tau2_prep_check_telecom_0000\results.json,,2026-07-09T22:52:02
tau2_prep_check,telecom,telecom,none,[mms_issue]airplane_mode_on|bad_network_preference|break_app_both_permissions|data_mode_off|data_usage_exceeded|user_abroad_roaming_disabled_off[PERSONA:Easy],telecom_0000,0,1710,pending,0,tau2_prep_check_telecom_0000,C:\Users\86132\Desktop\SafeDesk\benchmarks\tau2-bench\data\simulations\tau2_prep_check_telecom_0000\results.json,,2026-07-09T22:52:02
tau2_prep_check,telecom,telecom,none,[mms_issue]airplane_mode_on|bad_wifi_calling|break_apn_mms_setting|data_mode_off|data_usage_exceeded|user_abroad_roaming_disabled_off[PERSONA:Hard],telecom_0000,0,1711,pending,0,tau2_prep_check_telecom_0000,C:\Users\86132\Desktop\SafeDesk\benchmarks\tau2-bench\data\simulations\tau2_prep_check_telecom_0000\results.json,,2026-07-09T22:52:02
tau2_prep_check,telecom,telecom,none,[mms_issue]airplane_mode_on|bad_wifi_calling|break_app_sms_permission|data_mode_off|data_usage_exceeded|user_abroad_roaming_disabled_off[PERSONA:None],telecom_0000,0,1712,pending,0,tau2_prep_check_telecom_0000,C:\Users\86132\Desktop\SafeDesk\benchmarks\tau2-bench\data\simulations\tau2_prep_check_telecom_0000\results.json,,2026-07-09T22:52:02
tau2_prep_check,telecom,telecom,none,[mms_issue]airplane_mode_on|bad_wifi_calling|break_app_storage_permission|data_mode_off|data_usage_exceeded|user_abroad_roaming_disabled_off[PERSONA:Easy],telecom_0000,0,1713,pending,0,tau2_prep_check_telecom_0000,C:\Users\86132\Desktop\SafeDesk\benchmarks\tau2-bench\data\simulations\tau2_prep_check_telecom_0000\results.json,,2026-07-09T22:52:02
tau2_prep_check,telecom,telecom,none,[mms_issue]airplane_mode_on|bad_wifi_calling|break_app_both_permissions|data_mode_off|data_usage_exceeded|user_abroad_roaming_disabled_off[PERSONA:Hard],telecom_0000,0,1714,pending,0,tau2_prep_check_telecom_0000,C:\Users\86132\Desktop\SafeDesk\benchmarks\tau2-bench\data\simulations\tau2_prep_check_telecom_0000\results.json,,2026-07-09T22:52:02
tau2_prep_check,telecom,telecom,none,[mms_issue]airplane_mode_on|break_apn_mms_setting|break_app_sms_permission|data_mode_off|data_usage_exceeded|user_abroad_roaming_disabled_off[PERSONA:None],telecom_0000,0,1715,pending,0,tau2_prep_check_telecom_0000,C:\Users\86132\Desktop\SafeDesk\benchmarks\tau2-bench\data\simulations\tau2_prep_check_telecom_0000\results.json,,2026-07-09T22:52:02
tau2_prep_check,telecom,telecom,none,[mms_issue]airplane_mode_on|break_apn_mms_setting|break_app_storage_permission|data_mode_off|data_usage_exceeded|user_abroad_roaming_disabled_off[PERSONA:Easy],telecom_0000,0,1716,pending,0,tau2_prep_check_telecom_0000,C:\Users\86132\Desktop\SafeDesk\benchmarks\tau2-bench\data\simulations\tau2_prep_check_telecom_0000\results.json,,2026-07-09T22:52:02
tau2_prep_check,telecom,telecom,none,[mms_issue]airplane_mode_on|break_apn_mms_setting|break_app_both_permissions|data_mode_off|data_usage_exceeded|user_abroad_roaming_disabled_off[PERSONA:Hard],telecom_0000,0,1717,pending,0,tau2_prep_check_telecom_0000,C:\Users\86132\Desktop\SafeDesk\benchmarks\tau2-bench\data\simulations\tau2_prep_check_telecom_0000\results.json,,2026-07-09T22:52:02
tau2_prep_check,telecom,telecom,none,[mms_issue]airplane_mode_on|bad_network_preference|bad_wifi_calling|break_apn_mms_setting|data_mode_off|data_usage_exceeded[PERSONA:None],telecom_0000,0,1718,pending,0,tau2_prep_check_telecom_0000,C:\Users\86132\Desktop\SafeDesk\benchmarks\tau2-bench\data\simulations\tau2_prep_check_telecom_0000\results.json,,2026-07-09T22:52:02
tau2_prep_check,telecom,telecom,none,[mms_issue]airplane_mode_on|bad_network_preference|bad_wifi_calling|break_app_sms_permission|data_mode_off|data_usage_exceeded[PERSONA:Easy],telecom_0000,0,1719,pending,0,tau2_prep_check_telecom_0000,C:\Users\86132\Desktop\SafeDesk\benchmarks\tau2-bench\data\simulations\tau2_prep_check_telecom_0000\results.json,,2026-07-09T22:52:02
tau2_prep_check,telecom,telecom,none,[mms_issue]airplane_mode_on|bad_network_preference|bad_wifi_calling|break_app_storage_permission|data_mode_off|data_usage_exceeded[PERSONA:Hard],telecom_0000,0,1720,pending,0,tau2_prep_check_telecom_0000,C:\Users\86132\Desktop\SafeDesk\benchmarks\tau2-bench\data\simulations\tau2_prep_check_telecom_0000\results.json,,2026-07-09T22:52:02
tau2_prep_check,telecom,telecom,none,[mms_issue]airplane_mode_on|bad_network_preference|bad_wifi_calling|break_app_both_permissions|data_mode_off|data_usage_exceeded[PERSONA:None],telecom_0000,0,1721,pending,0,tau2_prep_check_telecom_0000,C:\Users\86132\Desktop\SafeDesk\benchmarks\tau2-bench\data\simulations\tau2_prep_check_telecom_0000\results.json,,2026-07-09T22:52:02
tau2_prep_check,telecom,telecom,none,[mms_issue]airplane_mode_on|bad_network_preference|break_apn_mms_setting|break_app_sms_permission|data_mode_off|data_usage_exceeded[PERSONA:Easy],telecom_0000,0,1722,pending,0,tau2_prep_check_telecom_0000,C:\Users\86132\Desktop\SafeDesk\benchmarks\tau2-bench\data\simulations\tau2_prep_check_telecom_0000\results.json,,2026-07-09T22:52:02
tau2_prep_check,telecom,telecom,none,[mms_issue]airplane_mode_on|bad_network_preference|break_apn_mms_setting|break_app_storage_permission|data_mode_off|data_usage_exceeded[PERSONA:Hard],telecom_0000,0,1723,pending,0,tau2_prep_check_telecom_0000,C:\Users\86132\Desktop\SafeDesk\benchmarks\tau2-bench\data\simulations\tau2_prep_check_telecom_0000\results.json,,2026-07-09T22:52:02
tau2_prep_check,telecom,telecom,none,[mms_issue]airplane_mode_on|bad_network_preference|break_apn_mms_setting|break_app_both_permissions|data_mode_off|data_usage_exceeded[PERSONA:None],telecom_0000,0,1724,pending,0,tau2_prep_check_telecom_0000,C:\Users\86132\Desktop\SafeDesk\benchmarks\tau2-bench\data\simulations\tau2_prep_check_telecom_0000\results.json,,2026-07-09T22:52:02
tau2_prep_check,telecom,telecom,none,[mms_issue]airplane_mode_on|bad_wifi_calling|break_apn_mms_setting|break_app_sms_permission|data_mode_off|data_usage_exceeded[PERSONA:Easy],telecom_0000,0,1725,pending,0,tau2_prep_check_telecom_0000,C:\Users\86132\Desktop\SafeDesk\benchmarks\tau2-bench\data\simulations\tau2_prep_check_telecom_0000\results.json,,2026-07-09T22:52:02
tau2_prep_check,telecom,telecom,none,[mms_issue]airplane_mode_on|bad_wifi_calling|break_apn_mms_setting|break_app_storage_permission|data_mode_off|data_usage_exceeded[PERSONA:Hard],telecom_0000,0,1726,pending,0,tau2_prep_check_telecom_0000,C:\Users\86132\Desktop\SafeDesk\benchmarks\tau2-bench\data\simulations\tau2_prep_check_telecom_0000\results.json,,2026-07-09T22:52:02
tau2_prep_check,telecom,telecom,none,[mms_issue]airplane_mode_on|bad_wifi_calling|break_apn_mms_setting|break_app_both_permissions|data_mode_off|data_usage_exceeded[PERSONA:None],telecom_0000,0,1727,pending,0,tau2_prep_check_telecom_0000,C:\Users\86132\Desktop\SafeDesk\benchmarks\tau2-bench\data\simulations\tau2_prep_check_telecom_0000\results.json,,2026-07-09T22:52:02
tau2_prep_check,telecom,telecom,none,[mms_issue]airplane_mode_on|bad_network_preference|bad_wifi_calling|break_apn_mms_setting|data_mode_off|user_abroad_roaming_enabled_off[PERSONA:Hard],telecom_0000,0,1728,pending,0,tau2_prep_check_telecom_0000,C:\Users\86132\Desktop\SafeDesk\benchmarks\tau2-bench\data\simulations\tau2_prep_check_telecom_0000\results.json,,2026-07-09T22:52:02
tau2_prep_check,telecom,telecom,none,[mms_issue]airplane_mode_on|bad_network_preference|bad_wifi_calling|break_app_sms_permission|data_mode_off|user_abroad_roaming_enabled_off[PERSONA:None],telecom_0000,0,1729,pending,0,tau2_prep_check_telecom_0000,C:\Users\86132\Desktop\SafeDesk\benchmarks\tau2-bench\data\simulations\tau2_prep_check_telecom_0000\results.json,,2026-07-09T22:52:02
tau2_prep_check,telecom,telecom,none,[mms_issue]airplane_mode_on|bad_network_preference|bad_wifi_calling|break_app_storage_permission|data_mode_off|user_abroad_roaming_enabled_off[PERSONA:Easy],telecom_0000,0,1730,pending,0,tau2_prep_check_telecom_0000,C:\Users\86132\Desktop\SafeDesk\benchmarks\tau2-bench\data\simulations\tau2_prep_check_telecom_0000\results.json,,2026-07-09T22:52:02
tau2_prep_check,telecom,telecom,none,[mms_issue]airplane_mode_on|bad_network_preference|bad_wifi_calling|break_app_both_permissions|data_mode_off|user_abroad_roaming_enabled_off[PERSONA:Hard],telecom_0000,0,1731,pending,0,tau2_prep_check_telecom_0000,C:\Users\86132\Desktop\SafeDesk\benchmarks\tau2-bench\data\simulations\tau2_prep_check_telecom_0000\results.json,,2026-07-09T22:52:02
tau2_prep_check,telecom,telecom,none,[mms_issue]airplane_mode_on|bad_network_preference|break_apn_mms_setting|break_app_sms_permission|data_mode_off|user_abroad_roaming_enabled_off[PERSONA:None],telecom_0000,0,1732,pending,0,tau2_prep_check_telecom_0000,C:\Users\86132\Desktop\SafeDesk\benchmarks\tau2-bench\data\simulations\tau2_prep_check_telecom_0000\results.json,,2026-07-09T22:52:02
tau2_prep_check,telecom,telecom,none,[mms_issue]airplane_mode_on|bad_network_preference|break_apn_mms_setting|break_app_storage_permission|data_mode_off|user_abroad_roaming_enabled_off[PERSONA:Easy],telecom_0000,0,1733,pending,0,tau2_prep_check_telecom_0000,C:\Users\86132\Desktop\SafeDesk\benchmarks\tau2-bench\data\simulations\tau2_prep_check_telecom_0000\results.json,,2026-07-09T22:52:02
tau2_prep_check,telecom,telecom,none,[mms_issue]airplane_mode_on|bad_network_preference|break_apn_mms_setting|break_app_both_permissions|data_mode_off|user_abroad_roaming_enabled_off[PERSONA:Hard],telecom_0000,0,1734,pending,0,tau2_prep_check_telecom_0000,C:\Users\86132\Desktop\SafeDesk\benchmarks\tau2-bench\data\simulations\tau2_prep_check_telecom_0000\results.json,,2026-07-09T22:52:02
tau2_prep_check,telecom,telecom,none,[mms_issue]airplane_mode_on|bad_wifi_calling|break_apn_mms_setting|break_app_sms_permission|data_mode_off|user_abroad_roaming_enabled_off[PERSONA:None],telecom_0000,0,1735,pending,0,tau2_prep_check_telecom_0000,C:\Users\86132\Desktop\SafeDesk\benchmarks\tau2-bench\data\simulations\tau2_prep_check_telecom_0000\results.json,,2026-07-09T22:52:02
tau2_prep_check,telecom,telecom,none,[mms_issue]airplane_mode_on|bad_wifi_calling|break_apn_mms_setting|break_app_storage_permission|data_mode_off|user_abroad_roaming_enabled_off[PERSONA:Easy],telecom_0000,0,1736,pending,0,tau2_prep_check_telecom_0000,C:\Users\86132\Desktop\SafeDesk\benchmarks\tau2-bench\data\simulations\tau2_prep_check_telecom_0000\results.json,,2026-07-09T22:52:02
tau2_prep_check,telecom,telecom,none,[mms_issue]airplane_mode_on|bad_wifi_calling|break_apn_mms_setting|break_app_both_permissions|data_mode_off|user_abroad_roaming_enabled_off[PERSONA:Hard],telecom_0000,0,1737,pending,0,tau2_prep_check_telecom_0000,C:\Users\86132\Desktop\SafeDesk\benchmarks\tau2-bench\data\simulations\tau2_prep_check_telecom_0000\results.json,,2026-07-09T22:52:02
tau2_prep_check,telecom,telecom,none,[mms_issue]airplane_mode_on|bad_network_preference|bad_wifi_calling|break_apn_mms_setting|data_mode_off|user_abroad_roaming_disabled_on[PERSONA:None],telecom_0000,0,1738,pending,0,tau2_prep_check_telecom_0000,C:\Users\86132\Desktop\SafeDesk\benchmarks\tau2-bench\data\simulations\tau2_prep_check_telecom_0000\results.json,,2026-07-09T22:52:02
tau2_prep_check,telecom,telecom,none,[mms_issue]airplane_mode_on|bad_network_preference|bad_wifi_calling|break_app_sms_permission|data_mode_off|user_abroad_roaming_disabled_on[PERSONA:Easy],telecom_0000,0,1739,pending,0,tau2_prep_check_telecom_0000,C:\Users\86132\Desktop\SafeDesk\benchmarks\tau2-bench\data\simulations\tau2_prep_check_telecom_0000\results.json,,2026-07-09T22:52:02
tau2_prep_check,telecom,telecom,none,[mms_issue]airplane_mode_on|bad_network_preference|bad_wifi_calling|break_app_storage_permission|data_mode_off|user_abroad_roaming_disabled_on[PERSONA:Hard],telecom_0000,0,1740,pending,0,tau2_prep_check_telecom_0000,C:\Users\86132\Desktop\SafeDesk\benchmarks\tau2-bench\data\simulations\tau2_prep_check_telecom_0000\results.json,,2026-07-09T22:52:02
tau2_prep_check,telecom,telecom,none,[mms_issue]airplane_mode_on|bad_network_preference|bad_wifi_calling|break_app_both_permissions|data_mode_off|user_abroad_roaming_disabled_on[PERSONA:None],telecom_0000,0,1741,pending,0,tau2_prep_check_telecom_0000,C:\Users\86132\Desktop\SafeDesk\benchmarks\tau2-bench\data\simulations\tau2_prep_check_telecom_0000\results.json,,2026-07-09T22:52:02
tau2_prep_check,telecom,telecom,none,[mms_issue]airplane_mode_on|bad_network_preference|break_apn_mms_setting|break_app_sms_permission|data_mode_off|user_abroad_roaming_disabled_on[PERSONA:Easy],telecom_0000,0,1742,pending,0,tau2_prep_check_telecom_0000,C:\Users\86132\Desktop\SafeDesk\benchmarks\tau2-bench\data\simulations\tau2_prep_check_telecom_0000\results.json,,2026-07-09T22:52:02
tau2_prep_check,telecom,telecom,none,[mms_issue]airplane_mode_on|bad_network_preference|break_apn_mms_setting|break_app_storage_permission|data_mode_off|user_abroad_roaming_disabled_on[PERSONA:Hard],telecom_0000,0,1743,pending,0,tau2_prep_check_telecom_0000,C:\Users\86132\Desktop\SafeDesk\benchmarks\tau2-bench\data\simulations\tau2_prep_check_telecom_0000\results.json,,2026-07-09T22:52:02
tau2_prep_check,telecom,telecom,none,[mms_issue]airplane_mode_on|bad_network_preference|break_apn_mms_setting|break_app_both_permissions|data_mode_off|user_abroad_roaming_disabled_on[PERSONA:None],telecom_0000,0,1744,pending,0,tau2_prep_check_telecom_0000,C:\Users\86132\Desktop\SafeDesk\benchmarks\tau2-bench\data\simulations\tau2_prep_check_telecom_0000\results.json,,2026-07-09T22:52:02
tau2_prep_check,telecom,telecom,none,[mms_issue]airplane_mode_on|bad_wifi_calling|break_apn_mms_setting|break_app_sms_permission|data_mode_off|user_abroad_roaming_disabled_on[PERSONA:Easy],telecom_0000,0,1745,pending,0,tau2_prep_check_telecom_0000,C:\Users\86132\Desktop\SafeDesk\benchmarks\tau2-bench\data\simulations\tau2_prep_check_telecom_0000\results.json,,2026-07-09T22:52:02
tau2_prep_check,telecom,telecom,none,[mms_issue]airplane_mode_on|bad_wifi_calling|break_apn_mms_setting|break_app_storage_permission|data_mode_off|user_abroad_roaming_disabled_on[PERSONA:Hard],telecom_0000,0,1746,pending,0,tau2_prep_check_telecom_0000,C:\Users\86132\Desktop\SafeDesk\benchmarks\tau2-bench\data\simulations\tau2_prep_check_telecom_0000\results.json,,2026-07-09T22:52:02
tau2_prep_check,telecom,telecom,none,[mms_issue]airplane_mode_on|bad_wifi_calling|break_apn_mms_setting|break_app_both_permissions|data_mode_off|user_abroad_roaming_disabled_on[PERSONA:None],telecom_0000,0,1747,pending,0,tau2_prep_check_telecom_0000,C:\Users\86132\Desktop\SafeDesk\benchmarks\tau2-bench\data\simulations\tau2_prep_check_telecom_0000\results.json,,2026-07-09T22:52:02
tau2_prep_check,telecom,telecom,none,[mms_issue]airplane_mode_on|bad_network_preference|bad_wifi_calling|break_apn_mms_setting|data_mode_off|user_abroad_roaming_disabled_off[PERSONA:Easy],telecom_0000,0,1748,pending,0,tau2_prep_check_telecom_0000,C:\Users\86132\Desktop\SafeDesk\benchmarks\tau2-bench\data\simulations\tau2_prep_check_telecom_0000\results.json,,2026-07-09T22:52:02
tau2_prep_check,telecom,telecom,none,[mms_issue]airplane_mode_on|bad_network_preference|bad_wifi_calling|break_app_sms_permission|data_mode_off|user_abroad_roaming_disabled_off[PERSONA:Hard],telecom_0000,0,1749,pending,0,tau2_prep_check_telecom_0000,C:\Users\86132\Desktop\SafeDesk\benchmarks\tau2-bench\data\simulations\tau2_prep_check_telecom_0000\results.json,,2026-07-09T22:52:02
tau2_prep_check,telecom,telecom,none,[mms_issue]airplane_mode_on|bad_network_preference|bad_wifi_calling|break_app_storage_permission|data_mode_off|user_abroad_roaming_disabled_off[PERSONA:None],telecom_0000,0,1750,pending,0,tau2_prep_check_telecom_0000,C:\Users\86132\Desktop\SafeDesk\benchmarks\tau2-bench\data\simulations\tau2_prep_check_telecom_0000\results.json,,2026-07-09T22:52:02
tau2_prep_check,telecom,telecom,none,[mms_issue]airplane_mode_on|bad_network_preference|bad_wifi_calling|break_app_both_permissions|data_mode_off|user_abroad_roaming_disabled_off[PERSONA:Easy],telecom_0000,0,1751,pending,0,tau2_prep_check_telecom_0000,C:\Users\86132\Desktop\SafeDesk\benchmarks\tau2-bench\data\simulations\tau2_prep_check_telecom_0000\results.json,,2026-07-09T22:52:02
tau2_prep_check,telecom,telecom,none,[mms_issue]airplane_mode_on|bad_network_preference|break_apn_mms_setting|break_app_sms_permission|data_mode_off|user_abroad_roaming_disabled_off[PERSONA:Hard],telecom_0000,0,1752,pending,0,tau2_prep_check_telecom_0000,C:\Users\86132\Desktop\SafeDesk\benchmarks\tau2-bench\data\simulations\tau2_prep_check_telecom_0000\results.json,,2026-07-09T22:52:02
tau2_prep_check,telecom,telecom,none,[mms_issue]airplane_mode_on|bad_network_preference|break_apn_mms_setting|break_app_storage_permission|data_mode_off|user_abroad_roaming_disabled_off[PERSONA:None],telecom_0000,0,1753,pending,0,tau2_prep_check_telecom_0000,C:\Users\86132\Desktop\SafeDesk\benchmarks\tau2-bench\data\simulations\tau2_prep_check_telecom_0000\results.json,,2026-07-09T22:52:02
tau2_prep_check,telecom,telecom,none,[mms_issue]airplane_mode_on|bad_network_preference|break_apn_mms_setting|break_app_both_permissions|data_mode_off|user_abroad_roaming_disabled_off[PERSONA:Easy],telecom_0000,0,1754,pending,0,tau2_prep_check_telecom_0000,C:\Users\86132\Desktop\SafeDesk\benchmarks\tau2-bench\data\simulations\tau2_prep_check_telecom_0000\results.json,,2026-07-09T22:52:02
tau2_prep_check,telecom,telecom,none,[mms_issue]airplane_mode_on|bad_wifi_calling|break_apn_mms_setting|break_app_sms_permission|data_mode_off|user_abroad_roaming_disabled_off[PERSONA:Hard],telecom_0000,0,1755,pending,0,tau2_prep_check_telecom_0000,C:\Users\86132\Desktop\SafeDesk\benchmarks\tau2-bench\data\simulations\tau2_prep_check_telecom_0000\results.json,,2026-07-09T22:52:02
tau2_prep_check,telecom,telecom,none,[mms_issue]airplane_mode_on|bad_wifi_calling|break_apn_mms_setting|break_app_storage_permission|data_mode_off|user_abroad_roaming_disabled_off[PERSONA:None],telecom_0000,0,1756,pending,0,tau2_prep_check_telecom_0000,C:\Users\86132\Desktop\SafeDesk\benchmarks\tau2-bench\data\simulations\tau2_prep_check_telecom_0000\results.json,,2026-07-09T22:52:02
tau2_prep_check,telecom,telecom,none,[mms_issue]airplane_mode_on|bad_wifi_calling|break_apn_mms_setting|break_app_both_permissions|data_mode_off|user_abroad_roaming_disabled_off[PERSONA:Easy],telecom_0000,0,1757,pending,0,tau2_prep_check_telecom_0000,C:\Users\86132\Desktop\SafeDesk\benchmarks\tau2-bench\data\simulations\tau2_prep_check_telecom_0000\results.json,,2026-07-09T22:52:02
tau2_prep_check,telecom,telecom,none,[mms_issue]airplane_mode_on|bad_network_preference|bad_wifi_calling|break_apn_mms_setting|break_app_sms_permission|data_mode_off[PERSONA:Hard],telecom_0000,0,1758,pending,0,tau2_prep_check_telecom_0000,C:\Users\86132\Desktop\SafeDesk\benchmarks\tau2-bench\data\simulations\tau2_prep_check_telecom_0000\results.json,,2026-07-09T22:52:02
tau2_prep_check,telecom,telecom,none,[mms_issue]airplane_mode_on|bad_network_preference|bad_wifi_calling|break_apn_mms_setting|break_app_storage_permission|data_mode_off[PERSONA:None],telecom_0000,0,1759,pending,0,tau2_prep_check_telecom_0000,C:\Users\86132\Desktop\SafeDesk\benchmarks\tau2-bench\data\simulations\tau2_prep_check_telecom_0000\results.json,,2026-07-09T22:52:02
tau2_prep_check,telecom,telecom,none,[mms_issue]airplane_mode_on|bad_network_preference|bad_wifi_calling|break_apn_mms_setting|break_app_both_permissions|data_mode_off[PERSONA:Easy],telecom_0000,0,1760,pending,0,tau2_prep_check_telecom_0000,C:\Users\86132\Desktop\SafeDesk\benchmarks\tau2-bench\data\simulations\tau2_prep_check_telecom_0000\results.json,,2026-07-09T22:52:02
tau2_prep_check,telecom,telecom,none,[mms_issue]airplane_mode_on|bad_network_preference|bad_wifi_calling|break_apn_mms_setting|data_usage_exceeded|user_abroad_roaming_enabled_off[PERSONA:Hard],telecom_0000,0,1761,pending,0,tau2_prep_check_telecom_0000,C:\Users\86132\Desktop\SafeDesk\benchmarks\tau2-bench\data\simulations\tau2_prep_check_telecom_0000\results.json,,2026-07-09T22:52:02
tau2_prep_check,telecom,telecom,none,[mms_issue]airplane_mode_on|bad_network_preference|bad_wifi_calling|break_app_sms_permission|data_usage_exceeded|user_abroad_roaming_enabled_off[PERSONA:None],telecom_0000,0,1762,pending,0,tau2_prep_check_telecom_0000,C:\Users\86132\Desktop\SafeDesk\benchmarks\tau2-bench\data\simulations\tau2_prep_check_telecom_0000\results.json,,2026-07-09T22:52:02
tau2_prep_check,telecom,telecom,none,[mms_issue]airplane_mode_on|bad_network_preference|bad_wifi_calling|break_app_storage_permission|data_usage_exceeded|user_abroad_roaming_enabled_off[PERSONA:Easy],telecom_0000,0,1763,pending,0,tau2_prep_check_telecom_0000,C:\Users\86132\Desktop\SafeDesk\benchmarks\tau2-bench\data\simulations\tau2_prep_check_telecom_0000\results.json,,2026-07-09T22:52:02
tau2_prep_check,telecom,telecom,none,[mms_issue]airplane_mode_on|bad_network_preference|bad_wifi_calling|break_app_both_permissions|data_usage_exceeded|user_abroad_roaming_enabled_off[PERSONA:Hard],telecom_0000,0,1764,pending,0,tau2_prep_check_telecom_0000,C:\Users\86132\Desktop\SafeDesk\benchmarks\tau2-bench\data\simulations\tau2_prep_check_telecom_0000\results.json,,2026-07-09T22:52:02
tau2_prep_check,telecom,telecom,none,[mms_issue]airplane_mode_on|bad_network_preference|break_apn_mms_setting|break_app_sms_permission|data_usage_exceeded|user_abroad_roaming_enabled_off[PERSONA:None],telecom_0000,0,1765,pending,0,tau2_prep_check_telecom_0000,C:\Users\86132\Desktop\SafeDesk\benchmarks\tau2-bench\data\simulations\tau2_prep_check_telecom_0000\results.json,,2026-07-09T22:52:02
tau2_prep_check,telecom,telecom,none,[mms_issue]airplane_mode_on|bad_network_preference|break_apn_mms_setting|break_app_storage_permission|data_usage_exceeded|user_abroad_roaming_enabled_off[PERSONA:Easy],telecom_0000,0,1766,pending,0,tau2_prep_check_telecom_0000,C:\Users\86132\Desktop\SafeDesk\benchmarks\tau2-bench\data\simulations\tau2_prep_check_telecom_0000\results.json,,2026-07-09T22:52:02
tau2_prep_check,telecom,telecom,none,[mms_issue]airplane_mode_on|bad_network_preference|break_apn_mms_setting|break_app_both_permissions|data_usage_exceeded|user_abroad_roaming_enabled_off[PERSONA:Hard],telecom_0000,0,1767,pending,0,tau2_prep_check_telecom_0000,C:\Users\86132\Desktop\SafeDesk\benchmarks\tau2-bench\data\simulations\tau2_prep_check_telecom_0000\results.json,,2026-07-09T22:52:02
tau2_prep_check,telecom,telecom,none,[mms_issue]airplane_mode_on|bad_wifi_calling|break_apn_mms_setting|break_app_sms_permission|data_usage_exceeded|user_abroad_roaming_enabled_off[PERSONA:None],telecom_0000,0,1768,pending,0,tau2_prep_check_telecom_0000,C:\Users\86132\Desktop\SafeDesk\benchmarks\tau2-bench\data\simulations\tau2_prep_check_telecom_0000\results.json,,2026-07-09T22:52:02
tau2_prep_check,telecom,telecom,none,[mms_issue]airplane_mode_on|bad_wifi_calling|break_apn_mms_setting|break_app_storage_permission|data_usage_exceeded|user_abroad_roaming_enabled_off[PERSONA:Easy],telecom_0000,0,1769,pending,0,tau2_prep_check_telecom_0000,C:\Users\86132\Desktop\SafeDesk\benchmarks\tau2-bench\data\simulations\tau2_prep_check_telecom_0000\results.json,,2026-07-09T22:52:02
tau2_prep_check,telecom,telecom,none,[mms_issue]airplane_mode_on|bad_wifi_calling|break_apn_mms_setting|break_app_both_permissions|data_usage_exceeded|user_abroad_roaming_enabled_off[PERSONA:Hard],telecom_0000,0,1770,pending,0,tau2_prep_check_telecom_0000,C:\Users\86132\Desktop\SafeDesk\benchmarks\tau2-bench\data\simulations\tau2_prep_check_telecom_0000\results.json,,2026-07-09T22:52:02
tau2_prep_check,telecom,telecom,none,[mms_issue]airplane_mode_on|bad_network_preference|bad_wifi_calling|break_apn_mms_setting|data_usage_exceeded|user_abroad_roaming_disabled_on[PERSONA:None],telecom_0000,0,1771,pending,0,tau2_prep_check_telecom_0000,C:\Users\86132\Desktop\SafeDesk\benchmarks\tau2-bench\data\simulations\tau2_prep_check_telecom_0000\results.json,,2026-07-09T22:52:02
tau2_prep_check,telecom,telecom,none,[mms_issue]airplane_mode_on|bad_network_preference|bad_wifi_calling|break_app_sms_permission|data_usage_exceeded|user_abroad_roaming_disabled_on[PERSONA:Easy],telecom_0000,0,1772,pending,0,tau2_prep_check_telecom_0000,C:\Users\86132\Desktop\SafeDesk\benchmarks\tau2-bench\data\simulations\tau2_prep_check_telecom_0000\results.json,,2026-07-09T22:52:02
tau2_prep_check,telecom,telecom,none,[mms_issue]airplane_mode_on|bad_network_preference|bad_wifi_calling|break_app_storage_permission|data_usage_exceeded|user_abroad_roaming_disabled_on[PERSONA:Hard],telecom_0000,0,1773,pending,0,tau2_prep_check_telecom_0000,C:\Users\86132\Desktop\SafeDesk\benchmarks\tau2-bench\data\simulations\tau2_prep_check_telecom_0000\results.json,,2026-07-09T22:52:02
tau2_prep_check,telecom,telecom,none,[mms_issue]airplane_mode_on|bad_network_preference|bad_wifi_calling|break_app_both_permissions|data_usage_exceeded|user_abroad_roaming_disabled_on[PERSONA:None],telecom_0000,0,1774,pending,0,tau2_prep_check_telecom_0000,C:\Users\86132\Desktop\SafeDesk\benchmarks\tau2-bench\data\simulations\tau2_prep_check_telecom_0000\results.json,,2026-07-09T22:52:02
tau2_prep_check,telecom,telecom,none,[mms_issue]airplane_mode_on|bad_network_preference|break_apn_mms_setting|break_app_sms_permission|data_usage_exceeded|user_abroad_roaming_disabled_on[PERSONA:Easy],telecom_0000,0,1775,pending,0,tau2_prep_check_telecom_0000,C:\Users\86132\Desktop\SafeDesk\benchmarks\tau2-bench\data\simulations\tau2_prep_check_telecom_0000\results.json,,2026-07-09T22:52:02
tau2_prep_check,telecom,telecom,none,[mms_issue]airplane_mode_on|bad_network_preference|break_apn_mms_setting|break_app_storage_permission|data_usage_exceeded|user_abroad_roaming_disabled_on[PERSONA:Hard],telecom_0000,0,1776,pending,0,tau2_prep_check_telecom_0000,C:\Users\86132\Desktop\SafeDesk\benchmarks\tau2-bench\data\simulations\tau2_prep_check_telecom_0000\results.json,,2026-07-09T22:52:02
tau2_prep_check,telecom,telecom,none,[mms_issue]airplane_mode_on|bad_network_preference|break_apn_mms_setting|break_app_both_permissions|data_usage_exceeded|user_abroad_roaming_disabled_on[PERSONA:None],telecom_0000,0,1777,pending,0,tau2_prep_check_telecom_0000,C:\Users\86132\Desktop\SafeDesk\benchmarks\tau2-bench\data\simulations\tau2_prep_check_telecom_0000\results.json,,2026-07-09T22:52:02
tau2_prep_check,telecom,telecom,none,[mms_issue]airplane_mode_on|bad_wifi_calling|break_apn_mms_setting|break_app_sms_permission|data_usage_exceeded|user_abroad_roaming_disabled_on[PERSONA:Easy],telecom_0000,0,1778,pending,0,tau2_prep_check_telecom_0000,C:\Users\86132\Desktop\SafeDesk\benchmarks\tau2-bench\data\simulations\tau2_prep_check_telecom_0000\results.json,,2026-07-09T22:52:02
tau2_prep_check,telecom,telecom,none,[mms_issue]airplane_mode_on|bad_wifi_calling|break_apn_mms_setting|break_app_storage_permission|data_usage_exceeded|user_abroad_roaming_disabled_on[PERSONA:Hard],telecom_0000,0,1779,pending,0,tau2_prep_check_telecom_0000,C:\Users\86132\Desktop\SafeDesk\benchmarks\tau2-bench\data\simulations\tau2_prep_check_telecom_0000\results.json,,2026-07-09T22:52:02
tau2_prep_check,telecom,telecom,none,[mms_issue]airplane_mode_on|bad_wifi_calling|break_apn_mms_setting|break_app_both_permissions|data_usage_exceeded|user_abroad_roaming_disabled_on[PERSONA:None],telecom_0000,0,1780,pending,0,tau2_prep_check_telecom_0000,C:\Users\86132\Desktop\SafeDesk\benchmarks\tau2-bench\data\simulations\tau2_prep_check_telecom_0000\results.json,,2026-07-09T22:52:02
tau2_prep_check,telecom,telecom,none,[mms_issue]airplane_mode_on|bad_network_preference|bad_wifi_calling|break_apn_mms_setting|data_usage_exceeded|user_abroad_roaming_disabled_off[PERSONA:Easy],telecom_0000,0,1781,pending,0,tau2_prep_check_telecom_0000,C:\Users\86132\Desktop\SafeDesk\benchmarks\tau2-bench\data\simulations\tau2_prep_check_telecom_0000\results.json,,2026-07-09T22:52:02
tau2_prep_check,telecom,telecom,none,[mms_issue]airplane_mode_on|bad_network_preference|bad_wifi_calling|break_app_sms_permission|data_usage_exceeded|user_abroad_roaming_disabled_off[PERSONA:Hard],telecom_0000,0,1782,pending,0,tau2_prep_check_telecom_0000,C:\Users\86132\Desktop\SafeDesk\benchmarks\tau2-bench\data\simulations\tau2_prep_check_telecom_0000\results.json,,2026-07-09T22:52:02
tau2_prep_check,telecom,telecom,none,[mms_issue]airplane_mode_on|bad_network_preference|bad_wifi_calling|break_app_storage_permission|data_usage_exceeded|user_abroad_roaming_disabled_off[PERSONA:None],telecom_0000,0,1783,pending,0,tau2_prep_check_telecom_0000,C:\Users\86132\Desktop\SafeDesk\benchmarks\tau2-bench\data\simulations\tau2_prep_check_telecom_0000\results.json,,2026-07-09T22:52:02
tau2_prep_check,telecom,telecom,none,[mms_issue]airplane_mode_on|bad_network_preference|bad_wifi_calling|break_app_both_permissions|data_usage_exceeded|user_abroad_roaming_disabled_off[PERSONA:Easy],telecom_0000,0,1784,pending,0,tau2_prep_check_telecom_0000,C:\Users\86132\Desktop\SafeDesk\benchmarks\tau2-bench\data\simulations\tau2_prep_check_telecom_0000\results.json,,2026-07-09T22:52:02
tau2_prep_check,telecom,telecom,none,[mms_issue]airplane_mode_on|bad_network_preference|break_apn_mms_setting|break_app_sms_permission|data_usage_exceeded|user_abroad_roaming_disabled_off[PERSONA:Hard],telecom_0000,0,1785,pending,0,tau2_prep_check_telecom_0000,C:\Users\86132\Desktop\SafeDesk\benchmarks\tau2-bench\data\simulations\tau2_prep_check_telecom_0000\results.json,,2026-07-09T22:52:02
tau2_prep_check,telecom,telecom,none,[mms_issue]airplane_mode_on|bad_network_preference|break_apn_mms_setting|break_app_storage_permission|data_usage_exceeded|user_abroad_roaming_disabled_off[PERSONA:None],telecom_0000,0,1786,pending,0,tau2_prep_check_telecom_0000,C:\Users\86132\Desktop\SafeDesk\benchmarks\tau2-bench\data\simulations\tau2_prep_check_telecom_0000\results.json,,2026-07-09T22:52:02
tau2_prep_check,telecom,telecom,none,[mms_issue]airplane_mode_on|bad_network_preference|break_apn_mms_setting|break_app_both_permissions|data_usage_exceeded|user_abroad_roaming_disabled_off[PERSONA:Easy],telecom_0000,0,1787,pending,0,tau2_prep_check_telecom_0000,C:\Users\86132\Desktop\SafeDesk\benchmarks\tau2-bench\data\simulations\tau2_prep_check_telecom_0000\results.json,,2026-07-09T22:52:02
tau2_prep_check,telecom,telecom,none,[mms_issue]airplane_mode_on|bad_wifi_calling|break_apn_mms_setting|break_app_sms_permission|data_usage_exceeded|user_abroad_roaming_disabled_off[PERSONA:Hard],telecom_0000,0,1788,pending,0,tau2_prep_check_telecom_0000,C:\Users\86132\Desktop\SafeDesk\benchmarks\tau2-bench\data\simulations\tau2_prep_check_telecom_0000\results.json,,2026-07-09T22:52:02
tau2_prep_check,telecom,telecom,none,[mms_issue]airplane_mode_on|bad_wifi_calling|break_apn_mms_setting|break_app_storage_permission|data_usage_exceeded|user_abroad_roaming_disabled_off[PERSONA:None],telecom_0000,0,1789,pending,0,tau2_prep_check_telecom_0000,C:\Users\86132\Desktop\SafeDesk\benchmarks\tau2-bench\data\simulations\tau2_prep_check_telecom_0000\results.json,,2026-07-09T22:52:02
tau2_prep_check,telecom,telecom,none,[mms_issue]airplane_mode_on|bad_wifi_calling|break_apn_mms_setting|break_app_both_permissions|data_usage_exceeded|user_abroad_roaming_disabled_off[PERSONA:Easy],telecom_0000,0,1790,pending,0,tau2_prep_check_telecom_0000,C:\Users\86132\Desktop\SafeDesk\benchmarks\tau2-bench\data\simulations\tau2_prep_check_telecom_0000\results.json,,2026-07-09T22:52:02
tau2_prep_check,telecom,telecom,none,[mms_issue]airplane_mode_on|bad_network_preference|bad_wifi_calling|break_apn_mms_setting|break_app_sms_permission|data_usage_exceeded[PERSONA:Hard],telecom_0000,0,1791,pending,0,tau2_prep_check_telecom_0000,C:\Users\86132\Desktop\SafeDesk\benchmarks\tau2-bench\data\simulations\tau2_prep_check_telecom_0000\results.json,,2026-07-09T22:52:02
tau2_prep_check,telecom,telecom,none,[mms_issue]airplane_mode_on|bad_network_preference|bad_wifi_calling|break_apn_mms_setting|break_app_storage_permission|data_usage_exceeded[PERSONA:None],telecom_0000,0,1792,pending,0,tau2_prep_check_telecom_0000,C:\Users\86132\Desktop\SafeDesk\benchmarks\tau2-bench\data\simulations\tau2_prep_check_telecom_0000\results.json,,2026-07-09T22:52:02
tau2_prep_check,telecom,telecom,none,[mms_issue]airplane_mode_on|bad_network_preference|bad_wifi_calling|break_apn_mms_setting|break_app_both_permissions|data_usage_exceeded[PERSONA:Easy],telecom_0000,0,1793,pending,0,tau2_prep_check_telecom_0000,C:\Users\86132\Desktop\SafeDesk\benchmarks\tau2-bench\data\simulations\tau2_prep_check_telecom_0000\results.json,,2026-07-09T22:52:02
tau2_prep_check,telecom,telecom,none,[mms_issue]airplane_mode_on|bad_network_preference|bad_wifi_calling|break_apn_mms_setting|break_app_sms_permission|user_abroad_roaming_enabled_off[PERSONA:Hard],telecom_0000,0,1794,pending,0,tau2_prep_check_telecom_0000,C:\Users\86132\Desktop\SafeDesk\benchmarks\tau2-bench\data\simulations\tau2_prep_check_telecom_0000\results.json,,2026-07-09T22:52:02
tau2_prep_check,telecom,telecom,none,[mms_issue]airplane_mode_on|bad_network_preference|bad_wifi_calling|break_apn_mms_setting|break_app_storage_permission|user_abroad_roaming_enabled_off[PERSONA:None],telecom_0000,0,1795,pending,0,tau2_prep_check_telecom_0000,C:\Users\86132\Desktop\SafeDesk\benchmarks\tau2-bench\data\simulations\tau2_prep_check_telecom_0000\results.json,,2026-07-09T22:52:02
tau2_prep_check,telecom,telecom,none,[mms_issue]airplane_mode_on|bad_network_preference|bad_wifi_calling|break_apn_mms_setting|break_app_both_permissions|user_abroad_roaming_enabled_off[PERSONA:Easy],telecom_0000,0,1796,pending,0,tau2_prep_check_telecom_0000,C:\Users\86132\Desktop\SafeDesk\benchmarks\tau2-bench\data\simulations\tau2_prep_check_telecom_0000\results.json,,2026-07-09T22:52:02
tau2_prep_check,telecom,telecom,none,[mms_issue]airplane_mode_on|bad_network_preference|bad_wifi_calling|break_apn_mms_setting|break_app_sms_permission|user_abroad_roaming_disabled_on[PERSONA:Hard],telecom_0000,0,1797,pending,0,tau2_prep_check_telecom_0000,C:\Users\86132\Desktop\SafeDesk\benchmarks\tau2-bench\data\simulations\tau2_prep_check_telecom_0000\results.json,,2026-07-09T22:52:02
tau2_prep_check,telecom,telecom,none,[mms_issue]airplane_mode_on|bad_network_preference|bad_wifi_calling|break_apn_mms_setting|break_app_storage_permission|user_abroad_roaming_disabled_on[PERSONA:None],telecom_0000,0,1798,pending,0,tau2_prep_check_telecom_0000,C:\Users\86132\Desktop\SafeDesk\benchmarks\tau2-bench\data\simulations\tau2_prep_check_telecom_0000\results.json,,2026-07-09T22:52:02
tau2_prep_check,telecom,telecom,none,[mms_issue]airplane_mode_on|bad_network_preference|bad_wifi_calling|break_apn_mms_setting|break_app_both_permissions|user_abroad_roaming_disabled_on[PERSONA:Easy],telecom_0000,0,1799,pending,0,tau2_prep_check_telecom_0000,C:\Users\86132\Desktop\SafeDesk\benchmarks\tau2-bench\data\simulations\tau2_prep_check_telecom_0000\results.json,,2026-07-09T22:52:02
tau2_prep_check,telecom,telecom,none,[mms_issue]airplane_mode_on|bad_network_preference|bad_wifi_calling|break_apn_mms_setting|break_app_sms_permission|user_abroad_roaming_disabled_off[PERSONA:Hard],telecom_0000,0,1800,pending,0,tau2_prep_check_telecom_0000,C:\Users\86132\Desktop\SafeDesk\benchmarks\tau2-bench\data\simulations\tau2_prep_check_telecom_0000\results.json,,2026-07-09T22:52:02
tau2_prep_check,telecom,telecom,none,[mms_issue]airplane_mode_on|bad_network_preference|bad_wifi_calling|break_apn_mms_setting|break_app_storage_permission|user_abroad_roaming_disabled_off[PERSONA:None],telecom_0000,0,1801,pending,0,tau2_prep_check_telecom_0000,C:\Users\86132\Desktop\SafeDesk\benchmarks\tau2-bench\data\simulations\tau2_prep_check_telecom_0000\results.json,,2026-07-09T22:52:02
tau2_prep_check,telecom,telecom,none,[mms_issue]airplane_mode_on|bad_network_preference|bad_wifi_calling|break_apn_mms_setting|break_app_both_permissions|user_abroad_roaming_disabled_off[PERSONA:Easy],telecom_0000,0,1802,pending,0,tau2_prep_check_telecom_0000,C:\Users\86132\Desktop\SafeDesk\benchmarks\tau2-bench\data\simulations\tau2_prep_check_telecom_0000\results.json,,2026-07-09T22:52:02
tau2_prep_check,telecom,telecom,none,[mms_issue]bad_network_preference|bad_wifi_calling|data_mode_off|data_usage_exceeded|unseat_sim_card|user_abroad_roaming_enabled_off[PERSONA:Hard],telecom_0000,0,1803,pending,0,tau2_prep_check_telecom_0000,C:\Users\86132\Desktop\SafeDesk\benchmarks\tau2-bench\data\simulations\tau2_prep_check_telecom_0000\results.json,,2026-07-09T22:52:02
tau2_prep_check,telecom,telecom,none,[mms_issue]bad_network_preference|break_apn_mms_setting|data_mode_off|data_usage_exceeded|unseat_sim_card|user_abroad_roaming_enabled_off[PERSONA:None],telecom_0000,0,1804,pending,0,tau2_prep_check_telecom_0000,C:\Users\86132\Desktop\SafeDesk\benchmarks\tau2-bench\data\simulations\tau2_prep_check_telecom_0000\results.json,,2026-07-09T22:52:02
tau2_prep_check,telecom,telecom,none,[mms_issue]bad_network_preference|break_app_sms_permission|data_mode_off|data_usage_exceeded|unseat_sim_card|user_abroad_roaming_enabled_off[PERSONA:Easy],telecom_0000,0,1805,pending,0,tau2_prep_check_telecom_0000,C:\Users\86132\Desktop\SafeDesk\benchmarks\tau2-bench\data\simulations\tau2_prep_check_telecom_0000\results.json,,2026-07-09T22:52:02
tau2_prep_check,telecom,telecom,none,[mms_issue]bad_network_preference|break_app_storage_permission|data_mode_off|data_usage_exceeded|unseat_sim_card|user_abroad_roaming_enabled_off[PERSONA:Hard],telecom_0000,0,1806,pending,0,tau2_prep_check_telecom_0000,C:\Users\86132\Desktop\SafeDesk\benchmarks\tau2-bench\data\simulations\tau2_prep_check_telecom_0000\results.json,,2026-07-09T22:52:02
tau2_prep_check,telecom,telecom,none,[mms_issue]bad_network_preference|break_app_both_permissions|data_mode_off|data_usage_exceeded|unseat_sim_card|user_abroad_roaming_enabled_off[PERSONA:None],telecom_0000,0,1807,pending,0,tau2_prep_check_telecom_0000,C:\Users\86132\Desktop\SafeDesk\benchmarks\tau2-bench\data\simulations\tau2_prep_check_telecom_0000\results.json,,2026-07-09T22:52:02
tau2_prep_check,telecom,telecom,none,[mms_issue]bad_wifi_calling|break_apn_mms_setting|data_mode_off|data_usage_exceeded|unseat_sim_card|user_abroad_roaming_enabled_off[PERSONA:Easy],telecom_0000,0,1808,pending,0,tau2_prep_check_telecom_0000,C:\Users\86132\Desktop\SafeDesk\benchmarks\tau2-bench\data\simulations\tau2_prep_check_telecom_0000\results.json,,2026-07-09T22:52:02
tau2_prep_check,telecom,telecom,none,[mms_issue]bad_wifi_calling|break_app_sms_permission|data_mode_off|data_usage_exceeded|unseat_sim_card|user_abroad_roaming_enabled_off[PERSONA:Hard],telecom_0000,0,1809,pending,0,tau2_prep_check_telecom_0000,C:\Users\86132\Desktop\SafeDesk\benchmarks\tau2-bench\data\simulations\tau2_prep_check_telecom_0000\results.json,,2026-07-09T22:52:02
tau2_prep_check,telecom,telecom,none,[mms_issue]bad_wifi_calling|break_app_storage_permission|data_mode_off|data_usage_exceeded|unseat_sim_card|user_abroad_roaming_enabled_off[PERSONA:None],telecom_0000,0,1810,pending,0,tau2_prep_check_telecom_0000,C:\Users\86132\Desktop\SafeDesk\benchmarks\tau2-bench\data\simulations\tau2_prep_check_telecom_0000\results.json,,2026-07-09T22:52:02
tau2_prep_check,telecom,telecom,none,[mms_issue]bad_wifi_calling|break_app_both_permissions|data_mode_off|data_usage_exceeded|unseat_sim_card|user_abroad_roaming_enabled_off[PERSONA:Easy],telecom_0000,0,1811,pending,0,tau2_prep_check_telecom_0000,C:\Users\86132\Desktop\SafeDesk\benchmarks\tau2-bench\data\simulations\tau2_prep_check_telecom_0000\results.json,,2026-07-09T22:52:02
tau2_prep_check,telecom,telecom,none,[mms_issue]break_apn_mms_setting|break_app_sms_permission|data_mode_off|data_usage_exceeded|unseat_sim_card|user_abroad_roaming_enabled_off[PERSONA:Hard],telecom_0000,0,1812,pending,0,tau2_prep_check_telecom_0000,C:\Users\86132\Desktop\SafeDesk\benchmarks\tau2-bench\data\simulations\tau2_prep_check_telecom_0000\results.json,,2026-07-09T22:52:02
tau2_prep_check,telecom,telecom,none,[mms_issue]break_apn_mms_setting|break_app_storage_permission|data_mode_off|data_usage_exceeded|unseat_sim_card|user_abroad_roaming_enabled_off[PERSONA:None],telecom_0000,0,1813,pending,0,tau2_prep_check_telecom_0000,C:\Users\86132\Desktop\SafeDesk\benchmarks\tau2-bench\data\simulations\tau2_prep_check_telecom_0000\results.json,,2026-07-09T22:52:02
tau2_prep_check,telecom,telecom,none,[mms_issue]break_apn_mms_setting|break_app_both_permissions|data_mode_off|data_usage_exceeded|unseat_sim_card|user_abroad_roaming_enabled_off[PERSONA:Easy],telecom_0000,0,1814,pending,0,tau2_prep_check_telecom_0000,C:\Users\86132\Desktop\SafeDesk\benchmarks\tau2-bench\data\simulations\tau2_prep_check_telecom_0000\results.json,,2026-07-09T22:52:02
tau2_prep_check,telecom,telecom,none,[mms_issue]bad_network_preference|bad_wifi_calling|data_mode_off|data_usage_exceeded|unseat_sim_card|user_abroad_roaming_disabled_on[PERSONA:Hard],telecom_0000,0,1815,pending,0,tau2_prep_check_telecom_0000,C:\Users\86132\Desktop\SafeDesk\benchmarks\tau2-bench\data\simulations\tau2_prep_check_telecom_0000\results.json,,2026-07-09T22:52:02
tau2_prep_check,telecom,telecom,none,[mms_issue]bad_network_preference|break_apn_mms_setting|data_mode_off|data_usage_exceeded|unseat_sim_card|user_abroad_roaming_disabled_on[PERSONA:None],telecom_0000,0,1816,pending,0,tau2_prep_check_telecom_0000,C:\Users\86132\Desktop\SafeDesk\benchmarks\tau2-bench\data\simulations\tau2_prep_check_telecom_0000\results.json,,2026-07-09T22:52:02
tau2_prep_check,telecom,telecom,none,[mms_issue]bad_network_preference|break_app_sms_permission|data_mode_off|data_usage_exceeded|unseat_sim_card|user_abroad_roaming_disabled_on[PERSONA:Easy],telecom_0000,0,1817,pending,0,tau2_prep_check_telecom_0000,C:\Users\86132\Desktop\SafeDesk\benchmarks\tau2-bench\data\simulations\tau2_prep_check_telecom_0000\results.json,,2026-07-09T22:52:02
tau2_prep_check,telecom,telecom,none,[mms_issue]bad_network_preference|break_app_storage_permission|data_mode_off|data_usage_exceeded|unseat_sim_card|user_abroad_roaming_disabled_on[PERSONA:Hard],telecom_0000,0,1818,pending,0,tau2_prep_check_telecom_0000,C:\Users\86132\Desktop\SafeDesk\benchmarks\tau2-bench\data\simulations\tau2_prep_check_telecom_0000\results.json,,2026-07-09T22:52:02
tau2_prep_check,telecom,telecom,none,[mms_issue]bad_network_preference|break_app_both_permissions|data_mode_off|data_usage_exceeded|unseat_sim_card|user_abroad_roaming_disabled_on[PERSONA:None],telecom_0000,0,1819,pending,0,tau2_prep_check_telecom_0000,C:\Users\86132\Desktop\SafeDesk\benchmarks\tau2-bench\data\simulations\tau2_prep_check_telecom_0000\results.json,,2026-07-09T22:52:02
tau2_prep_check,telecom,telecom,none,[mms_issue]bad_wifi_calling|break_apn_mms_setting|data_mode_off|data_usage_exceeded|unseat_sim_card|user_abroad_roaming_disabled_on[PERSONA:Easy],telecom_0000,0,1820,pending,0,tau2_prep_check_telecom_0000,C:\Users\86132\Desktop\SafeDesk\benchmarks\tau2-bench\data\simulations\tau2_prep_check_telecom_0000\results.json,,2026-07-09T22:52:02
tau2_prep_check,telecom,telecom,none,[mms_issue]bad_wifi_calling|break_app_sms_permission|data_mode_off|data_usage_exceeded|unseat_sim_card|user_abroad_roaming_disabled_on[PERSONA:Hard],telecom_0000,0,1821,pending,0,tau2_prep_check_telecom_0000,C:\Users\86132\Desktop\SafeDesk\benchmarks\tau2-bench\data\simulations\tau2_prep_check_telecom_0000\results.json,,2026-07-09T22:52:02
tau2_prep_check,telecom,telecom,none,[mms_issue]bad_wifi_calling|break_app_storage_permission|data_mode_off|data_usage_exceeded|unseat_sim_card|user_abroad_roaming_disabled_on[PERSONA:None],telecom_0000,0,1822,pending,0,tau2_prep_check_telecom_0000,C:\Users\86132\Desktop\SafeDesk\benchmarks\tau2-bench\data\simulations\tau2_prep_check_telecom_0000\results.json,,2026-07-09T22:52:02
tau2_prep_check,telecom,telecom,none,[mms_issue]bad_wifi_calling|break_app_both_permissions|data_mode_off|data_usage_exceeded|unseat_sim_card|user_abroad_roaming_disabled_on[PERSONA:Easy],telecom_0000,0,1823,pending,0,tau2_prep_check_telecom_0000,C:\Users\86132\Desktop\SafeDesk\benchmarks\tau2-bench\data\simulations\tau2_prep_check_telecom_0000\results.json,,2026-07-09T22:52:02
tau2_prep_check,telecom,telecom,none,[mms_issue]break_apn_mms_setting|break_app_sms_permission|data_mode_off|data_usage_exceeded|unseat_sim_card|user_abroad_roaming_disabled_on[PERSONA:Hard],telecom_0000,0,1824,pending,0,tau2_prep_check_telecom_0000,C:\Users\86132\Desktop\SafeDesk\benchmarks\tau2-bench\data\simulations\tau2_prep_check_telecom_0000\results.json,,2026-07-09T22:52:02
tau2_prep_check,telecom,telecom,none,[mms_issue]break_apn_mms_setting|break_app_storage_permission|data_mode_off|data_usage_exceeded|unseat_sim_card|user_abroad_roaming_disabled_on[PERSONA:None],telecom_0000,0,1825,pending,0,tau2_prep_check_telecom_0000,C:\Users\86132\Desktop\SafeDesk\benchmarks\tau2-bench\data\simulations\tau2_prep_check_telecom_0000\results.json,,2026-07-09T22:52:02
tau2_prep_check,telecom,telecom,none,[mms_issue]break_apn_mms_setting|break_app_both_permissions|data_mode_off|data_usage_exceeded|unseat_sim_card|user_abroad_roaming_disabled_on[PERSONA:Easy],telecom_0000,0,1826,pending,0,tau2_prep_check_telecom_0000,C:\Users\86132\Desktop\SafeDesk\benchmarks\tau2-bench\data\simulations\tau2_prep_check_telecom_0000\results.json,,2026-07-09T22:52:02
tau2_prep_check,telecom,telecom,none,[mms_issue]bad_network_preference|bad_wifi_calling|data_mode_off|data_usage_exceeded|unseat_sim_card|user_abroad_roaming_disabled_off[PERSONA:Hard],telecom_0000,0,1827,pending,0,tau2_prep_check_telecom_0000,C:\Users\86132\Desktop\SafeDesk\benchmarks\tau2-bench\data\simulations\tau2_prep_check_telecom_0000\results.json,,2026-07-09T22:52:02
tau2_prep_check,telecom,telecom,none,[mms_issue]bad_network_preference|break_apn_mms_setting|data_mode_off|data_usage_exceeded|unseat_sim_card|user_abroad_roaming_disabled_off[PERSONA:None],telecom_0000,0,1828,pending,0,tau2_prep_check_telecom_0000,C:\Users\86132\Desktop\SafeDesk\benchmarks\tau2-bench\data\simulations\tau2_prep_check_telecom_0000\results.json,,2026-07-09T22:52:02
tau2_prep_check,telecom,telecom,none,[mms_issue]bad_network_preference|break_app_sms_permission|data_mode_off|data_usage_exceeded|unseat_sim_card|user_abroad_roaming_disabled_off[PERSONA:Easy],telecom_0000,0,1829,pending,0,tau2_prep_check_telecom_0000,C:\Users\86132\Desktop\SafeDesk\benchmarks\tau2-bench\data\simulations\tau2_prep_check_telecom_0000\results.json,,2026-07-09T22:52:02
tau2_prep_check,telecom,telecom,none,[mms_issue]bad_network_preference|break_app_storage_permission|data_mode_off|data_usage_exceeded|unseat_sim_card|user_abroad_roaming_disabled_off[PERSONA:Hard],telecom_0000,0,1830,pending,0,tau2_prep_check_telecom_0000,C:\Users\86132\Desktop\SafeDesk\benchmarks\tau2-bench\data\simulations\tau2_prep_check_telecom_0000\results.json,,2026-07-09T22:52:02
tau2_prep_check,telecom,telecom,none,[mms_issue]bad_network_preference|break_app_both_permissions|data_mode_off|data_usage_exceeded|unseat_sim_card|user_abroad_roaming_disabled_off[PERSONA:None],telecom_0000,0,1831,pending,0,tau2_prep_check_telecom_0000,C:\Users\86132\Desktop\SafeDesk\benchmarks\tau2-bench\data\simulations\tau2_prep_check_telecom_0000\results.json,,2026-07-09T22:52:02
tau2_prep_check,telecom,telecom,none,[mms_issue]bad_wifi_calling|break_apn_mms_setting|data_mode_off|data_usage_exceeded|unseat_sim_card|user_abroad_roaming_disabled_off[PERSONA:Easy],telecom_0000,0,1832,pending,0,tau2_prep_check_telecom_0000,C:\Users\86132\Desktop\SafeDesk\benchmarks\tau2-bench\data\simulations\tau2_prep_check_telecom_0000\results.json,,2026-07-09T22:52:02
tau2_prep_check,telecom,telecom,none,[mms_issue]bad_wifi_calling|break_app_sms_permission|data_mode_off|data_usage_exceeded|unseat_sim_card|user_abroad_roaming_disabled_off[PERSONA:Hard],telecom_0000,0,1833,pending,0,tau2_prep_check_telecom_0000,C:\Users\86132\Desktop\SafeDesk\benchmarks\tau2-bench\data\simulations\tau2_prep_check_telecom_0000\results.json,,2026-07-09T22:52:02
tau2_prep_check,telecom,telecom,none,[mms_issue]bad_wifi_calling|break_app_storage_permission|data_mode_off|data_usage_exceeded|unseat_sim_card|user_abroad_roaming_disabled_off[PERSONA:None],telecom_0000,0,1834,pending,0,tau2_prep_check_telecom_0000,C:\Users\86132\Desktop\SafeDesk\benchmarks\tau2-bench\data\simulations\tau2_prep_check_telecom_0000\results.json,,2026-07-09T22:52:02
tau2_prep_check,telecom,telecom,none,[mms_issue]bad_wifi_calling|break_app_both_permissions|data_mode_off|data_usage_exceeded|unseat_sim_card|user_abroad_roaming_disabled_off[PERSONA:Easy],telecom_0000,0,1835,pending,0,tau2_prep_check_telecom_0000,C:\Users\86132\Desktop\SafeDesk\benchmarks\tau2-bench\data\simulations\tau2_prep_check_telecom_0000\results.json,,2026-07-09T22:52:02
tau2_prep_check,telecom,telecom,none,[mms_issue]break_apn_mms_setting|break_app_sms_permission|data_mode_off|data_usage_exceeded|unseat_sim_card|user_abroad_roaming_disabled_off[PERSONA:Hard],telecom_0000,0,1836,pending,0,tau2_prep_check_telecom_0000,C:\Users\86132\Desktop\SafeDesk\benchmarks\tau2-bench\data\simulations\tau2_prep_check_telecom_0000\results.json,,2026-07-09T22:52:02
tau2_prep_check,telecom,telecom,none,[mms_issue]break_apn_mms_setting|break_app_storage_permission|data_mode_off|data_usage_exceeded|unseat_sim_card|user_abroad_roaming_disabled_off[PERSONA:None],telecom_0000,0,1837,pending,0,tau2_prep_check_telecom_0000,C:\Users\86132\Desktop\SafeDesk\benchmarks\tau2-bench\data\simulations\tau2_prep_check_telecom_0000\results.json,,2026-07-09T22:52:02
tau2_prep_check,telecom,telecom,none,[mms_issue]break_apn_mms_setting|break_app_both_permissions|data_mode_off|data_usage_exceeded|unseat_sim_card|user_abroad_roaming_disabled_off[PERSONA:Easy],telecom_0000,0,1838,pending,0,tau2_prep_check_telecom_0000,C:\Users\86132\Desktop\SafeDesk\benchmarks\tau2-bench\data\simulations\tau2_prep_check_telecom_0000\results.json,,2026-07-09T22:52:02
tau2_prep_check,telecom,telecom,none,[mms_issue]bad_network_preference|bad_wifi_calling|break_apn_mms_setting|data_mode_off|data_usage_exceeded|unseat_sim_card[PERSONA:Hard],telecom_0000,0,1839,pending,0,tau2_prep_check_telecom_0000,C:\Users\86132\Desktop\SafeDesk\benchmarks\tau2-bench\data\simulations\tau2_prep_check_telecom_0000\results.json,,2026-07-09T22:52:02
tau2_prep_check,telecom,telecom,none,[mms_issue]bad_network_preference|bad_wifi_calling|break_app_sms_permission|data_mode_off|data_usage_exceeded|unseat_sim_card[PERSONA:None],telecom_0000,0,1840,pending,0,tau2_prep_check_telecom_0000,C:\Users\86132\Desktop\SafeDesk\benchmarks\tau2-bench\data\simulations\tau2_prep_check_telecom_0000\results.json,,2026-07-09T22:52:02
tau2_prep_check,telecom,telecom,none,[mms_issue]bad_network_preference|bad_wifi_calling|break_app_storage_permission|data_mode_off|data_usage_exceeded|unseat_sim_card[PERSONA:Easy],telecom_0000,0,1841,pending,0,tau2_prep_check_telecom_0000,C:\Users\86132\Desktop\SafeDesk\benchmarks\tau2-bench\data\simulations\tau2_prep_check_telecom_0000\results.json,,2026-07-09T22:52:02
tau2_prep_check,telecom,telecom,none,[mms_issue]bad_network_preference|bad_wifi_calling|break_app_both_permissions|data_mode_off|data_usage_exceeded|unseat_sim_card[PERSONA:Hard],telecom_0000,0,1842,pending,0,tau2_prep_check_telecom_0000,C:\Users\86132\Desktop\SafeDesk\benchmarks\tau2-bench\data\simulations\tau2_prep_check_telecom_0000\results.json,,2026-07-09T22:52:02
tau2_prep_check,telecom,telecom,none,[mms_issue]bad_network_preference|break_apn_mms_setting|break_app_sms_permission|data_mode_off|data_usage_exceeded|unseat_sim_card[PERSONA:None],telecom_0000,0,1843,pending,0,tau2_prep_check_telecom_0000,C:\Users\86132\Desktop\SafeDesk\benchmarks\tau2-bench\data\simulations\tau2_prep_check_telecom_0000\results.json,,2026-07-09T22:52:02
tau2_prep_check,telecom,telecom,none,[mms_issue]bad_network_preference|break_apn_mms_setting|break_app_storage_permission|data_mode_off|data_usage_exceeded|unseat_sim_card[PERSONA:Easy],telecom_0000,0,1844,pending,0,tau2_prep_check_telecom_0000,C:\Users\86132\Desktop\SafeDesk\benchmarks\tau2-bench\data\simulations\tau2_prep_check_telecom_0000\results.json,,2026-07-09T22:52:02
tau2_prep_check,telecom,telecom,none,[mms_issue]bad_network_preference|break_apn_mms_setting|break_app_both_permissions|data_mode_off|data_usage_exceeded|unseat_sim_card[PERSONA:Hard],telecom_0000,0,1845,pending,0,tau2_prep_check_telecom_0000,C:\Users\86132\Desktop\SafeDesk\benchmarks\tau2-bench\data\simulations\tau2_prep_check_telecom_0000\results.json,,2026-07-09T22:52:02
tau2_prep_check,telecom,telecom,none,[mms_issue]bad_wifi_calling|break_apn_mms_setting|break_app_sms_permission|data_mode_off|data_usage_exceeded|unseat_sim_card[PERSONA:None],telecom_0000,0,1846,pending,0,tau2_prep_check_telecom_0000,C:\Users\86132\Desktop\SafeDesk\benchmarks\tau2-bench\data\simulations\tau2_prep_check_telecom_0000\results.json,,2026-07-09T22:52:02
tau2_prep_check,telecom,telecom,none,[mms_issue]bad_wifi_calling|break_apn_mms_setting|break_app_storage_permission|data_mode_off|data_usage_exceeded|unseat_sim_card[PERSONA:Easy],telecom_0000,0,1847,pending,0,tau2_prep_check_telecom_0000,C:\Users\86132\Desktop\SafeDesk\benchmarks\tau2-bench\data\simulations\tau2_prep_check_telecom_0000\results.json,,2026-07-09T22:52:02
tau2_prep_check,telecom,telecom,none,[mms_issue]bad_wifi_calling|break_apn_mms_setting|break_app_both_permissions|data_mode_off|data_usage_exceeded|unseat_sim_card[PERSONA:Hard],telecom_0000,0,1848,pending,0,tau2_prep_check_telecom_0000,C:\Users\86132\Desktop\SafeDesk\benchmarks\tau2-bench\data\simulations\tau2_prep_check_telecom_0000\results.json,,2026-07-09T22:52:02
tau2_prep_check,telecom,telecom,none,[mms_issue]bad_network_preference|bad_wifi_calling|break_apn_mms_setting|data_mode_off|unseat_sim_card|user_abroad_roaming_enabled_off[PERSONA:Easy],telecom_0000,0,1849,pending,0,tau2_prep_check_telecom_0000,C:\Users\86132\Desktop\SafeDesk\benchmarks\tau2-bench\data\simulations\tau2_prep_check_telecom_0000\results.json,,2026-07-09T22:52:02
tau2_prep_check,telecom,telecom,none,[mms_issue]bad_network_preference|bad_wifi_calling|break_app_sms_permission|data_mode_off|unseat_sim_card|user_abroad_roaming_enabled_off[PERSONA:Hard],telecom_0000,0,1850,pending,0,tau2_prep_check_telecom_0000,C:\Users\86132\Desktop\SafeDesk\benchmarks\tau2-bench\data\simulations\tau2_prep_check_telecom_0000\results.json,,2026-07-09T22:52:02
tau2_prep_check,telecom,telecom,none,[mms_issue]bad_network_preference|bad_wifi_calling|break_app_storage_permission|data_mode_off|unseat_sim_card|user_abroad_roaming_enabled_off[PERSONA:None],telecom_0000,0,1851,pending,0,tau2_prep_check_telecom_0000,C:\Users\86132\Desktop\SafeDesk\benchmarks\tau2-bench\data\simulations\tau2_prep_check_telecom_0000\results.json,,2026-07-09T22:52:02
tau2_prep_check,telecom,telecom,none,[mms_issue]bad_network_preference|bad_wifi_calling|break_app_both_permissions|data_mode_off|unseat_sim_card|user_abroad_roaming_enabled_off[PERSONA:Easy],telecom_0000,0,1852,pending,0,tau2_prep_check_telecom_0000,C:\Users\86132\Desktop\SafeDesk\benchmarks\tau2-bench\data\simulations\tau2_prep_check_telecom_0000\results.json,,2026-07-09T22:52:02
tau2_prep_check,telecom,telecom,none,[mms_issue]bad_network_preference|break_apn_mms_setting|break_app_sms_permission|data_mode_off|unseat_sim_card|user_abroad_roaming_enabled_off[PERSONA:Hard],telecom_0000,0,1853,pending,0,tau2_prep_check_telecom_0000,C:\Users\86132\Desktop\SafeDesk\benchmarks\tau2-bench\data\simulations\tau2_prep_check_telecom_0000\results.json,,2026-07-09T22:52:02
tau2_prep_check,telecom,telecom,none,[mms_issue]bad_network_preference|break_apn_mms_setting|break_app_storage_permission|data_mode_off|unseat_sim_card|user_abroad_roaming_enabled_off[PERSONA:None],telecom_0000,0,1854,pending,0,tau2_prep_check_telecom_0000,C:\Users\86132\Desktop\SafeDesk\benchmarks\tau2-bench\data\simulations\tau2_prep_check_telecom_0000\results.json,,2026-07-09T22:52:02
tau2_prep_check,telecom,telecom,none,[mms_issue]bad_network_preference|break_apn_mms_setting|break_app_both_permissions|data_mode_off|unseat_sim_card|user_abroad_roaming_enabled_off[PERSONA:Easy],telecom_0000,0,1855,pending,0,tau2_prep_check_telecom_0000,C:\Users\86132\Desktop\SafeDesk\benchmarks\tau2-bench\data\simulations\tau2_prep_check_telecom_0000\results.json,,2026-07-09T22:52:02
tau2_prep_check,telecom,telecom,none,[mms_issue]bad_wifi_calling|break_apn_mms_setting|break_app_sms_permission|data_mode_off|unseat_sim_card|user_abroad_roaming_enabled_off[PERSONA:Hard],telecom_0000,0,1856,pending,0,tau2_prep_check_telecom_0000,C:\Users\86132\Desktop\SafeDesk\benchmarks\tau2-bench\data\simulations\tau2_prep_check_telecom_0000\results.json,,2026-07-09T22:52:02
tau2_prep_check,telecom,telecom,none,[mms_issue]bad_wifi_calling|break_apn_mms_setting|break_app_storage_permission|data_mode_off|unseat_sim_card|user_abroad_roaming_enabled_off[PERSONA:None],telecom_0000,0,1857,pending,0,tau2_prep_check_telecom_0000,C:\Users\86132\Desktop\SafeDesk\benchmarks\tau2-bench\data\simulations\tau2_prep_check_telecom_0000\results.json,,2026-07-09T22:52:02
tau2_prep_check,telecom,telecom,none,[mms_issue]bad_wifi_calling|break_apn_mms_setting|break_app_both_permissions|data_mode_off|unseat_sim_card|user_abroad_roaming_enabled_off[PERSONA:Easy],telecom_0000,0,1858,pending,0,tau2_prep_check_telecom_0000,C:\Users\86132\Desktop\SafeDesk\benchmarks\tau2-bench\data\simulations\tau2_prep_check_telecom_0000\results.json,,2026-07-09T22:52:02
tau2_prep_check,telecom,telecom,none,[mms_issue]bad_network_preference|bad_wifi_calling|break_apn_mms_setting|data_mode_off|unseat_sim_card|user_abroad_roaming_disabled_on[PERSONA:Hard],telecom_0000,0,1859,pending,0,tau2_prep_check_telecom_0000,C:\Users\86132\Desktop\SafeDesk\benchmarks\tau2-bench\data\simulations\tau2_prep_check_telecom_0000\results.json,,2026-07-09T22:52:02
tau2_prep_check,telecom,telecom,none,[mms_issue]bad_network_preference|bad_wifi_calling|break_app_sms_permission|data_mode_off|unseat_sim_card|user_abroad_roaming_disabled_on[PERSONA:None],telecom_0000,0,1860,pending,0,tau2_prep_check_telecom_0000,C:\Users\86132\Desktop\SafeDesk\benchmarks\tau2-bench\data\simulations\tau2_prep_check_telecom_0000\results.json,,2026-07-09T22:52:02
tau2_prep_check,telecom,telecom,none,[mms_issue]bad_network_preference|bad_wifi_calling|break_app_storage_permission|data_mode_off|unseat_sim_card|user_abroad_roaming_disabled_on[PERSONA:Easy],telecom_0000,0,1861,pending,0,tau2_prep_check_telecom_0000,C:\Users\86132\Desktop\SafeDesk\benchmarks\tau2-bench\data\simulations\tau2_prep_check_telecom_0000\results.json,,2026-07-09T22:52:02
tau2_prep_check,telecom,telecom,none,[mms_issue]bad_network_preference|bad_wifi_calling|break_app_both_permissions|data_mode_off|unseat_sim_card|user_abroad_roaming_disabled_on[PERSONA:Hard],telecom_0000,0,1862,pending,0,tau2_prep_check_telecom_0000,C:\Users\86132\Desktop\SafeDesk\benchmarks\tau2-bench\data\simulations\tau2_prep_check_telecom_0000\results.json,,2026-07-09T22:52:02
tau2_prep_check,telecom,telecom,none,[mms_issue]bad_network_preference|break_apn_mms_setting|break_app_sms_permission|data_mode_off|unseat_sim_card|user_abroad_roaming_disabled_on[PERSONA:None],telecom_0000,0,1863,pending,0,tau2_prep_check_telecom_0000,C:\Users\86132\Desktop\SafeDesk\benchmarks\tau2-bench\data\simulations\tau2_prep_check_telecom_0000\results.json,,2026-07-09T22:52:02
tau2_prep_check,telecom,telecom,none,[mms_issue]bad_network_preference|break_apn_mms_setting|break_app_storage_permission|data_mode_off|unseat_sim_card|user_abroad_roaming_disabled_on[PERSONA:Easy],telecom_0000,0,1864,pending,0,tau2_prep_check_telecom_0000,C:\Users\86132\Desktop\SafeDesk\benchmarks\tau2-bench\data\simulations\tau2_prep_check_telecom_0000\results.json,,2026-07-09T22:52:02
tau2_prep_check,telecom,telecom,none,[mms_issue]bad_network_preference|break_apn_mms_setting|break_app_both_permissions|data_mode_off|unseat_sim_card|user_abroad_roaming_disabled_on[PERSONA:Hard],telecom_0000,0,1865,pending,0,tau2_prep_check_telecom_0000,C:\Users\86132\Desktop\SafeDesk\benchmarks\tau2-bench\data\simulations\tau2_prep_check_telecom_0000\results.json,,2026-07-09T22:52:02
tau2_prep_check,telecom,telecom,none,[mms_issue]bad_wifi_calling|break_apn_mms_setting|break_app_sms_permission|data_mode_off|unseat_sim_card|user_abroad_roaming_disabled_on[PERSONA:None],telecom_0000,0,1866,pending,0,tau2_prep_check_telecom_0000,C:\Users\86132\Desktop\SafeDesk\benchmarks\tau2-bench\data\simulations\tau2_prep_check_telecom_0000\results.json,,2026-07-09T22:52:02
tau2_prep_check,telecom,telecom,none,[mms_issue]bad_wifi_calling|break_apn_mms_setting|break_app_storage_permission|data_mode_off|unseat_sim_card|user_abroad_roaming_disabled_on[PERSONA:Easy],telecom_0000,0,1867,pending,0,tau2_prep_check_telecom_0000,C:\Users\86132\Desktop\SafeDesk\benchmarks\tau2-bench\data\simulations\tau2_prep_check_telecom_0000\results.json,,2026-07-09T22:52:02
tau2_prep_check,telecom,telecom,none,[mms_issue]bad_wifi_calling|break_apn_mms_setting|break_app_both_permissions|data_mode_off|unseat_sim_card|user_abroad_roaming_disabled_on[PERSONA:Hard],telecom_0000,0,1868,pending,0,tau2_prep_check_telecom_0000,C:\Users\86132\Desktop\SafeDesk\benchmarks\tau2-bench\data\simulations\tau2_prep_check_telecom_0000\results.json,,2026-07-09T22:52:02
tau2_prep_check,telecom,telecom,none,[mms_issue]bad_network_preference|bad_wifi_calling|break_apn_mms_setting|data_mode_off|unseat_sim_card|user_abroad_roaming_disabled_off[PERSONA:None],telecom_0000,0,1869,pending,0,tau2_prep_check_telecom_0000,C:\Users\86132\Desktop\SafeDesk\benchmarks\tau2-bench\data\simulations\tau2_prep_check_telecom_0000\results.json,,2026-07-09T22:52:02
tau2_prep_check,telecom,telecom,none,[mms_issue]bad_network_preference|bad_wifi_calling|break_app_sms_permission|data_mode_off|unseat_sim_card|user_abroad_roaming_disabled_off[PERSONA:Easy],telecom_0000,0,1870,pending,0,tau2_prep_check_telecom_0000,C:\Users\86132\Desktop\SafeDesk\benchmarks\tau2-bench\data\simulations\tau2_prep_check_telecom_0000\results.json,,2026-07-09T22:52:02
tau2_prep_check,telecom,telecom,none,[mms_issue]bad_network_preference|bad_wifi_calling|break_app_storage_permission|data_mode_off|unseat_sim_card|user_abroad_roaming_disabled_off[PERSONA:Hard],telecom_0000,0,1871,pending,0,tau2_prep_check_telecom_0000,C:\Users\86132\Desktop\SafeDesk\benchmarks\tau2-bench\data\simulations\tau2_prep_check_telecom_0000\results.json,,2026-07-09T22:52:02
tau2_prep_check,telecom,telecom,none,[mms_issue]bad_network_preference|bad_wifi_calling|break_app_both_permissions|data_mode_off|unseat_sim_card|user_abroad_roaming_disabled_off[PERSONA:None],telecom_0000,0,1872,pending,0,tau2_prep_check_telecom_0000,C:\Users\86132\Desktop\SafeDesk\benchmarks\tau2-bench\data\simulations\tau2_prep_check_telecom_0000\results.json,,2026-07-09T22:52:02
tau2_prep_check,telecom,telecom,none,[mms_issue]bad_network_preference|break_apn_mms_setting|break_app_sms_permission|data_mode_off|unseat_sim_card|user_abroad_roaming_disabled_off[PERSONA:Easy],telecom_0000,0,1873,pending,0,tau2_prep_check_telecom_0000,C:\Users\86132\Desktop\SafeDesk\benchmarks\tau2-bench\data\simulations\tau2_prep_check_telecom_0000\results.json,,2026-07-09T22:52:02
tau2_prep_check,telecom,telecom,none,[mms_issue]bad_network_preference|break_apn_mms_setting|break_app_storage_permission|data_mode_off|unseat_sim_card|user_abroad_roaming_disabled_off[PERSONA:Hard],telecom_0000,0,1874,pending,0,tau2_prep_check_telecom_0000,C:\Users\86132\Desktop\SafeDesk\benchmarks\tau2-bench\data\simulations\tau2_prep_check_telecom_0000\results.json,,2026-07-09T22:52:02
tau2_prep_check,telecom,telecom,none,[mms_issue]bad_network_preference|break_apn_mms_setting|break_app_both_permissions|data_mode_off|unseat_sim_card|user_abroad_roaming_disabled_off[PERSONA:None],telecom_0000,0,1875,pending,0,tau2_prep_check_telecom_0000,C:\Users\86132\Desktop\SafeDesk\benchmarks\tau2-bench\data\simulations\tau2_prep_check_telecom_0000\results.json,,2026-07-09T22:52:02
tau2_prep_check,telecom,telecom,none,[mms_issue]bad_wifi_calling|break_apn_mms_setting|break_app_sms_permission|data_mode_off|unseat_sim_card|user_abroad_roaming_disabled_off[PERSONA:Easy],telecom_0000,0,1876,pending,0,tau2_prep_check_telecom_0000,C:\Users\86132\Desktop\SafeDesk\benchmarks\tau2-bench\data\simulations\tau2_prep_check_telecom_0000\results.json,,2026-07-09T22:52:02
tau2_prep_check,telecom,telecom,none,[mms_issue]bad_wifi_calling|break_apn_mms_setting|break_app_storage_permission|data_mode_off|unseat_sim_card|user_abroad_roaming_disabled_off[PERSONA:Hard],telecom_0000,0,1877,pending,0,tau2_prep_check_telecom_0000,C:\Users\86132\Desktop\SafeDesk\benchmarks\tau2-bench\data\simulations\tau2_prep_check_telecom_0000\results.json,,2026-07-09T22:52:02
tau2_prep_check,telecom,telecom,none,[mms_issue]bad_wifi_calling|break_apn_mms_setting|break_app_both_permissions|data_mode_off|unseat_sim_card|user_abroad_roaming_disabled_off[PERSONA:None],telecom_0000,0,1878,pending,0,tau2_prep_check_telecom_0000,C:\Users\86132\Desktop\SafeDesk\benchmarks\tau2-bench\data\simulations\tau2_prep_check_telecom_0000\results.json,,2026-07-09T22:52:02
tau2_prep_check,telecom,telecom,none,[mms_issue]bad_network_preference|bad_wifi_calling|break_apn_mms_setting|break_app_sms_permission|data_mode_off|unseat_sim_card[PERSONA:Easy],telecom_0000,0,1879,pending,0,tau2_prep_check_telecom_0000,C:\Users\86132\Desktop\SafeDesk\benchmarks\tau2-bench\data\simulations\tau2_prep_check_telecom_0000\results.json,,2026-07-09T22:52:02
tau2_prep_check,telecom,telecom,none,[mms_issue]bad_network_preference|bad_wifi_calling|break_apn_mms_setting|break_app_storage_permission|data_mode_off|unseat_sim_card[PERSONA:Hard],telecom_0000,0,1880,pending,0,tau2_prep_check_telecom_0000,C:\Users\86132\Desktop\SafeDesk\benchmarks\tau2-bench\data\simulations\tau2_prep_check_telecom_0000\results.json,,2026-07-09T22:52:02
tau2_prep_check,telecom,telecom,none,[mms_issue]bad_network_preference|bad_wifi_calling|break_apn_mms_setting|break_app_both_permissions|data_mode_off|unseat_sim_card[PERSONA:None],telecom_0000,0,1881,pending,0,tau2_prep_check_telecom_0000,C:\Users\86132\Desktop\SafeDesk\benchmarks\tau2-bench\data\simulations\tau2_prep_check_telecom_0000\results.json,,2026-07-09T22:52:02
tau2_prep_check,telecom,telecom,none,[mms_issue]bad_network_preference|bad_wifi_calling|break_apn_mms_setting|data_usage_exceeded|unseat_sim_card|user_abroad_roaming_enabled_off[PERSONA:Easy],telecom_0000,0,1882,pending,0,tau2_prep_check_telecom_0000,C:\Users\86132\Desktop\SafeDesk\benchmarks\tau2-bench\data\simulations\tau2_prep_check_telecom_0000\results.json,,2026-07-09T22:52:02
tau2_prep_check,telecom,telecom,none,[mms_issue]bad_network_preference|bad_wifi_calling|break_app_sms_permission|data_usage_exceeded|unseat_sim_card|user_abroad_roaming_enabled_off[PERSONA:Hard],telecom_0000,0,1883,pending,0,tau2_prep_check_telecom_0000,C:\Users\86132\Desktop\SafeDesk\benchmarks\tau2-bench\data\simulations\tau2_prep_check_telecom_0000\results.json,,2026-07-09T22:52:02
tau2_prep_check,telecom,telecom,none,[mms_issue]bad_network_preference|bad_wifi_calling|break_app_storage_permission|data_usage_exceeded|unseat_sim_card|user_abroad_roaming_enabled_off[PERSONA:None],telecom_0000,0,1884,pending,0,tau2_prep_check_telecom_0000,C:\Users\86132\Desktop\SafeDesk\benchmarks\tau2-bench\data\simulations\tau2_prep_check_telecom_0000\results.json,,2026-07-09T22:52:02
tau2_prep_check,telecom,telecom,none,[mms_issue]bad_network_preference|bad_wifi_calling|break_app_both_permissions|data_usage_exceeded|unseat_sim_card|user_abroad_roaming_enabled_off[PERSONA:Easy],telecom_0000,0,1885,pending,0,tau2_prep_check_telecom_0000,C:\Users\86132\Desktop\SafeDesk\benchmarks\tau2-bench\data\simulations\tau2_prep_check_telecom_0000\results.json,,2026-07-09T22:52:02
tau2_prep_check,telecom,telecom,none,[mms_issue]bad_network_preference|break_apn_mms_setting|break_app_sms_permission|data_usage_exceeded|unseat_sim_card|user_abroad_roaming_enabled_off[PERSONA:Hard],telecom_0000,0,1886,pending,0,tau2_prep_check_telecom_0000,C:\Users\86132\Desktop\SafeDesk\benchmarks\tau2-bench\data\simulations\tau2_prep_check_telecom_0000\results.json,,2026-07-09T22:52:02
tau2_prep_check,telecom,telecom,none,[mms_issue]bad_network_preference|break_apn_mms_setting|break_app_storage_permission|data_usage_exceeded|unseat_sim_card|user_abroad_roaming_enabled_off[PERSONA:None],telecom_0000,0,1887,pending,0,tau2_prep_check_telecom_0000,C:\Users\86132\Desktop\SafeDesk\benchmarks\tau2-bench\data\simulations\tau2_prep_check_telecom_0000\results.json,,2026-07-09T22:52:02
tau2_prep_check,telecom,telecom,none,[mms_issue]bad_network_preference|break_apn_mms_setting|break_app_both_permissions|data_usage_exceeded|unseat_sim_card|user_abroad_roaming_enabled_off[PERSONA:Easy],telecom_0000,0,1888,pending,0,tau2_prep_check_telecom_0000,C:\Users\86132\Desktop\SafeDesk\benchmarks\tau2-bench\data\simulations\tau2_prep_check_telecom_0000\results.json,,2026-07-09T22:52:02
tau2_prep_check,telecom,telecom,none,[mms_issue]bad_wifi_calling|break_apn_mms_setting|break_app_sms_permission|data_usage_exceeded|unseat_sim_card|user_abroad_roaming_enabled_off[PERSONA:Hard],telecom_0000,0,1889,pending,0,tau2_prep_check_telecom_0000,C:\Users\86132\Desktop\SafeDesk\benchmarks\tau2-bench\data\simulations\tau2_prep_check_telecom_0000\results.json,,2026-07-09T22:52:02
tau2_prep_check,telecom,telecom,none,[mms_issue]bad_wifi_calling|break_apn_mms_setting|break_app_storage_permission|data_usage_exceeded|unseat_sim_card|user_abroad_roaming_enabled_off[PERSONA:None],telecom_0000,0,1890,pending,0,tau2_prep_check_telecom_0000,C:\Users\86132\Desktop\SafeDesk\benchmarks\tau2-bench\data\simulations\tau2_prep_check_telecom_0000\results.json,,2026-07-09T22:52:02
tau2_prep_check,telecom,telecom,none,[mms_issue]bad_wifi_calling|break_apn_mms_setting|break_app_both_permissions|data_usage_exceeded|unseat_sim_card|user_abroad_roaming_enabled_off[PERSONA:Easy],telecom_0000,0,1891,pending,0,tau2_prep_check_telecom_0000,C:\Users\86132\Desktop\SafeDesk\benchmarks\tau2-bench\data\simulations\tau2_prep_check_telecom_0000\results.json,,2026-07-09T22:52:02
tau2_prep_check,telecom,telecom,none,[mms_issue]bad_network_preference|bad_wifi_calling|break_apn_mms_setting|data_usage_exceeded|unseat_sim_card|user_abroad_roaming_disabled_on[PERSONA:Hard],telecom_0000,0,1892,pending,0,tau2_prep_check_telecom_0000,C:\Users\86132\Desktop\SafeDesk\benchmarks\tau2-bench\data\simulations\tau2_prep_check_telecom_0000\results.json,,2026-07-09T22:52:02
tau2_prep_check,telecom,telecom,none,[mms_issue]bad_network_preference|bad_wifi_calling|break_app_sms_permission|data_usage_exceeded|unseat_sim_card|user_abroad_roaming_disabled_on[PERSONA:None],telecom_0000,0,1893,pending,0,tau2_prep_check_telecom_0000,C:\Users\86132\Desktop\SafeDesk\benchmarks\tau2-bench\data\simulations\tau2_prep_check_telecom_0000\results.json,,2026-07-09T22:52:02
tau2_prep_check,telecom,telecom,none,[mms_issue]bad_network_preference|bad_wifi_calling|break_app_storage_permission|data_usage_exceeded|unseat_sim_card|user_abroad_roaming_disabled_on[PERSONA:Easy],telecom_0000,0,1894,pending,0,tau2_prep_check_telecom_0000,C:\Users\86132\Desktop\SafeDesk\benchmarks\tau2-bench\data\simulations\tau2_prep_check_telecom_0000\results.json,,2026-07-09T22:52:02
tau2_prep_check,telecom,telecom,none,[mms_issue]bad_network_preference|bad_wifi_calling|break_app_both_permissions|data_usage_exceeded|unseat_sim_card|user_abroad_roaming_disabled_on[PERSONA:Hard],telecom_0000,0,1895,pending,0,tau2_prep_check_telecom_0000,C:\Users\86132\Desktop\SafeDesk\benchmarks\tau2-bench\data\simulations\tau2_prep_check_telecom_0000\results.json,,2026-07-09T22:52:02
tau2_prep_check,telecom,telecom,none,[mms_issue]bad_network_preference|break_apn_mms_setting|break_app_sms_permission|data_usage_exceeded|unseat_sim_card|user_abroad_roaming_disabled_on[PERSONA:None],telecom_0000,0,1896,pending,0,tau2_prep_check_telecom_0000,C:\Users\86132\Desktop\SafeDesk\benchmarks\tau2-bench\data\simulations\tau2_prep_check_telecom_0000\results.json,,2026-07-09T22:52:02
tau2_prep_check,telecom,telecom,none,[mms_issue]bad_network_preference|break_apn_mms_setting|break_app_storage_permission|data_usage_exceeded|unseat_sim_card|user_abroad_roaming_disabled_on[PERSONA:Easy],telecom_0000,0,1897,pending,0,tau2_prep_check_telecom_0000,C:\Users\86132\Desktop\SafeDesk\benchmarks\tau2-bench\data\simulations\tau2_prep_check_telecom_0000\results.json,,2026-07-09T22:52:02
tau2_prep_check,telecom,telecom,none,[mms_issue]bad_network_preference|break_apn_mms_setting|break_app_both_permissions|data_usage_exceeded|unseat_sim_card|user_abroad_roaming_disabled_on[PERSONA:Hard],telecom_0000,0,1898,pending,0,tau2_prep_check_telecom_0000,C:\Users\86132\Desktop\SafeDesk\benchmarks\tau2-bench\data\simulations\tau2_prep_check_telecom_0000\results.json,,2026-07-09T22:52:02
tau2_prep_check,telecom,telecom,none,[mms_issue]bad_wifi_calling|break_apn_mms_setting|break_app_sms_permission|data_usage_exceeded|unseat_sim_card|user_abroad_roaming_disabled_on[PERSONA:None],telecom_0000,0,1899,pending,0,tau2_prep_check_telecom_0000,C:\Users\86132\Desktop\SafeDesk\benchmarks\tau2-bench\data\simulations\tau2_prep_check_telecom_0000\results.json,,2026-07-09T22:52:02
tau2_prep_check,telecom,telecom,none,[mms_issue]bad_wifi_calling|break_apn_mms_setting|break_app_storage_permission|data_usage_exceeded|unseat_sim_card|user_abroad_roaming_disabled_on[PERSONA:Easy],telecom_0000,0,1900,pending,0,tau2_prep_check_telecom_0000,C:\Users\86132\Desktop\SafeDesk\benchmarks\tau2-bench\data\simulations\tau2_prep_check_telecom_0000\results.json,,2026-07-09T22:52:02
tau2_prep_check,telecom,telecom,none,[mms_issue]bad_wifi_calling|break_apn_mms_setting|break_app_both_permissions|data_usage_exceeded|unseat_sim_card|user_abroad_roaming_disabled_on[PERSONA:Hard],telecom_0000,0,1901,pending,0,tau2_prep_check_telecom_0000,C:\Users\86132\Desktop\SafeDesk\benchmarks\tau2-bench\data\simulations\tau2_prep_check_telecom_0000\results.json,,2026-07-09T22:52:02
tau2_prep_check,telecom,telecom,none,[mms_issue]bad_network_preference|bad_wifi_calling|break_apn_mms_setting|data_usage_exceeded|unseat_sim_card|user_abroad_roaming_disabled_off[PERSONA:None],telecom_0000,0,1902,pending,0,tau2_prep_check_telecom_0000,C:\Users\86132\Desktop\SafeDesk\benchmarks\tau2-bench\data\simulations\tau2_prep_check_telecom_0000\results.json,,2026-07-09T22:52:02
tau2_prep_check,telecom,telecom,none,[mms_issue]bad_network_preference|bad_wifi_calling|break_app_sms_permission|data_usage_exceeded|unseat_sim_card|user_abroad_roaming_disabled_off[PERSONA:Easy],telecom_0000,0,1903,pending,0,tau2_prep_check_telecom_0000,C:\Users\86132\Desktop\SafeDesk\benchmarks\tau2-bench\data\simulations\tau2_prep_check_telecom_0000\results.json,,2026-07-09T22:52:02
tau2_prep_check,telecom,telecom,none,[mms_issue]bad_network_preference|bad_wifi_calling|break_app_storage_permission|data_usage_exceeded|unseat_sim_card|user_abroad_roaming_disabled_off[PERSONA:Hard],telecom_0000,0,1904,pending,0,tau2_prep_check_telecom_0000,C:\Users\86132\Desktop\SafeDesk\benchmarks\tau2-bench\data\simulations\tau2_prep_check_telecom_0000\results.json,,2026-07-09T22:52:02
tau2_prep_check,telecom,telecom,none,[mms_issue]bad_network_preference|bad_wifi_calling|break_app_both_permissions|data_usage_exceeded|unseat_sim_card|user_abroad_roaming_disabled_off[PERSONA:None],telecom_0000,0,1905,pending,0,tau2_prep_check_telecom_0000,C:\Users\86132\Desktop\SafeDesk\benchmarks\tau2-bench\data\simulations\tau2_prep_check_telecom_0000\results.json,,2026-07-09T22:52:02
tau2_prep_check,telecom,telecom,none,[mms_issue]bad_network_preference|break_apn_mms_setting|break_app_sms_permission|data_usage_exceeded|unseat_sim_card|user_abroad_roaming_disabled_off[PERSONA:Easy],telecom_0000,0,1906,pending,0,tau2_prep_check_telecom_0000,C:\Users\86132\Desktop\SafeDesk\benchmarks\tau2-bench\data\simulations\tau2_prep_check_telecom_0000\results.json,,2026-07-09T22:52:02
tau2_prep_check,telecom,telecom,none,[mms_issue]bad_network_preference|break_apn_mms_setting|break_app_storage_permission|data_usage_exceeded|unseat_sim_card|user_abroad_roaming_disabled_off[PERSONA:Hard],telecom_0000,0,1907,pending,0,tau2_prep_check_telecom_0000,C:\Users\86132\Desktop\SafeDesk\benchmarks\tau2-bench\data\simulations\tau2_prep_check_telecom_0000\results.json,,2026-07-09T22:52:02
tau2_prep_check,telecom,telecom,none,[mms_issue]bad_network_preference|break_apn_mms_setting|break_app_both_permissions|data_usage_exceeded|unseat_sim_card|user_abroad_roaming_disabled_off[PERSONA:None],telecom_0000,0,1908,pending,0,tau2_prep_check_telecom_0000,C:\Users\86132\Desktop\SafeDesk\benchmarks\tau2-bench\data\simulations\tau2_prep_check_telecom_0000\results.json,,2026-07-09T22:52:02
tau2_prep_check,telecom,telecom,none,[mms_issue]bad_wifi_calling|break_apn_mms_setting|break_app_sms_permission|data_usage_exceeded|unseat_sim_card|user_abroad_roaming_disabled_off[PERSONA:Easy],telecom_0000,0,1909,pending,0,tau2_prep_check_telecom_0000,C:\Users\86132\Desktop\SafeDesk\benchmarks\tau2-bench\data\simulations\tau2_prep_check_telecom_0000\results.json,,2026-07-09T22:52:02
tau2_prep_check,telecom,telecom,none,[mms_issue]bad_wifi_calling|break_apn_mms_setting|break_app_storage_permission|data_usage_exceeded|unseat_sim_card|user_abroad_roaming_disabled_off[PERSONA:Hard],telecom_0000,0,1910,pending,0,tau2_prep_check_telecom_0000,C:\Users\86132\Desktop\SafeDesk\benchmarks\tau2-bench\data\simulations\tau2_prep_check_telecom_0000\results.json,,2026-07-09T22:52:02
tau2_prep_check,telecom,telecom,none,[mms_issue]bad_wifi_calling|break_apn_mms_setting|break_app_both_permissions|data_usage_exceeded|unseat_sim_card|user_abroad_roaming_disabled_off[PERSONA:None],telecom_0000,0,1911,pending,0,tau2_prep_check_telecom_0000,C:\Users\86132\Desktop\SafeDesk\benchmarks\tau2-bench\data\simulations\tau2_prep_check_telecom_0000\results.json,,2026-07-09T22:52:02
tau2_prep_check,telecom,telecom,none,[mms_issue]bad_network_preference|bad_wifi_calling|break_apn_mms_setting|break_app_sms_permission|data_usage_exceeded|unseat_sim_card[PERSONA:Easy],telecom_0000,0,1912,pending,0,tau2_prep_check_telecom_0000,C:\Users\86132\Desktop\SafeDesk\benchmarks\tau2-bench\data\simulations\tau2_prep_check_telecom_0000\results.json,,2026-07-09T22:52:02
tau2_prep_check,telecom,telecom,none,[mms_issue]bad_network_preference|bad_wifi_calling|break_apn_mms_setting|break_app_storage_permission|data_usage_exceeded|unseat_sim_card[PERSONA:Hard],telecom_0000,0,1913,pending,0,tau2_prep_check_telecom_0000,C:\Users\86132\Desktop\SafeDesk\benchmarks\tau2-bench\data\simulations\tau2_prep_check_telecom_0000\results.json,,2026-07-09T22:52:02
tau2_prep_check,telecom,telecom,none,[mms_issue]bad_network_preference|bad_wifi_calling|break_apn_mms_setting|break_app_both_permissions|data_usage_exceeded|unseat_sim_card[PERSONA:None],telecom_0000,0,1914,pending,0,tau2_prep_check_telecom_0000,C:\Users\86132\Desktop\SafeDesk\benchmarks\tau2-bench\data\simulations\tau2_prep_check_telecom_0000\results.json,,2026-07-09T22:52:02
tau2_prep_check,telecom,telecom,none,[mms_issue]bad_network_preference|bad_wifi_calling|break_apn_mms_setting|break_app_sms_permission|unseat_sim_card|user_abroad_roaming_enabled_off[PERSONA:Easy],telecom_0000,0,1915,pending,0,tau2_prep_check_telecom_0000,C:\Users\86132\Desktop\SafeDesk\benchmarks\tau2-bench\data\simulations\tau2_prep_check_telecom_0000\results.json,,2026-07-09T22:52:02
tau2_prep_check,telecom,telecom,none,[mms_issue]bad_network_preference|bad_wifi_calling|break_apn_mms_setting|break_app_storage_permission|unseat_sim_card|user_abroad_roaming_enabled_off[PERSONA:Hard],telecom_0000,0,1916,pending,0,tau2_prep_check_telecom_0000,C:\Users\86132\Desktop\SafeDesk\benchmarks\tau2-bench\data\simulations\tau2_prep_check_telecom_0000\results.json,,2026-07-09T22:52:02
tau2_prep_check,telecom,telecom,none,[mms_issue]bad_network_preference|bad_wifi_calling|break_apn_mms_setting|break_app_both_permissions|unseat_sim_card|user_abroad_roaming_enabled_off[PERSONA:None],telecom_0000,0,1917,pending,0,tau2_prep_check_telecom_0000,C:\Users\86132\Desktop\SafeDesk\benchmarks\tau2-bench\data\simulations\tau2_prep_check_telecom_0000\results.json,,2026-07-09T22:52:02
tau2_prep_check,telecom,telecom,none,[mms_issue]bad_network_preference|bad_wifi_calling|break_apn_mms_setting|break_app_sms_permission|unseat_sim_card|user_abroad_roaming_disabled_on[PERSONA:Easy],telecom_0000,0,1918,pending,0,tau2_prep_check_telecom_0000,C:\Users\86132\Desktop\SafeDesk\benchmarks\tau2-bench\data\simulations\tau2_prep_check_telecom_0000\results.json,,2026-07-09T22:52:02
tau2_prep_check,telecom,telecom,none,[mms_issue]bad_network_preference|bad_wifi_calling|break_apn_mms_setting|break_app_storage_permission|unseat_sim_card|user_abroad_roaming_disabled_on[PERSONA:Hard],telecom_0000,0,1919,pending,0,tau2_prep_check_telecom_0000,C:\Users\86132\Desktop\SafeDesk\benchmarks\tau2-bench\data\simulations\tau2_prep_check_telecom_0000\results.json,,2026-07-09T22:52:02
tau2_prep_check,telecom,telecom,none,[mms_issue]bad_network_preference|bad_wifi_calling|break_apn_mms_setting|break_app_both_permissions|unseat_sim_card|user_abroad_roaming_disabled_on[PERSONA:None],telecom_0000,0,1920,pending,0,tau2_prep_check_telecom_0000,C:\Users\86132\Desktop\SafeDesk\benchmarks\tau2-bench\data\simulations\tau2_prep_check_telecom_0000\results.json,,2026-07-09T22:52:02
tau2_prep_check,telecom,telecom,none,[mms_issue]bad_network_preference|bad_wifi_calling|break_apn_mms_setting|break_app_sms_permission|unseat_sim_card|user_abroad_roaming_disabled_off[PERSONA:Easy],telecom_0000,0,1921,pending,0,tau2_prep_check_telecom_0000,C:\Users\86132\Desktop\SafeDesk\benchmarks\tau2-bench\data\simulations\tau2_prep_check_telecom_0000\results.json,,2026-07-09T22:52:02
tau2_prep_check,telecom,telecom,none,[mms_issue]bad_network_preference|bad_wifi_calling|break_apn_mms_setting|break_app_storage_permission|unseat_sim_card|user_abroad_roaming_disabled_off[PERSONA:Hard],telecom_0000,0,1922,pending,0,tau2_prep_check_telecom_0000,C:\Users\86132\Desktop\SafeDesk\benchmarks\tau2-bench\data\simulations\tau2_prep_check_telecom_0000\results.json,,2026-07-09T22:52:02
tau2_prep_check,telecom,telecom,none,[mms_issue]bad_network_preference|bad_wifi_calling|break_apn_mms_setting|break_app_both_permissions|unseat_sim_card|user_abroad_roaming_disabled_off[PERSONA:None],telecom_0000,0,1923,pending,0,tau2_prep_check_telecom_0000,C:\Users\86132\Desktop\SafeDesk\benchmarks\tau2-bench\data\simulations\tau2_prep_check_telecom_0000\results.json,,2026-07-09T22:52:02
tau2_prep_check,telecom,telecom,none,[mms_issue]bad_network_preference|bad_wifi_calling|break_apn_mms_setting|data_mode_off|data_usage_exceeded|user_abroad_roaming_enabled_off[PERSONA:Easy],telecom_0000,0,1924,pending,0,tau2_prep_check_telecom_0000,C:\Users\86132\Desktop\SafeDesk\benchmarks\tau2-bench\data\simulations\tau2_prep_check_telecom_0000\results.json,,2026-07-09T22:52:02
tau2_prep_check,telecom,telecom,none,[mms_issue]bad_network_preference|bad_wifi_calling|break_app_sms_permission|data_mode_off|data_usage_exceeded|user_abroad_roaming_enabled_off[PERSONA:Hard],telecom_0000,0,1925,pending,0,tau2_prep_check_telecom_0000,C:\Users\86132\Desktop\SafeDesk\benchmarks\tau2-bench\data\simulations\tau2_prep_check_telecom_0000\results.json,,2026-07-09T22:52:02
tau2_prep_check,telecom,telecom,none,[mms_issue]bad_network_preference|bad_wifi_calling|break_app_storage_permission|data_mode_off|data_usage_exceeded|user_abroad_roaming_enabled_off[PERSONA:None],telecom_0000,0,1926,pending,0,tau2_prep_check_telecom_0000,C:\Users\86132\Desktop\SafeDesk\benchmarks\tau2-bench\data\simulations\tau2_prep_check_telecom_0000\results.json,,2026-07-09T22:52:02
tau2_prep_check,telecom,telecom,none,[mms_issue]bad_network_preference|bad_wifi_calling|break_app_both_permissions|data_mode_off|data_usage_exceeded|user_abroad_roaming_enabled_off[PERSONA:Easy],telecom_0000,0,1927,pending,0,tau2_prep_check_telecom_0000,C:\Users\86132\Desktop\SafeDesk\benchmarks\tau2-bench\data\simulations\tau2_prep_check_telecom_0000\results.json,,2026-07-09T22:52:02
tau2_prep_check,telecom,telecom,none,[mms_issue]bad_network_preference|break_apn_mms_setting|break_app_sms_permission|data_mode_off|data_usage_exceeded|user_abroad_roaming_enabled_off[PERSONA:Hard],telecom_0000,0,1928,pending,0,tau2_prep_check_telecom_0000,C:\Users\86132\Desktop\SafeDesk\benchmarks\tau2-bench\data\simulations\tau2_prep_check_telecom_0000\results.json,,2026-07-09T22:52:02
tau2_prep_check,telecom,telecom,none,[mms_issue]bad_network_preference|break_apn_mms_setting|break_app_storage_permission|data_mode_off|data_usage_exceeded|user_abroad_roaming_enabled_off[PERSONA:None],telecom_0000,0,1929,pending,0,tau2_prep_check_telecom_0000,C:\Users\86132\Desktop\SafeDesk\benchmarks\tau2-bench\data\simulations\tau2_prep_check_telecom_0000\results.json,,2026-07-09T22:52:02
tau2_prep_check,telecom,telecom,none,[mms_issue]bad_network_preference|break_apn_mms_setting|break_app_both_permissions|data_mode_off|data_usage_exceeded|user_abroad_roaming_enabled_off[PERSONA:Easy],telecom_0000,0,1930,pending,0,tau2_prep_check_telecom_0000,C:\Users\86132\Desktop\SafeDesk\benchmarks\tau2-bench\data\simulations\tau2_prep_check_telecom_0000\results.json,,2026-07-09T22:52:02
tau2_prep_check,telecom,telecom,none,[mms_issue]bad_wifi_calling|break_apn_mms_setting|break_app_sms_permission|data_mode_off|data_usage_exceeded|user_abroad_roaming_enabled_off[PERSONA:Hard],telecom_0000,0,1931,pending,0,tau2_prep_check_telecom_0000,C:\Users\86132\Desktop\SafeDesk\benchmarks\tau2-bench\data\simulations\tau2_prep_check_telecom_0000\results.json,,2026-07-09T22:52:02
tau2_prep_check,telecom,telecom,none,[mms_issue]bad_wifi_calling|break_apn_mms_setting|break_app_storage_permission|data_mode_off|data_usage_exceeded|user_abroad_roaming_enabled_off[PERSONA:None],telecom_0000,0,1932,pending,0,tau2_prep_check_telecom_0000,C:\Users\86132\Desktop\SafeDesk\benchmarks\tau2-bench\data\simulations\tau2_prep_check_telecom_0000\results.json,,2026-07-09T22:52:02
tau2_prep_check,telecom,telecom,none,[mms_issue]bad_wifi_calling|break_apn_mms_setting|break_app_both_permissions|data_mode_off|data_usage_exceeded|user_abroad_roaming_enabled_off[PERSONA:Easy],telecom_0000,0,1933,pending,0,tau2_prep_check_telecom_0000,C:\Users\86132\Desktop\SafeDesk\benchmarks\tau2-bench\data\simulations\tau2_prep_check_telecom_0000\results.json,,2026-07-09T22:52:02
tau2_prep_check,telecom,telecom,none,[mms_issue]bad_network_preference|bad_wifi_calling|break_apn_mms_setting|data_mode_off|data_usage_exceeded|user_abroad_roaming_disabled_on[PERSONA:Hard],telecom_0000,0,1934,pending,0,tau2_prep_check_telecom_0000,C:\Users\86132\Desktop\SafeDesk\benchmarks\tau2-bench\data\simulations\tau2_prep_check_telecom_0000\results.json,,2026-07-09T22:52:02
tau2_prep_check,telecom,telecom,none,[mms_issue]bad_network_preference|bad_wifi_calling|break_app_sms_permission|data_mode_off|data_usage_exceeded|user_abroad_roaming_disabled_on[PERSONA:None],telecom_0000,0,1935,pending,0,tau2_prep_check_telecom_0000,C:\Users\86132\Desktop\SafeDesk\benchmarks\tau2-bench\data\simulations\tau2_prep_check_telecom_0000\results.json,,2026-07-09T22:52:02
tau2_prep_check,telecom,telecom,none,[mms_issue]bad_network_preference|bad_wifi_calling|break_app_storage_permission|data_mode_off|data_usage_exceeded|user_abroad_roaming_disabled_on[PERSONA:Easy],telecom_0000,0,1936,pending,0,tau2_prep_check_telecom_0000,C:\Users\86132\Desktop\SafeDesk\benchmarks\tau2-bench\data\simulations\tau2_prep_check_telecom_0000\results.json,,2026-07-09T22:52:02
tau2_prep_check,telecom,telecom,none,[mms_issue]bad_network_preference|bad_wifi_calling|break_app_both_permissions|data_mode_off|data_usage_exceeded|user_abroad_roaming_disabled_on[PERSONA:Hard],telecom_0000,0,1937,pending,0,tau2_prep_check_telecom_0000,C:\Users\86132\Desktop\SafeDesk\benchmarks\tau2-bench\data\simulations\tau2_prep_check_telecom_0000\results.json,,2026-07-09T22:52:02
tau2_prep_check,telecom,telecom,none,[mms_issue]bad_network_preference|break_apn_mms_setting|break_app_sms_permission|data_mode_off|data_usage_exceeded|user_abroad_roaming_disabled_on[PERSONA:None],telecom_0000,0,1938,pending,0,tau2_prep_check_telecom_0000,C:\Users\86132\Desktop\SafeDesk\benchmarks\tau2-bench\data\simulations\tau2_prep_check_telecom_0000\results.json,,2026-07-09T22:52:02
tau2_prep_check,telecom,telecom,none,[mms_issue]bad_network_preference|break_apn_mms_setting|break_app_storage_permission|data_mode_off|data_usage_exceeded|user_abroad_roaming_disabled_on[PERSONA:Easy],telecom_0000,0,1939,pending,0,tau2_prep_check_telecom_0000,C:\Users\86132\Desktop\SafeDesk\benchmarks\tau2-bench\data\simulations\tau2_prep_check_telecom_0000\results.json,,2026-07-09T22:52:02
tau2_prep_check,telecom,telecom,none,[mms_issue]bad_network_preference|break_apn_mms_setting|break_app_both_permissions|data_mode_off|data_usage_exceeded|user_abroad_roaming_disabled_on[PERSONA:Hard],telecom_0000,0,1940,pending,0,tau2_prep_check_telecom_0000,C:\Users\86132\Desktop\SafeDesk\benchmarks\tau2-bench\data\simulations\tau2_prep_check_telecom_0000\results.json,,2026-07-09T22:52:02
tau2_prep_check,telecom,telecom,none,[mms_issue]bad_wifi_calling|break_apn_mms_setting|break_app_sms_permission|data_mode_off|data_usage_exceeded|user_abroad_roaming_disabled_on[PERSONA:None],telecom_0000,0,1941,pending,0,tau2_prep_check_telecom_0000,C:\Users\86132\Desktop\SafeDesk\benchmarks\tau2-bench\data\simulations\tau2_prep_check_telecom_0000\results.json,,2026-07-09T22:52:02
tau2_prep_check,telecom,telecom,none,[mms_issue]bad_wifi_calling|break_apn_mms_setting|break_app_storage_permission|data_mode_off|data_usage_exceeded|user_abroad_roaming_disabled_on[PERSONA:Easy],telecom_0000,0,1942,pending,0,tau2_prep_check_telecom_0000,C:\Users\86132\Desktop\SafeDesk\benchmarks\tau2-bench\data\simulations\tau2_prep_check_telecom_0000\results.json,,2026-07-09T22:52:02
tau2_prep_check,telecom,telecom,none,[mms_issue]bad_wifi_calling|break_apn_mms_setting|break_app_both_permissions|data_mode_off|data_usage_exceeded|user_abroad_roaming_disabled_on[PERSONA:Hard],telecom_0000,0,1943,pending,0,tau2_prep_check_telecom_0000,C:\Users\86132\Desktop\SafeDesk\benchmarks\tau2-bench\data\simulations\tau2_prep_check_telecom_0000\results.json,,2026-07-09T22:52:02
tau2_prep_check,telecom,telecom,none,[mms_issue]bad_network_preference|bad_wifi_calling|break_apn_mms_setting|data_mode_off|data_usage_exceeded|user_abroad_roaming_disabled_off[PERSONA:None],telecom_0000,0,1944,pending,0,tau2_prep_check_telecom_0000,C:\Users\86132\Desktop\SafeDesk\benchmarks\tau2-bench\data\simulations\tau2_prep_check_telecom_0000\results.json,,2026-07-09T22:52:02
tau2_prep_check,telecom,telecom,none,[mms_issue]bad_network_preference|bad_wifi_calling|break_app_sms_permission|data_mode_off|data_usage_exceeded|user_abroad_roaming_disabled_off[PERSONA:Easy],telecom_0000,0,1945,pending,0,tau2_prep_check_telecom_0000,C:\Users\86132\Desktop\SafeDesk\benchmarks\tau2-bench\data\simulations\tau2_prep_check_telecom_0000\results.json,,2026-07-09T22:52:02
tau2_prep_check,telecom,telecom,none,[mms_issue]bad_network_preference|bad_wifi_calling|break_app_storage_permission|data_mode_off|data_usage_exceeded|user_abroad_roaming_disabled_off[PERSONA:Hard],telecom_0000,0,1946,pending,0,tau2_prep_check_telecom_0000,C:\Users\86132\Desktop\SafeDesk\benchmarks\tau2-bench\data\simulations\tau2_prep_check_telecom_0000\results.json,,2026-07-09T22:52:02
tau2_prep_check,telecom,telecom,none,[mms_issue]bad_network_preference|bad_wifi_calling|break_app_both_permissions|data_mode_off|data_usage_exceeded|user_abroad_roaming_disabled_off[PERSONA:None],telecom_0000,0,1947,pending,0,tau2_prep_check_telecom_0000,C:\Users\86132\Desktop\SafeDesk\benchmarks\tau2-bench\data\simulations\tau2_prep_check_telecom_0000\results.json,,2026-07-09T22:52:02
tau2_prep_check,telecom,telecom,none,[mms_issue]bad_network_preference|break_apn_mms_setting|break_app_sms_permission|data_mode_off|data_usage_exceeded|user_abroad_roaming_disabled_off[PERSONA:Easy],telecom_0000,0,1948,pending,0,tau2_prep_check_telecom_0000,C:\Users\86132\Desktop\SafeDesk\benchmarks\tau2-bench\data\simulations\tau2_prep_check_telecom_0000\results.json,,2026-07-09T22:52:02
tau2_prep_check,telecom,telecom,none,[mms_issue]bad_network_preference|break_apn_mms_setting|break_app_storage_permission|data_mode_off|data_usage_exceeded|user_abroad_roaming_disabled_off[PERSONA:Hard],telecom_0000,0,1949,pending,0,tau2_prep_check_telecom_0000,C:\Users\86132\Desktop\SafeDesk\benchmarks\tau2-bench\data\simulations\tau2_prep_check_telecom_0000\results.json,,2026-07-09T22:52:02
tau2_prep_check,telecom,telecom,none,[mms_issue]bad_network_preference|break_apn_mms_setting|break_app_both_permissions|data_mode_off|data_usage_exceeded|user_abroad_roaming_disabled_off[PERSONA:None],telecom_0000,0,1950,pending,0,tau2_prep_check_telecom_0000,C:\Users\86132\Desktop\SafeDesk\benchmarks\tau2-bench\data\simulations\tau2_prep_check_telecom_0000\results.json,,2026-07-09T22:52:02
tau2_prep_check,telecom,telecom,none,[mms_issue]bad_wifi_calling|break_apn_mms_setting|break_app_sms_permission|data_mode_off|data_usage_exceeded|user_abroad_roaming_disabled_off[PERSONA:Easy],telecom_0000,0,1951,pending,0,tau2_prep_check_telecom_0000,C:\Users\86132\Desktop\SafeDesk\benchmarks\tau2-bench\data\simulations\tau2_prep_check_telecom_0000\results.json,,2026-07-09T22:52:02
tau2_prep_check,telecom,telecom,none,[mms_issue]bad_wifi_calling|break_apn_mms_setting|break_app_storage_permission|data_mode_off|data_usage_exceeded|user_abroad_roaming_disabled_off[PERSONA:Hard],telecom_0000,0,1952,pending,0,tau2_prep_check_telecom_0000,C:\Users\86132\Desktop\SafeDesk\benchmarks\tau2-bench\data\simulations\tau2_prep_check_telecom_0000\results.json,,2026-07-09T22:52:02
tau2_prep_check,telecom,telecom,none,[mms_issue]bad_wifi_calling|break_apn_mms_setting|break_app_both_permissions|data_mode_off|data_usage_exceeded|user_abroad_roaming_disabled_off[PERSONA:None],telecom_0000,0,1953,pending,0,tau2_prep_check_telecom_0000,C:\Users\86132\Desktop\SafeDesk\benchmarks\tau2-bench\data\simulations\tau2_prep_check_telecom_0000\results.json,,2026-07-09T22:52:02
tau2_prep_check,telecom,telecom,none,[mms_issue]bad_network_preference|bad_wifi_calling|break_apn_mms_setting|break_app_sms_permission|data_mode_off|data_usage_exceeded[PERSONA:Easy],telecom_0000,0,1954,pending,0,tau2_prep_check_telecom_0000,C:\Users\86132\Desktop\SafeDesk\benchmarks\tau2-bench\data\simulations\tau2_prep_check_telecom_0000\results.json,,2026-07-09T22:52:02
tau2_prep_check,telecom,telecom,none,[mms_issue]bad_network_preference|bad_wifi_calling|break_apn_mms_setting|break_app_storage_permission|data_mode_off|data_usage_exceeded[PERSONA:Hard],telecom_0000,0,1955,pending,0,tau2_prep_check_telecom_0000,C:\Users\86132\Desktop\SafeDesk\benchmarks\tau2-bench\data\simulations\tau2_prep_check_telecom_0000\results.json,,2026-07-09T22:52:02
tau2_prep_check,telecom,telecom,none,[mms_issue]bad_network_preference|bad_wifi_calling|break_apn_mms_setting|break_app_both_permissions|data_mode_off|data_usage_exceeded[PERSONA:None],telecom_0000,0,1956,pending,0,tau2_prep_check_telecom_0000,C:\Users\86132\Desktop\SafeDesk\benchmarks\tau2-bench\data\simulations\tau2_prep_check_telecom_0000\results.json,,2026-07-09T22:52:02
tau2_prep_check,telecom,telecom,none,[mms_issue]bad_network_preference|bad_wifi_calling|break_apn_mms_setting|break_app_sms_permission|data_mode_off|user_abroad_roaming_enabled_off[PERSONA:Easy],telecom_0000,0,1957,pending,0,tau2_prep_check_telecom_0000,C:\Users\86132\Desktop\SafeDesk\benchmarks\tau2-bench\data\simulations\tau2_prep_check_telecom_0000\results.json,,2026-07-09T22:52:02
tau2_prep_check,telecom,telecom,none,[mms_issue]bad_network_preference|bad_wifi_calling|break_apn_mms_setting|break_app_storage_permission|data_mode_off|user_abroad_roaming_enabled_off[PERSONA:Hard],telecom_0000,0,1958,pending,0,tau2_prep_check_telecom_0000,C:\Users\86132\Desktop\SafeDesk\benchmarks\tau2-bench\data\simulations\tau2_prep_check_telecom_0000\results.json,,2026-07-09T22:52:02
tau2_prep_check,telecom,telecom,none,[mms_issue]bad_network_preference|bad_wifi_calling|break_apn_mms_setting|break_app_both_permissions|data_mode_off|user_abroad_roaming_enabled_off[PERSONA:None],telecom_0000,0,1959,pending,0,tau2_prep_check_telecom_0000,C:\Users\86132\Desktop\SafeDesk\benchmarks\tau2-bench\data\simulations\tau2_prep_check_telecom_0000\results.json,,2026-07-09T22:52:02
tau2_prep_check,telecom,telecom,none,[mms_issue]bad_network_preference|bad_wifi_calling|break_apn_mms_setting|break_app_sms_permission|data_mode_off|user_abroad_roaming_disabled_on[PERSONA:Easy],telecom_0000,0,1960,pending,0,tau2_prep_check_telecom_0000,C:\Users\86132\Desktop\SafeDesk\benchmarks\tau2-bench\data\simulations\tau2_prep_check_telecom_0000\results.json,,2026-07-09T22:52:02
tau2_prep_check,telecom,telecom,none,[mms_issue]bad_network_preference|bad_wifi_calling|break_apn_mms_setting|break_app_storage_permission|data_mode_off|user_abroad_roaming_disabled_on[PERSONA:Hard],telecom_0000,0,1961,pending,0,tau2_prep_check_telecom_0000,C:\Users\86132\Desktop\SafeDesk\benchmarks\tau2-bench\data\simulations\tau2_prep_check_telecom_0000\results.json,,2026-07-09T22:52:02
tau2_prep_check,telecom,telecom,none,[mms_issue]bad_network_preference|bad_wifi_calling|break_apn_mms_setting|break_app_both_permissions|data_mode_off|user_abroad_roaming_disabled_on[PERSONA:None],telecom_0000,0,1962,pending,0,tau2_prep_check_telecom_0000,C:\Users\86132\Desktop\SafeDesk\benchmarks\tau2-bench\data\simulations\tau2_prep_check_telecom_0000\results.json,,2026-07-09T22:52:02
tau2_prep_check,telecom,telecom,none,[mms_issue]bad_network_preference|bad_wifi_calling|break_apn_mms_setting|break_app_sms_permission|data_mode_off|user_abroad_roaming_disabled_off[PERSONA:Easy],telecom_0000,0,1963,pending,0,tau2_prep_check_telecom_0000,C:\Users\86132\Desktop\SafeDesk\benchmarks\tau2-bench\data\simulations\tau2_prep_check_telecom_0000\results.json,,2026-07-09T22:52:02
tau2_prep_check,telecom,telecom,none,[mms_issue]bad_network_preference|bad_wifi_calling|break_apn_mms_setting|break_app_storage_permission|data_mode_off|user_abroad_roaming_disabled_off[PERSONA:Hard],telecom_0000,0,1964,pending,0,tau2_prep_check_telecom_0000,C:\Users\86132\Desktop\SafeDesk\benchmarks\tau2-bench\data\simulations\tau2_prep_check_telecom_0000\results.json,,2026-07-09T22:52:02
tau2_prep_check,telecom,telecom,none,[mms_issue]bad_network_preference|bad_wifi_calling|break_apn_mms_setting|break_app_both_permissions|data_mode_off|user_abroad_roaming_disabled_off[PERSONA:None],telecom_0000,0,1965,pending,0,tau2_prep_check_telecom_0000,C:\Users\86132\Desktop\SafeDesk\benchmarks\tau2-bench\data\simulations\tau2_prep_check_telecom_0000\results.json,,2026-07-09T22:52:02
tau2_prep_check,telecom,telecom,none,[mms_issue]bad_network_preference|bad_wifi_calling|break_apn_mms_setting|break_app_sms_permission|data_usage_exceeded|user_abroad_roaming_enabled_off[PERSONA:Easy],telecom_0000,0,1966,pending,0,tau2_prep_check_telecom_0000,C:\Users\86132\Desktop\SafeDesk\benchmarks\tau2-bench\data\simulations\tau2_prep_check_telecom_0000\results.json,,2026-07-09T22:52:02
tau2_prep_check,telecom,telecom,none,[mms_issue]bad_network_preference|bad_wifi_calling|break_apn_mms_setting|break_app_storage_permission|data_usage_exceeded|user_abroad_roaming_enabled_off[PERSONA:Hard],telecom_0000,0,1967,pending,0,tau2_prep_check_telecom_0000,C:\Users\86132\Desktop\SafeDesk\benchmarks\tau2-bench\data\simulations\tau2_prep_check_telecom_0000\results.json,,2026-07-09T22:52:02
tau2_prep_check,telecom,telecom,none,[mms_issue]bad_network_preference|bad_wifi_calling|break_apn_mms_setting|break_app_both_permissions|data_usage_exceeded|user_abroad_roaming_enabled_off[PERSONA:None],telecom_0000,0,1968,pending,0,tau2_prep_check_telecom_0000,C:\Users\86132\Desktop\SafeDesk\benchmarks\tau2-bench\data\simulations\tau2_prep_check_telecom_0000\results.json,,2026-07-09T22:52:02
tau2_prep_check,telecom,telecom,none,[mms_issue]bad_network_preference|bad_wifi_calling|break_apn_mms_setting|break_app_sms_permission|data_usage_exceeded|user_abroad_roaming_disabled_on[PERSONA:Easy],telecom_0000,0,1969,pending,0,tau2_prep_check_telecom_0000,C:\Users\86132\Desktop\SafeDesk\benchmarks\tau2-bench\data\simulations\tau2_prep_check_telecom_0000\results.json,,2026-07-09T22:52:02
tau2_prep_check,telecom,telecom,none,[mms_issue]bad_network_preference|bad_wifi_calling|break_apn_mms_setting|break_app_storage_permission|data_usage_exceeded|user_abroad_roaming_disabled_on[PERSONA:Hard],telecom_0000,0,1970,pending,0,tau2_prep_check_telecom_0000,C:\Users\86132\Desktop\SafeDesk\benchmarks\tau2-bench\data\simulations\tau2_prep_check_telecom_0000\results.json,,2026-07-09T22:52:02
tau2_prep_check,telecom,telecom,none,[mms_issue]bad_network_preference|bad_wifi_calling|break_apn_mms_setting|break_app_both_permissions|data_usage_exceeded|user_abroad_roaming_disabled_on[PERSONA:None],telecom_0000,0,1971,pending,0,tau2_prep_check_telecom_0000,C:\Users\86132\Desktop\SafeDesk\benchmarks\tau2-bench\data\simulations\tau2_prep_check_telecom_0000\results.json,,2026-07-09T22:52:02
tau2_prep_check,telecom,telecom,none,[mms_issue]bad_network_preference|bad_wifi_calling|break_apn_mms_setting|break_app_sms_permission|data_usage_exceeded|user_abroad_roaming_disabled_off[PERSONA:Easy],telecom_0000,0,1972,pending,0,tau2_prep_check_telecom_0000,C:\Users\86132\Desktop\SafeDesk\benchmarks\tau2-bench\data\simulations\tau2_prep_check_telecom_0000\results.json,,2026-07-09T22:52:02
tau2_prep_check,telecom,telecom,none,[mms_issue]bad_network_preference|bad_wifi_calling|break_apn_mms_setting|break_app_storage_permission|data_usage_exceeded|user_abroad_roaming_disabled_off[PERSONA:Hard],telecom_0000,0,1973,pending,0,tau2_prep_check_telecom_0000,C:\Users\86132\Desktop\SafeDesk\benchmarks\tau2-bench\data\simulations\tau2_prep_check_telecom_0000\results.json,,2026-07-09T22:52:02
tau2_prep_check,telecom,telecom,none,[mms_issue]bad_network_preference|bad_wifi_calling|break_apn_mms_setting|break_app_both_permissions|data_usage_exceeded|user_abroad_roaming_disabled_off[PERSONA:None],telecom_0000,0,1974,pending,0,tau2_prep_check_telecom_0000,C:\Users\86132\Desktop\SafeDesk\benchmarks\tau2-bench\data\simulations\tau2_prep_check_telecom_0000\results.json,,2026-07-09T22:52:02
tau2_prep_check,telecom,telecom,none,[mms_issue]airplane_mode_on|bad_network_preference|bad_wifi_calling|data_mode_off|data_usage_exceeded|unseat_sim_card|user_abroad_roaming_enabled_off[PERSONA:Easy],telecom_0000,0,1975,pending,0,tau2_prep_check_telecom_0000,C:\Users\86132\Desktop\SafeDesk\benchmarks\tau2-bench\data\simulations\tau2_prep_check_telecom_0000\results.json,,2026-07-09T22:52:02
tau2_prep_check,telecom,telecom,none,[mms_issue]airplane_mode_on|bad_network_preference|break_apn_mms_setting|data_mode_off|data_usage_exceeded|unseat_sim_card|user_abroad_roaming_enabled_off[PERSONA:Hard],telecom_0000,0,1976,pending,0,tau2_prep_check_telecom_0000,C:\Users\86132\Desktop\SafeDesk\benchmarks\tau2-bench\data\simulations\tau2_prep_check_telecom_0000\results.json,,2026-07-09T22:52:02
tau2_prep_check,telecom,telecom,none,[mms_issue]airplane_mode_on|bad_network_preference|break_app_sms_permission|data_mode_off|data_usage_exceeded|unseat_sim_card|user_abroad_roaming_enabled_off[PERSONA:None],telecom_0000,0,1977,pending,0,tau2_prep_check_telecom_0000,C:\Users\86132\Desktop\SafeDesk\benchmarks\tau2-bench\data\simulations\tau2_prep_check_telecom_0000\results.json,,2026-07-09T22:52:02
tau2_prep_check,telecom,telecom,none,[mms_issue]airplane_mode_on|bad_network_preference|break_app_storage_permission|data_mode_off|data_usage_exceeded|unseat_sim_card|user_abroad_roaming_enabled_off[PERSONA:Easy],telecom_0000,0,1978,pending,0,tau2_prep_check_telecom_0000,C:\Users\86132\Desktop\SafeDesk\benchmarks\tau2-bench\data\simulations\tau2_prep_check_telecom_0000\results.json,,2026-07-09T22:52:02
tau2_prep_check,telecom,telecom,none,[mms_issue]airplane_mode_on|bad_network_preference|break_app_both_permissions|data_mode_off|data_usage_exceeded|unseat_sim_card|user_abroad_roaming_enabled_off[PERSONA:Hard],telecom_0000,0,1979,pending,0,tau2_prep_check_telecom_0000,C:\Users\86132\Desktop\SafeDesk\benchmarks\tau2-bench\data\simulations\tau2_prep_check_telecom_0000\results.json,,2026-07-09T22:52:02
tau2_prep_check,telecom,telecom,none,[mms_issue]airplane_mode_on|bad_wifi_calling|break_apn_mms_setting|data_mode_off|data_usage_exceeded|unseat_sim_card|user_abroad_roaming_enabled_off[PERSONA:None],telecom_0000,0,1980,pending,0,tau2_prep_check_telecom_0000,C:\Users\86132\Desktop\SafeDesk\benchmarks\tau2-bench\data\simulations\tau2_prep_check_telecom_0000\results.json,,2026-07-09T22:52:02
tau2_prep_check,telecom,telecom,none,[mms_issue]airplane_mode_on|bad_wifi_calling|break_app_sms_permission|data_mode_off|data_usage_exceeded|unseat_sim_card|user_abroad_roaming_enabled_off[PERSONA:Easy],telecom_0000,0,1981,pending,0,tau2_prep_check_telecom_0000,C:\Users\86132\Desktop\SafeDesk\benchmarks\tau2-bench\data\simulations\tau2_prep_check_telecom_0000\results.json,,2026-07-09T22:52:02
tau2_prep_check,telecom,telecom,none,[mms_issue]airplane_mode_on|bad_wifi_calling|break_app_storage_permission|data_mode_off|data_usage_exceeded|unseat_sim_card|user_abroad_roaming_enabled_off[PERSONA:Hard],telecom_0000,0,1982,pending,0,tau2_prep_check_telecom_0000,C:\Users\86132\Desktop\SafeDesk\benchmarks\tau2-bench\data\simulations\tau2_prep_check_telecom_0000\results.json,,2026-07-09T22:52:02
tau2_prep_check,telecom,telecom,none,[mms_issue]airplane_mode_on|bad_wifi_calling|break_app_both_permissions|data_mode_off|data_usage_exceeded|unseat_sim_card|user_abroad_roaming_enabled_off[PERSONA:None],telecom_0000,0,1983,pending,0,tau2_prep_check_telecom_0000,C:\Users\86132\Desktop\SafeDesk\benchmarks\tau2-bench\data\simulations\tau2_prep_check_telecom_0000\results.json,,2026-07-09T22:52:02
tau2_prep_check,telecom,telecom,none,[mms_issue]airplane_mode_on|break_apn_mms_setting|break_app_sms_permission|data_mode_off|data_usage_exceeded|unseat_sim_card|user_abroad_roaming_enabled_off[PERSONA:Easy],telecom_0000,0,1984,pending,0,tau2_prep_check_telecom_0000,C:\Users\86132\Desktop\SafeDesk\benchmarks\tau2-bench\data\simulations\tau2_prep_check_telecom_0000\results.json,,2026-07-09T22:52:02
tau2_prep_check,telecom,telecom,none,[mms_issue]airplane_mode_on|break_apn_mms_setting|break_app_storage_permission|data_mode_off|data_usage_exceeded|unseat_sim_card|user_abroad_roaming_enabled_off[PERSONA:Hard],telecom_0000,0,1985,pending,0,tau2_prep_check_telecom_0000,C:\Users\86132\Desktop\SafeDesk\benchmarks\tau2-bench\data\simulations\tau2_prep_check_telecom_0000\results.json,,2026-07-09T22:52:02
tau2_prep_check,telecom,telecom,none,[mms_issue]airplane_mode_on|break_apn_mms_setting|break_app_both_permissions|data_mode_off|data_usage_exceeded|unseat_sim_card|user_abroad_roaming_enabled_off[PERSONA:None],telecom_0000,0,1986,pending,0,tau2_prep_check_telecom_0000,C:\Users\86132\Desktop\SafeDesk\benchmarks\tau2-bench\data\simulations\tau2_prep_check_telecom_0000\results.json,,2026-07-09T22:52:02
tau2_prep_check,telecom,telecom,none,[mms_issue]airplane_mode_on|bad_network_preference|bad_wifi_calling|data_mode_off|data_usage_exceeded|unseat_sim_card|user_abroad_roaming_disabled_on[PERSONA:Easy],telecom_0000,0,1987,pending,0,tau2_prep_check_telecom_0000,C:\Users\86132\Desktop\SafeDesk\benchmarks\tau2-bench\data\simulations\tau2_prep_check_telecom_0000\results.json,,2026-07-09T22:52:02
tau2_prep_check,telecom,telecom,none,[mms_issue]airplane_mode_on|bad_network_preference|break_apn_mms_setting|data_mode_off|data_usage_exceeded|unseat_sim_card|user_abroad_roaming_disabled_on[PERSONA:Hard],telecom_0000,0,1988,pending,0,tau2_prep_check_telecom_0000,C:\Users\86132\Desktop\SafeDesk\benchmarks\tau2-bench\data\simulations\tau2_prep_check_telecom_0000\results.json,,2026-07-09T22:52:02
tau2_prep_check,telecom,telecom,none,[mms_issue]airplane_mode_on|bad_network_preference|break_app_sms_permission|data_mode_off|data_usage_exceeded|unseat_sim_card|user_abroad_roaming_disabled_on[PERSONA:None],telecom_0000,0,1989,pending,0,tau2_prep_check_telecom_0000,C:\Users\86132\Desktop\SafeDesk\benchmarks\tau2-bench\data\simulations\tau2_prep_check_telecom_0000\results.json,,2026-07-09T22:52:02
tau2_prep_check,telecom,telecom,none,[mms_issue]airplane_mode_on|bad_network_preference|break_app_storage_permission|data_mode_off|data_usage_exceeded|unseat_sim_card|user_abroad_roaming_disabled_on[PERSONA:Easy],telecom_0000,0,1990,pending,0,tau2_prep_check_telecom_0000,C:\Users\86132\Desktop\SafeDesk\benchmarks\tau2-bench\data\simulations\tau2_prep_check_telecom_0000\results.json,,2026-07-09T22:52:02
tau2_prep_check,telecom,telecom,none,[mms_issue]airplane_mode_on|bad_network_preference|break_app_both_permissions|data_mode_off|data_usage_exceeded|unseat_sim_card|user_abroad_roaming_disabled_on[PERSONA:Hard],telecom_0000,0,1991,pending,0,tau2_prep_check_telecom_0000,C:\Users\86132\Desktop\SafeDesk\benchmarks\tau2-bench\data\simulations\tau2_prep_check_telecom_0000\results.json,,2026-07-09T22:52:02
tau2_prep_check,telecom,telecom,none,[mms_issue]airplane_mode_on|bad_wifi_calling|break_apn_mms_setting|data_mode_off|data_usage_exceeded|unseat_sim_card|user_abroad_roaming_disabled_on[PERSONA:None],telecom_0000,0,1992,pending,0,tau2_prep_check_telecom_0000,C:\Users\86132\Desktop\SafeDesk\benchmarks\tau2-bench\data\simulations\tau2_prep_check_telecom_0000\results.json,,2026-07-09T22:52:02
tau2_prep_check,telecom,telecom,none,[mms_issue]airplane_mode_on|bad_wifi_calling|break_app_sms_permission|data_mode_off|data_usage_exceeded|unseat_sim_card|user_abroad_roaming_disabled_on[PERSONA:Easy],telecom_0000,0,1993,pending,0,tau2_prep_check_telecom_0000,C:\Users\86132\Desktop\SafeDesk\benchmarks\tau2-bench\data\simulations\tau2_prep_check_telecom_0000\results.json,,2026-07-09T22:52:02
tau2_prep_check,telecom,telecom,none,[mms_issue]airplane_mode_on|bad_wifi_calling|break_app_storage_permission|data_mode_off|data_usage_exceeded|unseat_sim_card|user_abroad_roaming_disabled_on[PERSONA:Hard],telecom_0000,0,1994,pending,0,tau2_prep_check_telecom_0000,C:\Users\86132\Desktop\SafeDesk\benchmarks\tau2-bench\data\simulations\tau2_prep_check_telecom_0000\results.json,,2026-07-09T22:52:02
tau2_prep_check,telecom,telecom,none,[mms_issue]airplane_mode_on|bad_wifi_calling|break_app_both_permissions|data_mode_off|data_usage_exceeded|unseat_sim_card|user_abroad_roaming_disabled_on[PERSONA:None],telecom_0000,0,1995,pending,0,tau2_prep_check_telecom_0000,C:\Users\86132\Desktop\SafeDesk\benchmarks\tau2-bench\data\simulations\tau2_prep_check_telecom_0000\results.json,,2026-07-09T22:52:02
tau2_prep_check,telecom,telecom,none,[mms_issue]airplane_mode_on|break_apn_mms_setting|break_app_sms_permission|data_mode_off|data_usage_exceeded|unseat_sim_card|user_abroad_roaming_disabled_on[PERSONA:Easy],telecom_0000,0,1996,pending,0,tau2_prep_check_telecom_0000,C:\Users\86132\Desktop\SafeDesk\benchmarks\tau2-bench\data\simulations\tau2_prep_check_telecom_0000\results.json,,2026-07-09T22:52:02
tau2_prep_check,telecom,telecom,none,[mms_issue]airplane_mode_on|break_apn_mms_setting|break_app_storage_permission|data_mode_off|data_usage_exceeded|unseat_sim_card|user_abroad_roaming_disabled_on[PERSONA:Hard],telecom_0000,0,1997,pending,0,tau2_prep_check_telecom_0000,C:\Users\86132\Desktop\SafeDesk\benchmarks\tau2-bench\data\simulations\tau2_prep_check_telecom_0000\results.json,,2026-07-09T22:52:02
tau2_prep_check,telecom,telecom,none,[mms_issue]airplane_mode_on|break_apn_mms_setting|break_app_both_permissions|data_mode_off|data_usage_exceeded|unseat_sim_card|user_abroad_roaming_disabled_on[PERSONA:None],telecom_0000,0,1998,pending,0,tau2_prep_check_telecom_0000,C:\Users\86132\Desktop\SafeDesk\benchmarks\tau2-bench\data\simulations\tau2_prep_check_telecom_0000\results.json,,2026-07-09T22:52:02
tau2_prep_check,telecom,telecom,none,[mms_issue]airplane_mode_on|bad_network_preference|bad_wifi_calling|data_mode_off|data_usage_exceeded|unseat_sim_card|user_abroad_roaming_disabled_off[PERSONA:Easy],telecom_0000,0,1999,pending,0,tau2_prep_check_telecom_0000,C:\Users\86132\Desktop\SafeDesk\benchmarks\tau2-bench\data\simulations\tau2_prep_check_telecom_0000\results.json,,2026-07-09T22:52:02
tau2_prep_check,telecom,telecom,none,[mms_issue]airplane_mode_on|bad_network_preference|break_apn_mms_setting|data_mode_off|data_usage_exceeded|unseat_sim_card|user_abroad_roaming_disabled_off[PERSONA:Hard],telecom_0000,0,2000,pending,0,tau2_prep_check_telecom_0000,C:\Users\86132\Desktop\SafeDesk\benchmarks\tau2-bench\data\simulations\tau2_prep_check_telecom_0000\results.json,,2026-07-09T22:52:02
tau2_prep_check,telecom,telecom,none,[mms_issue]airplane_mode_on|bad_network_preference|break_app_sms_permission|data_mode_off|data_usage_exceeded|unseat_sim_card|user_abroad_roaming_disabled_off[PERSONA:None],telecom_0000,0,2001,pending,0,tau2_prep_check_telecom_0000,C:\Users\86132\Desktop\SafeDesk\benchmarks\tau2-bench\data\simulations\tau2_prep_check_telecom_0000\results.json,,2026-07-09T22:52:02
tau2_prep_check,telecom,telecom,none,[mms_issue]airplane_mode_on|bad_network_preference|break_app_storage_permission|data_mode_off|data_usage_exceeded|unseat_sim_card|user_abroad_roaming_disabled_off[PERSONA:Easy],telecom_0000,0,2002,pending,0,tau2_prep_check_telecom_0000,C:\Users\86132\Desktop\SafeDesk\benchmarks\tau2-bench\data\simulations\tau2_prep_check_telecom_0000\results.json,,2026-07-09T22:52:02
tau2_prep_check,telecom,telecom,none,[mms_issue]airplane_mode_on|bad_network_preference|break_app_both_permissions|data_mode_off|data_usage_exceeded|unseat_sim_card|user_abroad_roaming_disabled_off[PERSONA:Hard],telecom_0000,0,2003,pending,0,tau2_prep_check_telecom_0000,C:\Users\86132\Desktop\SafeDesk\benchmarks\tau2-bench\data\simulations\tau2_prep_check_telecom_0000\results.json,,2026-07-09T22:52:02
tau2_prep_check,telecom,telecom,none,[mms_issue]airplane_mode_on|bad_wifi_calling|break_apn_mms_setting|data_mode_off|data_usage_exceeded|unseat_sim_card|user_abroad_roaming_disabled_off[PERSONA:None],telecom_0000,0,2004,pending,0,tau2_prep_check_telecom_0000,C:\Users\86132\Desktop\SafeDesk\benchmarks\tau2-bench\data\simulations\tau2_prep_check_telecom_0000\results.json,,2026-07-09T22:52:02
tau2_prep_check,telecom,telecom,none,[mms_issue]airplane_mode_on|bad_wifi_calling|break_app_sms_permission|data_mode_off|data_usage_exceeded|unseat_sim_card|user_abroad_roaming_disabled_off[PERSONA:Easy],telecom_0000,0,2005,pending,0,tau2_prep_check_telecom_0000,C:\Users\86132\Desktop\SafeDesk\benchmarks\tau2-bench\data\simulations\tau2_prep_check_telecom_0000\results.json,,2026-07-09T22:52:02
tau2_prep_check,telecom,telecom,none,[mms_issue]airplane_mode_on|bad_wifi_calling|break_app_storage_permission|data_mode_off|data_usage_exceeded|unseat_sim_card|user_abroad_roaming_disabled_off[PERSONA:Hard],telecom_0000,0,2006,pending,0,tau2_prep_check_telecom_0000,C:\Users\86132\Desktop\SafeDesk\benchmarks\tau2-bench\data\simulations\tau2_prep_check_telecom_0000\results.json,,2026-07-09T22:52:02
tau2_prep_check,telecom,telecom,none,[mms_issue]airplane_mode_on|bad_wifi_calling|break_app_both_permissions|data_mode_off|data_usage_exceeded|unseat_sim_card|user_abroad_roaming_disabled_off[PERSONA:None],telecom_0000,0,2007,pending,0,tau2_prep_check_telecom_0000,C:\Users\86132\Desktop\SafeDesk\benchmarks\tau2-bench\data\simulations\tau2_prep_check_telecom_0000\results.json,,2026-07-09T22:52:02
tau2_prep_check,telecom,telecom,none,[mms_issue]airplane_mode_on|break_apn_mms_setting|break_app_sms_permission|data_mode_off|data_usage_exceeded|unseat_sim_card|user_abroad_roaming_disabled_off[PERSONA:Easy],telecom_0000,0,2008,pending,0,tau2_prep_check_telecom_0000,C:\Users\86132\Desktop\SafeDesk\benchmarks\tau2-bench\data\simulations\tau2_prep_check_telecom_0000\results.json,,2026-07-09T22:52:02
tau2_prep_check,telecom,telecom,none,[mms_issue]airplane_mode_on|break_apn_mms_setting|break_app_storage_permission|data_mode_off|data_usage_exceeded|unseat_sim_card|user_abroad_roaming_disabled_off[PERSONA:Hard],telecom_0000,0,2009,pending,0,tau2_prep_check_telecom_0000,C:\Users\86132\Desktop\SafeDesk\benchmarks\tau2-bench\data\simulations\tau2_prep_check_telecom_0000\results.json,,2026-07-09T22:52:02
tau2_prep_check,telecom,telecom,none,[mms_issue]airplane_mode_on|break_apn_mms_setting|break_app_both_permissions|data_mode_off|data_usage_exceeded|unseat_sim_card|user_abroad_roaming_disabled_off[PERSONA:None],telecom_0000,0,2010,pending,0,tau2_prep_check_telecom_0000,C:\Users\86132\Desktop\SafeDesk\benchmarks\tau2-bench\data\simulations\tau2_prep_check_telecom_0000\results.json,,2026-07-09T22:52:02
tau2_prep_check,telecom,telecom,none,[mms_issue]airplane_mode_on|bad_network_preference|bad_wifi_calling|break_apn_mms_setting|data_mode_off|data_usage_exceeded|unseat_sim_card[PERSONA:Easy],telecom_0000,0,2011,pending,0,tau2_prep_check_telecom_0000,C:\Users\86132\Desktop\SafeDesk\benchmarks\tau2-bench\data\simulations\tau2_prep_check_telecom_0000\results.json,,2026-07-09T22:52:02
tau2_prep_check,telecom,telecom,none,[mms_issue]airplane_mode_on|bad_network_preference|bad_wifi_calling|break_app_sms_permission|data_mode_off|data_usage_exceeded|unseat_sim_card[PERSONA:Hard],telecom_0000,0,2012,pending,0,tau2_prep_check_telecom_0000,C:\Users\86132\Desktop\SafeDesk\benchmarks\tau2-bench\data\simulations\tau2_prep_check_telecom_0000\results.json,,2026-07-09T22:52:02
tau2_prep_check,telecom,telecom,none,[mms_issue]airplane_mode_on|bad_network_preference|bad_wifi_calling|break_app_storage_permission|data_mode_off|data_usage_exceeded|unseat_sim_card[PERSONA:None],telecom_0000,0,2013,pending,0,tau2_prep_check_telecom_0000,C:\Users\86132\Desktop\SafeDesk\benchmarks\tau2-bench\data\simulations\tau2_prep_check_telecom_0000\results.json,,2026-07-09T22:52:02
tau2_prep_check,telecom,telecom,none,[mms_issue]airplane_mode_on|bad_network_preference|bad_wifi_calling|break_app_both_permissions|data_mode_off|data_usage_exceeded|unseat_sim_card[PERSONA:Easy],telecom_0000,0,2014,pending,0,tau2_prep_check_telecom_0000,C:\Users\86132\Desktop\SafeDesk\benchmarks\tau2-bench\data\simulations\tau2_prep_check_telecom_0000\results.json,,2026-07-09T22:52:02
tau2_prep_check,telecom,telecom,none,[mms_issue]airplane_mode_on|bad_network_preference|break_apn_mms_setting|break_app_sms_permission|data_mode_off|data_usage_exceeded|unseat_sim_card[PERSONA:Hard],telecom_0000,0,2015,pending,0,tau2_prep_check_telecom_0000,C:\Users\86132\Desktop\SafeDesk\benchmarks\tau2-bench\data\simulations\tau2_prep_check_telecom_0000\results.json,,2026-07-09T22:52:02
tau2_prep_check,telecom,telecom,none,[mms_issue]airplane_mode_on|bad_network_preference|break_apn_mms_setting|break_app_storage_permission|data_mode_off|data_usage_exceeded|unseat_sim_card[PERSONA:None],telecom_0000,0,2016,pending,0,tau2_prep_check_telecom_0000,C:\Users\86132\Desktop\SafeDesk\benchmarks\tau2-bench\data\simulations\tau2_prep_check_telecom_0000\results.json,,2026-07-09T22:52:02
tau2_prep_check,telecom,telecom,none,[mms_issue]airplane_mode_on|bad_network_preference|break_apn_mms_setting|break_app_both_permissions|data_mode_off|data_usage_exceeded|unseat_sim_card[PERSONA:Easy],telecom_0000,0,2017,pending,0,tau2_prep_check_telecom_0000,C:\Users\86132\Desktop\SafeDesk\benchmarks\tau2-bench\data\simulations\tau2_prep_check_telecom_0000\results.json,,2026-07-09T22:52:02
tau2_prep_check,telecom,telecom,none,[mms_issue]airplane_mode_on|bad_wifi_calling|break_apn_mms_setting|break_app_sms_permission|data_mode_off|data_usage_exceeded|unseat_sim_card[PERSONA:Hard],telecom_0000,0,2018,pending,0,tau2_prep_check_telecom_0000,C:\Users\86132\Desktop\SafeDesk\benchmarks\tau2-bench\data\simulations\tau2_prep_check_telecom_0000\results.json,,2026-07-09T22:52:02
tau2_prep_check,telecom,telecom,none,[mms_issue]airplane_mode_on|bad_wifi_calling|break_apn_mms_setting|break_app_storage_permission|data_mode_off|data_usage_exceeded|unseat_sim_card[PERSONA:None],telecom_0000,0,2019,pending,0,tau2_prep_check_telecom_0000,C:\Users\86132\Desktop\SafeDesk\benchmarks\tau2-bench\data\simulations\tau2_prep_check_telecom_0000\results.json,,2026-07-09T22:52:02
tau2_prep_check,telecom,telecom,none,[mms_issue]airplane_mode_on|bad_wifi_calling|break_apn_mms_setting|break_app_both_permissions|data_mode_off|data_usage_exceeded|unseat_sim_card[PERSONA:Easy],telecom_0000,0,2020,pending,0,tau2_prep_check_telecom_0000,C:\Users\86132\Desktop\SafeDesk\benchmarks\tau2-bench\data\simulations\tau2_prep_check_telecom_0000\results.json,,2026-07-09T22:52:02
tau2_prep_check,telecom,telecom,none,[mms_issue]airplane_mode_on|bad_network_preference|bad_wifi_calling|break_apn_mms_setting|data_mode_off|unseat_sim_card|user_abroad_roaming_enabled_off[PERSONA:None],telecom_0000,0,2021,pending,0,tau2_prep_check_telecom_0000,C:\Users\86132\Desktop\SafeDesk\benchmarks\tau2-bench\data\simulations\tau2_prep_check_telecom_0000\results.json,,2026-07-09T22:52:02
tau2_prep_check,telecom,telecom,none,[mms_issue]airplane_mode_on|bad_network_preference|bad_wifi_calling|break_app_sms_permission|data_mode_off|unseat_sim_card|user_abroad_roaming_enabled_off[PERSONA:Easy],telecom_0000,0,2022,pending,0,tau2_prep_check_telecom_0000,C:\Users\86132\Desktop\SafeDesk\benchmarks\tau2-bench\data\simulations\tau2_prep_check_telecom_0000\results.json,,2026-07-09T22:52:02
tau2_prep_check,telecom,telecom,none,[mms_issue]airplane_mode_on|bad_network_preference|bad_wifi_calling|break_app_storage_permission|data_mode_off|unseat_sim_card|user_abroad_roaming_enabled_off[PERSONA:Hard],telecom_0000,0,2023,pending,0,tau2_prep_check_telecom_0000,C:\Users\86132\Desktop\SafeDesk\benchmarks\tau2-bench\data\simulations\tau2_prep_check_telecom_0000\results.json,,2026-07-09T22:52:02
tau2_prep_check,telecom,telecom,none,[mms_issue]airplane_mode_on|bad_network_preference|bad_wifi_calling|break_app_both_permissions|data_mode_off|unseat_sim_card|user_abroad_roaming_enabled_off[PERSONA:None],telecom_0000,0,2024,pending,0,tau2_prep_check_telecom_0000,C:\Users\86132\Desktop\SafeDesk\benchmarks\tau2-bench\data\simulations\tau2_prep_check_telecom_0000\results.json,,2026-07-09T22:52:02
tau2_prep_check,telecom,telecom,none,[mms_issue]airplane_mode_on|bad_network_preference|break_apn_mms_setting|break_app_sms_permission|data_mode_off|unseat_sim_card|user_abroad_roaming_enabled_off[PERSONA:Easy],telecom_0000,0,2025,pending,0,tau2_prep_check_telecom_0000,C:\Users\86132\Desktop\SafeDesk\benchmarks\tau2-bench\data\simulations\tau2_prep_check_telecom_0000\results.json,,2026-07-09T22:52:02
tau2_prep_check,telecom,telecom,none,[mms_issue]airplane_mode_on|bad_network_preference|break_apn_mms_setting|break_app_storage_permission|data_mode_off|unseat_sim_card|user_abroad_roaming_enabled_off[PERSONA:Hard],telecom_0000,0,2026,pending,0,tau2_prep_check_telecom_0000,C:\Users\86132\Desktop\SafeDesk\benchmarks\tau2-bench\data\simulations\tau2_prep_check_telecom_0000\results.json,,2026-07-09T22:52:02
tau2_prep_check,telecom,telecom,none,[mms_issue]airplane_mode_on|bad_network_preference|break_apn_mms_setting|break_app_both_permissions|data_mode_off|unseat_sim_card|user_abroad_roaming_enabled_off[PERSONA:None],telecom_0000,0,2027,pending,0,tau2_prep_check_telecom_0000,C:\Users\86132\Desktop\SafeDesk\benchmarks\tau2-bench\data\simulations\tau2_prep_check_telecom_0000\results.json,,2026-07-09T22:52:02
tau2_prep_check,telecom,telecom,none,[mms_issue]airplane_mode_on|bad_wifi_calling|break_apn_mms_setting|break_app_sms_permission|data_mode_off|unseat_sim_card|user_abroad_roaming_enabled_off[PERSONA:Easy],telecom_0000,0,2028,pending,0,tau2_prep_check_telecom_0000,C:\Users\86132\Desktop\SafeDesk\benchmarks\tau2-bench\data\simulations\tau2_prep_check_telecom_0000\results.json,,2026-07-09T22:52:02
tau2_prep_check,telecom,telecom,none,[mms_issue]airplane_mode_on|bad_wifi_calling|break_apn_mms_setting|break_app_storage_permission|data_mode_off|unseat_sim_card|user_abroad_roaming_enabled_off[PERSONA:Hard],telecom_0000,0,2029,pending,0,tau2_prep_check_telecom_0000,C:\Users\86132\Desktop\SafeDesk\benchmarks\tau2-bench\data\simulations\tau2_prep_check_telecom_0000\results.json,,2026-07-09T22:52:02
tau2_prep_check,telecom,telecom,none,[mms_issue]airplane_mode_on|bad_wifi_calling|break_apn_mms_setting|break_app_both_permissions|data_mode_off|unseat_sim_card|user_abroad_roaming_enabled_off[PERSONA:None],telecom_0000,0,2030,pending,0,tau2_prep_check_telecom_0000,C:\Users\86132\Desktop\SafeDesk\benchmarks\tau2-bench\data\simulations\tau2_prep_check_telecom_0000\results.json,,2026-07-09T22:52:02
tau2_prep_check,telecom,telecom,none,[mms_issue]airplane_mode_on|bad_network_preference|bad_wifi_calling|break_apn_mms_setting|data_mode_off|unseat_sim_card|user_abroad_roaming_disabled_on[PERSONA:Easy],telecom_0000,0,2031,pending,0,tau2_prep_check_telecom_0000,C:\Users\86132\Desktop\SafeDesk\benchmarks\tau2-bench\data\simulations\tau2_prep_check_telecom_0000\results.json,,2026-07-09T22:52:02
tau2_prep_check,telecom,telecom,none,[mms_issue]airplane_mode_on|bad_network_preference|bad_wifi_calling|break_app_sms_permission|data_mode_off|unseat_sim_card|user_abroad_roaming_disabled_on[PERSONA:Hard],telecom_0000,0,2032,pending,0,tau2_prep_check_telecom_0000,C:\Users\86132\Desktop\SafeDesk\benchmarks\tau2-bench\data\simulations\tau2_prep_check_telecom_0000\results.json,,2026-07-09T22:52:02
tau2_prep_check,telecom,telecom,none,[mms_issue]airplane_mode_on|bad_network_preference|bad_wifi_calling|break_app_storage_permission|data_mode_off|unseat_sim_card|user_abroad_roaming_disabled_on[PERSONA:None],telecom_0000,0,2033,pending,0,tau2_prep_check_telecom_0000,C:\Users\86132\Desktop\SafeDesk\benchmarks\tau2-bench\data\simulations\tau2_prep_check_telecom_0000\results.json,,2026-07-09T22:52:02
tau2_prep_check,telecom,telecom,none,[mms_issue]airplane_mode_on|bad_network_preference|bad_wifi_calling|break_app_both_permissions|data_mode_off|unseat_sim_card|user_abroad_roaming_disabled_on[PERSONA:Easy],telecom_0000,0,2034,pending,0,tau2_prep_check_telecom_0000,C:\Users\86132\Desktop\SafeDesk\benchmarks\tau2-bench\data\simulations\tau2_prep_check_telecom_0000\results.json,,2026-07-09T22:52:02
tau2_prep_check,telecom,telecom,none,[mms_issue]airplane_mode_on|bad_network_preference|break_apn_mms_setting|break_app_sms_permission|data_mode_off|unseat_sim_card|user_abroad_roaming_disabled_on[PERSONA:Hard],telecom_0000,0,2035,pending,0,tau2_prep_check_telecom_0000,C:\Users\86132\Desktop\SafeDesk\benchmarks\tau2-bench\data\simulations\tau2_prep_check_telecom_0000\results.json,,2026-07-09T22:52:02
tau2_prep_check,telecom,telecom,none,[mms_issue]airplane_mode_on|bad_network_preference|break_apn_mms_setting|break_app_storage_permission|data_mode_off|unseat_sim_card|user_abroad_roaming_disabled_on[PERSONA:None],telecom_0000,0,2036,pending,0,tau2_prep_check_telecom_0000,C:\Users\86132\Desktop\SafeDesk\benchmarks\tau2-bench\data\simulations\tau2_prep_check_telecom_0000\results.json,,2026-07-09T22:52:02
tau2_prep_check,telecom,telecom,none,[mms_issue]airplane_mode_on|bad_network_preference|break_apn_mms_setting|break_app_both_permissions|data_mode_off|unseat_sim_card|user_abroad_roaming_disabled_on[PERSONA:Easy],telecom_0000,0,2037,pending,0,tau2_prep_check_telecom_0000,C:\Users\86132\Desktop\SafeDesk\benchmarks\tau2-bench\data\simulations\tau2_prep_check_telecom_0000\results.json,,2026-07-09T22:52:02
tau2_prep_check,telecom,telecom,none,[mms_issue]airplane_mode_on|bad_wifi_calling|break_apn_mms_setting|break_app_sms_permission|data_mode_off|unseat_sim_card|user_abroad_roaming_disabled_on[PERSONA:Hard],telecom_0000,0,2038,pending,0,tau2_prep_check_telecom_0000,C:\Users\86132\Desktop\SafeDesk\benchmarks\tau2-bench\data\simulations\tau2_prep_check_telecom_0000\results.json,,2026-07-09T22:52:02
tau2_prep_check,telecom,telecom,none,[mms_issue]airplane_mode_on|bad_wifi_calling|break_apn_mms_setting|break_app_storage_permission|data_mode_off|unseat_sim_card|user_abroad_roaming_disabled_on[PERSONA:None],telecom_0000,0,2039,pending,0,tau2_prep_check_telecom_0000,C:\Users\86132\Desktop\SafeDesk\benchmarks\tau2-bench\data\simulations\tau2_prep_check_telecom_0000\results.json,,2026-07-09T22:52:02
tau2_prep_check,telecom,telecom,none,[mms_issue]airplane_mode_on|bad_wifi_calling|break_apn_mms_setting|break_app_both_permissions|data_mode_off|unseat_sim_card|user_abroad_roaming_disabled_on[PERSONA:Easy],telecom_0000,0,2040,pending,0,tau2_prep_check_telecom_0000,C:\Users\86132\Desktop\SafeDesk\benchmarks\tau2-bench\data\simulations\tau2_prep_check_telecom_0000\results.json,,2026-07-09T22:52:02
tau2_prep_check,telecom,telecom,none,[mms_issue]airplane_mode_on|bad_network_preference|bad_wifi_calling|break_apn_mms_setting|data_mode_off|unseat_sim_card|user_abroad_roaming_disabled_off[PERSONA:Hard],telecom_0000,0,2041,pending,0,tau2_prep_check_telecom_0000,C:\Users\86132\Desktop\SafeDesk\benchmarks\tau2-bench\data\simulations\tau2_prep_check_telecom_0000\results.json,,2026-07-09T22:52:02
tau2_prep_check,telecom,telecom,none,[mms_issue]airplane_mode_on|bad_network_preference|bad_wifi_calling|break_app_sms_permission|data_mode_off|unseat_sim_card|user_abroad_roaming_disabled_off[PERSONA:None],telecom_0000,0,2042,pending,0,tau2_prep_check_telecom_0000,C:\Users\86132\Desktop\SafeDesk\benchmarks\tau2-bench\data\simulations\tau2_prep_check_telecom_0000\results.json,,2026-07-09T22:52:02
tau2_prep_check,telecom,telecom,none,[mms_issue]airplane_mode_on|bad_network_preference|bad_wifi_calling|break_app_storage_permission|data_mode_off|unseat_sim_card|user_abroad_roaming_disabled_off[PERSONA:Easy],telecom_0000,0,2043,pending,0,tau2_prep_check_telecom_0000,C:\Users\86132\Desktop\SafeDesk\benchmarks\tau2-bench\data\simulations\tau2_prep_check_telecom_0000\results.json,,2026-07-09T22:52:02
tau2_prep_check,telecom,telecom,none,[mms_issue]airplane_mode_on|bad_network_preference|bad_wifi_calling|break_app_both_permissions|data_mode_off|unseat_sim_card|user_abroad_roaming_disabled_off[PERSONA:Hard],telecom_0000,0,2044,pending,0,tau2_prep_check_telecom_0000,C:\Users\86132\Desktop\SafeDesk\benchmarks\tau2-bench\data\simulations\tau2_prep_check_telecom_0000\results.json,,2026-07-09T22:52:02
tau2_prep_check,telecom,telecom,none,[mms_issue]airplane_mode_on|bad_network_preference|break_apn_mms_setting|break_app_sms_permission|data_mode_off|unseat_sim_card|user_abroad_roaming_disabled_off[PERSONA:None],telecom_0000,0,2045,pending,0,tau2_prep_check_telecom_0000,C:\Users\86132\Desktop\SafeDesk\benchmarks\tau2-bench\data\simulations\tau2_prep_check_telecom_0000\results.json,,2026-07-09T22:52:02
tau2_prep_check,telecom,telecom,none,[mms_issue]airplane_mode_on|bad_network_preference|break_apn_mms_setting|break_app_storage_permission|data_mode_off|unseat_sim_card|user_abroad_roaming_disabled_off[PERSONA:Easy],telecom_0000,0,2046,pending,0,tau2_prep_check_telecom_0000,C:\Users\86132\Desktop\SafeDesk\benchmarks\tau2-bench\data\simulations\tau2_prep_check_telecom_0000\results.json,,2026-07-09T22:52:02
tau2_prep_check,telecom,telecom,none,[mms_issue]airplane_mode_on|bad_network_preference|break_apn_mms_setting|break_app_both_permissions|data_mode_off|unseat_sim_card|user_abroad_roaming_disabled_off[PERSONA:Hard],telecom_0000,0,2047,pending,0,tau2_prep_check_telecom_0000,C:\Users\86132\Desktop\SafeDesk\benchmarks\tau2-bench\data\simulations\tau2_prep_check_telecom_0000\results.json,,2026-07-09T22:52:02
tau2_prep_check,telecom,telecom,none,[mms_issue]airplane_mode_on|bad_wifi_calling|break_apn_mms_setting|break_app_sms_permission|data_mode_off|unseat_sim_card|user_abroad_roaming_disabled_off[PERSONA:None],telecom_0000,0,2048,pending,0,tau2_prep_check_telecom_0000,C:\Users\86132\Desktop\SafeDesk\benchmarks\tau2-bench\data\simulations\tau2_prep_check_telecom_0000\results.json,,2026-07-09T22:52:02
tau2_prep_check,telecom,telecom,none,[mms_issue]airplane_mode_on|bad_wifi_calling|break_apn_mms_setting|break_app_storage_permission|data_mode_off|unseat_sim_card|user_abroad_roaming_disabled_off[PERSONA:Easy],telecom_0000,0,2049,pending,0,tau2_prep_check_telecom_0000,C:\Users\86132\Desktop\SafeDesk\benchmarks\tau2-bench\data\simulations\tau2_prep_check_telecom_0000\results.json,,2026-07-09T22:52:02
tau2_prep_check,telecom,telecom,none,[mms_issue]airplane_mode_on|bad_wifi_calling|break_apn_mms_setting|break_app_both_permissions|data_mode_off|unseat_sim_card|user_abroad_roaming_disabled_off[PERSONA:Hard],telecom_0000,0,2050,pending,0,tau2_prep_check_telecom_0000,C:\Users\86132\Desktop\SafeDesk\benchmarks\tau2-bench\data\simulations\tau2_prep_check_telecom_0000\results.json,,2026-07-09T22:52:02
tau2_prep_check,telecom,telecom,none,[mms_issue]airplane_mode_on|bad_network_preference|bad_wifi_calling|break_apn_mms_setting|break_app_sms_permission|data_mode_off|unseat_sim_card[PERSONA:None],telecom_0000,0,2051,pending,0,tau2_prep_check_telecom_0000,C:\Users\86132\Desktop\SafeDesk\benchmarks\tau2-bench\data\simulations\tau2_prep_check_telecom_0000\results.json,,2026-07-09T22:52:02
tau2_prep_check,telecom,telecom,none,[mms_issue]airplane_mode_on|bad_network_preference|bad_wifi_calling|break_apn_mms_setting|break_app_storage_permission|data_mode_off|unseat_sim_card[PERSONA:Easy],telecom_0000,0,2052,pending,0,tau2_prep_check_telecom_0000,C:\Users\86132\Desktop\SafeDesk\benchmarks\tau2-bench\data\simulations\tau2_prep_check_telecom_0000\results.json,,2026-07-09T22:52:02
tau2_prep_check,telecom,telecom,none,[mms_issue]airplane_mode_on|bad_network_preference|bad_wifi_calling|break_apn_mms_setting|break_app_both_permissions|data_mode_off|unseat_sim_card[PERSONA:Hard],telecom_0000,0,2053,pending,0,tau2_prep_check_telecom_0000,C:\Users\86132\Desktop\SafeDesk\benchmarks\tau2-bench\data\simulations\tau2_prep_check_telecom_0000\results.json,,2026-07-09T22:52:02
tau2_prep_check,telecom,telecom,none,[mms_issue]airplane_mode_on|bad_network_preference|bad_wifi_calling|break_apn_mms_setting|data_usage_exceeded|unseat_sim_card|user_abroad_roaming_enabled_off[PERSONA:None],telecom_0000,0,2054,pending,0,tau2_prep_check_telecom_0000,C:\Users\86132\Desktop\SafeDesk\benchmarks\tau2-bench\data\simulations\tau2_prep_check_telecom_0000\results.json,,2026-07-09T22:52:02
tau2_prep_check,telecom,telecom,none,[mms_issue]airplane_mode_on|bad_network_preference|bad_wifi_calling|break_app_sms_permission|data_usage_exceeded|unseat_sim_card|user_abroad_roaming_enabled_off[PERSONA:Easy],telecom_0000,0,2055,pending,0,tau2_prep_check_telecom_0000,C:\Users\86132\Desktop\SafeDesk\benchmarks\tau2-bench\data\simulations\tau2_prep_check_telecom_0000\results.json,,2026-07-09T22:52:02
tau2_prep_check,telecom,telecom,none,[mms_issue]airplane_mode_on|bad_network_preference|bad_wifi_calling|break_app_storage_permission|data_usage_exceeded|unseat_sim_card|user_abroad_roaming_enabled_off[PERSONA:Hard],telecom_0000,0,2056,pending,0,tau2_prep_check_telecom_0000,C:\Users\86132\Desktop\SafeDesk\benchmarks\tau2-bench\data\simulations\tau2_prep_check_telecom_0000\results.json,,2026-07-09T22:52:02
tau2_prep_check,telecom,telecom,none,[mms_issue]airplane_mode_on|bad_network_preference|bad_wifi_calling|break_app_both_permissions|data_usage_exceeded|unseat_sim_card|user_abroad_roaming_enabled_off[PERSONA:None],telecom_0000,0,2057,pending,0,tau2_prep_check_telecom_0000,C:\Users\86132\Desktop\SafeDesk\benchmarks\tau2-bench\data\simulations\tau2_prep_check_telecom_0000\results.json,,2026-07-09T22:52:02
tau2_prep_check,telecom,telecom,none,[mms_issue]airplane_mode_on|bad_network_preference|break_apn_mms_setting|break_app_sms_permission|data_usage_exceeded|unseat_sim_card|user_abroad_roaming_enabled_off[PERSONA:Easy],telecom_0000,0,2058,pending,0,tau2_prep_check_telecom_0000,C:\Users\86132\Desktop\SafeDesk\benchmarks\tau2-bench\data\simulations\tau2_prep_check_telecom_0000\results.json,,2026-07-09T22:52:02
tau2_prep_check,telecom,telecom,none,[mms_issue]airplane_mode_on|bad_network_preference|break_apn_mms_setting|break_app_storage_permission|data_usage_exceeded|unseat_sim_card|user_abroad_roaming_enabled_off[PERSONA:Hard],telecom_0000,0,2059,pending,0,tau2_prep_check_telecom_0000,C:\Users\86132\Desktop\SafeDesk\benchmarks\tau2-bench\data\simulations\tau2_prep_check_telecom_0000\results.json,,2026-07-09T22:52:02
tau2_prep_check,telecom,telecom,none,[mms_issue]airplane_mode_on|bad_network_preference|break_apn_mms_setting|break_app_both_permissions|data_usage_exceeded|unseat_sim_card|user_abroad_roaming_enabled_off[PERSONA:None],telecom_0000,0,2060,pending,0,tau2_prep_check_telecom_0000,C:\Users\86132\Desktop\SafeDesk\benchmarks\tau2-bench\data\simulations\tau2_prep_check_telecom_0000\results.json,,2026-07-09T22:52:02
tau2_prep_check,telecom,telecom,none,[mms_issue]airplane_mode_on|bad_wifi_calling|break_apn_mms_setting|break_app_sms_permission|data_usage_exceeded|unseat_sim_card|user_abroad_roaming_enabled_off[PERSONA:Easy],telecom_0000,0,2061,pending,0,tau2_prep_check_telecom_0000,C:\Users\86132\Desktop\SafeDesk\benchmarks\tau2-bench\data\simulations\tau2_prep_check_telecom_0000\results.json,,2026-07-09T22:52:02
tau2_prep_check,telecom,telecom,none,[mms_issue]airplane_mode_on|bad_wifi_calling|break_apn_mms_setting|break_app_storage_permission|data_usage_exceeded|unseat_sim_card|user_abroad_roaming_enabled_off[PERSONA:Hard],telecom_0000,0,2062,pending,0,tau2_prep_check_telecom_0000,C:\Users\86132\Desktop\SafeDesk\benchmarks\tau2-bench\data\simulations\tau2_prep_check_telecom_0000\results.json,,2026-07-09T22:52:02
tau2_prep_check,telecom,telecom,none,[mms_issue]airplane_mode_on|bad_wifi_calling|break_apn_mms_setting|break_app_both_permissions|data_usage_exceeded|unseat_sim_card|user_abroad_roaming_enabled_off[PERSONA:None],telecom_0000,0,2063,pending,0,tau2_prep_check_telecom_0000,C:\Users\86132\Desktop\SafeDesk\benchmarks\tau2-bench\data\simulations\tau2_prep_check_telecom_0000\results.json,,2026-07-09T22:52:02
tau2_prep_check,telecom,telecom,none,[mms_issue]airplane_mode_on|bad_network_preference|bad_wifi_calling|break_apn_mms_setting|data_usage_exceeded|unseat_sim_card|user_abroad_roaming_disabled_on[PERSONA:Easy],telecom_0000,0,2064,pending,0,tau2_prep_check_telecom_0000,C:\Users\86132\Desktop\SafeDesk\benchmarks\tau2-bench\data\simulations\tau2_prep_check_telecom_0000\results.json,,2026-07-09T22:52:02
tau2_prep_check,telecom,telecom,none,[mms_issue]airplane_mode_on|bad_network_preference|bad_wifi_calling|break_app_sms_permission|data_usage_exceeded|unseat_sim_card|user_abroad_roaming_disabled_on[PERSONA:Hard],telecom_0000,0,2065,pending,0,tau2_prep_check_telecom_0000,C:\Users\86132\Desktop\SafeDesk\benchmarks\tau2-bench\data\simulations\tau2_prep_check_telecom_0000\results.json,,2026-07-09T22:52:02
tau2_prep_check,telecom,telecom,none,[mms_issue]airplane_mode_on|bad_network_preference|bad_wifi_calling|break_app_storage_permission|data_usage_exceeded|unseat_sim_card|user_abroad_roaming_disabled_on[PERSONA:None],telecom_0000,0,2066,pending,0,tau2_prep_check_telecom_0000,C:\Users\86132\Desktop\SafeDesk\benchmarks\tau2-bench\data\simulations\tau2_prep_check_telecom_0000\results.json,,2026-07-09T22:52:02
tau2_prep_check,telecom,telecom,none,[mms_issue]airplane_mode_on|bad_network_preference|bad_wifi_calling|break_app_both_permissions|data_usage_exceeded|unseat_sim_card|user_abroad_roaming_disabled_on[PERSONA:Easy],telecom_0000,0,2067,pending,0,tau2_prep_check_telecom_0000,C:\Users\86132\Desktop\SafeDesk\benchmarks\tau2-bench\data\simulations\tau2_prep_check_telecom_0000\results.json,,2026-07-09T22:52:02
tau2_prep_check,telecom,telecom,none,[mms_issue]airplane_mode_on|bad_network_preference|break_apn_mms_setting|break_app_sms_permission|data_usage_exceeded|unseat_sim_card|user_abroad_roaming_disabled_on[PERSONA:Hard],telecom_0000,0,2068,pending,0,tau2_prep_check_telecom_0000,C:\Users\86132\Desktop\SafeDesk\benchmarks\tau2-bench\data\simulations\tau2_prep_check_telecom_0000\results.json,,2026-07-09T22:52:02
tau2_prep_check,telecom,telecom,none,[mms_issue]airplane_mode_on|bad_network_preference|break_apn_mms_setting|break_app_storage_permission|data_usage_exceeded|unseat_sim_card|user_abroad_roaming_disabled_on[PERSONA:None],telecom_0000,0,2069,pending,0,tau2_prep_check_telecom_0000,C:\Users\86132\Desktop\SafeDesk\benchmarks\tau2-bench\data\simulations\tau2_prep_check_telecom_0000\results.json,,2026-07-09T22:52:02
tau2_prep_check,telecom,telecom,none,[mms_issue]airplane_mode_on|bad_network_preference|break_apn_mms_setting|break_app_both_permissions|data_usage_exceeded|unseat_sim_card|user_abroad_roaming_disabled_on[PERSONA:Easy],telecom_0000,0,2070,pending,0,tau2_prep_check_telecom_0000,C:\Users\86132\Desktop\SafeDesk\benchmarks\tau2-bench\data\simulations\tau2_prep_check_telecom_0000\results.json,,2026-07-09T22:52:02
tau2_prep_check,telecom,telecom,none,[mms_issue]airplane_mode_on|bad_wifi_calling|break_apn_mms_setting|break_app_sms_permission|data_usage_exceeded|unseat_sim_card|user_abroad_roaming_disabled_on[PERSONA:Hard],telecom_0000,0,2071,pending,0,tau2_prep_check_telecom_0000,C:\Users\86132\Desktop\SafeDesk\benchmarks\tau2-bench\data\simulations\tau2_prep_check_telecom_0000\results.json,,2026-07-09T22:52:02
tau2_prep_check,telecom,telecom,none,[mms_issue]airplane_mode_on|bad_wifi_calling|break_apn_mms_setting|break_app_storage_permission|data_usage_exceeded|unseat_sim_card|user_abroad_roaming_disabled_on[PERSONA:None],telecom_0000,0,2072,pending,0,tau2_prep_check_telecom_0000,C:\Users\86132\Desktop\SafeDesk\benchmarks\tau2-bench\data\simulations\tau2_prep_check_telecom_0000\results.json,,2026-07-09T22:52:02
tau2_prep_check,telecom,telecom,none,[mms_issue]airplane_mode_on|bad_wifi_calling|break_apn_mms_setting|break_app_both_permissions|data_usage_exceeded|unseat_sim_card|user_abroad_roaming_disabled_on[PERSONA:Easy],telecom_0000,0,2073,pending,0,tau2_prep_check_telecom_0000,C:\Users\86132\Desktop\SafeDesk\benchmarks\tau2-bench\data\simulations\tau2_prep_check_telecom_0000\results.json,,2026-07-09T22:52:02
tau2_prep_check,telecom,telecom,none,[mms_issue]airplane_mode_on|bad_network_preference|bad_wifi_calling|break_apn_mms_setting|data_usage_exceeded|unseat_sim_card|user_abroad_roaming_disabled_off[PERSONA:Hard],telecom_0000,0,2074,pending,0,tau2_prep_check_telecom_0000,C:\Users\86132\Desktop\SafeDesk\benchmarks\tau2-bench\data\simulations\tau2_prep_check_telecom_0000\results.json,,2026-07-09T22:52:02
tau2_prep_check,telecom,telecom,none,[mms_issue]airplane_mode_on|bad_network_preference|bad_wifi_calling|break_app_sms_permission|data_usage_exceeded|unseat_sim_card|user_abroad_roaming_disabled_off[PERSONA:None],telecom_0000,0,2075,pending,0,tau2_prep_check_telecom_0000,C:\Users\86132\Desktop\SafeDesk\benchmarks\tau2-bench\data\simulations\tau2_prep_check_telecom_0000\results.json,,2026-07-09T22:52:02
tau2_prep_check,telecom,telecom,none,[mms_issue]airplane_mode_on|bad_network_preference|bad_wifi_calling|break_app_storage_permission|data_usage_exceeded|unseat_sim_card|user_abroad_roaming_disabled_off[PERSONA:Easy],telecom_0000,0,2076,pending,0,tau2_prep_check_telecom_0000,C:\Users\86132\Desktop\SafeDesk\benchmarks\tau2-bench\data\simulations\tau2_prep_check_telecom_0000\results.json,,2026-07-09T22:52:02
tau2_prep_check,telecom,telecom,none,[mms_issue]airplane_mode_on|bad_network_preference|bad_wifi_calling|break_app_both_permissions|data_usage_exceeded|unseat_sim_card|user_abroad_roaming_disabled_off[PERSONA:Hard],telecom_0000,0,2077,pending,0,tau2_prep_check_telecom_0000,C:\Users\86132\Desktop\SafeDesk\benchmarks\tau2-bench\data\simulations\tau2_prep_check_telecom_0000\results.json,,2026-07-09T22:52:02
tau2_prep_check,telecom,telecom,none,[mms_issue]airplane_mode_on|bad_network_preference|break_apn_mms_setting|break_app_sms_permission|data_usage_exceeded|unseat_sim_card|user_abroad_roaming_disabled_off[PERSONA:None],telecom_0000,0,2078,pending,0,tau2_prep_check_telecom_0000,C:\Users\86132\Desktop\SafeDesk\benchmarks\tau2-bench\data\simulations\tau2_prep_check_telecom_0000\results.json,,2026-07-09T22:52:02
tau2_prep_check,telecom,telecom,none,[mms_issue]airplane_mode_on|bad_network_preference|break_apn_mms_setting|break_app_storage_permission|data_usage_exceeded|unseat_sim_card|user_abroad_roaming_disabled_off[PERSONA:Easy],telecom_0000,0,2079,pending,0,tau2_prep_check_telecom_0000,C:\Users\86132\Desktop\SafeDesk\benchmarks\tau2-bench\data\simulations\tau2_prep_check_telecom_0000\results.json,,2026-07-09T22:52:02
tau2_prep_check,telecom,telecom,none,[mms_issue]airplane_mode_on|bad_network_preference|break_apn_mms_setting|break_app_both_permissions|data_usage_exceeded|unseat_sim_card|user_abroad_roaming_disabled_off[PERSONA:Hard],telecom_0000,0,2080,pending,0,tau2_prep_check_telecom_0000,C:\Users\86132\Desktop\SafeDesk\benchmarks\tau2-bench\data\simulations\tau2_prep_check_telecom_0000\results.json,,2026-07-09T22:52:02
tau2_prep_check,telecom,telecom,none,[mms_issue]airplane_mode_on|bad_wifi_calling|break_apn_mms_setting|break_app_sms_permission|data_usage_exceeded|unseat_sim_card|user_abroad_roaming_disabled_off[PERSONA:None],telecom_0000,0,2081,pending,0,tau2_prep_check_telecom_0000,C:\Users\86132\Desktop\SafeDesk\benchmarks\tau2-bench\data\simulations\tau2_prep_check_telecom_0000\results.json,,2026-07-09T22:52:02
tau2_prep_check,telecom,telecom,none,[mms_issue]airplane_mode_on|bad_wifi_calling|break_apn_mms_setting|break_app_storage_permission|data_usage_exceeded|unseat_sim_card|user_abroad_roaming_disabled_off[PERSONA:Easy],telecom_0000,0,2082,pending,0,tau2_prep_check_telecom_0000,C:\Users\86132\Desktop\SafeDesk\benchmarks\tau2-bench\data\simulations\tau2_prep_check_telecom_0000\results.json,,2026-07-09T22:52:02
tau2_prep_check,telecom,telecom,none,[mms_issue]airplane_mode_on|bad_wifi_calling|break_apn_mms_setting|break_app_both_permissions|data_usage_exceeded|unseat_sim_card|user_abroad_roaming_disabled_off[PERSONA:Hard],telecom_0000,0,2083,pending,0,tau2_prep_check_telecom_0000,C:\Users\86132\Desktop\SafeDesk\benchmarks\tau2-bench\data\simulations\tau2_prep_check_telecom_0000\results.json,,2026-07-09T22:52:02
tau2_prep_check,telecom,telecom,none,[mms_issue]airplane_mode_on|bad_network_preference|bad_wifi_calling|break_apn_mms_setting|break_app_sms_permission|data_usage_exceeded|unseat_sim_card[PERSONA:None],telecom_0000,0,2084,pending,0,tau2_prep_check_telecom_0000,C:\Users\86132\Desktop\SafeDesk\benchmarks\tau2-bench\data\simulations\tau2_prep_check_telecom_0000\results.json,,2026-07-09T22:52:02
tau2_prep_check,telecom,telecom,none,[mms_issue]airplane_mode_on|bad_network_preference|bad_wifi_calling|break_apn_mms_setting|break_app_storage_permission|data_usage_exceeded|unseat_sim_card[PERSONA:Easy],telecom_0000,0,2085,pending,0,tau2_prep_check_telecom_0000,C:\Users\86132\Desktop\SafeDesk\benchmarks\tau2-bench\data\simulations\tau2_prep_check_telecom_0000\results.json,,2026-07-09T22:52:02
tau2_prep_check,telecom,telecom,none,[mms_issue]airplane_mode_on|bad_network_preference|bad_wifi_calling|break_apn_mms_setting|break_app_both_permissions|data_usage_exceeded|unseat_sim_card[PERSONA:Hard],telecom_0000,0,2086,pending,0,tau2_prep_check_telecom_0000,C:\Users\86132\Desktop\SafeDesk\benchmarks\tau2-bench\data\simulations\tau2_prep_check_telecom_0000\results.json,,2026-07-09T22:52:02
tau2_prep_check,telecom,telecom,none,[mms_issue]airplane_mode_on|bad_network_preference|bad_wifi_calling|break_apn_mms_setting|break_app_sms_permission|unseat_sim_card|user_abroad_roaming_enabled_off[PERSONA:None],telecom_0000,0,2087,pending,0,tau2_prep_check_telecom_0000,C:\Users\86132\Desktop\SafeDesk\benchmarks\tau2-bench\data\simulations\tau2_prep_check_telecom_0000\results.json,,2026-07-09T22:52:02
tau2_prep_check,telecom,telecom,none,[mms_issue]airplane_mode_on|bad_network_preference|bad_wifi_calling|break_apn_mms_setting|break_app_storage_permission|unseat_sim_card|user_abroad_roaming_enabled_off[PERSONA:Easy],telecom_0000,0,2088,pending,0,tau2_prep_check_telecom_0000,C:\Users\86132\Desktop\SafeDesk\benchmarks\tau2-bench\data\simulations\tau2_prep_check_telecom_0000\results.json,,2026-07-09T22:52:02
tau2_prep_check,telecom,telecom,none,[mms_issue]airplane_mode_on|bad_network_preference|bad_wifi_calling|break_apn_mms_setting|break_app_both_permissions|unseat_sim_card|user_abroad_roaming_enabled_off[PERSONA:Hard],telecom_0000,0,2089,pending,0,tau2_prep_check_telecom_0000,C:\Users\86132\Desktop\SafeDesk\benchmarks\tau2-bench\data\simulations\tau2_prep_check_telecom_0000\results.json,,2026-07-09T22:52:02
tau2_prep_check,telecom,telecom,none,[mms_issue]airplane_mode_on|bad_network_preference|bad_wifi_calling|break_apn_mms_setting|break_app_sms_permission|unseat_sim_card|user_abroad_roaming_disabled_on[PERSONA:None],telecom_0000,0,2090,pending,0,tau2_prep_check_telecom_0000,C:\Users\86132\Desktop\SafeDesk\benchmarks\tau2-bench\data\simulations\tau2_prep_check_telecom_0000\results.json,,2026-07-09T22:52:02
tau2_prep_check,telecom,telecom,none,[mms_issue]airplane_mode_on|bad_network_preference|bad_wifi_calling|break_apn_mms_setting|break_app_storage_permission|unseat_sim_card|user_abroad_roaming_disabled_on[PERSONA:Easy],telecom_0000,0,2091,pending,0,tau2_prep_check_telecom_0000,C:\Users\86132\Desktop\SafeDesk\benchmarks\tau2-bench\data\simulations\tau2_prep_check_telecom_0000\results.json,,2026-07-09T22:52:02
tau2_prep_check,telecom,telecom,none,[mms_issue]airplane_mode_on|bad_network_preference|bad_wifi_calling|break_apn_mms_setting|break_app_both_permissions|unseat_sim_card|user_abroad_roaming_disabled_on[PERSONA:Hard],telecom_0000,0,2092,pending,0,tau2_prep_check_telecom_0000,C:\Users\86132\Desktop\SafeDesk\benchmarks\tau2-bench\data\simulations\tau2_prep_check_telecom_0000\results.json,,2026-07-09T22:52:02
tau2_prep_check,telecom,telecom,none,[mms_issue]airplane_mode_on|bad_network_preference|bad_wifi_calling|break_apn_mms_setting|break_app_sms_permission|unseat_sim_card|user_abroad_roaming_disabled_off[PERSONA:None],telecom_0000,0,2093,pending,0,tau2_prep_check_telecom_0000,C:\Users\86132\Desktop\SafeDesk\benchmarks\tau2-bench\data\simulations\tau2_prep_check_telecom_0000\results.json,,2026-07-09T22:52:02
tau2_prep_check,telecom,telecom,none,[mms_issue]airplane_mode_on|bad_network_preference|bad_wifi_calling|break_apn_mms_setting|break_app_storage_permission|unseat_sim_card|user_abroad_roaming_disabled_off[PERSONA:Easy],telecom_0000,0,2094,pending,0,tau2_prep_check_telecom_0000,C:\Users\86132\Desktop\SafeDesk\benchmarks\tau2-bench\data\simulations\tau2_prep_check_telecom_0000\results.json,,2026-07-09T22:52:02
tau2_prep_check,telecom,telecom,none,[mms_issue]airplane_mode_on|bad_network_preference|bad_wifi_calling|break_apn_mms_setting|break_app_both_permissions|unseat_sim_card|user_abroad_roaming_disabled_off[PERSONA:Hard],telecom_0000,0,2095,pending,0,tau2_prep_check_telecom_0000,C:\Users\86132\Desktop\SafeDesk\benchmarks\tau2-bench\data\simulations\tau2_prep_check_telecom_0000\results.json,,2026-07-09T22:52:02
tau2_prep_check,telecom,telecom,none,[mms_issue]airplane_mode_on|bad_network_preference|bad_wifi_calling|break_apn_mms_setting|data_mode_off|data_usage_exceeded|user_abroad_roaming_enabled_off[PERSONA:None],telecom_0000,0,2096,pending,0,tau2_prep_check_telecom_0000,C:\Users\86132\Desktop\SafeDesk\benchmarks\tau2-bench\data\simulations\tau2_prep_check_telecom_0000\results.json,,2026-07-09T22:52:02
tau2_prep_check,telecom,telecom,none,[mms_issue]airplane_mode_on|bad_network_preference|bad_wifi_calling|break_app_sms_permission|data_mode_off|data_usage_exceeded|user_abroad_roaming_enabled_off[PERSONA:Easy],telecom_0000,0,2097,pending,0,tau2_prep_check_telecom_0000,C:\Users\86132\Desktop\SafeDesk\benchmarks\tau2-bench\data\simulations\tau2_prep_check_telecom_0000\results.json,,2026-07-09T22:52:02
tau2_prep_check,telecom,telecom,none,[mms_issue]airplane_mode_on|bad_network_preference|bad_wifi_calling|break_app_storage_permission|data_mode_off|data_usage_exceeded|user_abroad_roaming_enabled_off[PERSONA:Hard],telecom_0000,0,2098,pending,0,tau2_prep_check_telecom_0000,C:\Users\86132\Desktop\SafeDesk\benchmarks\tau2-bench\data\simulations\tau2_prep_check_telecom_0000\results.json,,2026-07-09T22:52:02
tau2_prep_check,telecom,telecom,none,[mms_issue]airplane_mode_on|bad_network_preference|bad_wifi_calling|break_app_both_permissions|data_mode_off|data_usage_exceeded|user_abroad_roaming_enabled_off[PERSONA:None],telecom_0000,0,2099,pending,0,tau2_prep_check_telecom_0000,C:\Users\86132\Desktop\SafeDesk\benchmarks\tau2-bench\data\simulations\tau2_prep_check_telecom_0000\results.json,,2026-07-09T22:52:02
tau2_prep_check,telecom,telecom,none,[mms_issue]airplane_mode_on|bad_network_preference|break_apn_mms_setting|break_app_sms_permission|data_mode_off|data_usage_exceeded|user_abroad_roaming_enabled_off[PERSONA:Easy],telecom_0000,0,2100,pending,0,tau2_prep_check_telecom_0000,C:\Users\86132\Desktop\SafeDesk\benchmarks\tau2-bench\data\simulations\tau2_prep_check_telecom_0000\results.json,,2026-07-09T22:52:02
tau2_prep_check,telecom,telecom,none,[mms_issue]airplane_mode_on|bad_network_preference|break_apn_mms_setting|break_app_storage_permission|data_mode_off|data_usage_exceeded|user_abroad_roaming_enabled_off[PERSONA:Hard],telecom_0000,0,2101,pending,0,tau2_prep_check_telecom_0000,C:\Users\86132\Desktop\SafeDesk\benchmarks\tau2-bench\data\simulations\tau2_prep_check_telecom_0000\results.json,,2026-07-09T22:52:02
tau2_prep_check,telecom,telecom,none,[mms_issue]airplane_mode_on|bad_network_preference|break_apn_mms_setting|break_app_both_permissions|data_mode_off|data_usage_exceeded|user_abroad_roaming_enabled_off[PERSONA:None],telecom_0000,0,2102,pending,0,tau2_prep_check_telecom_0000,C:\Users\86132\Desktop\SafeDesk\benchmarks\tau2-bench\data\simulations\tau2_prep_check_telecom_0000\results.json,,2026-07-09T22:52:02
tau2_prep_check,telecom,telecom,none,[mms_issue]airplane_mode_on|bad_wifi_calling|break_apn_mms_setting|break_app_sms_permission|data_mode_off|data_usage_exceeded|user_abroad_roaming_enabled_off[PERSONA:Easy],telecom_0000,0,2103,pending,0,tau2_prep_check_telecom_0000,C:\Users\86132\Desktop\SafeDesk\benchmarks\tau2-bench\data\simulations\tau2_prep_check_telecom_0000\results.json,,2026-07-09T22:52:02
tau2_prep_check,telecom,telecom,none,[mms_issue]airplane_mode_on|bad_wifi_calling|break_apn_mms_setting|break_app_storage_permission|data_mode_off|data_usage_exceeded|user_abroad_roaming_enabled_off[PERSONA:Hard],telecom_0000,0,2104,pending,0,tau2_prep_check_telecom_0000,C:\Users\86132\Desktop\SafeDesk\benchmarks\tau2-bench\data\simulations\tau2_prep_check_telecom_0000\results.json,,2026-07-09T22:52:02
tau2_prep_check,telecom,telecom,none,[mms_issue]airplane_mode_on|bad_wifi_calling|break_apn_mms_setting|break_app_both_permissions|data_mode_off|data_usage_exceeded|user_abroad_roaming_enabled_off[PERSONA:None],telecom_0000,0,2105,pending,0,tau2_prep_check_telecom_0000,C:\Users\86132\Desktop\SafeDesk\benchmarks\tau2-bench\data\simulations\tau2_prep_check_telecom_0000\results.json,,2026-07-09T22:52:02
tau2_prep_check,telecom,telecom,none,[mms_issue]airplane_mode_on|bad_network_preference|bad_wifi_calling|break_apn_mms_setting|data_mode_off|data_usage_exceeded|user_abroad_roaming_disabled_on[PERSONA:Easy],telecom_0000,0,2106,pending,0,tau2_prep_check_telecom_0000,C:\Users\86132\Desktop\SafeDesk\benchmarks\tau2-bench\data\simulations\tau2_prep_check_telecom_0000\results.json,,2026-07-09T22:52:02
tau2_prep_check,telecom,telecom,none,[mms_issue]airplane_mode_on|bad_network_preference|bad_wifi_calling|break_app_sms_permission|data_mode_off|data_usage_exceeded|user_abroad_roaming_disabled_on[PERSONA:Hard],telecom_0000,0,2107,pending,0,tau2_prep_check_telecom_0000,C:\Users\86132\Desktop\SafeDesk\benchmarks\tau2-bench\data\simulations\tau2_prep_check_telecom_0000\results.json,,2026-07-09T22:52:02
tau2_prep_check,telecom,telecom,none,[mms_issue]airplane_mode_on|bad_network_preference|bad_wifi_calling|break_app_storage_permission|data_mode_off|data_usage_exceeded|user_abroad_roaming_disabled_on[PERSONA:None],telecom_0000,0,2108,pending,0,tau2_prep_check_telecom_0000,C:\Users\86132\Desktop\SafeDesk\benchmarks\tau2-bench\data\simulations\tau2_prep_check_telecom_0000\results.json,,2026-07-09T22:52:02
tau2_prep_check,telecom,telecom,none,[mms_issue]airplane_mode_on|bad_network_preference|bad_wifi_calling|break_app_both_permissions|data_mode_off|data_usage_exceeded|user_abroad_roaming_disabled_on[PERSONA:Easy],telecom_0000,0,2109,pending,0,tau2_prep_check_telecom_0000,C:\Users\86132\Desktop\SafeDesk\benchmarks\tau2-bench\data\simulations\tau2_prep_check_telecom_0000\results.json,,2026-07-09T22:52:02
tau2_prep_check,telecom,telecom,none,[mms_issue]airplane_mode_on|bad_network_preference|break_apn_mms_setting|break_app_sms_permission|data_mode_off|data_usage_exceeded|user_abroad_roaming_disabled_on[PERSONA:Hard],telecom_0000,0,2110,pending,0,tau2_prep_check_telecom_0000,C:\Users\86132\Desktop\SafeDesk\benchmarks\tau2-bench\data\simulations\tau2_prep_check_telecom_0000\results.json,,2026-07-09T22:52:02
tau2_prep_check,telecom,telecom,none,[mms_issue]airplane_mode_on|bad_network_preference|break_apn_mms_setting|break_app_storage_permission|data_mode_off|data_usage_exceeded|user_abroad_roaming_disabled_on[PERSONA:None],telecom_0000,0,2111,pending,0,tau2_prep_check_telecom_0000,C:\Users\86132\Desktop\SafeDesk\benchmarks\tau2-bench\data\simulations\tau2_prep_check_telecom_0000\results.json,,2026-07-09T22:52:02
tau2_prep_check,telecom,telecom,none,[mms_issue]airplane_mode_on|bad_network_preference|break_apn_mms_setting|break_app_both_permissions|data_mode_off|data_usage_exceeded|user_abroad_roaming_disabled_on[PERSONA:Easy],telecom_0000,0,2112,pending,0,tau2_prep_check_telecom_0000,C:\Users\86132\Desktop\SafeDesk\benchmarks\tau2-bench\data\simulations\tau2_prep_check_telecom_0000\results.json,,2026-07-09T22:52:02
tau2_prep_check,telecom,telecom,none,[mms_issue]airplane_mode_on|bad_wifi_calling|break_apn_mms_setting|break_app_sms_permission|data_mode_off|data_usage_exceeded|user_abroad_roaming_disabled_on[PERSONA:Hard],telecom_0000,0,2113,pending,0,tau2_prep_check_telecom_0000,C:\Users\86132\Desktop\SafeDesk\benchmarks\tau2-bench\data\simulations\tau2_prep_check_telecom_0000\results.json,,2026-07-09T22:52:02
tau2_prep_check,telecom,telecom,none,[mms_issue]airplane_mode_on|bad_wifi_calling|break_apn_mms_setting|break_app_storage_permission|data_mode_off|data_usage_exceeded|user_abroad_roaming_disabled_on[PERSONA:None],telecom_0000,0,2114,pending,0,tau2_prep_check_telecom_0000,C:\Users\86132\Desktop\SafeDesk\benchmarks\tau2-bench\data\simulations\tau2_prep_check_telecom_0000\results.json,,2026-07-09T22:52:02
tau2_prep_check,telecom,telecom,none,[mms_issue]airplane_mode_on|bad_wifi_calling|break_apn_mms_setting|break_app_both_permissions|data_mode_off|data_usage_exceeded|user_abroad_roaming_disabled_on[PERSONA:Easy],telecom_0000,0,2115,pending,0,tau2_prep_check_telecom_0000,C:\Users\86132\Desktop\SafeDesk\benchmarks\tau2-bench\data\simulations\tau2_prep_check_telecom_0000\results.json,,2026-07-09T22:52:02
tau2_prep_check,telecom,telecom,none,[mms_issue]airplane_mode_on|bad_network_preference|bad_wifi_calling|break_apn_mms_setting|data_mode_off|data_usage_exceeded|user_abroad_roaming_disabled_off[PERSONA:Hard],telecom_0000,0,2116,pending,0,tau2_prep_check_telecom_0000,C:\Users\86132\Desktop\SafeDesk\benchmarks\tau2-bench\data\simulations\tau2_prep_check_telecom_0000\results.json,,2026-07-09T22:52:02
tau2_prep_check,telecom,telecom,none,[mms_issue]airplane_mode_on|bad_network_preference|bad_wifi_calling|break_app_sms_permission|data_mode_off|data_usage_exceeded|user_abroad_roaming_disabled_off[PERSONA:None],telecom_0000,0,2117,pending,0,tau2_prep_check_telecom_0000,C:\Users\86132\Desktop\SafeDesk\benchmarks\tau2-bench\data\simulations\tau2_prep_check_telecom_0000\results.json,,2026-07-09T22:52:02
tau2_prep_check,telecom,telecom,none,[mms_issue]airplane_mode_on|bad_network_preference|bad_wifi_calling|break_app_storage_permission|data_mode_off|data_usage_exceeded|user_abroad_roaming_disabled_off[PERSONA:Easy],telecom_0000,0,2118,pending,0,tau2_prep_check_telecom_0000,C:\Users\86132\Desktop\SafeDesk\benchmarks\tau2-bench\data\simulations\tau2_prep_check_telecom_0000\results.json,,2026-07-09T22:52:02
tau2_prep_check,telecom,telecom,none,[mms_issue]airplane_mode_on|bad_network_preference|bad_wifi_calling|break_app_both_permissions|data_mode_off|data_usage_exceeded|user_abroad_roaming_disabled_off[PERSONA:Hard],telecom_0000,0,2119,pending,0,tau2_prep_check_telecom_0000,C:\Users\86132\Desktop\SafeDesk\benchmarks\tau2-bench\data\simulations\tau2_prep_check_telecom_0000\results.json,,2026-07-09T22:52:02
tau2_prep_check,telecom,telecom,none,[mms_issue]airplane_mode_on|bad_network_preference|break_apn_mms_setting|break_app_sms_permission|data_mode_off|data_usage_exceeded|user_abroad_roaming_disabled_off[PERSONA:None],telecom_0000,0,2120,pending,0,tau2_prep_check_telecom_0000,C:\Users\86132\Desktop\SafeDesk\benchmarks\tau2-bench\data\simulations\tau2_prep_check_telecom_0000\results.json,,2026-07-09T22:52:02
tau2_prep_check,telecom,telecom,none,[mms_issue]airplane_mode_on|bad_network_preference|break_apn_mms_setting|break_app_storage_permission|data_mode_off|data_usage_exceeded|user_abroad_roaming_disabled_off[PERSONA:Easy],telecom_0000,0,2121,pending,0,tau2_prep_check_telecom_0000,C:\Users\86132\Desktop\SafeDesk\benchmarks\tau2-bench\data\simulations\tau2_prep_check_telecom_0000\results.json,,2026-07-09T22:52:02
tau2_prep_check,telecom,telecom,none,[mms_issue]airplane_mode_on|bad_network_preference|break_apn_mms_setting|break_app_both_permissions|data_mode_off|data_usage_exceeded|user_abroad_roaming_disabled_off[PERSONA:Hard],telecom_0000,0,2122,pending,0,tau2_prep_check_telecom_0000,C:\Users\86132\Desktop\SafeDesk\benchmarks\tau2-bench\data\simulations\tau2_prep_check_telecom_0000\results.json,,2026-07-09T22:52:02
tau2_prep_check,telecom,telecom,none,[mms_issue]airplane_mode_on|bad_wifi_calling|break_apn_mms_setting|break_app_sms_permission|data_mode_off|data_usage_exceeded|user_abroad_roaming_disabled_off[PERSONA:None],telecom_0000,0,2123,pending,0,tau2_prep_check_telecom_0000,C:\Users\86132\Desktop\SafeDesk\benchmarks\tau2-bench\data\simulations\tau2_prep_check_telecom_0000\results.json,,2026-07-09T22:52:02
tau2_prep_check,telecom,telecom,none,[mms_issue]airplane_mode_on|bad_wifi_calling|break_apn_mms_setting|break_app_storage_permission|data_mode_off|data_usage_exceeded|user_abroad_roaming_disabled_off[PERSONA:Easy],telecom_0000,0,2124,pending,0,tau2_prep_check_telecom_0000,C:\Users\86132\Desktop\SafeDesk\benchmarks\tau2-bench\data\simulations\tau2_prep_check_telecom_0000\results.json,,2026-07-09T22:52:02
tau2_prep_check,telecom,telecom,none,[mms_issue]airplane_mode_on|bad_wifi_calling|break_apn_mms_setting|break_app_both_permissions|data_mode_off|data_usage_exceeded|user_abroad_roaming_disabled_off[PERSONA:Hard],telecom_0000,0,2125,pending,0,tau2_prep_check_telecom_0000,C:\Users\86132\Desktop\SafeDesk\benchmarks\tau2-bench\data\simulations\tau2_prep_check_telecom_0000\results.json,,2026-07-09T22:52:02
tau2_prep_check,telecom,telecom,none,[mms_issue]airplane_mode_on|bad_network_preference|bad_wifi_calling|break_apn_mms_setting|break_app_sms_permission|data_mode_off|data_usage_exceeded[PERSONA:None],telecom_0000,0,2126,pending,0,tau2_prep_check_telecom_0000,C:\Users\86132\Desktop\SafeDesk\benchmarks\tau2-bench\data\simulations\tau2_prep_check_telecom_0000\results.json,,2026-07-09T22:52:02
tau2_prep_check,telecom,telecom,none,[mms_issue]airplane_mode_on|bad_network_preference|bad_wifi_calling|break_apn_mms_setting|break_app_storage_permission|data_mode_off|data_usage_exceeded[PERSONA:Easy],telecom_0000,0,2127,pending,0,tau2_prep_check_telecom_0000,C:\Users\86132\Desktop\SafeDesk\benchmarks\tau2-bench\data\simulations\tau2_prep_check_telecom_0000\results.json,,2026-07-09T22:52:02
tau2_prep_check,telecom,telecom,none,[mms_issue]airplane_mode_on|bad_network_preference|bad_wifi_calling|break_apn_mms_setting|break_app_both_permissions|data_mode_off|data_usage_exceeded[PERSONA:Hard],telecom_0000,0,2128,pending,0,tau2_prep_check_telecom_0000,C:\Users\86132\Desktop\SafeDesk\benchmarks\tau2-bench\data\simulations\tau2_prep_check_telecom_0000\results.json,,2026-07-09T22:52:02
tau2_prep_check,telecom,telecom,none,[mms_issue]airplane_mode_on|bad_network_preference|bad_wifi_calling|break_apn_mms_setting|break_app_sms_permission|data_mode_off|user_abroad_roaming_enabled_off[PERSONA:None],telecom_0000,0,2129,pending,0,tau2_prep_check_telecom_0000,C:\Users\86132\Desktop\SafeDesk\benchmarks\tau2-bench\data\simulations\tau2_prep_check_telecom_0000\results.json,,2026-07-09T22:52:02
tau2_prep_check,telecom,telecom,none,[mms_issue]airplane_mode_on|bad_network_preference|bad_wifi_calling|break_apn_mms_setting|break_app_storage_permission|data_mode_off|user_abroad_roaming_enabled_off[PERSONA:Easy],telecom_0000,0,2130,pending,0,tau2_prep_check_telecom_0000,C:\Users\86132\Desktop\SafeDesk\benchmarks\tau2-bench\data\simulations\tau2_prep_check_telecom_0000\results.json,,2026-07-09T22:52:02
tau2_prep_check,telecom,telecom,none,[mms_issue]airplane_mode_on|bad_network_preference|bad_wifi_calling|break_apn_mms_setting|break_app_both_permissions|data_mode_off|user_abroad_roaming_enabled_off[PERSONA:Hard],telecom_0000,0,2131,pending,0,tau2_prep_check_telecom_0000,C:\Users\86132\Desktop\SafeDesk\benchmarks\tau2-bench\data\simulations\tau2_prep_check_telecom_0000\results.json,,2026-07-09T22:52:02
tau2_prep_check,telecom,telecom,none,[mms_issue]airplane_mode_on|bad_network_preference|bad_wifi_calling|break_apn_mms_setting|break_app_sms_permission|data_mode_off|user_abroad_roaming_disabled_on[PERSONA:None],telecom_0000,0,2132,pending,0,tau2_prep_check_telecom_0000,C:\Users\86132\Desktop\SafeDesk\benchmarks\tau2-bench\data\simulations\tau2_prep_check_telecom_0000\results.json,,2026-07-09T22:52:02
tau2_prep_check,telecom,telecom,none,[mms_issue]airplane_mode_on|bad_network_preference|bad_wifi_calling|break_apn_mms_setting|break_app_storage_permission|data_mode_off|user_abroad_roaming_disabled_on[PERSONA:Easy],telecom_0000,0,2133,pending,0,tau2_prep_check_telecom_0000,C:\Users\86132\Desktop\SafeDesk\benchmarks\tau2-bench\data\simulations\tau2_prep_check_telecom_0000\results.json,,2026-07-09T22:52:02
tau2_prep_check,telecom,telecom,none,[mms_issue]airplane_mode_on|bad_network_preference|bad_wifi_calling|break_apn_mms_setting|break_app_both_permissions|data_mode_off|user_abroad_roaming_disabled_on[PERSONA:Hard],telecom_0000,0,2134,pending,0,tau2_prep_check_telecom_0000,C:\Users\86132\Desktop\SafeDesk\benchmarks\tau2-bench\data\simulations\tau2_prep_check_telecom_0000\results.json,,2026-07-09T22:52:02
tau2_prep_check,telecom,telecom,none,[mms_issue]airplane_mode_on|bad_network_preference|bad_wifi_calling|break_apn_mms_setting|break_app_sms_permission|data_mode_off|user_abroad_roaming_disabled_off[PERSONA:None],telecom_0000,0,2135,pending,0,tau2_prep_check_telecom_0000,C:\Users\86132\Desktop\SafeDesk\benchmarks\tau2-bench\data\simulations\tau2_prep_check_telecom_0000\results.json,,2026-07-09T22:52:02
tau2_prep_check,telecom,telecom,none,[mms_issue]airplane_mode_on|bad_network_preference|bad_wifi_calling|break_apn_mms_setting|break_app_storage_permission|data_mode_off|user_abroad_roaming_disabled_off[PERSONA:Easy],telecom_0000,0,2136,pending,0,tau2_prep_check_telecom_0000,C:\Users\86132\Desktop\SafeDesk\benchmarks\tau2-bench\data\simulations\tau2_prep_check_telecom_0000\results.json,,2026-07-09T22:52:02
tau2_prep_check,telecom,telecom,none,[mms_issue]airplane_mode_on|bad_network_preference|bad_wifi_calling|break_apn_mms_setting|break_app_both_permissions|data_mode_off|user_abroad_roaming_disabled_off[PERSONA:Hard],telecom_0000,0,2137,pending,0,tau2_prep_check_telecom_0000,C:\Users\86132\Desktop\SafeDesk\benchmarks\tau2-bench\data\simulations\tau2_prep_check_telecom_0000\results.json,,2026-07-09T22:52:02
tau2_prep_check,telecom,telecom,none,[mms_issue]airplane_mode_on|bad_network_preference|bad_wifi_calling|break_apn_mms_setting|break_app_sms_permission|data_usage_exceeded|user_abroad_roaming_enabled_off[PERSONA:None],telecom_0000,0,2138,pending,0,tau2_prep_check_telecom_0000,C:\Users\86132\Desktop\SafeDesk\benchmarks\tau2-bench\data\simulations\tau2_prep_check_telecom_0000\results.json,,2026-07-09T22:52:02
tau2_prep_check,telecom,telecom,none,[mms_issue]airplane_mode_on|bad_network_preference|bad_wifi_calling|break_apn_mms_setting|break_app_storage_permission|data_usage_exceeded|user_abroad_roaming_enabled_off[PERSONA:Easy],telecom_0000,0,2139,pending,0,tau2_prep_check_telecom_0000,C:\Users\86132\Desktop\SafeDesk\benchmarks\tau2-bench\data\simulations\tau2_prep_check_telecom_0000\results.json,,2026-07-09T22:52:02
tau2_prep_check,telecom,telecom,none,[mms_issue]airplane_mode_on|bad_network_preference|bad_wifi_calling|break_apn_mms_setting|break_app_both_permissions|data_usage_exceeded|user_abroad_roaming_enabled_off[PERSONA:Hard],telecom_0000,0,2140,pending,0,tau2_prep_check_telecom_0000,C:\Users\86132\Desktop\SafeDesk\benchmarks\tau2-bench\data\simulations\tau2_prep_check_telecom_0000\results.json,,2026-07-09T22:52:02
tau2_prep_check,telecom,telecom,none,[mms_issue]airplane_mode_on|bad_network_preference|bad_wifi_calling|break_apn_mms_setting|break_app_sms_permission|data_usage_exceeded|user_abroad_roaming_disabled_on[PERSONA:None],telecom_0000,0,2141,pending,0,tau2_prep_check_telecom_0000,C:\Users\86132\Desktop\SafeDesk\benchmarks\tau2-bench\data\simulations\tau2_prep_check_telecom_0000\results.json,,2026-07-09T22:52:02
tau2_prep_check,telecom,telecom,none,[mms_issue]airplane_mode_on|bad_network_preference|bad_wifi_calling|break_apn_mms_setting|break_app_storage_permission|data_usage_exceeded|user_abroad_roaming_disabled_on[PERSONA:Easy],telecom_0000,0,2142,pending,0,tau2_prep_check_telecom_0000,C:\Users\86132\Desktop\SafeDesk\benchmarks\tau2-bench\data\simulations\tau2_prep_check_telecom_0000\results.json,,2026-07-09T22:52:02
tau2_prep_check,telecom,telecom,none,[mms_issue]airplane_mode_on|bad_network_preference|bad_wifi_calling|break_apn_mms_setting|break_app_both_permissions|data_usage_exceeded|user_abroad_roaming_disabled_on[PERSONA:Hard],telecom_0000,0,2143,pending,0,tau2_prep_check_telecom_0000,C:\Users\86132\Desktop\SafeDesk\benchmarks\tau2-bench\data\simulations\tau2_prep_check_telecom_0000\results.json,,2026-07-09T22:52:02
tau2_prep_check,telecom,telecom,none,[mms_issue]airplane_mode_on|bad_network_preference|bad_wifi_calling|break_apn_mms_setting|break_app_sms_permission|data_usage_exceeded|user_abroad_roaming_disabled_off[PERSONA:None],telecom_0000,0,2144,pending,0,tau2_prep_check_telecom_0000,C:\Users\86132\Desktop\SafeDesk\benchmarks\tau2-bench\data\simulations\tau2_prep_check_telecom_0000\results.json,,2026-07-09T22:52:02
tau2_prep_check,telecom,telecom,none,[mms_issue]airplane_mode_on|bad_network_preference|bad_wifi_calling|break_apn_mms_setting|break_app_storage_permission|data_usage_exceeded|user_abroad_roaming_disabled_off[PERSONA:Easy],telecom_0000,0,2145,pending,0,tau2_prep_check_telecom_0000,C:\Users\86132\Desktop\SafeDesk\benchmarks\tau2-bench\data\simulations\tau2_prep_check_telecom_0000\results.json,,2026-07-09T22:52:02
tau2_prep_check,telecom,telecom,none,[mms_issue]airplane_mode_on|bad_network_preference|bad_wifi_calling|break_apn_mms_setting|break_app_both_permissions|data_usage_exceeded|user_abroad_roaming_disabled_off[PERSONA:Hard],telecom_0000,0,2146,pending,0,tau2_prep_check_telecom_0000,C:\Users\86132\Desktop\SafeDesk\benchmarks\tau2-bench\data\simulations\tau2_prep_check_telecom_0000\results.json,,2026-07-09T22:52:02
tau2_prep_check,telecom,telecom,none,[mms_issue]bad_network_preference|bad_wifi_calling|break_apn_mms_setting|data_mode_off|data_usage_exceeded|unseat_sim_card|user_abroad_roaming_enabled_off[PERSONA:None],telecom_0000,0,2147,pending,0,tau2_prep_check_telecom_0000,C:\Users\86132\Desktop\SafeDesk\benchmarks\tau2-bench\data\simulations\tau2_prep_check_telecom_0000\results.json,,2026-07-09T22:52:02
tau2_prep_check,telecom,telecom,none,[mms_issue]bad_network_preference|bad_wifi_calling|break_app_sms_permission|data_mode_off|data_usage_exceeded|unseat_sim_card|user_abroad_roaming_enabled_off[PERSONA:Easy],telecom_0000,0,2148,pending,0,tau2_prep_check_telecom_0000,C:\Users\86132\Desktop\SafeDesk\benchmarks\tau2-bench\data\simulations\tau2_prep_check_telecom_0000\results.json,,2026-07-09T22:52:02
tau2_prep_check,telecom,telecom,none,[mms_issue]bad_network_preference|bad_wifi_calling|break_app_storage_permission|data_mode_off|data_usage_exceeded|unseat_sim_card|user_abroad_roaming_enabled_off[PERSONA:Hard],telecom_0000,0,2149,pending,0,tau2_prep_check_telecom_0000,C:\Users\86132\Desktop\SafeDesk\benchmarks\tau2-bench\data\simulations\tau2_prep_check_telecom_0000\results.json,,2026-07-09T22:52:02
tau2_prep_check,telecom,telecom,none,[mms_issue]bad_network_preference|bad_wifi_calling|break_app_both_permissions|data_mode_off|data_usage_exceeded|unseat_sim_card|user_abroad_roaming_enabled_off[PERSONA:None],telecom_0000,0,2150,pending,0,tau2_prep_check_telecom_0000,C:\Users\86132\Desktop\SafeDesk\benchmarks\tau2-bench\data\simulations\tau2_prep_check_telecom_0000\results.json,,2026-07-09T22:52:02
tau2_prep_check,telecom,telecom,none,[mms_issue]bad_network_preference|break_apn_mms_setting|break_app_sms_permission|data_mode_off|data_usage_exceeded|unseat_sim_card|user_abroad_roaming_enabled_off[PERSONA:Easy],telecom_0000,0,2151,pending,0,tau2_prep_check_telecom_0000,C:\Users\86132\Desktop\SafeDesk\benchmarks\tau2-bench\data\simulations\tau2_prep_check_telecom_0000\results.json,,2026-07-09T22:52:02
tau2_prep_check,telecom,telecom,none,[mms_issue]bad_network_preference|break_apn_mms_setting|break_app_storage_permission|data_mode_off|data_usage_exceeded|unseat_sim_card|user_abroad_roaming_enabled_off[PERSONA:Hard],telecom_0000,0,2152,pending,0,tau2_prep_check_telecom_0000,C:\Users\86132\Desktop\SafeDesk\benchmarks\tau2-bench\data\simulations\tau2_prep_check_telecom_0000\results.json,,2026-07-09T22:52:02
tau2_prep_check,telecom,telecom,none,[mms_issue]bad_network_preference|break_apn_mms_setting|break_app_both_permissions|data_mode_off|data_usage_exceeded|unseat_sim_card|user_abroad_roaming_enabled_off[PERSONA:None],telecom_0000,0,2153,pending,0,tau2_prep_check_telecom_0000,C:\Users\86132\Desktop\SafeDesk\benchmarks\tau2-bench\data\simulations\tau2_prep_check_telecom_0000\results.json,,2026-07-09T22:52:02
tau2_prep_check,telecom,telecom,none,[mms_issue]bad_wifi_calling|break_apn_mms_setting|break_app_sms_permission|data_mode_off|data_usage_exceeded|unseat_sim_card|user_abroad_roaming_enabled_off[PERSONA:Easy],telecom_0000,0,2154,pending,0,tau2_prep_check_telecom_0000,C:\Users\86132\Desktop\SafeDesk\benchmarks\tau2-bench\data\simulations\tau2_prep_check_telecom_0000\results.json,,2026-07-09T22:52:02
tau2_prep_check,telecom,telecom,none,[mms_issue]bad_wifi_calling|break_apn_mms_setting|break_app_storage_permission|data_mode_off|data_usage_exceeded|unseat_sim_card|user_abroad_roaming_enabled_off[PERSONA:Hard],telecom_0000,0,2155,pending,0,tau2_prep_check_telecom_0000,C:\Users\86132\Desktop\SafeDesk\benchmarks\tau2-bench\data\simulations\tau2_prep_check_telecom_0000\results.json,,2026-07-09T22:52:02
tau2_prep_check,telecom,telecom,none,[mms_issue]bad_wifi_calling|break_apn_mms_setting|break_app_both_permissions|data_mode_off|data_usage_exceeded|unseat_sim_card|user_abroad_roaming_enabled_off[PERSONA:None],telecom_0000,0,2156,pending,0,tau2_prep_check_telecom_0000,C:\Users\86132\Desktop\SafeDesk\benchmarks\tau2-bench\data\simulations\tau2_prep_check_telecom_0000\results.json,,2026-07-09T22:52:02
tau2_prep_check,telecom,telecom,none,[mms_issue]bad_network_preference|bad_wifi_calling|break_apn_mms_setting|data_mode_off|data_usage_exceeded|unseat_sim_card|user_abroad_roaming_disabled_on[PERSONA:Easy],telecom_0000,0,2157,pending,0,tau2_prep_check_telecom_0000,C:\Users\86132\Desktop\SafeDesk\benchmarks\tau2-bench\data\simulations\tau2_prep_check_telecom_0000\results.json,,2026-07-09T22:52:02
tau2_prep_check,telecom,telecom,none,[mms_issue]bad_network_preference|bad_wifi_calling|break_app_sms_permission|data_mode_off|data_usage_exceeded|unseat_sim_card|user_abroad_roaming_disabled_on[PERSONA:Hard],telecom_0000,0,2158,pending,0,tau2_prep_check_telecom_0000,C:\Users\86132\Desktop\SafeDesk\benchmarks\tau2-bench\data\simulations\tau2_prep_check_telecom_0000\results.json,,2026-07-09T22:52:02
tau2_prep_check,telecom,telecom,none,[mms_issue]bad_network_preference|bad_wifi_calling|break_app_storage_permission|data_mode_off|data_usage_exceeded|unseat_sim_card|user_abroad_roaming_disabled_on[PERSONA:None],telecom_0000,0,2159,pending,0,tau2_prep_check_telecom_0000,C:\Users\86132\Desktop\SafeDesk\benchmarks\tau2-bench\data\simulations\tau2_prep_check_telecom_0000\results.json,,2026-07-09T22:52:02
tau2_prep_check,telecom,telecom,none,[mms_issue]bad_network_preference|bad_wifi_calling|break_app_both_permissions|data_mode_off|data_usage_exceeded|unseat_sim_card|user_abroad_roaming_disabled_on[PERSONA:Easy],telecom_0000,0,2160,pending,0,tau2_prep_check_telecom_0000,C:\Users\86132\Desktop\SafeDesk\benchmarks\tau2-bench\data\simulations\tau2_prep_check_telecom_0000\results.json,,2026-07-09T22:52:02
tau2_prep_check,telecom,telecom,none,[mms_issue]bad_network_preference|break_apn_mms_setting|break_app_sms_permission|data_mode_off|data_usage_exceeded|unseat_sim_card|user_abroad_roaming_disabled_on[PERSONA:Hard],telecom_0000,0,2161,pending,0,tau2_prep_check_telecom_0000,C:\Users\86132\Desktop\SafeDesk\benchmarks\tau2-bench\data\simulations\tau2_prep_check_telecom_0000\results.json,,2026-07-09T22:52:02
tau2_prep_check,telecom,telecom,none,[mms_issue]bad_network_preference|break_apn_mms_setting|break_app_storage_permission|data_mode_off|data_usage_exceeded|unseat_sim_card|user_abroad_roaming_disabled_on[PERSONA:None],telecom_0000,0,2162,pending,0,tau2_prep_check_telecom_0000,C:\Users\86132\Desktop\SafeDesk\benchmarks\tau2-bench\data\simulations\tau2_prep_check_telecom_0000\results.json,,2026-07-09T22:52:02
tau2_prep_check,telecom,telecom,none,[mms_issue]bad_network_preference|break_apn_mms_setting|break_app_both_permissions|data_mode_off|data_usage_exceeded|unseat_sim_card|user_abroad_roaming_disabled_on[PERSONA:Easy],telecom_0000,0,2163,pending,0,tau2_prep_check_telecom_0000,C:\Users\86132\Desktop\SafeDesk\benchmarks\tau2-bench\data\simulations\tau2_prep_check_telecom_0000\results.json,,2026-07-09T22:52:02
tau2_prep_check,telecom,telecom,none,[mms_issue]bad_wifi_calling|break_apn_mms_setting|break_app_sms_permission|data_mode_off|data_usage_exceeded|unseat_sim_card|user_abroad_roaming_disabled_on[PERSONA:Hard],telecom_0000,0,2164,pending,0,tau2_prep_check_telecom_0000,C:\Users\86132\Desktop\SafeDesk\benchmarks\tau2-bench\data\simulations\tau2_prep_check_telecom_0000\results.json,,2026-07-09T22:52:02
tau2_prep_check,telecom,telecom,none,[mms_issue]bad_wifi_calling|break_apn_mms_setting|break_app_storage_permission|data_mode_off|data_usage_exceeded|unseat_sim_card|user_abroad_roaming_disabled_on[PERSONA:None],telecom_0000,0,2165,pending,0,tau2_prep_check_telecom_0000,C:\Users\86132\Desktop\SafeDesk\benchmarks\tau2-bench\data\simulations\tau2_prep_check_telecom_0000\results.json,,2026-07-09T22:52:02
tau2_prep_check,telecom,telecom,none,[mms_issue]bad_wifi_calling|break_apn_mms_setting|break_app_both_permissions|data_mode_off|data_usage_exceeded|unseat_sim_card|user_abroad_roaming_disabled_on[PERSONA:Easy],telecom_0000,0,2166,pending,0,tau2_prep_check_telecom_0000,C:\Users\86132\Desktop\SafeDesk\benchmarks\tau2-bench\data\simulations\tau2_prep_check_telecom_0000\results.json,,2026-07-09T22:52:02
tau2_prep_check,telecom,telecom,none,[mms_issue]bad_network_preference|bad_wifi_calling|break_apn_mms_setting|data_mode_off|data_usage_exceeded|unseat_sim_card|user_abroad_roaming_disabled_off[PERSONA:Hard],telecom_0000,0,2167,pending,0,tau2_prep_check_telecom_0000,C:\Users\86132\Desktop\SafeDesk\benchmarks\tau2-bench\data\simulations\tau2_prep_check_telecom_0000\results.json,,2026-07-09T22:52:02
tau2_prep_check,telecom,telecom,none,[mms_issue]bad_network_preference|bad_wifi_calling|break_app_sms_permission|data_mode_off|data_usage_exceeded|unseat_sim_card|user_abroad_roaming_disabled_off[PERSONA:None],telecom_0000,0,2168,pending,0,tau2_prep_check_telecom_0000,C:\Users\86132\Desktop\SafeDesk\benchmarks\tau2-bench\data\simulations\tau2_prep_check_telecom_0000\results.json,,2026-07-09T22:52:02
tau2_prep_check,telecom,telecom,none,[mms_issue]bad_network_preference|bad_wifi_calling|break_app_storage_permission|data_mode_off|data_usage_exceeded|unseat_sim_card|user_abroad_roaming_disabled_off[PERSONA:Easy],telecom_0000,0,2169,pending,0,tau2_prep_check_telecom_0000,C:\Users\86132\Desktop\SafeDesk\benchmarks\tau2-bench\data\simulations\tau2_prep_check_telecom_0000\results.json,,2026-07-09T22:52:02
tau2_prep_check,telecom,telecom,none,[mms_issue]bad_network_preference|bad_wifi_calling|break_app_both_permissions|data_mode_off|data_usage_exceeded|unseat_sim_card|user_abroad_roaming_disabled_off[PERSONA:Hard],telecom_0000,0,2170,pending,0,tau2_prep_check_telecom_0000,C:\Users\86132\Desktop\SafeDesk\benchmarks\tau2-bench\data\simulations\tau2_prep_check_telecom_0000\results.json,,2026-07-09T22:52:02
tau2_prep_check,telecom,telecom,none,[mms_issue]bad_network_preference|break_apn_mms_setting|break_app_sms_permission|data_mode_off|data_usage_exceeded|unseat_sim_card|user_abroad_roaming_disabled_off[PERSONA:None],telecom_0000,0,2171,pending,0,tau2_prep_check_telecom_0000,C:\Users\86132\Desktop\SafeDesk\benchmarks\tau2-bench\data\simulations\tau2_prep_check_telecom_0000\results.json,,2026-07-09T22:52:02
tau2_prep_check,telecom,telecom,none,[mms_issue]bad_network_preference|break_apn_mms_setting|break_app_storage_permission|data_mode_off|data_usage_exceeded|unseat_sim_card|user_abroad_roaming_disabled_off[PERSONA:Easy],telecom_0000,0,2172,pending,0,tau2_prep_check_telecom_0000,C:\Users\86132\Desktop\SafeDesk\benchmarks\tau2-bench\data\simulations\tau2_prep_check_telecom_0000\results.json,,2026-07-09T22:52:02
tau2_prep_check,telecom,telecom,none,[mms_issue]bad_network_preference|break_apn_mms_setting|break_app_both_permissions|data_mode_off|data_usage_exceeded|unseat_sim_card|user_abroad_roaming_disabled_off[PERSONA:Hard],telecom_0000,0,2173,pending,0,tau2_prep_check_telecom_0000,C:\Users\86132\Desktop\SafeDesk\benchmarks\tau2-bench\data\simulations\tau2_prep_check_telecom_0000\results.json,,2026-07-09T22:52:02
tau2_prep_check,telecom,telecom,none,[mms_issue]bad_wifi_calling|break_apn_mms_setting|break_app_sms_permission|data_mode_off|data_usage_exceeded|unseat_sim_card|user_abroad_roaming_disabled_off[PERSONA:None],telecom_0000,0,2174,pending,0,tau2_prep_check_telecom_0000,C:\Users\86132\Desktop\SafeDesk\benchmarks\tau2-bench\data\simulations\tau2_prep_check_telecom_0000\results.json,,2026-07-09T22:52:02
tau2_prep_check,telecom,telecom,none,[mms_issue]bad_wifi_calling|break_apn_mms_setting|break_app_storage_permission|data_mode_off|data_usage_exceeded|unseat_sim_card|user_abroad_roaming_disabled_off[PERSONA:Easy],telecom_0000,0,2175,pending,0,tau2_prep_check_telecom_0000,C:\Users\86132\Desktop\SafeDesk\benchmarks\tau2-bench\data\simulations\tau2_prep_check_telecom_0000\results.json,,2026-07-09T22:52:02
tau2_prep_check,telecom,telecom,none,[mms_issue]bad_wifi_calling|break_apn_mms_setting|break_app_both_permissions|data_mode_off|data_usage_exceeded|unseat_sim_card|user_abroad_roaming_disabled_off[PERSONA:Hard],telecom_0000,0,2176,pending,0,tau2_prep_check_telecom_0000,C:\Users\86132\Desktop\SafeDesk\benchmarks\tau2-bench\data\simulations\tau2_prep_check_telecom_0000\results.json,,2026-07-09T22:52:02
tau2_prep_check,telecom,telecom,none,[mms_issue]bad_network_preference|bad_wifi_calling|break_apn_mms_setting|break_app_sms_permission|data_mode_off|data_usage_exceeded|unseat_sim_card[PERSONA:None],telecom_0000,0,2177,pending,0,tau2_prep_check_telecom_0000,C:\Users\86132\Desktop\SafeDesk\benchmarks\tau2-bench\data\simulations\tau2_prep_check_telecom_0000\results.json,,2026-07-09T22:52:02
tau2_prep_check,telecom,telecom,none,[mms_issue]bad_network_preference|bad_wifi_calling|break_apn_mms_setting|break_app_storage_permission|data_mode_off|data_usage_exceeded|unseat_sim_card[PERSONA:Easy],telecom_0000,0,2178,pending,0,tau2_prep_check_telecom_0000,C:\Users\86132\Desktop\SafeDesk\benchmarks\tau2-bench\data\simulations\tau2_prep_check_telecom_0000\results.json,,2026-07-09T22:52:02
tau2_prep_check,telecom,telecom,none,[mms_issue]bad_network_preference|bad_wifi_calling|break_apn_mms_setting|break_app_both_permissions|data_mode_off|data_usage_exceeded|unseat_sim_card[PERSONA:Hard],telecom_0000,0,2179,pending,0,tau2_prep_check_telecom_0000,C:\Users\86132\Desktop\SafeDesk\benchmarks\tau2-bench\data\simulations\tau2_prep_check_telecom_0000\results.json,,2026-07-09T22:52:02
tau2_prep_check,telecom,telecom,none,[mms_issue]bad_network_preference|bad_wifi_calling|break_apn_mms_setting|break_app_sms_permission|data_mode_off|unseat_sim_card|user_abroad_roaming_enabled_off[PERSONA:None],telecom_0000,0,2180,pending,0,tau2_prep_check_telecom_0000,C:\Users\86132\Desktop\SafeDesk\benchmarks\tau2-bench\data\simulations\tau2_prep_check_telecom_0000\results.json,,2026-07-09T22:52:02
tau2_prep_check,telecom,telecom,none,[mms_issue]bad_network_preference|bad_wifi_calling|break_apn_mms_setting|break_app_storage_permission|data_mode_off|unseat_sim_card|user_abroad_roaming_enabled_off[PERSONA:Easy],telecom_0000,0,2181,pending,0,tau2_prep_check_telecom_0000,C:\Users\86132\Desktop\SafeDesk\benchmarks\tau2-bench\data\simulations\tau2_prep_check_telecom_0000\results.json,,2026-07-09T22:52:02
tau2_prep_check,telecom,telecom,none,[mms_issue]bad_network_preference|bad_wifi_calling|break_apn_mms_setting|break_app_both_permissions|data_mode_off|unseat_sim_card|user_abroad_roaming_enabled_off[PERSONA:Hard],telecom_0000,0,2182,pending,0,tau2_prep_check_telecom_0000,C:\Users\86132\Desktop\SafeDesk\benchmarks\tau2-bench\data\simulations\tau2_prep_check_telecom_0000\results.json,,2026-07-09T22:52:02
tau2_prep_check,telecom,telecom,none,[mms_issue]bad_network_preference|bad_wifi_calling|break_apn_mms_setting|break_app_sms_permission|data_mode_off|unseat_sim_card|user_abroad_roaming_disabled_on[PERSONA:None],telecom_0000,0,2183,pending,0,tau2_prep_check_telecom_0000,C:\Users\86132\Desktop\SafeDesk\benchmarks\tau2-bench\data\simulations\tau2_prep_check_telecom_0000\results.json,,2026-07-09T22:52:02
tau2_prep_check,telecom,telecom,none,[mms_issue]bad_network_preference|bad_wifi_calling|break_apn_mms_setting|break_app_storage_permission|data_mode_off|unseat_sim_card|user_abroad_roaming_disabled_on[PERSONA:Easy],telecom_0000,0,2184,pending,0,tau2_prep_check_telecom_0000,C:\Users\86132\Desktop\SafeDesk\benchmarks\tau2-bench\data\simulations\tau2_prep_check_telecom_0000\results.json,,2026-07-09T22:52:02
tau2_prep_check,telecom,telecom,none,[mms_issue]bad_network_preference|bad_wifi_calling|break_apn_mms_setting|break_app_both_permissions|data_mode_off|unseat_sim_card|user_abroad_roaming_disabled_on[PERSONA:Hard],telecom_0000,0,2185,pending,0,tau2_prep_check_telecom_0000,C:\Users\86132\Desktop\SafeDesk\benchmarks\tau2-bench\data\simulations\tau2_prep_check_telecom_0000\results.json,,2026-07-09T22:52:02
tau2_prep_check,telecom,telecom,none,[mms_issue]bad_network_preference|bad_wifi_calling|break_apn_mms_setting|break_app_sms_permission|data_mode_off|unseat_sim_card|user_abroad_roaming_disabled_off[PERSONA:None],telecom_0000,0,2186,pending,0,tau2_prep_check_telecom_0000,C:\Users\86132\Desktop\SafeDesk\benchmarks\tau2-bench\data\simulations\tau2_prep_check_telecom_0000\results.json,,2026-07-09T22:52:02
tau2_prep_check,telecom,telecom,none,[mms_issue]bad_network_preference|bad_wifi_calling|break_apn_mms_setting|break_app_storage_permission|data_mode_off|unseat_sim_card|user_abroad_roaming_disabled_off[PERSONA:Easy],telecom_0000,0,2187,pending,0,tau2_prep_check_telecom_0000,C:\Users\86132\Desktop\SafeDesk\benchmarks\tau2-bench\data\simulations\tau2_prep_check_telecom_0000\results.json,,2026-07-09T22:52:02
tau2_prep_check,telecom,telecom,none,[mms_issue]bad_network_preference|bad_wifi_calling|break_apn_mms_setting|break_app_both_permissions|data_mode_off|unseat_sim_card|user_abroad_roaming_disabled_off[PERSONA:Hard],telecom_0000,0,2188,pending,0,tau2_prep_check_telecom_0000,C:\Users\86132\Desktop\SafeDesk\benchmarks\tau2-bench\data\simulations\tau2_prep_check_telecom_0000\results.json,,2026-07-09T22:52:02
tau2_prep_check,telecom,telecom,none,[mms_issue]bad_network_preference|bad_wifi_calling|break_apn_mms_setting|break_app_sms_permission|data_usage_exceeded|unseat_sim_card|user_abroad_roaming_enabled_off[PERSONA:None],telecom_0000,0,2189,pending,0,tau2_prep_check_telecom_0000,C:\Users\86132\Desktop\SafeDesk\benchmarks\tau2-bench\data\simulations\tau2_prep_check_telecom_0000\results.json,,2026-07-09T22:52:02
tau2_prep_check,telecom,telecom,none,[mms_issue]bad_network_preference|bad_wifi_calling|break_apn_mms_setting|break_app_storage_permission|data_usage_exceeded|unseat_sim_card|user_abroad_roaming_enabled_off[PERSONA:Easy],telecom_0000,0,2190,pending,0,tau2_prep_check_telecom_0000,C:\Users\86132\Desktop\SafeDesk\benchmarks\tau2-bench\data\simulations\tau2_prep_check_telecom_0000\results.json,,2026-07-09T22:52:02
tau2_prep_check,telecom,telecom,none,[mms_issue]bad_network_preference|bad_wifi_calling|break_apn_mms_setting|break_app_both_permissions|data_usage_exceeded|unseat_sim_card|user_abroad_roaming_enabled_off[PERSONA:Hard],telecom_0000,0,2191,pending,0,tau2_prep_check_telecom_0000,C:\Users\86132\Desktop\SafeDesk\benchmarks\tau2-bench\data\simulations\tau2_prep_check_telecom_0000\results.json,,2026-07-09T22:52:02
tau2_prep_check,telecom,telecom,none,[mms_issue]bad_network_preference|bad_wifi_calling|break_apn_mms_setting|break_app_sms_permission|data_usage_exceeded|unseat_sim_card|user_abroad_roaming_disabled_on[PERSONA:None],telecom_0000,0,2192,pending,0,tau2_prep_check_telecom_0000,C:\Users\86132\Desktop\SafeDesk\benchmarks\tau2-bench\data\simulations\tau2_prep_check_telecom_0000\results.json,,2026-07-09T22:52:02
tau2_prep_check,telecom,telecom,none,[mms_issue]bad_network_preference|bad_wifi_calling|break_apn_mms_setting|break_app_storage_permission|data_usage_exceeded|unseat_sim_card|user_abroad_roaming_disabled_on[PERSONA:Easy],telecom_0000,0,2193,pending,0,tau2_prep_check_telecom_0000,C:\Users\86132\Desktop\SafeDesk\benchmarks\tau2-bench\data\simulations\tau2_prep_check_telecom_0000\results.json,,2026-07-09T22:52:02
tau2_prep_check,telecom,telecom,none,[mms_issue]bad_network_preference|bad_wifi_calling|break_apn_mms_setting|break_app_both_permissions|data_usage_exceeded|unseat_sim_card|user_abroad_roaming_disabled_on[PERSONA:Hard],telecom_0000,0,2194,pending,0,tau2_prep_check_telecom_0000,C:\Users\86132\Desktop\SafeDesk\benchmarks\tau2-bench\data\simulations\tau2_prep_check_telecom_0000\results.json,,2026-07-09T22:52:02
tau2_prep_check,telecom,telecom,none,[mms_issue]bad_network_preference|bad_wifi_calling|break_apn_mms_setting|break_app_sms_permission|data_usage_exceeded|unseat_sim_card|user_abroad_roaming_disabled_off[PERSONA:None],telecom_0000,0,2195,pending,0,tau2_prep_check_telecom_0000,C:\Users\86132\Desktop\SafeDesk\benchmarks\tau2-bench\data\simulations\tau2_prep_check_telecom_0000\results.json,,2026-07-09T22:52:02
tau2_prep_check,telecom,telecom,none,[mms_issue]bad_network_preference|bad_wifi_calling|break_apn_mms_setting|break_app_storage_permission|data_usage_exceeded|unseat_sim_card|user_abroad_roaming_disabled_off[PERSONA:Easy],telecom_0000,0,2196,pending,0,tau2_prep_check_telecom_0000,C:\Users\86132\Desktop\SafeDesk\benchmarks\tau2-bench\data\simulations\tau2_prep_check_telecom_0000\results.json,,2026-07-09T22:52:02
tau2_prep_check,telecom,telecom,none,[mms_issue]bad_network_preference|bad_wifi_calling|break_apn_mms_setting|break_app_both_permissions|data_usage_exceeded|unseat_sim_card|user_abroad_roaming_disabled_off[PERSONA:Hard],telecom_0000,0,2197,pending,0,tau2_prep_check_telecom_0000,C:\Users\86132\Desktop\SafeDesk\benchmarks\tau2-bench\data\simulations\tau2_prep_check_telecom_0000\results.json,,2026-07-09T22:52:02
tau2_prep_check,telecom,telecom,none,[mms_issue]bad_network_preference|bad_wifi_calling|break_apn_mms_setting|break_app_sms_permission|data_mode_off|data_usage_exceeded|user_abroad_roaming_enabled_off[PERSONA:None],telecom_0000,0,2198,pending,0,tau2_prep_check_telecom_0000,C:\Users\86132\Desktop\SafeDesk\benchmarks\tau2-bench\data\simulations\tau2_prep_check_telecom_0000\results.json,,2026-07-09T22:52:02
tau2_prep_check,telecom,telecom,none,[mms_issue]bad_network_preference|bad_wifi_calling|break_apn_mms_setting|break_app_storage_permission|data_mode_off|data_usage_exceeded|user_abroad_roaming_enabled_off[PERSONA:Easy],telecom_0000,0,2199,pending,0,tau2_prep_check_telecom_0000,C:\Users\86132\Desktop\SafeDesk\benchmarks\tau2-bench\data\simulations\tau2_prep_check_telecom_0000\results.json,,2026-07-09T22:52:02
tau2_prep_check,telecom,telecom,none,[mms_issue]bad_network_preference|bad_wifi_calling|break_apn_mms_setting|break_app_both_permissions|data_mode_off|data_usage_exceeded|user_abroad_roaming_enabled_off[PERSONA:Hard],telecom_0000,0,2200,pending,0,tau2_prep_check_telecom_0000,C:\Users\86132\Desktop\SafeDesk\benchmarks\tau2-bench\data\simulations\tau2_prep_check_telecom_0000\results.json,,2026-07-09T22:52:02
tau2_prep_check,telecom,telecom,none,[mms_issue]bad_network_preference|bad_wifi_calling|break_apn_mms_setting|break_app_sms_permission|data_mode_off|data_usage_exceeded|user_abroad_roaming_disabled_on[PERSONA:None],telecom_0000,0,2201,pending,0,tau2_prep_check_telecom_0000,C:\Users\86132\Desktop\SafeDesk\benchmarks\tau2-bench\data\simulations\tau2_prep_check_telecom_0000\results.json,,2026-07-09T22:52:02
tau2_prep_check,telecom,telecom,none,[mms_issue]bad_network_preference|bad_wifi_calling|break_apn_mms_setting|break_app_storage_permission|data_mode_off|data_usage_exceeded|user_abroad_roaming_disabled_on[PERSONA:Easy],telecom_0000,0,2202,pending,0,tau2_prep_check_telecom_0000,C:\Users\86132\Desktop\SafeDesk\benchmarks\tau2-bench\data\simulations\tau2_prep_check_telecom_0000\results.json,,2026-07-09T22:52:02
tau2_prep_check,telecom,telecom,none,[mms_issue]bad_network_preference|bad_wifi_calling|break_apn_mms_setting|break_app_both_permissions|data_mode_off|data_usage_exceeded|user_abroad_roaming_disabled_on[PERSONA:Hard],telecom_0000,0,2203,pending,0,tau2_prep_check_telecom_0000,C:\Users\86132\Desktop\SafeDesk\benchmarks\tau2-bench\data\simulations\tau2_prep_check_telecom_0000\results.json,,2026-07-09T22:52:02
tau2_prep_check,telecom,telecom,none,[mms_issue]bad_network_preference|bad_wifi_calling|break_apn_mms_setting|break_app_sms_permission|data_mode_off|data_usage_exceeded|user_abroad_roaming_disabled_off[PERSONA:None],telecom_0000,0,2204,pending,0,tau2_prep_check_telecom_0000,C:\Users\86132\Desktop\SafeDesk\benchmarks\tau2-bench\data\simulations\tau2_prep_check_telecom_0000\results.json,,2026-07-09T22:52:02
tau2_prep_check,telecom,telecom,none,[mms_issue]bad_network_preference|bad_wifi_calling|break_apn_mms_setting|break_app_storage_permission|data_mode_off|data_usage_exceeded|user_abroad_roaming_disabled_off[PERSONA:Easy],telecom_0000,0,2205,pending,0,tau2_prep_check_telecom_0000,C:\Users\86132\Desktop\SafeDesk\benchmarks\tau2-bench\data\simulations\tau2_prep_check_telecom_0000\results.json,,2026-07-09T22:52:02
tau2_prep_check,telecom,telecom,none,[mms_issue]bad_network_preference|bad_wifi_calling|break_apn_mms_setting|break_app_both_permissions|data_mode_off|data_usage_exceeded|user_abroad_roaming_disabled_off[PERSONA:Hard],telecom_0000,0,2206,pending,0,tau2_prep_check_telecom_0000,C:\Users\86132\Desktop\SafeDesk\benchmarks\tau2-bench\data\simulations\tau2_prep_check_telecom_0000\results.json,,2026-07-09T22:52:02
tau2_prep_check,telecom,telecom,none,[mms_issue]airplane_mode_on|bad_network_preference|bad_wifi_calling|break_apn_mms_setting|data_mode_off|data_usage_exceeded|unseat_sim_card|user_abroad_roaming_enabled_off[PERSONA:None],telecom_0000,0,2207,pending,0,tau2_prep_check_telecom_0000,C:\Users\86132\Desktop\SafeDesk\benchmarks\tau2-bench\data\simulations\tau2_prep_check_telecom_0000\results.json,,2026-07-09T22:52:02
tau2_prep_check,telecom,telecom,none,[mms_issue]airplane_mode_on|bad_network_preference|bad_wifi_calling|break_app_sms_permission|data_mode_off|data_usage_exceeded|unseat_sim_card|user_abroad_roaming_enabled_off[PERSONA:Easy],telecom_0000,0,2208,pending,0,tau2_prep_check_telecom_0000,C:\Users\86132\Desktop\SafeDesk\benchmarks\tau2-bench\data\simulations\tau2_prep_check_telecom_0000\results.json,,2026-07-09T22:52:02
tau2_prep_check,telecom,telecom,none,[mms_issue]airplane_mode_on|bad_network_preference|bad_wifi_calling|break_app_storage_permission|data_mode_off|data_usage_exceeded|unseat_sim_card|user_abroad_roaming_enabled_off[PERSONA:Hard],telecom_0000,0,2209,pending,0,tau2_prep_check_telecom_0000,C:\Users\86132\Desktop\SafeDesk\benchmarks\tau2-bench\data\simulations\tau2_prep_check_telecom_0000\results.json,,2026-07-09T22:52:02
tau2_prep_check,telecom,telecom,none,[mms_issue]airplane_mode_on|bad_network_preference|bad_wifi_calling|break_app_both_permissions|data_mode_off|data_usage_exceeded|unseat_sim_card|user_abroad_roaming_enabled_off[PERSONA:None],telecom_0000,0,2210,pending,0,tau2_prep_check_telecom_0000,C:\Users\86132\Desktop\SafeDesk\benchmarks\tau2-bench\data\simulations\tau2_prep_check_telecom_0000\results.json,,2026-07-09T22:52:02
tau2_prep_check,telecom,telecom,none,[mms_issue]airplane_mode_on|bad_network_preference|break_apn_mms_setting|break_app_sms_permission|data_mode_off|data_usage_exceeded|unseat_sim_card|user_abroad_roaming_enabled_off[PERSONA:Easy],telecom_0000,0,2211,pending,0,tau2_prep_check_telecom_0000,C:\Users\86132\Desktop\SafeDesk\benchmarks\tau2-bench\data\simulations\tau2_prep_check_telecom_0000\results.json,,2026-07-09T22:52:02
tau2_prep_check,telecom,telecom,none,[mms_issue]airplane_mode_on|bad_network_preference|break_apn_mms_setting|break_app_storage_permission|data_mode_off|data_usage_exceeded|unseat_sim_card|user_abroad_roaming_enabled_off[PERSONA:Hard],telecom_0000,0,2212,pending,0,tau2_prep_check_telecom_0000,C:\Users\86132\Desktop\SafeDesk\benchmarks\tau2-bench\data\simulations\tau2_prep_check_telecom_0000\results.json,,2026-07-09T22:52:02
tau2_prep_check,telecom,telecom,none,[mms_issue]airplane_mode_on|bad_network_preference|break_apn_mms_setting|break_app_both_permissions|data_mode_off|data_usage_exceeded|unseat_sim_card|user_abroad_roaming_enabled_off[PERSONA:None],telecom_0000,0,2213,pending,0,tau2_prep_check_telecom_0000,C:\Users\86132\Desktop\SafeDesk\benchmarks\tau2-bench\data\simulations\tau2_prep_check_telecom_0000\results.json,,2026-07-09T22:52:02
tau2_prep_check,telecom,telecom,none,[mms_issue]airplane_mode_on|bad_wifi_calling|break_apn_mms_setting|break_app_sms_permission|data_mode_off|data_usage_exceeded|unseat_sim_card|user_abroad_roaming_enabled_off[PERSONA:Easy],telecom_0000,0,2214,pending,0,tau2_prep_check_telecom_0000,C:\Users\86132\Desktop\SafeDesk\benchmarks\tau2-bench\data\simulations\tau2_prep_check_telecom_0000\results.json,,2026-07-09T22:52:02
tau2_prep_check,telecom,telecom,none,[mms_issue]airplane_mode_on|bad_wifi_calling|break_apn_mms_setting|break_app_storage_permission|data_mode_off|data_usage_exceeded|unseat_sim_card|user_abroad_roaming_enabled_off[PERSONA:Hard],telecom_0000,0,2215,pending,0,tau2_prep_check_telecom_0000,C:\Users\86132\Desktop\SafeDesk\benchmarks\tau2-bench\data\simulations\tau2_prep_check_telecom_0000\results.json,,2026-07-09T22:52:02
tau2_prep_check,telecom,telecom,none,[mms_issue]airplane_mode_on|bad_wifi_calling|break_apn_mms_setting|break_app_both_permissions|data_mode_off|data_usage_exceeded|unseat_sim_card|user_abroad_roaming_enabled_off[PERSONA:None],telecom_0000,0,2216,pending,0,tau2_prep_check_telecom_0000,C:\Users\86132\Desktop\SafeDesk\benchmarks\tau2-bench\data\simulations\tau2_prep_check_telecom_0000\results.json,,2026-07-09T22:52:02
tau2_prep_check,telecom,telecom,none,[mms_issue]airplane_mode_on|bad_network_preference|bad_wifi_calling|break_apn_mms_setting|data_mode_off|data_usage_exceeded|unseat_sim_card|user_abroad_roaming_disabled_on[PERSONA:Easy],telecom_0000,0,2217,pending,0,tau2_prep_check_telecom_0000,C:\Users\86132\Desktop\SafeDesk\benchmarks\tau2-bench\data\simulations\tau2_prep_check_telecom_0000\results.json,,2026-07-09T22:52:02
tau2_prep_check,telecom,telecom,none,[mms_issue]airplane_mode_on|bad_network_preference|bad_wifi_calling|break_app_sms_permission|data_mode_off|data_usage_exceeded|unseat_sim_card|user_abroad_roaming_disabled_on[PERSONA:Hard],telecom_0000,0,2218,pending,0,tau2_prep_check_telecom_0000,C:\Users\86132\Desktop\SafeDesk\benchmarks\tau2-bench\data\simulations\tau2_prep_check_telecom_0000\results.json,,2026-07-09T22:52:02
tau2_prep_check,telecom,telecom,none,[mms_issue]airplane_mode_on|bad_network_preference|bad_wifi_calling|break_app_storage_permission|data_mode_off|data_usage_exceeded|unseat_sim_card|user_abroad_roaming_disabled_on[PERSONA:None],telecom_0000,0,2219,pending,0,tau2_prep_check_telecom_0000,C:\Users\86132\Desktop\SafeDesk\benchmarks\tau2-bench\data\simulations\tau2_prep_check_telecom_0000\results.json,,2026-07-09T22:52:02
tau2_prep_check,telecom,telecom,none,[mms_issue]airplane_mode_on|bad_network_preference|bad_wifi_calling|break_app_both_permissions|data_mode_off|data_usage_exceeded|unseat_sim_card|user_abroad_roaming_disabled_on[PERSONA:Easy],telecom_0000,0,2220,pending,0,tau2_prep_check_telecom_0000,C:\Users\86132\Desktop\SafeDesk\benchmarks\tau2-bench\data\simulations\tau2_prep_check_telecom_0000\results.json,,2026-07-09T22:52:02
tau2_prep_check,telecom,telecom,none,[mms_issue]airplane_mode_on|bad_network_preference|break_apn_mms_setting|break_app_sms_permission|data_mode_off|data_usage_exceeded|unseat_sim_card|user_abroad_roaming_disabled_on[PERSONA:Hard],telecom_0000,0,2221,pending,0,tau2_prep_check_telecom_0000,C:\Users\86132\Desktop\SafeDesk\benchmarks\tau2-bench\data\simulations\tau2_prep_check_telecom_0000\results.json,,2026-07-09T22:52:02
tau2_prep_check,telecom,telecom,none,[mms_issue]airplane_mode_on|bad_network_preference|break_apn_mms_setting|break_app_storage_permission|data_mode_off|data_usage_exceeded|unseat_sim_card|user_abroad_roaming_disabled_on[PERSONA:None],telecom_0000,0,2222,pending,0,tau2_prep_check_telecom_0000,C:\Users\86132\Desktop\SafeDesk\benchmarks\tau2-bench\data\simulations\tau2_prep_check_telecom_0000\results.json,,2026-07-09T22:52:02
tau2_prep_check,telecom,telecom,none,[mms_issue]airplane_mode_on|bad_network_preference|break_apn_mms_setting|break_app_both_permissions|data_mode_off|data_usage_exceeded|unseat_sim_card|user_abroad_roaming_disabled_on[PERSONA:Easy],telecom_0000,0,2223,pending,0,tau2_prep_check_telecom_0000,C:\Users\86132\Desktop\SafeDesk\benchmarks\tau2-bench\data\simulations\tau2_prep_check_telecom_0000\results.json,,2026-07-09T22:52:02
tau2_prep_check,telecom,telecom,none,[mms_issue]airplane_mode_on|bad_wifi_calling|break_apn_mms_setting|break_app_sms_permission|data_mode_off|data_usage_exceeded|unseat_sim_card|user_abroad_roaming_disabled_on[PERSONA:Hard],telecom_0000,0,2224,pending,0,tau2_prep_check_telecom_0000,C:\Users\86132\Desktop\SafeDesk\benchmarks\tau2-bench\data\simulations\tau2_prep_check_telecom_0000\results.json,,2026-07-09T22:52:02
tau2_prep_check,telecom,telecom,none,[mms_issue]airplane_mode_on|bad_wifi_calling|break_apn_mms_setting|break_app_storage_permission|data_mode_off|data_usage_exceeded|unseat_sim_card|user_abroad_roaming_disabled_on[PERSONA:None],telecom_0000,0,2225,pending,0,tau2_prep_check_telecom_0000,C:\Users\86132\Desktop\SafeDesk\benchmarks\tau2-bench\data\simulations\tau2_prep_check_telecom_0000\results.json,,2026-07-09T22:52:02
tau2_prep_check,telecom,telecom,none,[mms_issue]airplane_mode_on|bad_wifi_calling|break_apn_mms_setting|break_app_both_permissions|data_mode_off|data_usage_exceeded|unseat_sim_card|user_abroad_roaming_disabled_on[PERSONA:Easy],telecom_0000,0,2226,pending,0,tau2_prep_check_telecom_0000,C:\Users\86132\Desktop\SafeDesk\benchmarks\tau2-bench\data\simulations\tau2_prep_check_telecom_0000\results.json,,2026-07-09T22:52:02
tau2_prep_check,telecom,telecom,none,[mms_issue]airplane_mode_on|bad_network_preference|bad_wifi_calling|break_apn_mms_setting|data_mode_off|data_usage_exceeded|unseat_sim_card|user_abroad_roaming_disabled_off[PERSONA:Hard],telecom_0000,0,2227,pending,0,tau2_prep_check_telecom_0000,C:\Users\86132\Desktop\SafeDesk\benchmarks\tau2-bench\data\simulations\tau2_prep_check_telecom_0000\results.json,,2026-07-09T22:52:02
tau2_prep_check,telecom,telecom,none,[mms_issue]airplane_mode_on|bad_network_preference|bad_wifi_calling|break_app_sms_permission|data_mode_off|data_usage_exceeded|unseat_sim_card|user_abroad_roaming_disabled_off[PERSONA:None],telecom_0000,0,2228,pending,0,tau2_prep_check_telecom_0000,C:\Users\86132\Desktop\SafeDesk\benchmarks\tau2-bench\data\simulations\tau2_prep_check_telecom_0000\results.json,,2026-07-09T22:52:02
tau2_prep_check,telecom,telecom,none,[mms_issue]airplane_mode_on|bad_network_preference|bad_wifi_calling|break_app_storage_permission|data_mode_off|data_usage_exceeded|unseat_sim_card|user_abroad_roaming_disabled_off[PERSONA:Easy],telecom_0000,0,2229,pending,0,tau2_prep_check_telecom_0000,C:\Users\86132\Desktop\SafeDesk\benchmarks\tau2-bench\data\simulations\tau2_prep_check_telecom_0000\results.json,,2026-07-09T22:52:02
tau2_prep_check,telecom,telecom,none,[mms_issue]airplane_mode_on|bad_network_preference|bad_wifi_calling|break_app_both_permissions|data_mode_off|data_usage_exceeded|unseat_sim_card|user_abroad_roaming_disabled_off[PERSONA:Hard],telecom_0000,0,2230,pending,0,tau2_prep_check_telecom_0000,C:\Users\86132\Desktop\SafeDesk\benchmarks\tau2-bench\data\simulations\tau2_prep_check_telecom_0000\results.json,,2026-07-09T22:52:02
tau2_prep_check,telecom,telecom,none,[mms_issue]airplane_mode_on|bad_network_preference|break_apn_mms_setting|break_app_sms_permission|data_mode_off|data_usage_exceeded|unseat_sim_card|user_abroad_roaming_disabled_off[PERSONA:None],telecom_0000,0,2231,pending,0,tau2_prep_check_telecom_0000,C:\Users\86132\Desktop\SafeDesk\benchmarks\tau2-bench\data\simulations\tau2_prep_check_telecom_0000\results.json,,2026-07-09T22:52:02
tau2_prep_check,telecom,telecom,none,[mms_issue]airplane_mode_on|bad_network_preference|break_apn_mms_setting|break_app_storage_permission|data_mode_off|data_usage_exceeded|unseat_sim_card|user_abroad_roaming_disabled_off[PERSONA:Easy],telecom_0000,0,2232,pending,0,tau2_prep_check_telecom_0000,C:\Users\86132\Desktop\SafeDesk\benchmarks\tau2-bench\data\simulations\tau2_prep_check_telecom_0000\results.json,,2026-07-09T22:52:02
tau2_prep_check,telecom,telecom,none,[mms_issue]airplane_mode_on|bad_network_preference|break_apn_mms_setting|break_app_both_permissions|data_mode_off|data_usage_exceeded|unseat_sim_card|user_abroad_roaming_disabled_off[PERSONA:Hard],telecom_0000,0,2233,pending,0,tau2_prep_check_telecom_0000,C:\Users\86132\Desktop\SafeDesk\benchmarks\tau2-bench\data\simulations\tau2_prep_check_telecom_0000\results.json,,2026-07-09T22:52:02
tau2_prep_check,telecom,telecom,none,[mms_issue]airplane_mode_on|bad_wifi_calling|break_apn_mms_setting|break_app_sms_permission|data_mode_off|data_usage_exceeded|unseat_sim_card|user_abroad_roaming_disabled_off[PERSONA:None],telecom_0000,0,2234,pending,0,tau2_prep_check_telecom_0000,C:\Users\86132\Desktop\SafeDesk\benchmarks\tau2-bench\data\simulations\tau2_prep_check_telecom_0000\results.json,,2026-07-09T22:52:02
tau2_prep_check,telecom,telecom,none,[mms_issue]airplane_mode_on|bad_wifi_calling|break_apn_mms_setting|break_app_storage_permission|data_mode_off|data_usage_exceeded|unseat_sim_card|user_abroad_roaming_disabled_off[PERSONA:Easy],telecom_0000,0,2235,pending,0,tau2_prep_check_telecom_0000,C:\Users\86132\Desktop\SafeDesk\benchmarks\tau2-bench\data\simulations\tau2_prep_check_telecom_0000\results.json,,2026-07-09T22:52:02
tau2_prep_check,telecom,telecom,none,[mms_issue]airplane_mode_on|bad_wifi_calling|break_apn_mms_setting|break_app_both_permissions|data_mode_off|data_usage_exceeded|unseat_sim_card|user_abroad_roaming_disabled_off[PERSONA:Hard],telecom_0000,0,2236,pending,0,tau2_prep_check_telecom_0000,C:\Users\86132\Desktop\SafeDesk\benchmarks\tau2-bench\data\simulations\tau2_prep_check_telecom_0000\results.json,,2026-07-09T22:52:02
tau2_prep_check,telecom,telecom,none,[mms_issue]airplane_mode_on|bad_network_preference|bad_wifi_calling|break_apn_mms_setting|break_app_sms_permission|data_mode_off|data_usage_exceeded|unseat_sim_card[PERSONA:None],telecom_0000,0,2237,pending,0,tau2_prep_check_telecom_0000,C:\Users\86132\Desktop\SafeDesk\benchmarks\tau2-bench\data\simulations\tau2_prep_check_telecom_0000\results.json,,2026-07-09T22:52:02
tau2_prep_check,telecom,telecom,none,[mms_issue]airplane_mode_on|bad_network_preference|bad_wifi_calling|break_apn_mms_setting|break_app_storage_permission|data_mode_off|data_usage_exceeded|unseat_sim_card[PERSONA:Easy],telecom_0000,0,2238,pending,0,tau2_prep_check_telecom_0000,C:\Users\86132\Desktop\SafeDesk\benchmarks\tau2-bench\data\simulations\tau2_prep_check_telecom_0000\results.json,,2026-07-09T22:52:02
tau2_prep_check,telecom,telecom,none,[mms_issue]airplane_mode_on|bad_network_preference|bad_wifi_calling|break_apn_mms_setting|break_app_both_permissions|data_mode_off|data_usage_exceeded|unseat_sim_card[PERSONA:Hard],telecom_0000,0,2239,pending,0,tau2_prep_check_telecom_0000,C:\Users\86132\Desktop\SafeDesk\benchmarks\tau2-bench\data\simulations\tau2_prep_check_telecom_0000\results.json,,2026-07-09T22:52:02
tau2_prep_check,telecom,telecom,none,[mms_issue]airplane_mode_on|bad_network_preference|bad_wifi_calling|break_apn_mms_setting|break_app_sms_permission|data_mode_off|unseat_sim_card|user_abroad_roaming_enabled_off[PERSONA:None],telecom_0000,0,2240,pending,0,tau2_prep_check_telecom_0000,C:\Users\86132\Desktop\SafeDesk\benchmarks\tau2-bench\data\simulations\tau2_prep_check_telecom_0000\results.json,,2026-07-09T22:52:02
tau2_prep_check,telecom,telecom,none,[mms_issue]airplane_mode_on|bad_network_preference|bad_wifi_calling|break_apn_mms_setting|break_app_storage_permission|data_mode_off|unseat_sim_card|user_abroad_roaming_enabled_off[PERSONA:Easy],telecom_0000,0,2241,pending,0,tau2_prep_check_telecom_0000,C:\Users\86132\Desktop\SafeDesk\benchmarks\tau2-bench\data\simulations\tau2_prep_check_telecom_0000\results.json,,2026-07-09T22:52:02
tau2_prep_check,telecom,telecom,none,[mms_issue]airplane_mode_on|bad_network_preference|bad_wifi_calling|break_apn_mms_setting|break_app_both_permissions|data_mode_off|unseat_sim_card|user_abroad_roaming_enabled_off[PERSONA:Hard],telecom_0000,0,2242,pending,0,tau2_prep_check_telecom_0000,C:\Users\86132\Desktop\SafeDesk\benchmarks\tau2-bench\data\simulations\tau2_prep_check_telecom_0000\results.json,,2026-07-09T22:52:02
tau2_prep_check,telecom,telecom,none,[mms_issue]airplane_mode_on|bad_network_preference|bad_wifi_calling|break_apn_mms_setting|break_app_sms_permission|data_mode_off|unseat_sim_card|user_abroad_roaming_disabled_on[PERSONA:None],telecom_0000,0,2243,pending,0,tau2_prep_check_telecom_0000,C:\Users\86132\Desktop\SafeDesk\benchmarks\tau2-bench\data\simulations\tau2_prep_check_telecom_0000\results.json,,2026-07-09T22:52:02
tau2_prep_check,telecom,telecom,none,[mms_issue]airplane_mode_on|bad_network_preference|bad_wifi_calling|break_apn_mms_setting|break_app_storage_permission|data_mode_off|unseat_sim_card|user_abroad_roaming_disabled_on[PERSONA:Easy],telecom_0000,0,2244,pending,0,tau2_prep_check_telecom_0000,C:\Users\86132\Desktop\SafeDesk\benchmarks\tau2-bench\data\simulations\tau2_prep_check_telecom_0000\results.json,,2026-07-09T22:52:02
tau2_prep_check,telecom,telecom,none,[mms_issue]airplane_mode_on|bad_network_preference|bad_wifi_calling|break_apn_mms_setting|break_app_both_permissions|data_mode_off|unseat_sim_card|user_abroad_roaming_disabled_on[PERSONA:Hard],telecom_0000,0,2245,pending,0,tau2_prep_check_telecom_0000,C:\Users\86132\Desktop\SafeDesk\benchmarks\tau2-bench\data\simulations\tau2_prep_check_telecom_0000\results.json,,2026-07-09T22:52:02
tau2_prep_check,telecom,telecom,none,[mms_issue]airplane_mode_on|bad_network_preference|bad_wifi_calling|break_apn_mms_setting|break_app_sms_permission|data_mode_off|unseat_sim_card|user_abroad_roaming_disabled_off[PERSONA:None],telecom_0000,0,2246,pending,0,tau2_prep_check_telecom_0000,C:\Users\86132\Desktop\SafeDesk\benchmarks\tau2-bench\data\simulations\tau2_prep_check_telecom_0000\results.json,,2026-07-09T22:52:02
tau2_prep_check,telecom,telecom,none,[mms_issue]airplane_mode_on|bad_network_preference|bad_wifi_calling|break_apn_mms_setting|break_app_storage_permission|data_mode_off|unseat_sim_card|user_abroad_roaming_disabled_off[PERSONA:Easy],telecom_0000,0,2247,pending,0,tau2_prep_check_telecom_0000,C:\Users\86132\Desktop\SafeDesk\benchmarks\tau2-bench\data\simulations\tau2_prep_check_telecom_0000\results.json,,2026-07-09T22:52:02
tau2_prep_check,telecom,telecom,none,[mms_issue]airplane_mode_on|bad_network_preference|bad_wifi_calling|break_apn_mms_setting|break_app_both_permissions|data_mode_off|unseat_sim_card|user_abroad_roaming_disabled_off[PERSONA:Hard],telecom_0000,0,2248,pending,0,tau2_prep_check_telecom_0000,C:\Users\86132\Desktop\SafeDesk\benchmarks\tau2-bench\data\simulations\tau2_prep_check_telecom_0000\results.json,,2026-07-09T22:52:02
tau2_prep_check,telecom,telecom,none,[mms_issue]airplane_mode_on|bad_network_preference|bad_wifi_calling|break_apn_mms_setting|break_app_sms_permission|data_usage_exceeded|unseat_sim_card|user_abroad_roaming_enabled_off[PERSONA:None],telecom_0000,0,2249,pending,0,tau2_prep_check_telecom_0000,C:\Users\86132\Desktop\SafeDesk\benchmarks\tau2-bench\data\simulations\tau2_prep_check_telecom_0000\results.json,,2026-07-09T22:52:02
tau2_prep_check,telecom,telecom,none,[mms_issue]airplane_mode_on|bad_network_preference|bad_wifi_calling|break_apn_mms_setting|break_app_storage_permission|data_usage_exceeded|unseat_sim_card|user_abroad_roaming_enabled_off[PERSONA:Easy],telecom_0000,0,2250,pending,0,tau2_prep_check_telecom_0000,C:\Users\86132\Desktop\SafeDesk\benchmarks\tau2-bench\data\simulations\tau2_prep_check_telecom_0000\results.json,,2026-07-09T22:52:02
tau2_prep_check,telecom,telecom,none,[mms_issue]airplane_mode_on|bad_network_preference|bad_wifi_calling|break_apn_mms_setting|break_app_both_permissions|data_usage_exceeded|unseat_sim_card|user_abroad_roaming_enabled_off[PERSONA:Hard],telecom_0000,0,2251,pending,0,tau2_prep_check_telecom_0000,C:\Users\86132\Desktop\SafeDesk\benchmarks\tau2-bench\data\simulations\tau2_prep_check_telecom_0000\results.json,,2026-07-09T22:52:02
tau2_prep_check,telecom,telecom,none,[mms_issue]airplane_mode_on|bad_network_preference|bad_wifi_calling|break_apn_mms_setting|break_app_sms_permission|data_usage_exceeded|unseat_sim_card|user_abroad_roaming_disabled_on[PERSONA:None],telecom_0000,0,2252,pending,0,tau2_prep_check_telecom_0000,C:\Users\86132\Desktop\SafeDesk\benchmarks\tau2-bench\data\simulations\tau2_prep_check_telecom_0000\results.json,,2026-07-09T22:52:02
tau2_prep_check,telecom,telecom,none,[mms_issue]airplane_mode_on|bad_network_preference|bad_wifi_calling|break_apn_mms_setting|break_app_storage_permission|data_usage_exceeded|unseat_sim_card|user_abroad_roaming_disabled_on[PERSONA:Easy],telecom_0000,0,2253,pending,0,tau2_prep_check_telecom_0000,C:\Users\86132\Desktop\SafeDesk\benchmarks\tau2-bench\data\simulations\tau2_prep_check_telecom_0000\results.json,,2026-07-09T22:52:02
tau2_prep_check,telecom,telecom,none,[mms_issue]airplane_mode_on|bad_network_preference|bad_wifi_calling|break_apn_mms_setting|break_app_both_permissions|data_usage_exceeded|unseat_sim_card|user_abroad_roaming_disabled_on[PERSONA:Hard],telecom_0000,0,2254,pending,0,tau2_prep_check_telecom_0000,C:\Users\86132\Desktop\SafeDesk\benchmarks\tau2-bench\data\simulations\tau2_prep_check_telecom_0000\results.json,,2026-07-09T22:52:02
tau2_prep_check,telecom,telecom,none,[mms_issue]airplane_mode_on|bad_network_preference|bad_wifi_calling|break_apn_mms_setting|break_app_sms_permission|data_usage_exceeded|unseat_sim_card|user_abroad_roaming_disabled_off[PERSONA:None],telecom_0000,0,2255,pending,0,tau2_prep_check_telecom_0000,C:\Users\86132\Desktop\SafeDesk\benchmarks\tau2-bench\data\simulations\tau2_prep_check_telecom_0000\results.json,,2026-07-09T22:52:02
tau2_prep_check,telecom,telecom,none,[mms_issue]airplane_mode_on|bad_network_preference|bad_wifi_calling|break_apn_mms_setting|break_app_storage_permission|data_usage_exceeded|unseat_sim_card|user_abroad_roaming_disabled_off[PERSONA:Easy],telecom_0000,0,2256,pending,0,tau2_prep_check_telecom_0000,C:\Users\86132\Desktop\SafeDesk\benchmarks\tau2-bench\data\simulations\tau2_prep_check_telecom_0000\results.json,,2026-07-09T22:52:02
tau2_prep_check,telecom,telecom,none,[mms_issue]airplane_mode_on|bad_network_preference|bad_wifi_calling|break_apn_mms_setting|break_app_both_permissions|data_usage_exceeded|unseat_sim_card|user_abroad_roaming_disabled_off[PERSONA:Hard],telecom_0000,0,2257,pending,0,tau2_prep_check_telecom_0000,C:\Users\86132\Desktop\SafeDesk\benchmarks\tau2-bench\data\simulations\tau2_prep_check_telecom_0000\results.json,,2026-07-09T22:52:02
tau2_prep_check,telecom,telecom,none,[mms_issue]airplane_mode_on|bad_network_preference|bad_wifi_calling|break_apn_mms_setting|break_app_sms_permission|data_mode_off|data_usage_exceeded|user_abroad_roaming_enabled_off[PERSONA:None],telecom_0000,0,2258,pending,0,tau2_prep_check_telecom_0000,C:\Users\86132\Desktop\SafeDesk\benchmarks\tau2-bench\data\simulations\tau2_prep_check_telecom_0000\results.json,,2026-07-09T22:52:02
tau2_prep_check,telecom,telecom,none,[mms_issue]airplane_mode_on|bad_network_preference|bad_wifi_calling|break_apn_mms_setting|break_app_storage_permission|data_mode_off|data_usage_exceeded|user_abroad_roaming_enabled_off[PERSONA:Easy],telecom_0000,0,2259,pending,0,tau2_prep_check_telecom_0000,C:\Users\86132\Desktop\SafeDesk\benchmarks\tau2-bench\data\simulations\tau2_prep_check_telecom_0000\results.json,,2026-07-09T22:52:02
tau2_prep_check,telecom,telecom,none,[mms_issue]airplane_mode_on|bad_network_preference|bad_wifi_calling|break_apn_mms_setting|break_app_both_permissions|data_mode_off|data_usage_exceeded|user_abroad_roaming_enabled_off[PERSONA:Hard],telecom_0000,0,2260,pending,0,tau2_prep_check_telecom_0000,C:\Users\86132\Desktop\SafeDesk\benchmarks\tau2-bench\data\simulations\tau2_prep_check_telecom_0000\results.json,,2026-07-09T22:52:02
tau2_prep_check,telecom,telecom,none,[mms_issue]airplane_mode_on|bad_network_preference|bad_wifi_calling|break_apn_mms_setting|break_app_sms_permission|data_mode_off|data_usage_exceeded|user_abroad_roaming_disabled_on[PERSONA:None],telecom_0000,0,2261,pending,0,tau2_prep_check_telecom_0000,C:\Users\86132\Desktop\SafeDesk\benchmarks\tau2-bench\data\simulations\tau2_prep_check_telecom_0000\results.json,,2026-07-09T22:52:02
tau2_prep_check,telecom,telecom,none,[mms_issue]airplane_mode_on|bad_network_preference|bad_wifi_calling|break_apn_mms_setting|break_app_storage_permission|data_mode_off|data_usage_exceeded|user_abroad_roaming_disabled_on[PERSONA:Easy],telecom_0000,0,2262,pending,0,tau2_prep_check_telecom_0000,C:\Users\86132\Desktop\SafeDesk\benchmarks\tau2-bench\data\simulations\tau2_prep_check_telecom_0000\results.json,,2026-07-09T22:52:02
tau2_prep_check,telecom,telecom,none,[mms_issue]airplane_mode_on|bad_network_preference|bad_wifi_calling|break_apn_mms_setting|break_app_both_permissions|data_mode_off|data_usage_exceeded|user_abroad_roaming_disabled_on[PERSONA:Hard],telecom_0000,0,2263,pending,0,tau2_prep_check_telecom_0000,C:\Users\86132\Desktop\SafeDesk\benchmarks\tau2-bench\data\simulations\tau2_prep_check_telecom_0000\results.json,,2026-07-09T22:52:02
tau2_prep_check,telecom,telecom,none,[mms_issue]airplane_mode_on|bad_network_preference|bad_wifi_calling|break_apn_mms_setting|break_app_sms_permission|data_mode_off|data_usage_exceeded|user_abroad_roaming_disabled_off[PERSONA:None],telecom_0000,0,2264,pending,0,tau2_prep_check_telecom_0000,C:\Users\86132\Desktop\SafeDesk\benchmarks\tau2-bench\data\simulations\tau2_prep_check_telecom_0000\results.json,,2026-07-09T22:52:02
tau2_prep_check,telecom,telecom,none,[mms_issue]airplane_mode_on|bad_network_preference|bad_wifi_calling|break_apn_mms_setting|break_app_storage_permission|data_mode_off|data_usage_exceeded|user_abroad_roaming_disabled_off[PERSONA:Easy],telecom_0000,0,2265,pending,0,tau2_prep_check_telecom_0000,C:\Users\86132\Desktop\SafeDesk\benchmarks\tau2-bench\data\simulations\tau2_prep_check_telecom_0000\results.json,,2026-07-09T22:52:02
tau2_prep_check,telecom,telecom,none,[mms_issue]airplane_mode_on|bad_network_preference|bad_wifi_calling|break_apn_mms_setting|break_app_both_permissions|data_mode_off|data_usage_exceeded|user_abroad_roaming_disabled_off[PERSONA:Hard],telecom_0000,0,2266,pending,0,tau2_prep_check_telecom_0000,C:\Users\86132\Desktop\SafeDesk\benchmarks\tau2-bench\data\simulations\tau2_prep_check_telecom_0000\results.json,,2026-07-09T22:52:02
tau2_prep_check,telecom,telecom,none,[mms_issue]bad_network_preference|bad_wifi_calling|break_apn_mms_setting|break_app_sms_permission|data_mode_off|data_usage_exceeded|unseat_sim_card|user_abroad_roaming_enabled_off[PERSONA:None],telecom_0000,0,2267,pending,0,tau2_prep_check_telecom_0000,C:\Users\86132\Desktop\SafeDesk\benchmarks\tau2-bench\data\simulations\tau2_prep_check_telecom_0000\results.json,,2026-07-09T22:52:02
tau2_prep_check,telecom,telecom,none,[mms_issue]bad_network_preference|bad_wifi_calling|break_apn_mms_setting|break_app_storage_permission|data_mode_off|data_usage_exceeded|unseat_sim_card|user_abroad_roaming_enabled_off[PERSONA:Easy],telecom_0000,0,2268,pending,0,tau2_prep_check_telecom_0000,C:\Users\86132\Desktop\SafeDesk\benchmarks\tau2-bench\data\simulations\tau2_prep_check_telecom_0000\results.json,,2026-07-09T22:52:02
tau2_prep_check,telecom,telecom,none,[mms_issue]bad_network_preference|bad_wifi_calling|break_apn_mms_setting|break_app_both_permissions|data_mode_off|data_usage_exceeded|unseat_sim_card|user_abroad_roaming_enabled_off[PERSONA:Hard],telecom_0000,0,2269,pending,0,tau2_prep_check_telecom_0000,C:\Users\86132\Desktop\SafeDesk\benchmarks\tau2-bench\data\simulations\tau2_prep_check_telecom_0000\results.json,,2026-07-09T22:52:02
tau2_prep_check,telecom,telecom,none,[mms_issue]bad_network_preference|bad_wifi_calling|break_apn_mms_setting|break_app_sms_permission|data_mode_off|data_usage_exceeded|unseat_sim_card|user_abroad_roaming_disabled_on[PERSONA:None],telecom_0000,0,2270,pending,0,tau2_prep_check_telecom_0000,C:\Users\86132\Desktop\SafeDesk\benchmarks\tau2-bench\data\simulations\tau2_prep_check_telecom_0000\results.json,,2026-07-09T22:52:02
tau2_prep_check,telecom,telecom,none,[mms_issue]bad_network_preference|bad_wifi_calling|break_apn_mms_setting|break_app_storage_permission|data_mode_off|data_usage_exceeded|unseat_sim_card|user_abroad_roaming_disabled_on[PERSONA:Easy],telecom_0000,0,2271,pending,0,tau2_prep_check_telecom_0000,C:\Users\86132\Desktop\SafeDesk\benchmarks\tau2-bench\data\simulations\tau2_prep_check_telecom_0000\results.json,,2026-07-09T22:52:02
tau2_prep_check,telecom,telecom,none,[mms_issue]bad_network_preference|bad_wifi_calling|break_apn_mms_setting|break_app_both_permissions|data_mode_off|data_usage_exceeded|unseat_sim_card|user_abroad_roaming_disabled_on[PERSONA:Hard],telecom_0000,0,2272,pending,0,tau2_prep_check_telecom_0000,C:\Users\86132\Desktop\SafeDesk\benchmarks\tau2-bench\data\simulations\tau2_prep_check_telecom_0000\results.json,,2026-07-09T22:52:02
tau2_prep_check,telecom,telecom,none,[mms_issue]bad_network_preference|bad_wifi_calling|break_apn_mms_setting|break_app_sms_permission|data_mode_off|data_usage_exceeded|unseat_sim_card|user_abroad_roaming_disabled_off[PERSONA:None],telecom_0000,0,2273,pending,0,tau2_prep_check_telecom_0000,C:\Users\86132\Desktop\SafeDesk\benchmarks\tau2-bench\data\simulations\tau2_prep_check_telecom_0000\results.json,,2026-07-09T22:52:02
tau2_prep_check,telecom,telecom,none,[mms_issue]bad_network_preference|bad_wifi_calling|break_apn_mms_setting|break_app_storage_permission|data_mode_off|data_usage_exceeded|unseat_sim_card|user_abroad_roaming_disabled_off[PERSONA:Easy],telecom_0000,0,2274,pending,0,tau2_prep_check_telecom_0000,C:\Users\86132\Desktop\SafeDesk\benchmarks\tau2-bench\data\simulations\tau2_prep_check_telecom_0000\results.json,,2026-07-09T22:52:02
tau2_prep_check,telecom,telecom,none,[mms_issue]bad_network_preference|bad_wifi_calling|break_apn_mms_setting|break_app_both_permissions|data_mode_off|data_usage_exceeded|unseat_sim_card|user_abroad_roaming_disabled_off[PERSONA:Hard],telecom_0000,0,2275,pending,0,tau2_prep_check_telecom_0000,C:\Users\86132\Desktop\SafeDesk\benchmarks\tau2-bench\data\simulations\tau2_prep_check_telecom_0000\results.json,,2026-07-09T22:52:02
tau2_prep_check,telecom,telecom,none,[mms_issue]airplane_mode_on|bad_network_preference|bad_wifi_calling|break_apn_mms_setting|break_app_sms_permission|data_mode_off|data_usage_exceeded|unseat_sim_card|user_abroad_roaming_enabled_off[PERSONA:None],telecom_0000,0,2276,pending,0,tau2_prep_check_telecom_0000,C:\Users\86132\Desktop\SafeDesk\benchmarks\tau2-bench\data\simulations\tau2_prep_check_telecom_0000\results.json,,2026-07-09T22:52:02
tau2_prep_check,telecom,telecom,none,[mms_issue]airplane_mode_on|bad_network_preference|bad_wifi_calling|break_apn_mms_setting|break_app_storage_permission|data_mode_off|data_usage_exceeded|unseat_sim_card|user_abroad_roaming_enabled_off[PERSONA:Easy],telecom_0000,0,2277,pending,0,tau2_prep_check_telecom_0000,C:\Users\86132\Desktop\SafeDesk\benchmarks\tau2-bench\data\simulations\tau2_prep_check_telecom_0000\results.json,,2026-07-09T22:52:02
tau2_prep_check,telecom,telecom,none,[mms_issue]airplane_mode_on|bad_network_preference|bad_wifi_calling|break_apn_mms_setting|break_app_both_permissions|data_mode_off|data_usage_exceeded|unseat_sim_card|user_abroad_roaming_enabled_off[PERSONA:Hard],telecom_0000,0,2278,pending,0,tau2_prep_check_telecom_0000,C:\Users\86132\Desktop\SafeDesk\benchmarks\tau2-bench\data\simulations\tau2_prep_check_telecom_0000\results.json,,2026-07-09T22:52:02
tau2_prep_check,telecom,telecom,none,[mms_issue]airplane_mode_on|bad_network_preference|bad_wifi_calling|break_apn_mms_setting|break_app_sms_permission|data_mode_off|data_usage_exceeded|unseat_sim_card|user_abroad_roaming_disabled_on[PERSONA:None],telecom_0000,0,2279,pending,0,tau2_prep_check_telecom_0000,C:\Users\86132\Desktop\SafeDesk\benchmarks\tau2-bench\data\simulations\tau2_prep_check_telecom_0000\results.json,,2026-07-09T22:52:02
tau2_prep_check,telecom,telecom,none,[mms_issue]airplane_mode_on|bad_network_preference|bad_wifi_calling|break_apn_mms_setting|break_app_storage_permission|data_mode_off|data_usage_exceeded|unseat_sim_card|user_abroad_roaming_disabled_on[PERSONA:Easy],telecom_0000,0,2280,pending,0,tau2_prep_check_telecom_0000,C:\Users\86132\Desktop\SafeDesk\benchmarks\tau2-bench\data\simulations\tau2_prep_check_telecom_0000\results.json,,2026-07-09T22:52:02
tau2_prep_check,telecom,telecom,none,[mms_issue]airplane_mode_on|bad_network_preference|bad_wifi_calling|break_apn_mms_setting|break_app_both_permissions|data_mode_off|data_usage_exceeded|unseat_sim_card|user_abroad_roaming_disabled_on[PERSONA:Hard],telecom_0000,0,2281,pending,0,tau2_prep_check_telecom_0000,C:\Users\86132\Desktop\SafeDesk\benchmarks\tau2-bench\data\simulations\tau2_prep_check_telecom_0000\results.json,,2026-07-09T22:52:02
tau2_prep_check,telecom,telecom,none,[mms_issue]airplane_mode_on|bad_network_preference|bad_wifi_calling|break_apn_mms_setting|break_app_sms_permission|data_mode_off|data_usage_exceeded|unseat_sim_card|user_abroad_roaming_disabled_off[PERSONA:None],telecom_0000,0,2282,pending,0,tau2_prep_check_telecom_0000,C:\Users\86132\Desktop\SafeDesk\benchmarks\tau2-bench\data\simulations\tau2_prep_check_telecom_0000\results.json,,2026-07-09T22:52:02
tau2_prep_check,telecom,telecom,none,[mms_issue]airplane_mode_on|bad_network_preference|bad_wifi_calling|break_apn_mms_setting|break_app_storage_permission|data_mode_off|data_usage_exceeded|unseat_sim_card|user_abroad_roaming_disabled_off[PERSONA:Easy],telecom_0000,0,2283,pending,0,tau2_prep_check_telecom_0000,C:\Users\86132\Desktop\SafeDesk\benchmarks\tau2-bench\data\simulations\tau2_prep_check_telecom_0000\results.json,,2026-07-09T22:52:02
tau2_prep_check,telecom,telecom,none,[mms_issue]airplane_mode_on|bad_network_preference|bad_wifi_calling|break_apn_mms_setting|break_app_both_permissions|data_mode_off|data_usage_exceeded|unseat_sim_card|user_abroad_roaming_disabled_off[PERSONA:Hard],telecom_0000,0,2284,pending,0,tau2_prep_check_telecom_0000,C:\Users\86132\Desktop\SafeDesk\benchmarks\tau2-bench\data\simulations\tau2_prep_check_telecom_0000\results.json,,2026-07-09T22:52:02
