run_id,domain,task_set_name,task_split_name,task_id,shard_id,shard_index,task_index,status,attempts,save_to,result_path,failure_type,updated_at
tau2_full_flash,airline,airline,none,0,airline_0000,0,0,passed,1,tau2_full_flash_airline_0000,C:\Users\86132\Desktop\SafeDesk\benchmarks\tau2-bench\data\simulations\tau2_full_flash_airline_0000\results.json,,2026-07-10T07:03:08
tau2_full_flash,airline,airline,none,1,airline_0000,0,1,passed,1,tau2_full_flash_airline_0000,C:\Users\86132\Desktop\SafeDesk\benchmarks\tau2-bench\data\simulations\tau2_full_flash_airline_0000\results.json,,2026-07-10T07:03:08
tau2_full_flash,airline,airline,none,2,airline_0000,0,2,passed,1,tau2_full_flash_airline_0000,C:\Users\86132\Desktop\SafeDesk\benchmarks\tau2-bench\data\simulations\tau2_full_flash_airline_0000\results.json,,2026-07-10T07:03:08
tau2_full_flash,airline,airline,none,3,airline_0000,0,3,passed,1,tau2_full_flash_airline_0000,C:\Users\86132\Desktop\SafeDesk\benchmarks\tau2-bench\data\simulations\tau2_full_flash_airline_0000\results.json,,2026-07-10T07:03:08
tau2_full_flash,airline,airline,none,4,airline_0000,0,4,passed,1,tau2_full_flash_airline_0000,C:\Users\86132\Desktop\SafeDesk\benchmarks\tau2-bench\data\simulations\tau2_full_flash_airline_0000\results.json,,2026-07-10T07:03:08
tau2_full_flash,airline,airline,none,5,airline_0000,0,5,passed,1,tau2_full_flash_airline_0000,C:\Users\86132\Desktop\SafeDesk\benchmarks\tau2-bench\data\simulations\tau2_full_flash_airline_0000\results.json,,2026-07-10T07:03:08
tau2_full_flash,airline,airline,none,6,airline_0000,0,6,passed,1,tau2_full_flash_airline_0000,C:\Users\86132\Desktop\SafeDesk\benchmarks\tau2-bench\data\simulations\tau2_full_flash_airline_0000\results.json,,2026-07-10T07:03:08
tau2_full_flash,airline,airline,none,7,airline_0000,0,7,passed,1,tau2_full_flash_airline_0000,C:\Users\86132\Desktop\SafeDesk\benchmarks\tau2-bench\data\simulations\tau2_full_flash_airline_0000\results.json,,2026-07-10T07:03:08
tau2_full_flash,airline,airline,none,8,airline_0000,0,8,passed,1,tau2_full_flash_airline_0000,C:\Users\86132\Desktop\SafeDesk\benchmarks\tau2-bench\data\simulations\tau2_full_flash_airline_0000\results.json,,2026-07-10T07:03:08
tau2_full_flash,airline,airline,none,9,airline_0000,0,9,passed,1,tau2_full_flash_airline_0000,C:\Users\86132\Desktop\SafeDesk\benchmarks\tau2-bench\data\simulations\tau2_full_flash_airline_0000\results.json,,2026-07-10T07:03:08
tau2_full_flash,airline,airline,none,10,airline_0001,1,0,passed,1,tau2_full_flash_airline_0001,C:\Users\86132\Desktop\SafeDesk\benchmarks\tau2-bench\data\simulations\tau2_full_flash_airline_0001\results.json,,2026-07-10T07:03:08
tau2_full_flash,airline,airline,none,11,airline_0001,1,1,passed,1,tau2_full_flash_airline_0001,C:\Users\86132\Desktop\SafeDesk\benchmarks\tau2-bench\data\simulations\tau2_full_flash_airline_0001\results.json,,2026-07-10T07:03:08
tau2_full_flash,airline,airline,none,12,airline_0001,1,2,passed,1,tau2_full_flash_airline_0001,C:\Users\86132\Desktop\SafeDesk\benchmarks\tau2-bench\data\simulations\tau2_full_flash_airline_0001\results.json,,2026-07-10T07:03:08
tau2_full_flash,airline,airline,none,13,airline_0001,1,3,passed,1,tau2_full_flash_airline_0001,C:\Users\86132\Desktop\SafeDesk\benchmarks\tau2-bench\data\simulations\tau2_full_flash_airline_0001\results.json,,2026-07-10T07:03:08
tau2_full_flash,airline,airline,none,14,airline_0001,1,4,failed_model,1,tau2_full_flash_airline_0001,C:\Users\86132\Desktop\SafeDesk\benchmarks\tau2-bench\data\simulations\tau2_full_flash_airline_0001\results.json,model_failure,2026-07-10T07:03:08
tau2_full_flash,airline,airline,none,15,airline_0001,1,5,failed_model,1,tau2_full_flash_airline_0001,C:\Users\86132\Desktop\SafeDesk\benchmarks\tau2-bench\data\simulations\tau2_full_flash_airline_0001\results.json,model_failure,2026-07-10T07:03:08
tau2_full_flash,airline,airline,none,16,airline_0001,1,6,passed,1,tau2_full_flash_airline_0001,C:\Users\86132\Desktop\SafeDesk\benchmarks\tau2-bench\data\simulations\tau2_full_flash_airline_0001\results.json,,2026-07-10T07:03:08
tau2_full_flash,airline,airline,none,17,airline_0001,1,7,passed,1,tau2_full_flash_airline_0001,C:\Users\86132\Desktop\SafeDesk\benchmarks\tau2-bench\data\simulations\tau2_full_flash_airline_0001\results.json,,2026-07-10T07:03:08
tau2_full_flash,airline,airline,none,18,airline_0001,1,8,passed,1,tau2_full_flash_airline_0001,C:\Users\86132\Desktop\SafeDesk\benchmarks\tau2-bench\data\simulations\tau2_full_flash_airline_0001\results.json,,2026-07-10T07:03:08
tau2_full_flash,airline,airline,none,19,airline_0001,1,9,passed,1,tau2_full_flash_airline_0001,C:\Users\86132\Desktop\SafeDesk\benchmarks\tau2-bench\data\simulations\tau2_full_flash_airline_0001\results.json,,2026-07-10T07:03:08
tau2_full_flash,airline,airline,none,20,airline_0002,2,0,passed,2,tau2_full_flash_airline_0002,C:\Users\86132\Desktop\SafeDesk\benchmarks\tau2-bench\data\simulations\tau2_full_flash_airline_0002\results.json,,2026-07-10T07:03:26
tau2_full_flash,airline,airline,none,21,airline_0002,2,1,passed,2,tau2_full_flash_airline_0002,C:\Users\86132\Desktop\SafeDesk\benchmarks\tau2-bench\data\simulations\tau2_full_flash_airline_0002\results.json,,2026-07-10T07:03:26
tau2_full_flash,airline,airline,none,22,airline_0002,2,2,failed_model,2,tau2_full_flash_airline_0002,C:\Users\86132\Desktop\SafeDesk\benchmarks\tau2-bench\data\simulations\tau2_full_flash_airline_0002\results.json,model_failure,2026-07-10T07:03:26
tau2_full_flash,airline,airline,none,23,airline_0002,2,3,passed,2,tau2_full_flash_airline_0002,C:\Users\86132\Desktop\SafeDesk\benchmarks\tau2-bench\data\simulations\tau2_full_flash_airline_0002\results.json,,2026-07-10T07:03:26
tau2_full_flash,airline,airline,none,24,airline_0002,2,4,infra_error,2,tau2_full_flash_airline_0002,C:\Users\86132\Desktop\SafeDesk\benchmarks\tau2-bench\data\simulations\tau2_full_flash_airline_0002\results.json,infra_error,2026-07-10T07:03:26
tau2_full_flash,airline,airline,none,25,airline_0002,2,5,passed,2,tau2_full_flash_airline_0002,C:\Users\86132\Desktop\SafeDesk\benchmarks\tau2-bench\data\simulations\tau2_full_flash_airline_0002\results.json,,2026-07-10T07:03:26
tau2_full_flash,airline,airline,none,26,airline_0002,2,6,passed,2,tau2_full_flash_airline_0002,C:\Users\86132\Desktop\SafeDesk\benchmarks\tau2-bench\data\simulations\tau2_full_flash_airline_0002\results.json,,2026-07-10T07:03:26
tau2_full_flash,airline,airline,none,27,airline_0002,2,7,passed,2,tau2_full_flash_airline_0002,C:\Users\86132\Desktop\SafeDesk\benchmarks\tau2-bench\data\simulations\tau2_full_flash_airline_0002\results.json,,2026-07-10T07:03:26
tau2_full_flash,airline,airline,none,28,airline_0002,2,8,passed,2,tau2_full_flash_airline_0002,C:\Users\86132\Desktop\SafeDesk\benchmarks\tau2-bench\data\simulations\tau2_full_flash_airline_0002\results.json,,2026-07-10T07:03:26
tau2_full_flash,airline,airline,none,29,airline_0002,2,9,failed_model,2,tau2_full_flash_airline_0002,C:\Users\86132\Desktop\SafeDesk\benchmarks\tau2-bench\data\simulations\tau2_full_flash_airline_0002\results.json,model_failure,2026-07-10T07:03:26
tau2_full_flash,airline,airline,none,30,airline_0003,3,0,passed,1,tau2_full_flash_airline_0003,C:\Users\86132\Desktop\SafeDesk\benchmarks\tau2-bench\data\simulations\tau2_full_flash_airline_0003\results.json,,2026-07-10T07:03:26
tau2_full_flash,airline,airline,none,31,airline_0003,3,1,passed,1,tau2_full_flash_airline_0003,C:\Users\86132\Desktop\SafeDesk\benchmarks\tau2-bench\data\simulations\tau2_full_flash_airline_0003\results.json,,2026-07-10T07:03:26
tau2_full_flash,airline,airline,none,32,airline_0003,3,2,failed_model,1,tau2_full_flash_airline_0003,C:\Users\86132\Desktop\SafeDesk\benchmarks\tau2-bench\data\simulations\tau2_full_flash_airline_0003\results.json,model_failure,2026-07-10T07:03:26
tau2_full_flash,airline,airline,none,33,airline_0003,3,3,passed,1,tau2_full_flash_airline_0003,C:\Users\86132\Desktop\SafeDesk\benchmarks\tau2-bench\data\simulations\tau2_full_flash_airline_0003\results.json,,2026-07-10T07:03:26
tau2_full_flash,airline,airline,none,34,airline_0003,3,4,passed,1,tau2_full_flash_airline_0003,C:\Users\86132\Desktop\SafeDesk\benchmarks\tau2-bench\data\simulations\tau2_full_flash_airline_0003\results.json,,2026-07-10T07:03:26
tau2_full_flash,airline,airline,none,35,airline_0003,3,5,failed_model,1,tau2_full_flash_airline_0003,C:\Users\86132\Desktop\SafeDesk\benchmarks\tau2-bench\data\simulations\tau2_full_flash_airline_0003\results.json,model_failure,2026-07-10T07:03:26
tau2_full_flash,airline,airline,none,36,airline_0003,3,6,passed,1,tau2_full_flash_airline_0003,C:\Users\86132\Desktop\SafeDesk\benchmarks\tau2-bench\data\simulations\tau2_full_flash_airline_0003\results.json,,2026-07-10T07:03:26
tau2_full_flash,airline,airline,none,37,airline_0003,3,7,passed,1,tau2_full_flash_airline_0003,C:\Users\86132\Desktop\SafeDesk\benchmarks\tau2-bench\data\simulations\tau2_full_flash_airline_0003\results.json,,2026-07-10T07:03:26
tau2_full_flash,airline,airline,none,38,airline_0003,3,8,passed,1,tau2_full_flash_airline_0003,C:\Users\86132\Desktop\SafeDesk\benchmarks\tau2-bench\data\simulations\tau2_full_flash_airline_0003\results.json,,2026-07-10T07:03:26
tau2_full_flash,airline,airline,none,39,airline_0003,3,9,failed_model,1,tau2_full_flash_airline_0003,C:\Users\86132\Desktop\SafeDesk\benchmarks\tau2-bench\data\simulations\tau2_full_flash_airline_0003\results.json,model_failure,2026-07-10T07:03:26
tau2_full_flash,airline,airline,none,40,airline_0004,4,0,passed,1,tau2_full_flash_airline_0004,C:\Users\86132\Desktop\SafeDesk\benchmarks\tau2-bench\data\simulations\tau2_full_flash_airline_0004\results.json,,2026-07-10T07:03:26
tau2_full_flash,airline,airline,none,41,airline_0004,4,1,passed,1,tau2_full_flash_airline_0004,C:\Users\86132\Desktop\SafeDesk\benchmarks\tau2-bench\data\simulations\tau2_full_flash_airline_0004\results.json,,2026-07-10T07:03:26
tau2_full_flash,airline,airline,none,42,airline_0004,4,2,passed,1,tau2_full_flash_airline_0004,C:\Users\86132\Desktop\SafeDesk\benchmarks\tau2-bench\data\simulations\tau2_full_flash_airline_0004\results.json,,2026-07-10T07:03:26
tau2_full_flash,airline,airline,none,43,airline_0004,4,3,passed,1,tau2_full_flash_airline_0004,C:\Users\86132\Desktop\SafeDesk\benchmarks\tau2-bench\data\simulations\tau2_full_flash_airline_0004\results.json,,2026-07-10T07:03:26
tau2_full_flash,airline,airline,none,44,airline_0004,4,4,passed,1,tau2_full_flash_airline_0004,C:\Users\86132\Desktop\SafeDesk\benchmarks\tau2-bench\data\simulations\tau2_full_flash_airline_0004\results.json,,2026-07-10T07:03:26
tau2_full_flash,airline,airline,none,45,airline_0004,4,5,passed,1,tau2_full_flash_airline_0004,C:\Users\86132\Desktop\SafeDesk\benchmarks\tau2-bench\data\simulations\tau2_full_flash_airline_0004\results.json,,2026-07-10T07:03:26
tau2_full_flash,airline,airline,none,46,airline_0004,4,6,passed,1,tau2_full_flash_airline_0004,C:\Users\86132\Desktop\SafeDesk\benchmarks\tau2-bench\data\simulations\tau2_full_flash_airline_0004\results.json,,2026-07-10T07:03:26
tau2_full_flash,airline,airline,none,47,airline_0004,4,7,passed,1,tau2_full_flash_airline_0004,C:\Users\86132\Desktop\SafeDesk\benchmarks\tau2-bench\data\simulations\tau2_full_flash_airline_0004\results.json,,2026-07-10T07:03:26
tau2_full_flash,airline,airline,none,48,airline_0004,4,8,passed,1,tau2_full_flash_airline_0004,C:\Users\86132\Desktop\SafeDesk\benchmarks\tau2-bench\data\simulations\tau2_full_flash_airline_0004\results.json,,2026-07-10T07:03:26
tau2_full_flash,airline,airline,none,49,airline_0004,4,9,passed,1,tau2_full_flash_airline_0004,C:\Users\86132\Desktop\SafeDesk\benchmarks\tau2-bench\data\simulations\tau2_full_flash_airline_0004\results.json,,2026-07-10T07:03:26
tau2_full_flash,retail,retail,none,0,retail_0000,0,0,passed,2,tau2_full_flash_retail_0000,C:\Users\86132\Desktop\SafeDesk\benchmarks\tau2-bench\data\simulations\tau2_full_flash_retail_0000\results.json,,2026-07-10T07:04:19
tau2_full_flash,retail,retail,none,1,retail_0000,0,1,passed,2,tau2_full_flash_retail_0000,C:\Users\86132\Desktop\SafeDesk\benchmarks\tau2-bench\data\simulations\tau2_full_flash_retail_0000\results.json,,2026-07-10T07:04:19
tau2_full_flash,retail,retail,none,2,retail_0000,0,2,passed,2,tau2_full_flash_retail_0000,C:\Users\86132\Desktop\SafeDesk\benchmarks\tau2-bench\data\simulations\tau2_full_flash_retail_0000\results.json,,2026-07-10T07:04:19
tau2_full_flash,retail,retail,none,3,retail_0000,0,3,passed,2,tau2_full_flash_retail_0000,C:\Users\86132\Desktop\SafeDesk\benchmarks\tau2-bench\data\simulations\tau2_full_flash_retail_0000\results.json,,2026-07-10T07:04:19
tau2_full_flash,retail,retail,none,4,retail_0000,0,4,passed,2,tau2_full_flash_retail_0000,C:\Users\86132\Desktop\SafeDesk\benchmarks\tau2-bench\data\simulations\tau2_full_flash_retail_0000\results.json,,2026-07-10T07:04:19
tau2_full_flash,retail,retail,none,5,retail_0000,0,5,passed,2,tau2_full_flash_retail_0000,C:\Users\86132\Desktop\SafeDesk\benchmarks\tau2-bench\data\simulations\tau2_full_flash_retail_0000\results.json,,2026-07-10T07:04:19
tau2_full_flash,retail,retail,none,6,retail_0000,0,6,passed,2,tau2_full_flash_retail_0000,C:\Users\86132\Desktop\SafeDesk\benchmarks\tau2-bench\data\simulations\tau2_full_flash_retail_0000\results.json,,2026-07-10T07:04:19
tau2_full_flash,retail,retail,none,7,retail_0000,0,7,passed,2,tau2_full_flash_retail_0000,C:\Users\86132\Desktop\SafeDesk\benchmarks\tau2-bench\data\simulations\tau2_full_flash_retail_0000\results.json,,2026-07-10T07:04:19
tau2_full_flash,retail,retail,none,8,retail_0000,0,8,failed_model,2,tau2_full_flash_retail_0000,C:\Users\86132\Desktop\SafeDesk\benchmarks\tau2-bench\data\simulations\tau2_full_flash_retail_0000\results.json,model_failure,2026-07-10T07:04:19
tau2_full_flash,retail,retail,none,9,retail_0000,0,9,passed,2,tau2_full_flash_retail_0000,C:\Users\86132\Desktop\SafeDesk\benchmarks\tau2-bench\data\simulations\tau2_full_flash_retail_0000\results.json,,2026-07-10T07:04:19
tau2_full_flash,retail,retail,none,10,retail_0001,1,0,passed,1,tau2_full_flash_retail_0001,C:\Users\86132\Desktop\SafeDesk\benchmarks\tau2-bench\data\simulations\tau2_full_flash_retail_0001\results.json,,2026-07-10T07:04:20
tau2_full_flash,retail,retail,none,11,retail_0001,1,1,passed,1,tau2_full_flash_retail_0001,C:\Users\86132\Desktop\SafeDesk\benchmarks\tau2-bench\data\simulations\tau2_full_flash_retail_0001\results.json,,2026-07-10T07:04:20
tau2_full_flash,retail,retail,none,12,retail_0001,1,2,passed,1,tau2_full_flash_retail_0001,C:\Users\86132\Desktop\SafeDesk\benchmarks\tau2-bench\data\simulations\tau2_full_flash_retail_0001\results.json,,2026-07-10T07:04:20
tau2_full_flash,retail,retail,none,13,retail_0001,1,3,passed,1,tau2_full_flash_retail_0001,C:\Users\86132\Desktop\SafeDesk\benchmarks\tau2-bench\data\simulations\tau2_full_flash_retail_0001\results.json,,2026-07-10T07:04:20
tau2_full_flash,retail,retail,none,14,retail_0001,1,4,passed,1,tau2_full_flash_retail_0001,C:\Users\86132\Desktop\SafeDesk\benchmarks\tau2-bench\data\simulations\tau2_full_flash_retail_0001\results.json,,2026-07-10T07:04:20
tau2_full_flash,retail,retail,none,15,retail_0001,1,5,passed,1,tau2_full_flash_retail_0001,C:\Users\86132\Desktop\SafeDesk\benchmarks\tau2-bench\data\simulations\tau2_full_flash_retail_0001\results.json,,2026-07-10T07:04:20
tau2_full_flash,retail,retail,none,16,retail_0001,1,6,passed,1,tau2_full_flash_retail_0001,C:\Users\86132\Desktop\SafeDesk\benchmarks\tau2-bench\data\simulations\tau2_full_flash_retail_0001\results.json,,2026-07-10T07:04:20
tau2_full_flash,retail,retail,none,17,retail_0001,1,7,passed,1,tau2_full_flash_retail_0001,C:\Users\86132\Desktop\SafeDesk\benchmarks\tau2-bench\data\simulations\tau2_full_flash_retail_0001\results.json,,2026-07-10T07:04:20
tau2_full_flash,retail,retail,none,18,retail_0001,1,8,passed,1,tau2_full_flash_retail_0001,C:\Users\86132\Desktop\SafeDesk\benchmarks\tau2-bench\data\simulations\tau2_full_flash_retail_0001\results.json,,2026-07-10T07:04:20
tau2_full_flash,retail,retail,none,19,retail_0001,1,9,passed,1,tau2_full_flash_retail_0001,C:\Users\86132\Desktop\SafeDesk\benchmarks\tau2-bench\data\simulations\tau2_full_flash_retail_0001\results.json,,2026-07-10T07:04:20
tau2_full_flash,retail,retail,none,20,retail_0002,2,0,passed,1,tau2_full_flash_retail_0002,C:\Users\86132\Desktop\SafeDesk\benchmarks\tau2-bench\data\simulations\tau2_full_flash_retail_0002\results.json,,2026-07-10T07:04:20
tau2_full_flash,retail,retail,none,21,retail_0002,2,1,passed,1,tau2_full_flash_retail_0002,C:\Users\86132\Desktop\SafeDesk\benchmarks\tau2-bench\data\simulations\tau2_full_flash_retail_0002\results.json,,2026-07-10T07:04:20
tau2_full_flash,retail,retail,none,22,retail_0002,2,2,passed,1,tau2_full_flash_retail_0002,C:\Users\86132\Desktop\SafeDesk\benchmarks\tau2-bench\data\simulations\tau2_full_flash_retail_0002\results.json,,2026-07-10T07:04:20
tau2_full_flash,retail,retail,none,23,retail_0002,2,3,passed,1,tau2_full_flash_retail_0002,C:\Users\86132\Desktop\SafeDesk\benchmarks\tau2-bench\data\simulations\tau2_full_flash_retail_0002\results.json,,2026-07-10T07:04:20
tau2_full_flash,retail,retail,none,24,retail_0002,2,4,passed,1,tau2_full_flash_retail_0002,C:\Users\86132\Desktop\SafeDesk\benchmarks\tau2-bench\data\simulations\tau2_full_flash_retail_0002\results.json,,2026-07-10T07:04:20
tau2_full_flash,retail,retail,none,25,retail_0002,2,5,passed,1,tau2_full_flash_retail_0002,C:\Users\86132\Desktop\SafeDesk\benchmarks\tau2-bench\data\simulations\tau2_full_flash_retail_0002\results.json,,2026-07-10T07:04:20
tau2_full_flash,retail,retail,none,26,retail_0002,2,6,passed,1,tau2_full_flash_retail_0002,C:\Users\86132\Desktop\SafeDesk\benchmarks\tau2-bench\data\simulations\tau2_full_flash_retail_0002\results.json,,2026-07-10T07:04:20
tau2_full_flash,retail,retail,none,27,retail_0002,2,7,passed,1,tau2_full_flash_retail_0002,C:\Users\86132\Desktop\SafeDesk\benchmarks\tau2-bench\data\simulations\tau2_full_flash_retail_0002\results.json,,2026-07-10T07:04:20
tau2_full_flash,retail,retail,none,28,retail_0002,2,8,passed,1,tau2_full_flash_retail_0002,C:\Users\86132\Desktop\SafeDesk\benchmarks\tau2-bench\data\simulations\tau2_full_flash_retail_0002\results.json,,2026-07-10T07:04:20
tau2_full_flash,retail,retail,none,29,retail_0002,2,9,passed,1,tau2_full_flash_retail_0002,C:\Users\86132\Desktop\SafeDesk\benchmarks\tau2-bench\data\simulations\tau2_full_flash_retail_0002\results.json,,2026-07-10T07:04:20
tau2_full_flash,retail,retail,none,30,retail_0003,3,0,passed,1,tau2_full_flash_retail_0003,C:\Users\86132\Desktop\SafeDesk\benchmarks\tau2-bench\data\simulations\tau2_full_flash_retail_0003\results.json,,2026-07-10T07:04:20
tau2_full_flash,retail,retail,none,31,retail_0003,3,1,failed_model,1,tau2_full_flash_retail_0003,C:\Users\86132\Desktop\SafeDesk\benchmarks\tau2-bench\data\simulations\tau2_full_flash_retail_0003\results.json,model_failure,2026-07-10T07:04:20
tau2_full_flash,retail,retail,none,32,retail_0003,3,2,failed_model,1,tau2_full_flash_retail_0003,C:\Users\86132\Desktop\SafeDesk\benchmarks\tau2-bench\data\simulations\tau2_full_flash_retail_0003\results.json,model_failure,2026-07-10T07:04:20
tau2_full_flash,retail,retail,none,33,retail_0003,3,3,passed,1,tau2_full_flash_retail_0003,C:\Users\86132\Desktop\SafeDesk\benchmarks\tau2-bench\data\simulations\tau2_full_flash_retail_0003\results.json,,2026-07-10T07:04:20
tau2_full_flash,retail,retail,none,34,retail_0003,3,4,passed,1,tau2_full_flash_retail_0003,C:\Users\86132\Desktop\SafeDesk\benchmarks\tau2-bench\data\simulations\tau2_full_flash_retail_0003\results.json,,2026-07-10T07:04:20
tau2_full_flash,retail,retail,none,35,retail_0003,3,5,passed,1,tau2_full_flash_retail_0003,C:\Users\86132\Desktop\SafeDesk\benchmarks\tau2-bench\data\simulations\tau2_full_flash_retail_0003\results.json,,2026-07-10T07:04:20
tau2_full_flash,retail,retail,none,36,retail_0003,3,6,passed,1,tau2_full_flash_retail_0003,C:\Users\86132\Desktop\SafeDesk\benchmarks\tau2-bench\data\simulations\tau2_full_flash_retail_0003\results.json,,2026-07-10T07:04:20
tau2_full_flash,retail,retail,none,37,retail_0003,3,7,passed,1,tau2_full_flash_retail_0003,C:\Users\86132\Desktop\SafeDesk\benchmarks\tau2-bench\data\simulations\tau2_full_flash_retail_0003\results.json,,2026-07-10T07:04:20
tau2_full_flash,retail,retail,none,38,retail_0003,3,8,failed_model,1,tau2_full_flash_retail_0003,C:\Users\86132\Desktop\SafeDesk\benchmarks\tau2-bench\data\simulations\tau2_full_flash_retail_0003\results.json,model_failure,2026-07-10T07:04:20
tau2_full_flash,retail,retail,none,39,retail_0003,3,9,failed_model,1,tau2_full_flash_retail_0003,C:\Users\86132\Desktop\SafeDesk\benchmarks\tau2-bench\data\simulations\tau2_full_flash_retail_0003\results.json,model_failure,2026-07-10T07:04:20
tau2_full_flash,retail,retail,none,40,retail_0004,4,0,passed,1,tau2_full_flash_retail_0004,C:\Users\86132\Desktop\SafeDesk\benchmarks\tau2-bench\data\simulations\tau2_full_flash_retail_0004\results.json,,2026-07-10T07:04:20
tau2_full_flash,retail,retail,none,41,retail_0004,4,1,failed_model,1,tau2_full_flash_retail_0004,C:\Users\86132\Desktop\SafeDesk\benchmarks\tau2-bench\data\simulations\tau2_full_flash_retail_0004\results.json,model_failure,2026-07-10T07:04:20
tau2_full_flash,retail,retail,none,42,retail_0004,4,2,passed,1,tau2_full_flash_retail_0004,C:\Users\86132\Desktop\SafeDesk\benchmarks\tau2-bench\data\simulations\tau2_full_flash_retail_0004\results.json,,2026-07-10T07:04:20
tau2_full_flash,retail,retail,none,43,retail_0004,4,3,passed,1,tau2_full_flash_retail_0004,C:\Users\86132\Desktop\SafeDesk\benchmarks\tau2-bench\data\simulations\tau2_full_flash_retail_0004\results.json,,2026-07-10T07:04:20
tau2_full_flash,retail,retail,none,44,retail_0004,4,4,passed,1,tau2_full_flash_retail_0004,C:\Users\86132\Desktop\SafeDesk\benchmarks\tau2-bench\data\simulations\tau2_full_flash_retail_0004\results.json,,2026-07-10T07:04:20
tau2_full_flash,retail,retail,none,45,retail_0004,4,5,passed,1,tau2_full_flash_retail_0004,C:\Users\86132\Desktop\SafeDesk\benchmarks\tau2-bench\data\simulations\tau2_full_flash_retail_0004\results.json,,2026-07-10T07:04:20
tau2_full_flash,retail,retail,none,46,retail_0004,4,6,passed,1,tau2_full_flash_retail_0004,C:\Users\86132\Desktop\SafeDesk\benchmarks\tau2-bench\data\simulations\tau2_full_flash_retail_0004\results.json,,2026-07-10T07:04:20
tau2_full_flash,retail,retail,none,47,retail_0004,4,7,passed,1,tau2_full_flash_retail_0004,C:\Users\86132\Desktop\SafeDesk\benchmarks\tau2-bench\data\simulations\tau2_full_flash_retail_0004\results.json,,2026-07-10T07:04:20
tau2_full_flash,retail,retail,none,48,retail_0004,4,8,failed_model,1,tau2_full_flash_retail_0004,C:\Users\86132\Desktop\SafeDesk\benchmarks\tau2-bench\data\simulations\tau2_full_flash_retail_0004\results.json,model_failure,2026-07-10T07:04:20
tau2_full_flash,retail,retail,none,49,retail_0004,4,9,failed_model,1,tau2_full_flash_retail_0004,C:\Users\86132\Desktop\SafeDesk\benchmarks\tau2-bench\data\simulations\tau2_full_flash_retail_0004\results.json,model_failure,2026-07-10T07:04:20
tau2_full_flash,retail,retail,none,50,retail_0005,5,0,passed,1,tau2_full_flash_retail_0005,C:\Users\86132\Desktop\SafeDesk\benchmarks\tau2-bench\data\simulations\tau2_full_flash_retail_0005\results.json,,2026-07-10T07:04:20
tau2_full_flash,retail,retail,none,51,retail_0005,5,1,passed,1,tau2_full_flash_retail_0005,C:\Users\86132\Desktop\SafeDesk\benchmarks\tau2-bench\data\simulations\tau2_full_flash_retail_0005\results.json,,2026-07-10T07:04:20
tau2_full_flash,retail,retail,none,52,retail_0005,5,2,passed,1,tau2_full_flash_retail_0005,C:\Users\86132\Desktop\SafeDesk\benchmarks\tau2-bench\data\simulations\tau2_full_flash_retail_0005\results.json,,2026-07-10T07:04:20
tau2_full_flash,retail,retail,none,53,retail_0005,5,3,passed,1,tau2_full_flash_retail_0005,C:\Users\86132\Desktop\SafeDesk\benchmarks\tau2-bench\data\simulations\tau2_full_flash_retail_0005\results.json,,2026-07-10T07:04:20
tau2_full_flash,retail,retail,none,54,retail_0005,5,4,passed,1,tau2_full_flash_retail_0005,C:\Users\86132\Desktop\SafeDesk\benchmarks\tau2-bench\data\simulations\tau2_full_flash_retail_0005\results.json,,2026-07-10T07:04:20
tau2_full_flash,retail,retail,none,55,retail_0005,5,5,passed,1,tau2_full_flash_retail_0005,C:\Users\86132\Desktop\SafeDesk\benchmarks\tau2-bench\data\simulations\tau2_full_flash_retail_0005\results.json,,2026-07-10T07:04:20
tau2_full_flash,retail,retail,none,56,retail_0005,5,6,passed,1,tau2_full_flash_retail_0005,C:\Users\86132\Desktop\SafeDesk\benchmarks\tau2-bench\data\simulations\tau2_full_flash_retail_0005\results.json,,2026-07-10T07:04:20
tau2_full_flash,retail,retail,none,57,retail_0005,5,7,passed,1,tau2_full_flash_retail_0005,C:\Users\86132\Desktop\SafeDesk\benchmarks\tau2-bench\data\simulations\tau2_full_flash_retail_0005\results.json,,2026-07-10T07:04:20
tau2_full_flash,retail,retail,none,58,retail_0005,5,8,passed,1,tau2_full_flash_retail_0005,C:\Users\86132\Desktop\SafeDesk\benchmarks\tau2-bench\data\simulations\tau2_full_flash_retail_0005\results.json,,2026-07-10T07:04:20
tau2_full_flash,retail,retail,none,59,retail_0005,5,9,failed_model,1,tau2_full_flash_retail_0005,C:\Users\86132\Desktop\SafeDesk\benchmarks\tau2-bench\data\simulations\tau2_full_flash_retail_0005\results.json,model_failure,2026-07-10T07:04:20
tau2_full_flash,retail,retail,none,60,retail_0006,6,0,passed,1,tau2_full_flash_retail_0006,C:\Users\86132\Desktop\SafeDesk\benchmarks\tau2-bench\data\simulations\tau2_full_flash_retail_0006\results.json,,2026-07-10T07:04:20
tau2_full_flash,retail,retail,none,61,retail_0006,6,1,passed,1,tau2_full_flash_retail_0006,C:\Users\86132\Desktop\SafeDesk\benchmarks\tau2-bench\data\simulations\tau2_full_flash_retail_0006\results.json,,2026-07-10T07:04:20
tau2_full_flash,retail,retail,none,62,retail_0006,6,2,passed,1,tau2_full_flash_retail_0006,C:\Users\86132\Desktop\SafeDesk\benchmarks\tau2-bench\data\simulations\tau2_full_flash_retail_0006\results.json,,2026-07-10T07:04:20
tau2_full_flash,retail,retail,none,63,retail_0006,6,3,passed,1,tau2_full_flash_retail_0006,C:\Users\86132\Desktop\SafeDesk\benchmarks\tau2-bench\data\simulations\tau2_full_flash_retail_0006\results.json,,2026-07-10T07:04:20
tau2_full_flash,retail,retail,none,64,retail_0006,6,4,failed_model,1,tau2_full_flash_retail_0006,C:\Users\86132\Desktop\SafeDesk\benchmarks\tau2-bench\data\simulations\tau2_full_flash_retail_0006\results.json,model_failure,2026-07-10T07:04:20
tau2_full_flash,retail,retail,none,65,retail_0006,6,5,passed,1,tau2_full_flash_retail_0006,C:\Users\86132\Desktop\SafeDesk\benchmarks\tau2-bench\data\simulations\tau2_full_flash_retail_0006\results.json,,2026-07-10T07:04:20
tau2_full_flash,retail,retail,none,66,retail_0006,6,6,passed,1,tau2_full_flash_retail_0006,C:\Users\86132\Desktop\SafeDesk\benchmarks\tau2-bench\data\simulations\tau2_full_flash_retail_0006\results.json,,2026-07-10T07:04:20
tau2_full_flash,retail,retail,none,67,retail_0006,6,7,failed_model,1,tau2_full_flash_retail_0006,C:\Users\86132\Desktop\SafeDesk\benchmarks\tau2-bench\data\simulations\tau2_full_flash_retail_0006\results.json,model_failure,2026-07-10T07:04:20
tau2_full_flash,retail,retail,none,68,retail_0006,6,8,passed,1,tau2_full_flash_retail_0006,C:\Users\86132\Desktop\SafeDesk\benchmarks\tau2-bench\data\simulations\tau2_full_flash_retail_0006\results.json,,2026-07-10T07:04:20
tau2_full_flash,retail,retail,none,69,retail_0006,6,9,failed_model,1,tau2_full_flash_retail_0006,C:\Users\86132\Desktop\SafeDesk\benchmarks\tau2-bench\data\simulations\tau2_full_flash_retail_0006\results.json,model_failure,2026-07-10T07:04:20
tau2_full_flash,retail,retail,none,70,retail_0007,7,0,passed,1,tau2_full_flash_retail_0007,C:\Users\86132\Desktop\SafeDesk\benchmarks\tau2-bench\data\simulations\tau2_full_flash_retail_0007\results.json,,2026-07-10T07:04:20
tau2_full_flash,retail,retail,none,71,retail_0007,7,1,passed,1,tau2_full_flash_retail_0007,C:\Users\86132\Desktop\SafeDesk\benchmarks\tau2-bench\data\simulations\tau2_full_flash_retail_0007\results.json,,2026-07-10T07:04:20
tau2_full_flash,retail,retail,none,72,retail_0007,7,2,passed,1,tau2_full_flash_retail_0007,C:\Users\86132\Desktop\SafeDesk\benchmarks\tau2-bench\data\simulations\tau2_full_flash_retail_0007\results.json,,2026-07-10T07:04:20
tau2_full_flash,retail,retail,none,73,retail_0007,7,3,passed,1,tau2_full_flash_retail_0007,C:\Users\86132\Desktop\SafeDesk\benchmarks\tau2-bench\data\simulations\tau2_full_flash_retail_0007\results.json,,2026-07-10T07:04:20
tau2_full_flash,retail,retail,none,74,retail_0007,7,4,passed,1,tau2_full_flash_retail_0007,C:\Users\86132\Desktop\SafeDesk\benchmarks\tau2-bench\data\simulations\tau2_full_flash_retail_0007\results.json,,2026-07-10T07:04:20
tau2_full_flash,retail,retail,none,75,retail_0007,7,5,passed,1,tau2_full_flash_retail_0007,C:\Users\86132\Desktop\SafeDesk\benchmarks\tau2-bench\data\simulations\tau2_full_flash_retail_0007\results.json,,2026-07-10T07:04:20
tau2_full_flash,retail,retail,none,76,retail_0007,7,6,failed_model,1,tau2_full_flash_retail_0007,C:\Users\86132\Desktop\SafeDesk\benchmarks\tau2-bench\data\simulations\tau2_full_flash_retail_0007\results.json,model_failure,2026-07-10T07:04:20
tau2_full_flash,retail,retail,none,77,retail_0007,7,7,passed,1,tau2_full_flash_retail_0007,C:\Users\86132\Desktop\SafeDesk\benchmarks\tau2-bench\data\simulations\tau2_full_flash_retail_0007\results.json,,2026-07-10T07:04:20
tau2_full_flash,retail,retail,none,78,retail_0007,7,8,passed,1,tau2_full_flash_retail_0007,C:\Users\86132\Desktop\SafeDesk\benchmarks\tau2-bench\data\simulations\tau2_full_flash_retail_0007\results.json,,2026-07-10T07:04:20
tau2_full_flash,retail,retail,none,79,retail_0007,7,9,passed,1,tau2_full_flash_retail_0007,C:\Users\86132\Desktop\SafeDesk\benchmarks\tau2-bench\data\simulations\tau2_full_flash_retail_0007\results.json,,2026-07-10T07:04:20
tau2_full_flash,retail,retail,none,80,retail_0008,8,0,failed_model,1,tau2_full_flash_retail_0008,C:\Users\86132\Desktop\SafeDesk\benchmarks\tau2-bench\data\simulations\tau2_full_flash_retail_0008\results.json,model_failure,2026-07-10T07:04:20
tau2_full_flash,retail,retail,none,81,retail_0008,8,1,failed_model,1,tau2_full_flash_retail_0008,C:\Users\86132\Desktop\SafeDesk\benchmarks\tau2-bench\data\simulations\tau2_full_flash_retail_0008\results.json,model_failure,2026-07-10T07:04:20
tau2_full_flash,retail,retail,none,82,retail_0008,8,2,passed,1,tau2_full_flash_retail_0008,C:\Users\86132\Desktop\SafeDesk\benchmarks\tau2-bench\data\simulations\tau2_full_flash_retail_0008\results.json,,2026-07-10T07:04:20
tau2_full_flash,retail,retail,none,83,retail_0008,8,3,passed,1,tau2_full_flash_retail_0008,C:\Users\86132\Desktop\SafeDesk\benchmarks\tau2-bench\data\simulations\tau2_full_flash_retail_0008\results.json,,2026-07-10T07:04:20
tau2_full_flash,retail,retail,none,84,retail_0008,8,4,failed_model,1,tau2_full_flash_retail_0008,C:\Users\86132\Desktop\SafeDesk\benchmarks\tau2-bench\data\simulations\tau2_full_flash_retail_0008\results.json,model_failure,2026-07-10T07:04:20
tau2_full_flash,retail,retail,none,85,retail_0008,8,5,passed,1,tau2_full_flash_retail_0008,C:\Users\86132\Desktop\SafeDesk\benchmarks\tau2-bench\data\simulations\tau2_full_flash_retail_0008\results.json,,2026-07-10T07:04:20
tau2_full_flash,retail,retail,none,86,retail_0008,8,6,passed,1,tau2_full_flash_retail_0008,C:\Users\86132\Desktop\SafeDesk\benchmarks\tau2-bench\data\simulations\tau2_full_flash_retail_0008\results.json,,2026-07-10T07:04:20
tau2_full_flash,retail,retail,none,87,retail_0008,8,7,passed,1,tau2_full_flash_retail_0008,C:\Users\86132\Desktop\SafeDesk\benchmarks\tau2-bench\data\simulations\tau2_full_flash_retail_0008\results.json,,2026-07-10T07:04:20
tau2_full_flash,retail,retail,none,88,retail_0008,8,8,failed_model,1,tau2_full_flash_retail_0008,C:\Users\86132\Desktop\SafeDesk\benchmarks\tau2-bench\data\simulations\tau2_full_flash_retail_0008\results.json,model_failure,2026-07-10T07:04:20
tau2_full_flash,retail,retail,none,89,retail_0008,8,9,passed,1,tau2_full_flash_retail_0008,C:\Users\86132\Desktop\SafeDesk\benchmarks\tau2-bench\data\simulations\tau2_full_flash_retail_0008\results.json,,2026-07-10T07:04:20
tau2_full_flash,retail,retail,none,90,retail_0009,9,0,passed,1,tau2_full_flash_retail_0009,C:\Users\86132\Desktop\SafeDesk\benchmarks\tau2-bench\data\simulations\tau2_full_flash_retail_0009\results.json,,2026-07-10T07:04:20
tau2_full_flash,retail,retail,none,91,retail_0009,9,1,passed,1,tau2_full_flash_retail_0009,C:\Users\86132\Desktop\SafeDesk\benchmarks\tau2-bench\data\simulations\tau2_full_flash_retail_0009\results.json,,2026-07-10T07:04:20
tau2_full_flash,retail,retail,none,92,retail_0009,9,2,failed_model,1,tau2_full_flash_retail_0009,C:\Users\86132\Desktop\SafeDesk\benchmarks\tau2-bench\data\simulations\tau2_full_flash_retail_0009\results.json,model_failure,2026-07-10T07:04:20
tau2_full_flash,retail,retail,none,93,retail_0009,9,3,passed,1,tau2_full_flash_retail_0009,C:\Users\86132\Desktop\SafeDesk\benchmarks\tau2-bench\data\simulations\tau2_full_flash_retail_0009\results.json,,2026-07-10T07:04:20
tau2_full_flash,retail,retail,none,94,retail_0009,9,4,passed,1,tau2_full_flash_retail_0009,C:\Users\86132\Desktop\SafeDesk\benchmarks\tau2-bench\data\simulations\tau2_full_flash_retail_0009\results.json,,2026-07-10T07:04:20
tau2_full_flash,retail,retail,none,95,retail_0009,9,5,failed_model,1,tau2_full_flash_retail_0009,C:\Users\86132\Desktop\SafeDesk\benchmarks\tau2-bench\data\simulations\tau2_full_flash_retail_0009\results.json,model_failure,2026-07-10T07:04:20
tau2_full_flash,retail,retail,none,96,retail_0009,9,6,passed,1,tau2_full_flash_retail_0009,C:\Users\86132\Desktop\SafeDesk\benchmarks\tau2-bench\data\simulations\tau2_full_flash_retail_0009\results.json,,2026-07-10T07:04:20
tau2_full_flash,retail,retail,none,97,retail_0009,9,7,passed,1,tau2_full_flash_retail_0009,C:\Users\86132\Desktop\SafeDesk\benchmarks\tau2-bench\data\simulations\tau2_full_flash_retail_0009\results.json,,2026-07-10T07:04:20
tau2_full_flash,retail,retail,none,98,retail_0009,9,8,passed,1,tau2_full_flash_retail_0009,C:\Users\86132\Desktop\SafeDesk\benchmarks\tau2-bench\data\simulations\tau2_full_flash_retail_0009\results.json,,2026-07-10T07:04:20
tau2_full_flash,retail,retail,none,99,retail_0009,9,9,passed,1,tau2_full_flash_retail_0009,C:\Users\86132\Desktop\SafeDesk\benchmarks\tau2-bench\data\simulations\tau2_full_flash_retail_0009\results.json,,2026-07-10T07:04:20
tau2_full_flash,retail,retail,none,100,retail_0010,10,0,passed,1,tau2_full_flash_retail_0010,C:\Users\86132\Desktop\SafeDesk\benchmarks\tau2-bench\data\simulations\tau2_full_flash_retail_0010\results.json,,2026-07-10T07:04:20
tau2_full_flash,retail,retail,none,101,retail_0010,10,1,passed,1,tau2_full_flash_retail_0010,C:\Users\86132\Desktop\SafeDesk\benchmarks\tau2-bench\data\simulations\tau2_full_flash_retail_0010\results.json,,2026-07-10T07:04:20
tau2_full_flash,retail,retail,none,102,retail_0010,10,2,passed,1,tau2_full_flash_retail_0010,C:\Users\86132\Desktop\SafeDesk\benchmarks\tau2-bench\data\simulations\tau2_full_flash_retail_0010\results.json,,2026-07-10T07:04:20
tau2_full_flash,retail,retail,none,103,retail_0010,10,3,passed,1,tau2_full_flash_retail_0010,C:\Users\86132\Desktop\SafeDesk\benchmarks\tau2-bench\data\simulations\tau2_full_flash_retail_0010\results.json,,2026-07-10T07:04:20
tau2_full_flash,retail,retail,none,104,retail_0010,10,4,passed,1,tau2_full_flash_retail_0010,C:\Users\86132\Desktop\SafeDesk\benchmarks\tau2-bench\data\simulations\tau2_full_flash_retail_0010\results.json,,2026-07-10T07:04:20
tau2_full_flash,retail,retail,none,105,retail_0010,10,5,failed_model,1,tau2_full_flash_retail_0010,C:\Users\86132\Desktop\SafeDesk\benchmarks\tau2-bench\data\simulations\tau2_full_flash_retail_0010\results.json,model_failure,2026-07-10T07:04:20
tau2_full_flash,retail,retail,none,106,retail_0010,10,6,passed,1,tau2_full_flash_retail_0010,C:\Users\86132\Desktop\SafeDesk\benchmarks\tau2-bench\data\simulations\tau2_full_flash_retail_0010\results.json,,2026-07-10T07:04:20
tau2_full_flash,retail,retail,none,107,retail_0010,10,7,passed,1,tau2_full_flash_retail_0010,C:\Users\86132\Desktop\SafeDesk\benchmarks\tau2-bench\data\simulations\tau2_full_flash_retail_0010\results.json,,2026-07-10T07:04:20
tau2_full_flash,retail,retail,none,108,retail_0010,10,8,passed,1,tau2_full_flash_retail_0010,C:\Users\86132\Desktop\SafeDesk\benchmarks\tau2-bench\data\simulations\tau2_full_flash_retail_0010\results.json,,2026-07-10T07:04:20
tau2_full_flash,retail,retail,none,109,retail_0010,10,9,passed,1,tau2_full_flash_retail_0010,C:\Users\86132\Desktop\SafeDesk\benchmarks\tau2-bench\data\simulations\tau2_full_flash_retail_0010\results.json,,2026-07-10T07:04:20
tau2_full_flash,retail,retail,none,110,retail_0011,11,0,passed,1,tau2_full_flash_retail_0011,C:\Users\86132\Desktop\SafeDesk\benchmarks\tau2-bench\data\simulations\tau2_full_flash_retail_0011\results.json,,2026-07-10T07:04:20
tau2_full_flash,retail,retail,none,111,retail_0011,11,1,passed,1,tau2_full_flash_retail_0011,C:\Users\86132\Desktop\SafeDesk\benchmarks\tau2-bench\data\simulations\tau2_full_flash_retail_0011\results.json,,2026-07-10T07:04:20
tau2_full_flash,retail,retail,none,112,retail_0011,11,2,passed,1,tau2_full_flash_retail_0011,C:\Users\86132\Desktop\SafeDesk\benchmarks\tau2-bench\data\simulations\tau2_full_flash_retail_0011\results.json,,2026-07-10T07:04:20
tau2_full_flash,retail,retail,none,113,retail_0011,11,3,passed,1,tau2_full_flash_retail_0011,C:\Users\86132\Desktop\SafeDesk\benchmarks\tau2-bench\data\simulations\tau2_full_flash_retail_0011\results.json,,2026-07-10T07:04:20
tau2_full_flash,telecom,telecom,none,[mobile_data_issue]user_abroad_roaming_enabled_off[PERSONA:None],telecom_0000,0,0,passed,1,tau2_full_flash_telecom_0000,C:\Users\86132\Desktop\SafeDesk\benchmarks\tau2-bench\data\simulations\tau2_full_flash_telecom_0000\results.json,,2026-07-10T07:04:20
tau2_full_flash,telecom,telecom,none,[mobile_data_issue]user_abroad_roaming_disabled_on[PERSONA:Easy],telecom_0000,0,1,passed,1,tau2_full_flash_telecom_0000,C:\Users\86132\Desktop\SafeDesk\benchmarks\tau2-bench\data\simulations\tau2_full_flash_telecom_0000\results.json,,2026-07-10T07:04:20
tau2_full_flash,telecom,telecom,none,[mobile_data_issue]user_abroad_roaming_disabled_off[PERSONA:Hard],telecom_0000,0,2,passed,1,tau2_full_flash_telecom_0000,C:\Users\86132\Desktop\SafeDesk\benchmarks\tau2-bench\data\simulations\tau2_full_flash_telecom_0000\results.json,,2026-07-10T07:04:20
tau2_full_flash,telecom,telecom,none,[mobile_data_issue]data_mode_off[PERSONA:None],telecom_0000,0,3,passed,1,tau2_full_flash_telecom_0000,C:\Users\86132\Desktop\SafeDesk\benchmarks\tau2-bench\data\simulations\tau2_full_flash_telecom_0000\results.json,,2026-07-10T07:04:20
tau2_full_flash,telecom,telecom,none,[mobile_data_issue]data_saver_mode_on[PERSONA:Easy],telecom_0000,0,4,passed,1,tau2_full_flash_telecom_0000,C:\Users\86132\Desktop\SafeDesk\benchmarks\tau2-bench\data\simulations\tau2_full_flash_telecom_0000\results.json,,2026-07-10T07:04:20
tau2_full_flash,telecom,telecom,none,[mobile_data_issue]bad_network_preference[PERSONA:Hard],telecom_0000,0,5,passed,1,tau2_full_flash_telecom_0000,C:\Users\86132\Desktop\SafeDesk\benchmarks\tau2-bench\data\simulations\tau2_full_flash_telecom_0000\results.json,,2026-07-10T07:04:20
tau2_full_flash,telecom,telecom,none,[mobile_data_issue]bad_vpn[PERSONA:None],telecom_0000,0,6,passed,1,tau2_full_flash_telecom_0000,C:\Users\86132\Desktop\SafeDesk\benchmarks\tau2-bench\data\simulations\tau2_full_flash_telecom_0000\results.json,,2026-07-10T07:04:20
tau2_full_flash,telecom,telecom,none,[mobile_data_issue]data_usage_exceeded[PERSONA:Easy],telecom_0000,0,7,passed,1,tau2_full_flash_telecom_0000,C:\Users\86132\Desktop\SafeDesk\benchmarks\tau2-bench\data\simulations\tau2_full_flash_telecom_0000\results.json,,2026-07-10T07:04:20
tau2_full_flash,telecom,telecom,none,[mobile_data_issue]airplane_mode_on|user_abroad_roaming_enabled_off[PERSONA:None],telecom_0000,0,8,passed,1,tau2_full_flash_telecom_0000,C:\Users\86132\Desktop\SafeDesk\benchmarks\tau2-bench\data\simulations\tau2_full_flash_telecom_0000\results.json,,2026-07-10T07:04:20
tau2_full_flash,telecom,telecom,none,[mobile_data_issue]airplane_mode_on|user_abroad_roaming_disabled_on[PERSONA:Easy],telecom_0000,0,9,passed,1,tau2_full_flash_telecom_0000,C:\Users\86132\Desktop\SafeDesk\benchmarks\tau2-bench\data\simulations\tau2_full_flash_telecom_0000\results.json,,2026-07-10T07:04:20
tau2_full_flash,telecom,telecom,none,[mobile_data_issue]airplane_mode_on|user_abroad_roaming_disabled_off[PERSONA:Hard],telecom_0000,0,10,passed,1,tau2_full_flash_telecom_0000,C:\Users\86132\Desktop\SafeDesk\benchmarks\tau2-bench\data\simulations\tau2_full_flash_telecom_0000\results.json,,2026-07-10T07:04:20
tau2_full_flash,telecom,telecom,none,[mobile_data_issue]airplane_mode_on|data_mode_off[PERSONA:None],telecom_0000,0,11,passed,1,tau2_full_flash_telecom_0000,C:\Users\86132\Desktop\SafeDesk\benchmarks\tau2-bench\data\simulations\tau2_full_flash_telecom_0000\results.json,,2026-07-10T07:04:20
tau2_full_flash,telecom,telecom,none,[mobile_data_issue]airplane_mode_on|data_saver_mode_on[PERSONA:Easy],telecom_0000,0,12,passed,1,tau2_full_flash_telecom_0000,C:\Users\86132\Desktop\SafeDesk\benchmarks\tau2-bench\data\simulations\tau2_full_flash_telecom_0000\results.json,,2026-07-10T07:04:20
tau2_full_flash,telecom,telecom,none,[mobile_data_issue]airplane_mode_on|bad_network_preference[PERSONA:Hard],telecom_0000,0,13,passed,1,tau2_full_flash_telecom_0000,C:\Users\86132\Desktop\SafeDesk\benchmarks\tau2-bench\data\simulations\tau2_full_flash_telecom_0000\results.json,,2026-07-10T07:04:20
tau2_full_flash,telecom,telecom,none,[mobile_data_issue]airplane_mode_on|bad_vpn[PERSONA:None],telecom_0000,0,14,passed,1,tau2_full_flash_telecom_0000,C:\Users\86132\Desktop\SafeDesk\benchmarks\tau2-bench\data\simulations\tau2_full_flash_telecom_0000\results.json,,2026-07-10T07:04:20
tau2_full_flash,telecom,telecom,none,[mobile_data_issue]airplane_mode_on|data_usage_exceeded[PERSONA:Easy],telecom_0000,0,15,passed,1,tau2_full_flash_telecom_0000,C:\Users\86132\Desktop\SafeDesk\benchmarks\tau2-bench\data\simulations\tau2_full_flash_telecom_0000\results.json,,2026-07-10T07:04:20
tau2_full_flash,telecom,telecom,none,[mobile_data_issue]data_mode_off|user_abroad_roaming_enabled_off[PERSONA:None],telecom_0000,0,16,passed,1,tau2_full_flash_telecom_0000,C:\Users\86132\Desktop\SafeDesk\benchmarks\tau2-bench\data\simulations\tau2_full_flash_telecom_0000\results.json,,2026-07-10T07:04:20
tau2_full_flash,telecom,telecom,none,[mobile_data_issue]data_saver_mode_on|user_abroad_roaming_enabled_off[PERSONA:Easy],telecom_0000,0,17,passed,1,tau2_full_flash_telecom_0000,C:\Users\86132\Desktop\SafeDesk\benchmarks\tau2-bench\data\simulations\tau2_full_flash_telecom_0000\results.json,,2026-07-10T07:04:20
tau2_full_flash,telecom,telecom,none,[mobile_data_issue]bad_network_preference|user_abroad_roaming_enabled_off[PERSONA:Hard],telecom_0000,0,18,passed,1,tau2_full_flash_telecom_0000,C:\Users\86132\Desktop\SafeDesk\benchmarks\tau2-bench\data\simulations\tau2_full_flash_telecom_0000\results.json,,2026-07-10T07:04:20
tau2_full_flash,telecom,telecom,none,[mobile_data_issue]bad_vpn|user_abroad_roaming_enabled_off[PERSONA:None],telecom_0000,0,19,passed,1,tau2_full_flash_telecom_0000,C:\Users\86132\Desktop\SafeDesk\benchmarks\tau2-bench\data\simulations\tau2_full_flash_telecom_0000\results.json,,2026-07-10T07:04:20
tau2_full_flash,telecom,telecom,none,[mobile_data_issue]data_usage_exceeded|user_abroad_roaming_enabled_off[PERSONA:Easy],telecom_0000,0,20,passed,1,tau2_full_flash_telecom_0000,C:\Users\86132\Desktop\SafeDesk\benchmarks\tau2-bench\data\simulations\tau2_full_flash_telecom_0000\results.json,,2026-07-10T07:04:20
tau2_full_flash,telecom,telecom,none,[mobile_data_issue]data_mode_off|user_abroad_roaming_disabled_on[PERSONA:None],telecom_0000,0,21,passed,1,tau2_full_flash_telecom_0000,C:\Users\86132\Desktop\SafeDesk\benchmarks\tau2-bench\data\simulations\tau2_full_flash_telecom_0000\results.json,,2026-07-10T07:04:20
tau2_full_flash,telecom,telecom,none,[mobile_data_issue]data_saver_mode_on|user_abroad_roaming_disabled_on[PERSONA:Easy],telecom_0000,0,22,passed,1,tau2_full_flash_telecom_0000,C:\Users\86132\Desktop\SafeDesk\benchmarks\tau2-bench\data\simulations\tau2_full_flash_telecom_0000\results.json,,2026-07-10T07:04:20
tau2_full_flash,telecom,telecom,none,[mobile_data_issue]bad_network_preference|user_abroad_roaming_disabled_on[PERSONA:Hard],telecom_0000,0,23,passed,1,tau2_full_flash_telecom_0000,C:\Users\86132\Desktop\SafeDesk\benchmarks\tau2-bench\data\simulations\tau2_full_flash_telecom_0000\results.json,,2026-07-10T07:04:20
tau2_full_flash,telecom,telecom,none,[mobile_data_issue]bad_vpn|user_abroad_roaming_disabled_on[PERSONA:None],telecom_0000,0,24,passed,1,tau2_full_flash_telecom_0000,C:\Users\86132\Desktop\SafeDesk\benchmarks\tau2-bench\data\simulations\tau2_full_flash_telecom_0000\results.json,,2026-07-10T07:04:20
tau2_full_flash,telecom,telecom,none,[mobile_data_issue]data_usage_exceeded|user_abroad_roaming_disabled_on[PERSONA:Easy],telecom_0001,1,0,passed,1,tau2_full_flash_telecom_0001,C:\Users\86132\Desktop\SafeDesk\benchmarks\tau2-bench\data\simulations\tau2_full_flash_telecom_0001\results.json,,2026-07-10T07:04:20
tau2_full_flash,telecom,telecom,none,[mobile_data_issue]data_mode_off|user_abroad_roaming_disabled_off[PERSONA:None],telecom_0001,1,1,passed,1,tau2_full_flash_telecom_0001,C:\Users\86132\Desktop\SafeDesk\benchmarks\tau2-bench\data\simulations\tau2_full_flash_telecom_0001\results.json,,2026-07-10T07:04:20
tau2_full_flash,telecom,telecom,none,[mobile_data_issue]data_saver_mode_on|user_abroad_roaming_disabled_off[PERSONA:Easy],telecom_0001,1,2,passed,1,tau2_full_flash_telecom_0001,C:\Users\86132\Desktop\SafeDesk\benchmarks\tau2-bench\data\simulations\tau2_full_flash_telecom_0001\results.json,,2026-07-10T07:04:20
tau2_full_flash,telecom,telecom,none,[mobile_data_issue]bad_network_preference|user_abroad_roaming_disabled_off[PERSONA:Hard],telecom_0001,1,3,passed,1,tau2_full_flash_telecom_0001,C:\Users\86132\Desktop\SafeDesk\benchmarks\tau2-bench\data\simulations\tau2_full_flash_telecom_0001\results.json,,2026-07-10T07:04:20
tau2_full_flash,telecom,telecom,none,[mobile_data_issue]bad_vpn|user_abroad_roaming_disabled_off[PERSONA:None],telecom_0001,1,4,passed,1,tau2_full_flash_telecom_0001,C:\Users\86132\Desktop\SafeDesk\benchmarks\tau2-bench\data\simulations\tau2_full_flash_telecom_0001\results.json,,2026-07-10T07:04:20
tau2_full_flash,telecom,telecom,none,[mobile_data_issue]data_usage_exceeded|user_abroad_roaming_disabled_off[PERSONA:Easy],telecom_0001,1,5,passed,1,tau2_full_flash_telecom_0001,C:\Users\86132\Desktop\SafeDesk\benchmarks\tau2-bench\data\simulations\tau2_full_flash_telecom_0001\results.json,,2026-07-10T07:04:20
tau2_full_flash,telecom,telecom,none,[mobile_data_issue]data_mode_off|data_saver_mode_on[PERSONA:None],telecom_0001,1,6,passed,1,tau2_full_flash_telecom_0001,C:\Users\86132\Desktop\SafeDesk\benchmarks\tau2-bench\data\simulations\tau2_full_flash_telecom_0001\results.json,,2026-07-10T07:04:20
tau2_full_flash,telecom,telecom,none,[mobile_data_issue]bad_network_preference|data_mode_off[PERSONA:Easy],telecom_0001,1,7,passed,1,tau2_full_flash_telecom_0001,C:\Users\86132\Desktop\SafeDesk\benchmarks\tau2-bench\data\simulations\tau2_full_flash_telecom_0001\results.json,,2026-07-10T07:04:20
tau2_full_flash,telecom,telecom,none,[mobile_data_issue]bad_vpn|data_mode_off[PERSONA:Hard],telecom_0001,1,8,passed,1,tau2_full_flash_telecom_0001,C:\Users\86132\Desktop\SafeDesk\benchmarks\tau2-bench\data\simulations\tau2_full_flash_telecom_0001\results.json,,2026-07-10T07:04:20
tau2_full_flash,telecom,telecom,none,[mobile_data_issue]data_mode_off|data_usage_exceeded[PERSONA:None],telecom_0001,1,9,passed,1,tau2_full_flash_telecom_0001,C:\Users\86132\Desktop\SafeDesk\benchmarks\tau2-bench\data\simulations\tau2_full_flash_telecom_0001\results.json,,2026-07-10T07:04:20
tau2_full_flash,telecom,telecom,none,[mobile_data_issue]bad_network_preference|data_saver_mode_on[PERSONA:Hard],telecom_0001,1,10,passed,1,tau2_full_flash_telecom_0001,C:\Users\86132\Desktop\SafeDesk\benchmarks\tau2-bench\data\simulations\tau2_full_flash_telecom_0001\results.json,,2026-07-10T07:04:20
tau2_full_flash,telecom,telecom,none,[mobile_data_issue]bad_vpn|data_saver_mode_on[PERSONA:None],telecom_0001,1,11,passed,1,tau2_full_flash_telecom_0001,C:\Users\86132\Desktop\SafeDesk\benchmarks\tau2-bench\data\simulations\tau2_full_flash_telecom_0001\results.json,,2026-07-10T07:04:20
tau2_full_flash,telecom,telecom,none,[mobile_data_issue]data_saver_mode_on|data_usage_exceeded[PERSONA:Easy],telecom_0001,1,12,passed,1,tau2_full_flash_telecom_0001,C:\Users\86132\Desktop\SafeDesk\benchmarks\tau2-bench\data\simulations\tau2_full_flash_telecom_0001\results.json,,2026-07-10T07:04:20
tau2_full_flash,telecom,telecom,none,[mobile_data_issue]bad_network_preference|bad_vpn[PERSONA:None],telecom_0001,1,13,passed,1,tau2_full_flash_telecom_0001,C:\Users\86132\Desktop\SafeDesk\benchmarks\tau2-bench\data\simulations\tau2_full_flash_telecom_0001\results.json,,2026-07-10T07:04:20
tau2_full_flash,telecom,telecom,none,[mobile_data_issue]bad_network_preference|data_usage_exceeded[PERSONA:Easy],telecom_0001,1,14,passed,1,tau2_full_flash_telecom_0001,C:\Users\86132\Desktop\SafeDesk\benchmarks\tau2-bench\data\simulations\tau2_full_flash_telecom_0001\results.json,,2026-07-10T07:04:20
tau2_full_flash,telecom,telecom,none,[mobile_data_issue]bad_vpn|data_usage_exceeded[PERSONA:None],telecom_0001,1,15,passed,1,tau2_full_flash_telecom_0001,C:\Users\86132\Desktop\SafeDesk\benchmarks\tau2-bench\data\simulations\tau2_full_flash_telecom_0001\results.json,,2026-07-10T07:04:20
tau2_full_flash,telecom,telecom,none,[mobile_data_issue]airplane_mode_on|data_mode_off|user_abroad_roaming_enabled_off[PERSONA:Hard],telecom_0001,1,16,passed,1,tau2_full_flash_telecom_0001,C:\Users\86132\Desktop\SafeDesk\benchmarks\tau2-bench\data\simulations\tau2_full_flash_telecom_0001\results.json,,2026-07-10T07:04:20
tau2_full_flash,telecom,telecom,none,[mobile_data_issue]airplane_mode_on|data_saver_mode_on|user_abroad_roaming_enabled_off[PERSONA:None],telecom_0001,1,17,passed,1,tau2_full_flash_telecom_0001,C:\Users\86132\Desktop\SafeDesk\benchmarks\tau2-bench\data\simulations\tau2_full_flash_telecom_0001\results.json,,2026-07-10T07:04:20
tau2_full_flash,telecom,telecom,none,[mobile_data_issue]airplane_mode_on|bad_network_preference|user_abroad_roaming_enabled_off[PERSONA:Easy],telecom_0001,1,18,passed,1,tau2_full_flash_telecom_0001,C:\Users\86132\Desktop\SafeDesk\benchmarks\tau2-bench\data\simulations\tau2_full_flash_telecom_0001\results.json,,2026-07-10T07:04:20
tau2_full_flash,telecom,telecom,none,[mobile_data_issue]airplane_mode_on|bad_vpn|user_abroad_roaming_enabled_off[PERSONA:Hard],telecom_0001,1,19,passed,1,tau2_full_flash_telecom_0001,C:\Users\86132\Desktop\SafeDesk\benchmarks\tau2-bench\data\simulations\tau2_full_flash_telecom_0001\results.json,,2026-07-10T07:04:20
tau2_full_flash,telecom,telecom,none,[mobile_data_issue]airplane_mode_on|data_usage_exceeded|user_abroad_roaming_enabled_off[PERSONA:None],telecom_0001,1,20,passed,1,tau2_full_flash_telecom_0001,C:\Users\86132\Desktop\SafeDesk\benchmarks\tau2-bench\data\simulations\tau2_full_flash_telecom_0001\results.json,,2026-07-10T07:04:20
tau2_full_flash,telecom,telecom,none,[mobile_data_issue]airplane_mode_on|data_mode_off|user_abroad_roaming_disabled_on[PERSONA:Hard],telecom_0001,1,21,passed,1,tau2_full_flash_telecom_0001,C:\Users\86132\Desktop\SafeDesk\benchmarks\tau2-bench\data\simulations\tau2_full_flash_telecom_0001\results.json,,2026-07-10T07:04:20
tau2_full_flash,telecom,telecom,none,[mobile_data_issue]airplane_mode_on|data_saver_mode_on|user_abroad_roaming_disabled_on[PERSONA:None],telecom_0001,1,22,passed,1,tau2_full_flash_telecom_0001,C:\Users\86132\Desktop\SafeDesk\benchmarks\tau2-bench\data\simulations\tau2_full_flash_telecom_0001\results.json,,2026-07-10T07:04:20
tau2_full_flash,telecom,telecom,none,[mobile_data_issue]airplane_mode_on|bad_network_preference|user_abroad_roaming_disabled_on[PERSONA:Easy],telecom_0001,1,23,passed,1,tau2_full_flash_telecom_0001,C:\Users\86132\Desktop\SafeDesk\benchmarks\tau2-bench\data\simulations\tau2_full_flash_telecom_0001\results.json,,2026-07-10T07:04:20
tau2_full_flash,telecom,telecom,none,[mobile_data_issue]airplane_mode_on|bad_vpn|user_abroad_roaming_disabled_on[PERSONA:Hard],telecom_0001,1,24,passed,1,tau2_full_flash_telecom_0001,C:\Users\86132\Desktop\SafeDesk\benchmarks\tau2-bench\data\simulations\tau2_full_flash_telecom_0001\results.json,,2026-07-10T07:04:20
tau2_full_flash,telecom,telecom,none,[mobile_data_issue]airplane_mode_on|data_usage_exceeded|user_abroad_roaming_disabled_on[PERSONA:None],telecom_0002,2,0,passed,1,tau2_full_flash_telecom_0002,C:\Users\86132\Desktop\SafeDesk\benchmarks\tau2-bench\data\simulations\tau2_full_flash_telecom_0002\results.json,,2026-07-10T07:04:20
tau2_full_flash,telecom,telecom,none,[mobile_data_issue]airplane_mode_on|data_mode_off|user_abroad_roaming_disabled_off[PERSONA:Hard],telecom_0002,2,1,passed,1,tau2_full_flash_telecom_0002,C:\Users\86132\Desktop\SafeDesk\benchmarks\tau2-bench\data\simulations\tau2_full_flash_telecom_0002\results.json,,2026-07-10T07:04:20
tau2_full_flash,telecom,telecom,none,[mobile_data_issue]airplane_mode_on|data_saver_mode_on|user_abroad_roaming_disabled_off[PERSONA:None],telecom_0002,2,2,passed,1,tau2_full_flash_telecom_0002,C:\Users\86132\Desktop\SafeDesk\benchmarks\tau2-bench\data\simulations\tau2_full_flash_telecom_0002\results.json,,2026-07-10T07:04:20
tau2_full_flash,telecom,telecom,none,[mobile_data_issue]airplane_mode_on|bad_network_preference|user_abroad_roaming_disabled_off[PERSONA:Easy],telecom_0002,2,3,passed,1,tau2_full_flash_telecom_0002,C:\Users\86132\Desktop\SafeDesk\benchmarks\tau2-bench\data\simulations\tau2_full_flash_telecom_0002\results.json,,2026-07-10T07:04:20
tau2_full_flash,telecom,telecom,none,[mobile_data_issue]airplane_mode_on|bad_vpn|user_abroad_roaming_disabled_off[PERSONA:Hard],telecom_0002,2,4,passed,1,tau2_full_flash_telecom_0002,C:\Users\86132\Desktop\SafeDesk\benchmarks\tau2-bench\data\simulations\tau2_full_flash_telecom_0002\results.json,,2026-07-10T07:04:20
tau2_full_flash,telecom,telecom,none,[mobile_data_issue]airplane_mode_on|data_usage_exceeded|user_abroad_roaming_disabled_off[PERSONA:None],telecom_0002,2,5,passed,1,tau2_full_flash_telecom_0002,C:\Users\86132\Desktop\SafeDesk\benchmarks\tau2-bench\data\simulations\tau2_full_flash_telecom_0002\results.json,,2026-07-10T07:04:20
tau2_full_flash,telecom,telecom,none,[mobile_data_issue]airplane_mode_on|data_mode_off|data_saver_mode_on[PERSONA:Hard],telecom_0002,2,6,passed,1,tau2_full_flash_telecom_0002,C:\Users\86132\Desktop\SafeDesk\benchmarks\tau2-bench\data\simulations\tau2_full_flash_telecom_0002\results.json,,2026-07-10T07:04:20
tau2_full_flash,telecom,telecom,none,[mobile_data_issue]airplane_mode_on|bad_network_preference|data_mode_off[PERSONA:None],telecom_0002,2,7,passed,1,tau2_full_flash_telecom_0002,C:\Users\86132\Desktop\SafeDesk\benchmarks\tau2-bench\data\simulations\tau2_full_flash_telecom_0002\results.json,,2026-07-10T07:04:20
tau2_full_flash,telecom,telecom,none,[mobile_data_issue]airplane_mode_on|bad_vpn|data_mode_off[PERSONA:Easy],telecom_0002,2,8,passed,1,tau2_full_flash_telecom_0002,C:\Users\86132\Desktop\SafeDesk\benchmarks\tau2-bench\data\simulations\tau2_full_flash_telecom_0002\results.json,,2026-07-10T07:04:20
tau2_full_flash,telecom,telecom,none,[mobile_data_issue]airplane_mode_on|data_mode_off|data_usage_exceeded[PERSONA:Hard],telecom_0002,2,9,passed,1,tau2_full_flash_telecom_0002,C:\Users\86132\Desktop\SafeDesk\benchmarks\tau2-bench\data\simulations\tau2_full_flash_telecom_0002\results.json,,2026-07-10T07:04:20
tau2_full_flash,telecom,telecom,none,[mobile_data_issue]airplane_mode_on|bad_network_preference|data_saver_mode_on[PERSONA:Easy],telecom_0002,2,10,passed,1,tau2_full_flash_telecom_0002,C:\Users\86132\Desktop\SafeDesk\benchmarks\tau2-bench\data\simulations\tau2_full_flash_telecom_0002\results.json,,2026-07-10T07:04:20
tau2_full_flash,telecom,telecom,none,[mobile_data_issue]airplane_mode_on|bad_vpn|data_saver_mode_on[PERSONA:Hard],telecom_0002,2,11,passed,1,tau2_full_flash_telecom_0002,C:\Users\86132\Desktop\SafeDesk\benchmarks\tau2-bench\data\simulations\tau2_full_flash_telecom_0002\results.json,,2026-07-10T07:04:20
tau2_full_flash,telecom,telecom,none,[mobile_data_issue]airplane_mode_on|data_saver_mode_on|data_usage_exceeded[PERSONA:None],telecom_0002,2,12,passed,1,tau2_full_flash_telecom_0002,C:\Users\86132\Desktop\SafeDesk\benchmarks\tau2-bench\data\simulations\tau2_full_flash_telecom_0002\results.json,,2026-07-10T07:04:20
tau2_full_flash,telecom,telecom,none,[mobile_data_issue]airplane_mode_on|bad_network_preference|bad_vpn[PERSONA:Hard],telecom_0002,2,13,passed,1,tau2_full_flash_telecom_0002,C:\Users\86132\Desktop\SafeDesk\benchmarks\tau2-bench\data\simulations\tau2_full_flash_telecom_0002\results.json,,2026-07-10T07:04:20
tau2_full_flash,telecom,telecom,none,[mobile_data_issue]airplane_mode_on|bad_network_preference|data_usage_exceeded[PERSONA:None],telecom_0002,2,14,passed,1,tau2_full_flash_telecom_0002,C:\Users\86132\Desktop\SafeDesk\benchmarks\tau2-bench\data\simulations\tau2_full_flash_telecom_0002\results.json,,2026-07-10T07:04:20
tau2_full_flash,telecom,telecom,none,[mobile_data_issue]airplane_mode_on|bad_vpn|data_usage_exceeded[PERSONA:Hard],telecom_0002,2,15,passed,1,tau2_full_flash_telecom_0002,C:\Users\86132\Desktop\SafeDesk\benchmarks\tau2-bench\data\simulations\tau2_full_flash_telecom_0002\results.json,,2026-07-10T07:04:20
tau2_full_flash,telecom,telecom,none,[mobile_data_issue]data_mode_off|data_saver_mode_on|user_abroad_roaming_enabled_off[PERSONA:Easy],telecom_0002,2,16,passed,1,tau2_full_flash_telecom_0002,C:\Users\86132\Desktop\SafeDesk\benchmarks\tau2-bench\data\simulations\tau2_full_flash_telecom_0002\results.json,,2026-07-10T07:04:20
tau2_full_flash,telecom,telecom,none,[mobile_data_issue]bad_network_preference|data_mode_off|user_abroad_roaming_enabled_off[PERSONA:Hard],telecom_0002,2,17,passed,1,tau2_full_flash_telecom_0002,C:\Users\86132\Desktop\SafeDesk\benchmarks\tau2-bench\data\simulations\tau2_full_flash_telecom_0002\results.json,,2026-07-10T07:04:20
tau2_full_flash,telecom,telecom,none,[mobile_data_issue]bad_vpn|data_mode_off|user_abroad_roaming_enabled_off[PERSONA:None],telecom_0002,2,18,passed,1,tau2_full_flash_telecom_0002,C:\Users\86132\Desktop\SafeDesk\benchmarks\tau2-bench\data\simulations\tau2_full_flash_telecom_0002\results.json,,2026-07-10T07:04:20
tau2_full_flash,telecom,telecom,none,[mobile_data_issue]data_mode_off|data_usage_exceeded|user_abroad_roaming_enabled_off[PERSONA:Easy],telecom_0002,2,19,passed,1,tau2_full_flash_telecom_0002,C:\Users\86132\Desktop\SafeDesk\benchmarks\tau2-bench\data\simulations\tau2_full_flash_telecom_0002\results.json,,2026-07-10T07:04:20
tau2_full_flash,telecom,telecom,none,[mobile_data_issue]bad_network_preference|data_saver_mode_on|user_abroad_roaming_enabled_off[PERSONA:None],telecom_0002,2,20,passed,1,tau2_full_flash_telecom_0002,C:\Users\86132\Desktop\SafeDesk\benchmarks\tau2-bench\data\simulations\tau2_full_flash_telecom_0002\results.json,,2026-07-10T07:04:20
tau2_full_flash,telecom,telecom,none,[mobile_data_issue]bad_vpn|data_saver_mode_on|user_abroad_roaming_enabled_off[PERSONA:Easy],telecom_0002,2,21,passed,1,tau2_full_flash_telecom_0002,C:\Users\86132\Desktop\SafeDesk\benchmarks\tau2-bench\data\simulations\tau2_full_flash_telecom_0002\results.json,,2026-07-10T07:04:20
tau2_full_flash,telecom,telecom,none,[mobile_data_issue]data_saver_mode_on|data_usage_exceeded|user_abroad_roaming_enabled_off[PERSONA:Hard],telecom_0002,2,22,passed,1,tau2_full_flash_telecom_0002,C:\Users\86132\Desktop\SafeDesk\benchmarks\tau2-bench\data\simulations\tau2_full_flash_telecom_0002\results.json,,2026-07-10T07:04:20
tau2_full_flash,telecom,telecom,none,[mobile_data_issue]bad_network_preference|bad_vpn|user_abroad_roaming_enabled_off[PERSONA:Easy],telecom_0002,2,23,passed,1,tau2_full_flash_telecom_0002,C:\Users\86132\Desktop\SafeDesk\benchmarks\tau2-bench\data\simulations\tau2_full_flash_telecom_0002\results.json,,2026-07-10T07:04:20
tau2_full_flash,telecom,telecom,none,[mobile_data_issue]bad_network_preference|data_usage_exceeded|user_abroad_roaming_enabled_off[PERSONA:Hard],telecom_0002,2,24,passed,1,tau2_full_flash_telecom_0002,C:\Users\86132\Desktop\SafeDesk\benchmarks\tau2-bench\data\simulations\tau2_full_flash_telecom_0002\results.json,,2026-07-10T07:04:20
tau2_full_flash,telecom,telecom,none,[mobile_data_issue]bad_vpn|data_usage_exceeded|user_abroad_roaming_enabled_off[PERSONA:Easy],telecom_0003,3,0,passed,1,tau2_full_flash_telecom_0003,C:\Users\86132\Desktop\SafeDesk\benchmarks\tau2-bench\data\simulations\tau2_full_flash_telecom_0003\results.json,,2026-07-10T07:20:51
tau2_full_flash,telecom,telecom,none,[mobile_data_issue]data_mode_off|data_saver_mode_on|user_abroad_roaming_disabled_on[PERSONA:None],telecom_0003,3,1,passed,1,tau2_full_flash_telecom_0003,C:\Users\86132\Desktop\SafeDesk\benchmarks\tau2-bench\data\simulations\tau2_full_flash_telecom_0003\results.json,,2026-07-10T07:20:51
tau2_full_flash,telecom,telecom,none,[mobile_data_issue]bad_network_preference|data_mode_off|user_abroad_roaming_disabled_on[PERSONA:Easy],telecom_0003,3,2,passed,1,tau2_full_flash_telecom_0003,C:\Users\86132\Desktop\SafeDesk\benchmarks\tau2-bench\data\simulations\tau2_full_flash_telecom_0003\results.json,,2026-07-10T07:20:51
tau2_full_flash,telecom,telecom,none,[mobile_data_issue]bad_vpn|data_mode_off|user_abroad_roaming_disabled_on[PERSONA:Hard],telecom_0003,3,3,passed,1,tau2_full_flash_telecom_0003,C:\Users\86132\Desktop\SafeDesk\benchmarks\tau2-bench\data\simulations\tau2_full_flash_telecom_0003\results.json,,2026-07-10T07:20:51
tau2_full_flash,telecom,telecom,none,[mobile_data_issue]data_mode_off|data_usage_exceeded|user_abroad_roaming_disabled_on[PERSONA:None],telecom_0003,3,4,passed,1,tau2_full_flash_telecom_0003,C:\Users\86132\Desktop\SafeDesk\benchmarks\tau2-bench\data\simulations\tau2_full_flash_telecom_0003\results.json,,2026-07-10T07:20:51
tau2_full_flash,telecom,telecom,none,[mobile_data_issue]bad_network_preference|data_saver_mode_on|user_abroad_roaming_disabled_on[PERSONA:Hard],telecom_0003,3,5,passed,1,tau2_full_flash_telecom_0003,C:\Users\86132\Desktop\SafeDesk\benchmarks\tau2-bench\data\simulations\tau2_full_flash_telecom_0003\results.json,,2026-07-10T07:20:51
tau2_full_flash,telecom,telecom,none,[mobile_data_issue]bad_vpn|data_saver_mode_on|user_abroad_roaming_disabled_on[PERSONA:None],telecom_0003,3,6,passed,1,tau2_full_flash_telecom_0003,C:\Users\86132\Desktop\SafeDesk\benchmarks\tau2-bench\data\simulations\tau2_full_flash_telecom_0003\results.json,,2026-07-10T07:20:51
tau2_full_flash,telecom,telecom,none,[mobile_data_issue]data_saver_mode_on|data_usage_exceeded|user_abroad_roaming_disabled_on[PERSONA:Easy],telecom_0003,3,7,passed,1,tau2_full_flash_telecom_0003,C:\Users\86132\Desktop\SafeDesk\benchmarks\tau2-bench\data\simulations\tau2_full_flash_telecom_0003\results.json,,2026-07-10T07:20:51
tau2_full_flash,telecom,telecom,none,[mobile_data_issue]bad_network_preference|bad_vpn|user_abroad_roaming_disabled_on[PERSONA:None],telecom_0003,3,8,passed,1,tau2_full_flash_telecom_0003,C:\Users\86132\Desktop\SafeDesk\benchmarks\tau2-bench\data\simulations\tau2_full_flash_telecom_0003\results.json,,2026-07-10T07:20:51
tau2_full_flash,telecom,telecom,none,[mobile_data_issue]bad_network_preference|data_usage_exceeded|user_abroad_roaming_disabled_on[PERSONA:Easy],telecom_0003,3,9,passed,1,tau2_full_flash_telecom_0003,C:\Users\86132\Desktop\SafeDesk\benchmarks\tau2-bench\data\simulations\tau2_full_flash_telecom_0003\results.json,,2026-07-10T07:20:51
tau2_full_flash,telecom,telecom,none,[mobile_data_issue]bad_vpn|data_usage_exceeded|user_abroad_roaming_disabled_on[PERSONA:None],telecom_0003,3,10,passed,1,tau2_full_flash_telecom_0003,C:\Users\86132\Desktop\SafeDesk\benchmarks\tau2-bench\data\simulations\tau2_full_flash_telecom_0003\results.json,,2026-07-10T07:20:51
tau2_full_flash,telecom,telecom,none,[mobile_data_issue]data_mode_off|data_saver_mode_on|user_abroad_roaming_disabled_off[PERSONA:Hard],telecom_0003,3,11,passed,1,tau2_full_flash_telecom_0003,C:\Users\86132\Desktop\SafeDesk\benchmarks\tau2-bench\data\simulations\tau2_full_flash_telecom_0003\results.json,,2026-07-10T07:20:51
tau2_full_flash,telecom,telecom,none,[mobile_data_issue]bad_network_preference|data_mode_off|user_abroad_roaming_disabled_off[PERSONA:None],telecom_0003,3,12,passed,1,tau2_full_flash_telecom_0003,C:\Users\86132\Desktop\SafeDesk\benchmarks\tau2-bench\data\simulations\tau2_full_flash_telecom_0003\results.json,,2026-07-10T07:20:51
tau2_full_flash,telecom,telecom,none,[mobile_data_issue]bad_vpn|data_mode_off|user_abroad_roaming_disabled_off[PERSONA:Easy],telecom_0003,3,13,passed,1,tau2_full_flash_telecom_0003,C:\Users\86132\Desktop\SafeDesk\benchmarks\tau2-bench\data\simulations\tau2_full_flash_telecom_0003\results.json,,2026-07-10T07:20:51
tau2_full_flash,telecom,telecom,none,[mobile_data_issue]data_mode_off|data_usage_exceeded|user_abroad_roaming_disabled_off[PERSONA:Hard],telecom_0003,3,14,passed,1,tau2_full_flash_telecom_0003,C:\Users\86132\Desktop\SafeDesk\benchmarks\tau2-bench\data\simulations\tau2_full_flash_telecom_0003\results.json,,2026-07-10T07:20:51
tau2_full_flash,telecom,telecom,none,[mobile_data_issue]bad_network_preference|data_saver_mode_on|user_abroad_roaming_disabled_off[PERSONA:Easy],telecom_0003,3,15,passed,1,tau2_full_flash_telecom_0003,C:\Users\86132\Desktop\SafeDesk\benchmarks\tau2-bench\data\simulations\tau2_full_flash_telecom_0003\results.json,,2026-07-10T07:20:51
tau2_full_flash,telecom,telecom,none,[mobile_data_issue]bad_vpn|data_saver_mode_on|user_abroad_roaming_disabled_off[PERSONA:Hard],telecom_0003,3,16,passed,1,tau2_full_flash_telecom_0003,C:\Users\86132\Desktop\SafeDesk\benchmarks\tau2-bench\data\simulations\tau2_full_flash_telecom_0003\results.json,,2026-07-10T07:20:51
tau2_full_flash,telecom,telecom,none,[mobile_data_issue]data_saver_mode_on|data_usage_exceeded|user_abroad_roaming_disabled_off[PERSONA:None],telecom_0003,3,17,passed,1,tau2_full_flash_telecom_0003,C:\Users\86132\Desktop\SafeDesk\benchmarks\tau2-bench\data\simulations\tau2_full_flash_telecom_0003\results.json,,2026-07-10T07:20:51
tau2_full_flash,telecom,telecom,none,[mobile_data_issue]bad_network_preference|bad_vpn|user_abroad_roaming_disabled_off[PERSONA:Hard],telecom_0003,3,18,passed,1,tau2_full_flash_telecom_0003,C:\Users\86132\Desktop\SafeDesk\benchmarks\tau2-bench\data\simulations\tau2_full_flash_telecom_0003\results.json,,2026-07-10T07:20:51
tau2_full_flash,telecom,telecom,none,[mobile_data_issue]bad_network_preference|data_usage_exceeded|user_abroad_roaming_disabled_off[PERSONA:None],telecom_0003,3,19,passed,1,tau2_full_flash_telecom_0003,C:\Users\86132\Desktop\SafeDesk\benchmarks\tau2-bench\data\simulations\tau2_full_flash_telecom_0003\results.json,,2026-07-10T07:20:51
tau2_full_flash,telecom,telecom,none,[mobile_data_issue]bad_vpn|data_usage_exceeded|user_abroad_roaming_disabled_off[PERSONA:Hard],telecom_0003,3,20,passed,1,tau2_full_flash_telecom_0003,C:\Users\86132\Desktop\SafeDesk\benchmarks\tau2-bench\data\simulations\tau2_full_flash_telecom_0003\results.json,,2026-07-10T07:20:51
tau2_full_flash,telecom,telecom,none,[mobile_data_issue]bad_network_preference|data_mode_off|data_saver_mode_on[PERSONA:Easy],telecom_0003,3,21,passed,1,tau2_full_flash_telecom_0003,C:\Users\86132\Desktop\SafeDesk\benchmarks\tau2-bench\data\simulations\tau2_full_flash_telecom_0003\results.json,,2026-07-10T07:20:51
tau2_full_flash,telecom,telecom,none,[mobile_data_issue]bad_vpn|data_mode_off|data_saver_mode_on[PERSONA:Hard],telecom_0003,3,22,passed,1,tau2_full_flash_telecom_0003,C:\Users\86132\Desktop\SafeDesk\benchmarks\tau2-bench\data\simulations\tau2_full_flash_telecom_0003\results.json,,2026-07-10T07:20:51
tau2_full_flash,telecom,telecom,none,[mobile_data_issue]data_mode_off|data_saver_mode_on|data_usage_exceeded[PERSONA:None],telecom_0003,3,23,passed,1,tau2_full_flash_telecom_0003,C:\Users\86132\Desktop\SafeDesk\benchmarks\tau2-bench\data\simulations\tau2_full_flash_telecom_0003\results.json,,2026-07-10T07:20:51
tau2_full_flash,telecom,telecom,none,[mobile_data_issue]bad_network_preference|bad_vpn|data_mode_off[PERSONA:Hard],telecom_0003,3,24,passed,1,tau2_full_flash_telecom_0003,C:\Users\86132\Desktop\SafeDesk\benchmarks\tau2-bench\data\simulations\tau2_full_flash_telecom_0003\results.json,,2026-07-10T07:20:51
tau2_full_flash,telecom,telecom,none,[mobile_data_issue]bad_network_preference|data_mode_off|data_usage_exceeded[PERSONA:None],telecom_0004,4,0,passed,1,tau2_full_flash_telecom_0004,C:\Users\86132\Desktop\SafeDesk\benchmarks\tau2-bench\data\simulations\tau2_full_flash_telecom_0004\results.json,,2026-07-10T07:41:56
tau2_full_flash,telecom,telecom,none,[mobile_data_issue]bad_vpn|data_mode_off|data_usage_exceeded[PERSONA:Hard],telecom_0004,4,1,passed,1,tau2_full_flash_telecom_0004,C:\Users\86132\Desktop\SafeDesk\benchmarks\tau2-bench\data\simulations\tau2_full_flash_telecom_0004\results.json,,2026-07-10T07:41:56
tau2_full_flash,telecom,telecom,none,[mobile_data_issue]bad_network_preference|bad_vpn|data_saver_mode_on[PERSONA:Easy],telecom_0004,4,2,passed,1,tau2_full_flash_telecom_0004,C:\Users\86132\Desktop\SafeDesk\benchmarks\tau2-bench\data\simulations\tau2_full_flash_telecom_0004\results.json,,2026-07-10T07:41:56
tau2_full_flash,telecom,telecom,none,[mobile_data_issue]bad_network_preference|data_saver_mode_on|data_usage_exceeded[PERSONA:Hard],telecom_0004,4,3,passed,1,tau2_full_flash_telecom_0004,C:\Users\86132\Desktop\SafeDesk\benchmarks\tau2-bench\data\simulations\tau2_full_flash_telecom_0004\results.json,,2026-07-10T07:41:56
tau2_full_flash,telecom,telecom,none,[mobile_data_issue]bad_vpn|data_saver_mode_on|data_usage_exceeded[PERSONA:Easy],telecom_0004,4,4,passed,1,tau2_full_flash_telecom_0004,C:\Users\86132\Desktop\SafeDesk\benchmarks\tau2-bench\data\simulations\tau2_full_flash_telecom_0004\results.json,,2026-07-10T07:41:56
tau2_full_flash,telecom,telecom,none,[mobile_data_issue]bad_network_preference|bad_vpn|data_usage_exceeded[PERSONA:None],telecom_0004,4,5,passed,1,tau2_full_flash_telecom_0004,C:\Users\86132\Desktop\SafeDesk\benchmarks\tau2-bench\data\simulations\tau2_full_flash_telecom_0004\results.json,,2026-07-10T07:41:56
tau2_full_flash,telecom,telecom,none,[mobile_data_issue]airplane_mode_on|data_mode_off|data_saver_mode_on|user_abroad_roaming_enabled_off[PERSONA:Hard],telecom_0004,4,6,passed,1,tau2_full_flash_telecom_0004,C:\Users\86132\Desktop\SafeDesk\benchmarks\tau2-bench\data\simulations\tau2_full_flash_telecom_0004\results.json,,2026-07-10T07:41:56
tau2_full_flash,telecom,telecom,none,[mobile_data_issue]airplane_mode_on|bad_network_preference|data_mode_off|user_abroad_roaming_enabled_off[PERSONA:None],telecom_0004,4,7,passed,1,tau2_full_flash_telecom_0004,C:\Users\86132\Desktop\SafeDesk\benchmarks\tau2-bench\data\simulations\tau2_full_flash_telecom_0004\results.json,,2026-07-10T07:41:56
tau2_full_flash,telecom,telecom,none,[mobile_data_issue]airplane_mode_on|bad_vpn|data_mode_off|user_abroad_roaming_enabled_off[PERSONA:Easy],telecom_0004,4,8,passed,1,tau2_full_flash_telecom_0004,C:\Users\86132\Desktop\SafeDesk\benchmarks\tau2-bench\data\simulations\tau2_full_flash_telecom_0004\results.json,,2026-07-10T07:41:56
tau2_full_flash,telecom,telecom,none,[mobile_data_issue]airplane_mode_on|data_mode_off|data_usage_exceeded|user_abroad_roaming_enabled_off[PERSONA:Hard],telecom_0004,4,9,passed,1,tau2_full_flash_telecom_0004,C:\Users\86132\Desktop\SafeDesk\benchmarks\tau2-bench\data\simulations\tau2_full_flash_telecom_0004\results.json,,2026-07-10T07:41:56
tau2_full_flash,telecom,telecom,none,[mobile_data_issue]airplane_mode_on|bad_network_preference|data_saver_mode_on|user_abroad_roaming_enabled_off[PERSONA:Easy],telecom_0004,4,10,passed,1,tau2_full_flash_telecom_0004,C:\Users\86132\Desktop\SafeDesk\benchmarks\tau2-bench\data\simulations\tau2_full_flash_telecom_0004\results.json,,2026-07-10T07:41:56
tau2_full_flash,telecom,telecom,none,[mobile_data_issue]airplane_mode_on|bad_vpn|data_saver_mode_on|user_abroad_roaming_enabled_off[PERSONA:Hard],telecom_0004,4,11,passed,1,tau2_full_flash_telecom_0004,C:\Users\86132\Desktop\SafeDesk\benchmarks\tau2-bench\data\simulations\tau2_full_flash_telecom_0004\results.json,,2026-07-10T07:41:56
tau2_full_flash,telecom,telecom,none,[mobile_data_issue]airplane_mode_on|data_saver_mode_on|data_usage_exceeded|user_abroad_roaming_enabled_off[PERSONA:None],telecom_0004,4,12,passed,1,tau2_full_flash_telecom_0004,C:\Users\86132\Desktop\SafeDesk\benchmarks\tau2-bench\data\simulations\tau2_full_flash_telecom_0004\results.json,,2026-07-10T07:41:56
tau2_full_flash,telecom,telecom,none,[mobile_data_issue]airplane_mode_on|bad_network_preference|bad_vpn|user_abroad_roaming_enabled_off[PERSONA:Hard],telecom_0004,4,13,passed,1,tau2_full_flash_telecom_0004,C:\Users\86132\Desktop\SafeDesk\benchmarks\tau2-bench\data\simulations\tau2_full_flash_telecom_0004\results.json,,2026-07-10T07:41:56
tau2_full_flash,telecom,telecom,none,[mobile_data_issue]airplane_mode_on|bad_network_preference|data_usage_exceeded|user_abroad_roaming_enabled_off[PERSONA:None],telecom_0004,4,14,passed,1,tau2_full_flash_telecom_0004,C:\Users\86132\Desktop\SafeDesk\benchmarks\tau2-bench\data\simulations\tau2_full_flash_telecom_0004\results.json,,2026-07-10T07:41:56
tau2_full_flash,telecom,telecom,none,[mobile_data_issue]airplane_mode_on|bad_vpn|data_usage_exceeded|user_abroad_roaming_enabled_off[PERSONA:Hard],telecom_0004,4,15,passed,1,tau2_full_flash_telecom_0004,C:\Users\86132\Desktop\SafeDesk\benchmarks\tau2-bench\data\simulations\tau2_full_flash_telecom_0004\results.json,,2026-07-10T07:41:56
tau2_full_flash,telecom,telecom,none,[mobile_data_issue]airplane_mode_on|data_mode_off|data_saver_mode_on|user_abroad_roaming_disabled_on[PERSONA:Easy],telecom_0004,4,16,passed,1,tau2_full_flash_telecom_0004,C:\Users\86132\Desktop\SafeDesk\benchmarks\tau2-bench\data\simulations\tau2_full_flash_telecom_0004\results.json,,2026-07-10T07:41:56
tau2_full_flash,telecom,telecom,none,[mobile_data_issue]airplane_mode_on|bad_network_preference|data_mode_off|user_abroad_roaming_disabled_on[PERSONA:Hard],telecom_0004,4,17,passed,1,tau2_full_flash_telecom_0004,C:\Users\86132\Desktop\SafeDesk\benchmarks\tau2-bench\data\simulations\tau2_full_flash_telecom_0004\results.json,,2026-07-10T07:41:56
tau2_full_flash,telecom,telecom,none,[mobile_data_issue]airplane_mode_on|bad_vpn|data_mode_off|user_abroad_roaming_disabled_on[PERSONA:None],telecom_0004,4,18,passed,1,tau2_full_flash_telecom_0004,C:\Users\86132\Desktop\SafeDesk\benchmarks\tau2-bench\data\simulations\tau2_full_flash_telecom_0004\results.json,,2026-07-10T07:41:56
tau2_full_flash,telecom,telecom,none,[mobile_data_issue]airplane_mode_on|data_mode_off|data_usage_exceeded|user_abroad_roaming_disabled_on[PERSONA:Easy],telecom_0004,4,19,passed,1,tau2_full_flash_telecom_0004,C:\Users\86132\Desktop\SafeDesk\benchmarks\tau2-bench\data\simulations\tau2_full_flash_telecom_0004\results.json,,2026-07-10T07:41:56
tau2_full_flash,telecom,telecom,none,[mobile_data_issue]airplane_mode_on|bad_network_preference|data_saver_mode_on|user_abroad_roaming_disabled_on[PERSONA:None],telecom_0004,4,20,passed,1,tau2_full_flash_telecom_0004,C:\Users\86132\Desktop\SafeDesk\benchmarks\tau2-bench\data\simulations\tau2_full_flash_telecom_0004\results.json,,2026-07-10T07:41:56
tau2_full_flash,telecom,telecom,none,[mobile_data_issue]airplane_mode_on|bad_vpn|data_saver_mode_on|user_abroad_roaming_disabled_on[PERSONA:Easy],telecom_0004,4,21,passed,1,tau2_full_flash_telecom_0004,C:\Users\86132\Desktop\SafeDesk\benchmarks\tau2-bench\data\simulations\tau2_full_flash_telecom_0004\results.json,,2026-07-10T07:41:56
tau2_full_flash,telecom,telecom,none,[mobile_data_issue]airplane_mode_on|data_saver_mode_on|data_usage_exceeded|user_abroad_roaming_disabled_on[PERSONA:Hard],telecom_0004,4,22,passed,1,tau2_full_flash_telecom_0004,C:\Users\86132\Desktop\SafeDesk\benchmarks\tau2-bench\data\simulations\tau2_full_flash_telecom_0004\results.json,,2026-07-10T07:41:56
tau2_full_flash,telecom,telecom,none,[mobile_data_issue]airplane_mode_on|bad_network_preference|bad_vpn|user_abroad_roaming_disabled_on[PERSONA:Easy],telecom_0004,4,23,passed,1,tau2_full_flash_telecom_0004,C:\Users\86132\Desktop\SafeDesk\benchmarks\tau2-bench\data\simulations\tau2_full_flash_telecom_0004\results.json,,2026-07-10T07:41:56
tau2_full_flash,telecom,telecom,none,[mobile_data_issue]airplane_mode_on|bad_network_preference|data_usage_exceeded|user_abroad_roaming_disabled_on[PERSONA:Hard],telecom_0004,4,24,passed,1,tau2_full_flash_telecom_0004,C:\Users\86132\Desktop\SafeDesk\benchmarks\tau2-bench\data\simulations\tau2_full_flash_telecom_0004\results.json,,2026-07-10T07:41:56
tau2_full_flash,telecom,telecom,none,[mobile_data_issue]airplane_mode_on|bad_vpn|data_usage_exceeded|user_abroad_roaming_disabled_on[PERSONA:Easy],telecom_0005,5,0,passed,1,tau2_full_flash_telecom_0005,C:\Users\86132\Desktop\SafeDesk\benchmarks\tau2-bench\data\simulations\tau2_full_flash_telecom_0005\results.json,,2026-07-10T08:00:15
tau2_full_flash,telecom,telecom,none,[mobile_data_issue]airplane_mode_on|data_mode_off|data_saver_mode_on|user_abroad_roaming_disabled_off[PERSONA:None],telecom_0005,5,1,passed,1,tau2_full_flash_telecom_0005,C:\Users\86132\Desktop\SafeDesk\benchmarks\tau2-bench\data\simulations\tau2_full_flash_telecom_0005\results.json,,2026-07-10T08:00:15
tau2_full_flash,telecom,telecom,none,[mobile_data_issue]airplane_mode_on|bad_network_preference|data_mode_off|user_abroad_roaming_disabled_off[PERSONA:Easy],telecom_0005,5,2,passed,1,tau2_full_flash_telecom_0005,C:\Users\86132\Desktop\SafeDesk\benchmarks\tau2-bench\data\simulations\tau2_full_flash_telecom_0005\results.json,,2026-07-10T08:00:15
tau2_full_flash,telecom,telecom,none,[mobile_data_issue]airplane_mode_on|bad_vpn|data_mode_off|user_abroad_roaming_disabled_off[PERSONA:Hard],telecom_0005,5,3,passed,1,tau2_full_flash_telecom_0005,C:\Users\86132\Desktop\SafeDesk\benchmarks\tau2-bench\data\simulations\tau2_full_flash_telecom_0005\results.json,,2026-07-10T08:00:15
tau2_full_flash,telecom,telecom,none,[mobile_data_issue]airplane_mode_on|data_mode_off|data_usage_exceeded|user_abroad_roaming_disabled_off[PERSONA:None],telecom_0005,5,4,passed,1,tau2_full_flash_telecom_0005,C:\Users\86132\Desktop\SafeDesk\benchmarks\tau2-bench\data\simulations\tau2_full_flash_telecom_0005\results.json,,2026-07-10T08:00:15
tau2_full_flash,telecom,telecom,none,[mobile_data_issue]airplane_mode_on|bad_network_preference|data_saver_mode_on|user_abroad_roaming_disabled_off[PERSONA:Hard],telecom_0005,5,5,passed,1,tau2_full_flash_telecom_0005,C:\Users\86132\Desktop\SafeDesk\benchmarks\tau2-bench\data\simulations\tau2_full_flash_telecom_0005\results.json,,2026-07-10T08:00:15
tau2_full_flash,telecom,telecom,none,[mobile_data_issue]airplane_mode_on|bad_vpn|data_saver_mode_on|user_abroad_roaming_disabled_off[PERSONA:None],telecom_0005,5,6,passed,1,tau2_full_flash_telecom_0005,C:\Users\86132\Desktop\SafeDesk\benchmarks\tau2-bench\data\simulations\tau2_full_flash_telecom_0005\results.json,,2026-07-10T08:00:15
tau2_full_flash,telecom,telecom,none,[mobile_data_issue]airplane_mode_on|data_saver_mode_on|data_usage_exceeded|user_abroad_roaming_disabled_off[PERSONA:Easy],telecom_0005,5,7,passed,1,tau2_full_flash_telecom_0005,C:\Users\86132\Desktop\SafeDesk\benchmarks\tau2-bench\data\simulations\tau2_full_flash_telecom_0005\results.json,,2026-07-10T08:00:15
tau2_full_flash,telecom,telecom,none,[mobile_data_issue]airplane_mode_on|bad_network_preference|bad_vpn|user_abroad_roaming_disabled_off[PERSONA:None],telecom_0005,5,8,passed,1,tau2_full_flash_telecom_0005,C:\Users\86132\Desktop\SafeDesk\benchmarks\tau2-bench\data\simulations\tau2_full_flash_telecom_0005\results.json,,2026-07-10T08:00:15
tau2_full_flash,telecom,telecom,none,[mobile_data_issue]airplane_mode_on|bad_network_preference|data_usage_exceeded|user_abroad_roaming_disabled_off[PERSONA:Easy],telecom_0005,5,9,passed,1,tau2_full_flash_telecom_0005,C:\Users\86132\Desktop\SafeDesk\benchmarks\tau2-bench\data\simulations\tau2_full_flash_telecom_0005\results.json,,2026-07-10T08:00:15
tau2_full_flash,telecom,telecom,none,[mobile_data_issue]airplane_mode_on|bad_vpn|data_usage_exceeded|user_abroad_roaming_disabled_off[PERSONA:None],telecom_0005,5,10,passed,1,tau2_full_flash_telecom_0005,C:\Users\86132\Desktop\SafeDesk\benchmarks\tau2-bench\data\simulations\tau2_full_flash_telecom_0005\results.json,,2026-07-10T08:00:15
tau2_full_flash,telecom,telecom,none,[mobile_data_issue]airplane_mode_on|bad_network_preference|data_mode_off|data_saver_mode_on[PERSONA:Hard],telecom_0005,5,11,passed,1,tau2_full_flash_telecom_0005,C:\Users\86132\Desktop\SafeDesk\benchmarks\tau2-bench\data\simulations\tau2_full_flash_telecom_0005\results.json,,2026-07-10T08:00:15
tau2_full_flash,telecom,telecom,none,[mobile_data_issue]airplane_mode_on|bad_vpn|data_mode_off|data_saver_mode_on[PERSONA:None],telecom_0005,5,12,passed,1,tau2_full_flash_telecom_0005,C:\Users\86132\Desktop\SafeDesk\benchmarks\tau2-bench\data\simulations\tau2_full_flash_telecom_0005\results.json,,2026-07-10T08:00:15
tau2_full_flash,telecom,telecom,none,[mobile_data_issue]airplane_mode_on|data_mode_off|data_saver_mode_on|data_usage_exceeded[PERSONA:Easy],telecom_0005,5,13,passed,1,tau2_full_flash_telecom_0005,C:\Users\86132\Desktop\SafeDesk\benchmarks\tau2-bench\data\simulations\tau2_full_flash_telecom_0005\results.json,,2026-07-10T08:00:15
tau2_full_flash,telecom,telecom,none,[mobile_data_issue]airplane_mode_on|bad_network_preference|bad_vpn|data_mode_off[PERSONA:None],telecom_0005,5,14,passed,1,tau2_full_flash_telecom_0005,C:\Users\86132\Desktop\SafeDesk\benchmarks\tau2-bench\data\simulations\tau2_full_flash_telecom_0005\results.json,,2026-07-10T08:00:15
tau2_full_flash,telecom,telecom,none,[mobile_data_issue]airplane_mode_on|bad_network_preference|data_mode_off|data_usage_exceeded[PERSONA:Easy],telecom_0005,5,15,passed,1,tau2_full_flash_telecom_0005,C:\Users\86132\Desktop\SafeDesk\benchmarks\tau2-bench\data\simulations\tau2_full_flash_telecom_0005\results.json,,2026-07-10T08:00:15
tau2_full_flash,telecom,telecom,none,[mobile_data_issue]airplane_mode_on|bad_vpn|data_mode_off|data_usage_exceeded[PERSONA:None],telecom_0005,5,16,passed,1,tau2_full_flash_telecom_0005,C:\Users\86132\Desktop\SafeDesk\benchmarks\tau2-bench\data\simulations\tau2_full_flash_telecom_0005\results.json,,2026-07-10T08:00:15
tau2_full_flash,telecom,telecom,none,[mobile_data_issue]airplane_mode_on|bad_network_preference|bad_vpn|data_saver_mode_on[PERSONA:Hard],telecom_0005,5,17,passed,1,tau2_full_flash_telecom_0005,C:\Users\86132\Desktop\SafeDesk\benchmarks\tau2-bench\data\simulations\tau2_full_flash_telecom_0005\results.json,,2026-07-10T08:00:15
tau2_full_flash,telecom,telecom,none,[mobile_data_issue]airplane_mode_on|bad_network_preference|data_saver_mode_on|data_usage_exceeded[PERSONA:None],telecom_0005,5,18,passed,1,tau2_full_flash_telecom_0005,C:\Users\86132\Desktop\SafeDesk\benchmarks\tau2-bench\data\simulations\tau2_full_flash_telecom_0005\results.json,,2026-07-10T08:00:15
tau2_full_flash,telecom,telecom,none,[mobile_data_issue]airplane_mode_on|bad_vpn|data_saver_mode_on|data_usage_exceeded[PERSONA:Hard],telecom_0005,5,19,passed,1,tau2_full_flash_telecom_0005,C:\Users\86132\Desktop\SafeDesk\benchmarks\tau2-bench\data\simulations\tau2_full_flash_telecom_0005\results.json,,2026-07-10T08:00:15
tau2_full_flash,telecom,telecom,none,[mobile_data_issue]airplane_mode_on|bad_network_preference|bad_vpn|data_usage_exceeded[PERSONA:Easy],telecom_0005,5,20,passed,1,tau2_full_flash_telecom_0005,C:\Users\86132\Desktop\SafeDesk\benchmarks\tau2-bench\data\simulations\tau2_full_flash_telecom_0005\results.json,,2026-07-10T08:00:15
tau2_full_flash,telecom,telecom,none,[mobile_data_issue]bad_network_preference|data_mode_off|data_saver_mode_on|user_abroad_roaming_enabled_off[PERSONA:None],telecom_0005,5,21,passed,1,tau2_full_flash_telecom_0005,C:\Users\86132\Desktop\SafeDesk\benchmarks\tau2-bench\data\simulations\tau2_full_flash_telecom_0005\results.json,,2026-07-10T08:00:15
tau2_full_flash,telecom,telecom,none,[mobile_data_issue]bad_vpn|data_mode_off|data_saver_mode_on|user_abroad_roaming_enabled_off[PERSONA:Easy],telecom_0005,5,22,passed,1,tau2_full_flash_telecom_0005,C:\Users\86132\Desktop\SafeDesk\benchmarks\tau2-bench\data\simulations\tau2_full_flash_telecom_0005\results.json,,2026-07-10T08:00:15
tau2_full_flash,telecom,telecom,none,[mobile_data_issue]data_mode_off|data_saver_mode_on|data_usage_exceeded|user_abroad_roaming_enabled_off[PERSONA:Hard],telecom_0005,5,23,passed,1,tau2_full_flash_telecom_0005,C:\Users\86132\Desktop\SafeDesk\benchmarks\tau2-bench\data\simulations\tau2_full_flash_telecom_0005\results.json,,2026-07-10T08:00:15
tau2_full_flash,telecom,telecom,none,[mobile_data_issue]bad_network_preference|bad_vpn|data_mode_off|user_abroad_roaming_enabled_off[PERSONA:Easy],telecom_0005,5,24,passed,1,tau2_full_flash_telecom_0005,C:\Users\86132\Desktop\SafeDesk\benchmarks\tau2-bench\data\simulations\tau2_full_flash_telecom_0005\results.json,,2026-07-10T08:00:15
tau2_full_flash,telecom,telecom,none,[mobile_data_issue]bad_network_preference|data_mode_off|data_usage_exceeded|user_abroad_roaming_enabled_off[PERSONA:Hard],telecom_0006,6,0,passed,1,tau2_full_flash_telecom_0006,C:\Users\86132\Desktop\SafeDesk\benchmarks\tau2-bench\data\simulations\tau2_full_flash_telecom_0006\results.json,,2026-07-10T08:18:53
tau2_full_flash,telecom,telecom,none,[mobile_data_issue]bad_vpn|data_mode_off|data_usage_exceeded|user_abroad_roaming_enabled_off[PERSONA:Easy],telecom_0006,6,1,passed,1,tau2_full_flash_telecom_0006,C:\Users\86132\Desktop\SafeDesk\benchmarks\tau2-bench\data\simulations\tau2_full_flash_telecom_0006\results.json,,2026-07-10T08:18:53
tau2_full_flash,telecom,telecom,none,[mobile_data_issue]bad_network_preference|bad_vpn|data_saver_mode_on|user_abroad_roaming_enabled_off[PERSONA:None],telecom_0006,6,2,passed,1,tau2_full_flash_telecom_0006,C:\Users\86132\Desktop\SafeDesk\benchmarks\tau2-bench\data\simulations\tau2_full_flash_telecom_0006\results.json,,2026-07-10T08:18:53
tau2_full_flash,telecom,telecom,none,[mobile_data_issue]bad_network_preference|data_saver_mode_on|data_usage_exceeded|user_abroad_roaming_enabled_off[PERSONA:Easy],telecom_0006,6,3,passed,1,tau2_full_flash_telecom_0006,C:\Users\86132\Desktop\SafeDesk\benchmarks\tau2-bench\data\simulations\tau2_full_flash_telecom_0006\results.json,,2026-07-10T08:18:53
tau2_full_flash,telecom,telecom,none,[mobile_data_issue]bad_vpn|data_saver_mode_on|data_usage_exceeded|user_abroad_roaming_enabled_off[PERSONA:None],telecom_0006,6,4,passed,1,tau2_full_flash_telecom_0006,C:\Users\86132\Desktop\SafeDesk\benchmarks\tau2-bench\data\simulations\tau2_full_flash_telecom_0006\results.json,,2026-07-10T08:18:53
tau2_full_flash,telecom,telecom,none,[mobile_data_issue]bad_network_preference|bad_vpn|data_usage_exceeded|user_abroad_roaming_enabled_off[PERSONA:Hard],telecom_0006,6,5,passed,1,tau2_full_flash_telecom_0006,C:\Users\86132\Desktop\SafeDesk\benchmarks\tau2-bench\data\simulations\tau2_full_flash_telecom_0006\results.json,,2026-07-10T08:18:53
tau2_full_flash,telecom,telecom,none,[mobile_data_issue]bad_network_preference|data_mode_off|data_saver_mode_on|user_abroad_roaming_disabled_on[PERSONA:Easy],telecom_0006,6,6,passed,1,tau2_full_flash_telecom_0006,C:\Users\86132\Desktop\SafeDesk\benchmarks\tau2-bench\data\simulations\tau2_full_flash_telecom_0006\results.json,,2026-07-10T08:18:53
tau2_full_flash,telecom,telecom,none,[mobile_data_issue]bad_vpn|data_mode_off|data_saver_mode_on|user_abroad_roaming_disabled_on[PERSONA:Hard],telecom_0006,6,7,passed,1,tau2_full_flash_telecom_0006,C:\Users\86132\Desktop\SafeDesk\benchmarks\tau2-bench\data\simulations\tau2_full_flash_telecom_0006\results.json,,2026-07-10T08:18:53
tau2_full_flash,telecom,telecom,none,[mobile_data_issue]data_mode_off|data_saver_mode_on|data_usage_exceeded|user_abroad_roaming_disabled_on[PERSONA:None],telecom_0006,6,8,passed,1,tau2_full_flash_telecom_0006,C:\Users\86132\Desktop\SafeDesk\benchmarks\tau2-bench\data\simulations\tau2_full_flash_telecom_0006\results.json,,2026-07-10T08:18:53
tau2_full_flash,telecom,telecom,none,[mobile_data_issue]bad_network_preference|bad_vpn|data_mode_off|user_abroad_roaming_disabled_on[PERSONA:Hard],telecom_0006,6,9,passed,1,tau2_full_flash_telecom_0006,C:\Users\86132\Desktop\SafeDesk\benchmarks\tau2-bench\data\simulations\tau2_full_flash_telecom_0006\results.json,,2026-07-10T08:18:53
tau2_full_flash,telecom,telecom,none,[mobile_data_issue]bad_network_preference|data_mode_off|data_usage_exceeded|user_abroad_roaming_disabled_on[PERSONA:None],telecom_0006,6,10,passed,1,tau2_full_flash_telecom_0006,C:\Users\86132\Desktop\SafeDesk\benchmarks\tau2-bench\data\simulations\tau2_full_flash_telecom_0006\results.json,,2026-07-10T08:18:53
tau2_full_flash,telecom,telecom,none,[mobile_data_issue]bad_vpn|data_mode_off|data_usage_exceeded|user_abroad_roaming_disabled_on[PERSONA:Hard],telecom_0006,6,11,passed,1,tau2_full_flash_telecom_0006,C:\Users\86132\Desktop\SafeDesk\benchmarks\tau2-bench\data\simulations\tau2_full_flash_telecom_0006\results.json,,2026-07-10T08:18:53
tau2_full_flash,telecom,telecom,none,[mobile_data_issue]bad_network_preference|bad_vpn|data_saver_mode_on|user_abroad_roaming_disabled_on[PERSONA:Easy],telecom_0006,6,12,passed,1,tau2_full_flash_telecom_0006,C:\Users\86132\Desktop\SafeDesk\benchmarks\tau2-bench\data\simulations\tau2_full_flash_telecom_0006\results.json,,2026-07-10T08:18:53
tau2_full_flash,telecom,telecom,none,[mobile_data_issue]bad_network_preference|data_saver_mode_on|data_usage_exceeded|user_abroad_roaming_disabled_on[PERSONA:Hard],telecom_0006,6,13,passed,1,tau2_full_flash_telecom_0006,C:\Users\86132\Desktop\SafeDesk\benchmarks\tau2-bench\data\simulations\tau2_full_flash_telecom_0006\results.json,,2026-07-10T08:18:53
tau2_full_flash,telecom,telecom,none,[mobile_data_issue]bad_vpn|data_saver_mode_on|data_usage_exceeded|user_abroad_roaming_disabled_on[PERSONA:Easy],telecom_0006,6,14,passed,1,tau2_full_flash_telecom_0006,C:\Users\86132\Desktop\SafeDesk\benchmarks\tau2-bench\data\simulations\tau2_full_flash_telecom_0006\results.json,,2026-07-10T08:18:53
tau2_full_flash,telecom,telecom,none,[mobile_data_issue]bad_network_preference|bad_vpn|data_usage_exceeded|user_abroad_roaming_disabled_on[PERSONA:None],telecom_0006,6,15,passed,1,tau2_full_flash_telecom_0006,C:\Users\86132\Desktop\SafeDesk\benchmarks\tau2-bench\data\simulations\tau2_full_flash_telecom_0006\results.json,,2026-07-10T08:18:53
tau2_full_flash,telecom,telecom,none,[mobile_data_issue]bad_network_preference|data_mode_off|data_saver_mode_on|user_abroad_roaming_disabled_off[PERSONA:Hard],telecom_0006,6,16,passed,1,tau2_full_flash_telecom_0006,C:\Users\86132\Desktop\SafeDesk\benchmarks\tau2-bench\data\simulations\tau2_full_flash_telecom_0006\results.json,,2026-07-10T08:18:53
tau2_full_flash,telecom,telecom,none,[mobile_data_issue]bad_vpn|data_mode_off|data_saver_mode_on|user_abroad_roaming_disabled_off[PERSONA:None],telecom_0006,6,17,passed,1,tau2_full_flash_telecom_0006,C:\Users\86132\Desktop\SafeDesk\benchmarks\tau2-bench\data\simulations\tau2_full_flash_telecom_0006\results.json,,2026-07-10T08:18:53
tau2_full_flash,telecom,telecom,none,[mobile_data_issue]data_mode_off|data_saver_mode_on|data_usage_exceeded|user_abroad_roaming_disabled_off[PERSONA:Easy],telecom_0006,6,18,passed,1,tau2_full_flash_telecom_0006,C:\Users\86132\Desktop\SafeDesk\benchmarks\tau2-bench\data\simulations\tau2_full_flash_telecom_0006\results.json,,2026-07-10T08:18:53
tau2_full_flash,telecom,telecom,none,[mobile_data_issue]bad_network_preference|bad_vpn|data_mode_off|user_abroad_roaming_disabled_off[PERSONA:None],telecom_0006,6,19,passed,1,tau2_full_flash_telecom_0006,C:\Users\86132\Desktop\SafeDesk\benchmarks\tau2-bench\data\simulations\tau2_full_flash_telecom_0006\results.json,,2026-07-10T08:18:53
tau2_full_flash,telecom,telecom,none,[mobile_data_issue]bad_network_preference|data_mode_off|data_usage_exceeded|user_abroad_roaming_disabled_off[PERSONA:Easy],telecom_0006,6,20,passed,1,tau2_full_flash_telecom_0006,C:\Users\86132\Desktop\SafeDesk\benchmarks\tau2-bench\data\simulations\tau2_full_flash_telecom_0006\results.json,,2026-07-10T08:18:53
tau2_full_flash,telecom,telecom,none,[mobile_data_issue]bad_vpn|data_mode_off|data_usage_exceeded|user_abroad_roaming_disabled_off[PERSONA:None],telecom_0006,6,21,passed,1,tau2_full_flash_telecom_0006,C:\Users\86132\Desktop\SafeDesk\benchmarks\tau2-bench\data\simulations\tau2_full_flash_telecom_0006\results.json,,2026-07-10T08:18:53
tau2_full_flash,telecom,telecom,none,[mobile_data_issue]bad_network_preference|bad_vpn|data_saver_mode_on|user_abroad_roaming_disabled_off[PERSONA:Hard],telecom_0006,6,22,passed,1,tau2_full_flash_telecom_0006,C:\Users\86132\Desktop\SafeDesk\benchmarks\tau2-bench\data\simulations\tau2_full_flash_telecom_0006\results.json,,2026-07-10T08:18:53
tau2_full_flash,telecom,telecom,none,[mobile_data_issue]bad_network_preference|data_saver_mode_on|data_usage_exceeded|user_abroad_roaming_disabled_off[PERSONA:None],telecom_0006,6,23,passed,1,tau2_full_flash_telecom_0006,C:\Users\86132\Desktop\SafeDesk\benchmarks\tau2-bench\data\simulations\tau2_full_flash_telecom_0006\results.json,,2026-07-10T08:18:53
tau2_full_flash,telecom,telecom,none,[mobile_data_issue]bad_vpn|data_saver_mode_on|data_usage_exceeded|user_abroad_roaming_disabled_off[PERSONA:Hard],telecom_0006,6,24,passed,1,tau2_full_flash_telecom_0006,C:\Users\86132\Desktop\SafeDesk\benchmarks\tau2-bench\data\simulations\tau2_full_flash_telecom_0006\results.json,,2026-07-10T08:18:53
tau2_full_flash,telecom,telecom,none,[mobile_data_issue]bad_network_preference|bad_vpn|data_usage_exceeded|user_abroad_roaming_disabled_off[PERSONA:Easy],telecom_0007,7,0,passed,1,tau2_full_flash_telecom_0007,C:\Users\86132\Desktop\SafeDesk\benchmarks\tau2-bench\data\simulations\tau2_full_flash_telecom_0007\results.json,,2026-07-10T08:39:22
tau2_full_flash,telecom,telecom,none,[mobile_data_issue]bad_network_preference|bad_vpn|data_mode_off|data_saver_mode_on[PERSONA:None],telecom_0007,7,1,passed,1,tau2_full_flash_telecom_0007,C:\Users\86132\Desktop\SafeDesk\benchmarks\tau2-bench\data\simulations\tau2_full_flash_telecom_0007\results.json,,2026-07-10T08:39:22
tau2_full_flash,telecom,telecom,none,[mobile_data_issue]bad_network_preference|data_mode_off|data_saver_mode_on|data_usage_exceeded[PERSONA:Easy],telecom_0007,7,2,passed,1,tau2_full_flash_telecom_0007,C:\Users\86132\Desktop\SafeDesk\benchmarks\tau2-bench\data\simulations\tau2_full_flash_telecom_0007\results.json,,2026-07-10T08:39:22
tau2_full_flash,telecom,telecom,none,[mobile_data_issue]bad_vpn|data_mode_off|data_saver_mode_on|data_usage_exceeded[PERSONA:None],telecom_0007,7,3,passed,1,tau2_full_flash_telecom_0007,C:\Users\86132\Desktop\SafeDesk\benchmarks\tau2-bench\data\simulations\tau2_full_flash_telecom_0007\results.json,,2026-07-10T08:39:22
tau2_full_flash,telecom,telecom,none,[mobile_data_issue]bad_network_preference|bad_vpn|data_mode_off|data_usage_exceeded[PERSONA:Hard],telecom_0007,7,4,passed,1,tau2_full_flash_telecom_0007,C:\Users\86132\Desktop\SafeDesk\benchmarks\tau2-bench\data\simulations\tau2_full_flash_telecom_0007\results.json,,2026-07-10T08:39:22
tau2_full_flash,telecom,telecom,none,[mobile_data_issue]bad_network_preference|bad_vpn|data_saver_mode_on|data_usage_exceeded[PERSONA:Easy],telecom_0007,7,5,passed,1,tau2_full_flash_telecom_0007,C:\Users\86132\Desktop\SafeDesk\benchmarks\tau2-bench\data\simulations\tau2_full_flash_telecom_0007\results.json,,2026-07-10T08:39:22
tau2_full_flash,telecom,telecom,none,[mobile_data_issue]airplane_mode_on|bad_network_preference|data_mode_off|data_saver_mode_on|user_abroad_roaming_enabled_off[PERSONA:None],telecom_0007,7,6,passed,1,tau2_full_flash_telecom_0007,C:\Users\86132\Desktop\SafeDesk\benchmarks\tau2-bench\data\simulations\tau2_full_flash_telecom_0007\results.json,,2026-07-10T08:39:22
tau2_full_flash,telecom,telecom,none,[mobile_data_issue]airplane_mode_on|bad_vpn|data_mode_off|data_saver_mode_on|user_abroad_roaming_enabled_off[PERSONA:Easy],telecom_0007,7,7,passed,1,tau2_full_flash_telecom_0007,C:\Users\86132\Desktop\SafeDesk\benchmarks\tau2-bench\data\simulations\tau2_full_flash_telecom_0007\results.json,,2026-07-10T08:39:22
tau2_full_flash,telecom,telecom,none,[mobile_data_issue]airplane_mode_on|data_mode_off|data_saver_mode_on|data_usage_exceeded|user_abroad_roaming_enabled_off[PERSONA:Hard],telecom_0007,7,8,passed,1,tau2_full_flash_telecom_0007,C:\Users\86132\Desktop\SafeDesk\benchmarks\tau2-bench\data\simulations\tau2_full_flash_telecom_0007\results.json,,2026-07-10T08:39:22
tau2_full_flash,telecom,telecom,none,[mobile_data_issue]airplane_mode_on|bad_network_preference|bad_vpn|data_mode_off|user_abroad_roaming_enabled_off[PERSONA:Easy],telecom_0007,7,9,passed,1,tau2_full_flash_telecom_0007,C:\Users\86132\Desktop\SafeDesk\benchmarks\tau2-bench\data\simulations\tau2_full_flash_telecom_0007\results.json,,2026-07-10T08:39:22
tau2_full_flash,telecom,telecom,none,[mobile_data_issue]airplane_mode_on|bad_network_preference|data_mode_off|data_usage_exceeded|user_abroad_roaming_enabled_off[PERSONA:Hard],telecom_0007,7,10,passed,1,tau2_full_flash_telecom_0007,C:\Users\86132\Desktop\SafeDesk\benchmarks\tau2-bench\data\simulations\tau2_full_flash_telecom_0007\results.json,,2026-07-10T08:39:22
tau2_full_flash,telecom,telecom,none,[mobile_data_issue]airplane_mode_on|bad_vpn|data_mode_off|data_usage_exceeded|user_abroad_roaming_enabled_off[PERSONA:Easy],telecom_0007,7,11,passed,1,tau2_full_flash_telecom_0007,C:\Users\86132\Desktop\SafeDesk\benchmarks\tau2-bench\data\simulations\tau2_full_flash_telecom_0007\results.json,,2026-07-10T08:39:22
tau2_full_flash,telecom,telecom,none,[mobile_data_issue]airplane_mode_on|bad_network_preference|bad_vpn|data_saver_mode_on|user_abroad_roaming_enabled_off[PERSONA:None],telecom_0007,7,12,passed,1,tau2_full_flash_telecom_0007,C:\Users\86132\Desktop\SafeDesk\benchmarks\tau2-bench\data\simulations\tau2_full_flash_telecom_0007\results.json,,2026-07-10T08:39:22
tau2_full_flash,telecom,telecom,none,[mobile_data_issue]airplane_mode_on|bad_network_preference|data_saver_mode_on|data_usage_exceeded|user_abroad_roaming_enabled_off[PERSONA:Easy],telecom_0007,7,13,passed,1,tau2_full_flash_telecom_0007,C:\Users\86132\Desktop\SafeDesk\benchmarks\tau2-bench\data\simulations\tau2_full_flash_telecom_0007\results.json,,2026-07-10T08:39:22
tau2_full_flash,telecom,telecom,none,[mobile_data_issue]airplane_mode_on|bad_vpn|data_saver_mode_on|data_usage_exceeded|user_abroad_roaming_enabled_off[PERSONA:None],telecom_0007,7,14,passed,1,tau2_full_flash_telecom_0007,C:\Users\86132\Desktop\SafeDesk\benchmarks\tau2-bench\data\simulations\tau2_full_flash_telecom_0007\results.json,,2026-07-10T08:39:22
tau2_full_flash,telecom,telecom,none,[mobile_data_issue]airplane_mode_on|bad_network_preference|bad_vpn|data_usage_exceeded|user_abroad_roaming_enabled_off[PERSONA:Hard],telecom_0007,7,15,passed,1,tau2_full_flash_telecom_0007,C:\Users\86132\Desktop\SafeDesk\benchmarks\tau2-bench\data\simulations\tau2_full_flash_telecom_0007\results.json,,2026-07-10T08:39:22
tau2_full_flash,telecom,telecom,none,[mobile_data_issue]airplane_mode_on|bad_network_preference|data_mode_off|data_saver_mode_on|user_abroad_roaming_disabled_on[PERSONA:Easy],telecom_0007,7,16,passed,1,tau2_full_flash_telecom_0007,C:\Users\86132\Desktop\SafeDesk\benchmarks\tau2-bench\data\simulations\tau2_full_flash_telecom_0007\results.json,,2026-07-10T08:39:22
tau2_full_flash,telecom,telecom,none,[mobile_data_issue]airplane_mode_on|bad_vpn|data_mode_off|data_saver_mode_on|user_abroad_roaming_disabled_on[PERSONA:Hard],telecom_0007,7,17,passed,1,tau2_full_flash_telecom_0007,C:\Users\86132\Desktop\SafeDesk\benchmarks\tau2-bench\data\simulations\tau2_full_flash_telecom_0007\results.json,,2026-07-10T08:39:22
tau2_full_flash,telecom,telecom,none,[mobile_data_issue]airplane_mode_on|data_mode_off|data_saver_mode_on|data_usage_exceeded|user_abroad_roaming_disabled_on[PERSONA:None],telecom_0007,7,18,passed,1,tau2_full_flash_telecom_0007,C:\Users\86132\Desktop\SafeDesk\benchmarks\tau2-bench\data\simulations\tau2_full_flash_telecom_0007\results.json,,2026-07-10T08:39:22
tau2_full_flash,telecom,telecom,none,[mobile_data_issue]airplane_mode_on|bad_network_preference|bad_vpn|data_mode_off|user_abroad_roaming_disabled_on[PERSONA:Hard],telecom_0007,7,19,passed,1,tau2_full_flash_telecom_0007,C:\Users\86132\Desktop\SafeDesk\benchmarks\tau2-bench\data\simulations\tau2_full_flash_telecom_0007\results.json,,2026-07-10T08:39:22
tau2_full_flash,telecom,telecom,none,[mobile_data_issue]airplane_mode_on|bad_network_preference|data_mode_off|data_usage_exceeded|user_abroad_roaming_disabled_on[PERSONA:None],telecom_0007,7,20,passed,1,tau2_full_flash_telecom_0007,C:\Users\86132\Desktop\SafeDesk\benchmarks\tau2-bench\data\simulations\tau2_full_flash_telecom_0007\results.json,,2026-07-10T08:39:22
tau2_full_flash,telecom,telecom,none,[mobile_data_issue]airplane_mode_on|bad_vpn|data_mode_off|data_usage_exceeded|user_abroad_roaming_disabled_on[PERSONA:Hard],telecom_0007,7,21,passed,1,tau2_full_flash_telecom_0007,C:\Users\86132\Desktop\SafeDesk\benchmarks\tau2-bench\data\simulations\tau2_full_flash_telecom_0007\results.json,,2026-07-10T08:39:22
tau2_full_flash,telecom,telecom,none,[mobile_data_issue]airplane_mode_on|bad_network_preference|bad_vpn|data_saver_mode_on|user_abroad_roaming_disabled_on[PERSONA:Easy],telecom_0007,7,22,passed,1,tau2_full_flash_telecom_0007,C:\Users\86132\Desktop\SafeDesk\benchmarks\tau2-bench\data\simulations\tau2_full_flash_telecom_0007\results.json,,2026-07-10T08:39:22
tau2_full_flash,telecom,telecom,none,[mobile_data_issue]airplane_mode_on|bad_network_preference|data_saver_mode_on|data_usage_exceeded|user_abroad_roaming_disabled_on[PERSONA:Hard],telecom_0007,7,23,passed,1,tau2_full_flash_telecom_0007,C:\Users\86132\Desktop\SafeDesk\benchmarks\tau2-bench\data\simulations\tau2_full_flash_telecom_0007\results.json,,2026-07-10T08:39:22
tau2_full_flash,telecom,telecom,none,[mobile_data_issue]airplane_mode_on|bad_vpn|data_saver_mode_on|data_usage_exceeded|user_abroad_roaming_disabled_on[PERSONA:Easy],telecom_0007,7,24,passed,1,tau2_full_flash_telecom_0007,C:\Users\86132\Desktop\SafeDesk\benchmarks\tau2-bench\data\simulations\tau2_full_flash_telecom_0007\results.json,,2026-07-10T08:39:22
tau2_full_flash,telecom,telecom,none,[mobile_data_issue]airplane_mode_on|bad_network_preference|bad_vpn|data_usage_exceeded|user_abroad_roaming_disabled_on[PERSONA:None],telecom_0008,8,0,passed,1,tau2_full_flash_telecom_0008,C:\Users\86132\Desktop\SafeDesk\benchmarks\tau2-bench\data\simulations\tau2_full_flash_telecom_0008\results.json,,2026-07-10T09:00:34
tau2_full_flash,telecom,telecom,none,[mobile_data_issue]airplane_mode_on|bad_network_preference|data_mode_off|data_saver_mode_on|user_abroad_roaming_disabled_off[PERSONA:Hard],telecom_0008,8,1,passed,1,tau2_full_flash_telecom_0008,C:\Users\86132\Desktop\SafeDesk\benchmarks\tau2-bench\data\simulations\tau2_full_flash_telecom_0008\results.json,,2026-07-10T09:00:34
tau2_full_flash,telecom,telecom,none,[mobile_data_issue]airplane_mode_on|bad_vpn|data_mode_off|data_saver_mode_on|user_abroad_roaming_disabled_off[PERSONA:None],telecom_0008,8,2,passed,1,tau2_full_flash_telecom_0008,C:\Users\86132\Desktop\SafeDesk\benchmarks\tau2-bench\data\simulations\tau2_full_flash_telecom_0008\results.json,,2026-07-10T09:00:34
tau2_full_flash,telecom,telecom,none,[mobile_data_issue]airplane_mode_on|data_mode_off|data_saver_mode_on|data_usage_exceeded|user_abroad_roaming_disabled_off[PERSONA:Easy],telecom_0008,8,3,passed,1,tau2_full_flash_telecom_0008,C:\Users\86132\Desktop\SafeDesk\benchmarks\tau2-bench\data\simulations\tau2_full_flash_telecom_0008\results.json,,2026-07-10T09:00:34
tau2_full_flash,telecom,telecom,none,[mobile_data_issue]airplane_mode_on|bad_network_preference|bad_vpn|data_mode_off|user_abroad_roaming_disabled_off[PERSONA:None],telecom_0008,8,4,passed,1,tau2_full_flash_telecom_0008,C:\Users\86132\Desktop\SafeDesk\benchmarks\tau2-bench\data\simulations\tau2_full_flash_telecom_0008\results.json,,2026-07-10T09:00:34
tau2_full_flash,telecom,telecom,none,[mobile_data_issue]airplane_mode_on|bad_network_preference|data_mode_off|data_usage_exceeded|user_abroad_roaming_disabled_off[PERSONA:Easy],telecom_0008,8,5,passed,1,tau2_full_flash_telecom_0008,C:\Users\86132\Desktop\SafeDesk\benchmarks\tau2-bench\data\simulations\tau2_full_flash_telecom_0008\results.json,,2026-07-10T09:00:34
tau2_full_flash,telecom,telecom,none,[mobile_data_issue]airplane_mode_on|bad_vpn|data_mode_off|data_usage_exceeded|user_abroad_roaming_disabled_off[PERSONA:None],telecom_0008,8,6,passed,1,tau2_full_flash_telecom_0008,C:\Users\86132\Desktop\SafeDesk\benchmarks\tau2-bench\data\simulations\tau2_full_flash_telecom_0008\results.json,,2026-07-10T09:00:34
tau2_full_flash,telecom,telecom,none,[mobile_data_issue]airplane_mode_on|bad_network_preference|bad_vpn|data_saver_mode_on|user_abroad_roaming_disabled_off[PERSONA:Hard],telecom_0008,8,7,passed,1,tau2_full_flash_telecom_0008,C:\Users\86132\Desktop\SafeDesk\benchmarks\tau2-bench\data\simulations\tau2_full_flash_telecom_0008\results.json,,2026-07-10T09:00:34
tau2_full_flash,telecom,telecom,none,[mobile_data_issue]airplane_mode_on|bad_network_preference|data_saver_mode_on|data_usage_exceeded|user_abroad_roaming_disabled_off[PERSONA:None],telecom_0008,8,8,passed,1,tau2_full_flash_telecom_0008,C:\Users\86132\Desktop\SafeDesk\benchmarks\tau2-bench\data\simulations\tau2_full_flash_telecom_0008\results.json,,2026-07-10T09:00:34
tau2_full_flash,telecom,telecom,none,[mobile_data_issue]airplane_mode_on|bad_vpn|data_saver_mode_on|data_usage_exceeded|user_abroad_roaming_disabled_off[PERSONA:Hard],telecom_0008,8,9,passed,1,tau2_full_flash_telecom_0008,C:\Users\86132\Desktop\SafeDesk\benchmarks\tau2-bench\data\simulations\tau2_full_flash_telecom_0008\results.json,,2026-07-10T09:00:34
tau2_full_flash,telecom,telecom,none,[mobile_data_issue]airplane_mode_on|bad_network_preference|bad_vpn|data_usage_exceeded|user_abroad_roaming_disabled_off[PERSONA:Easy],telecom_0008,8,10,passed,1,tau2_full_flash_telecom_0008,C:\Users\86132\Desktop\SafeDesk\benchmarks\tau2-bench\data\simulations\tau2_full_flash_telecom_0008\results.json,,2026-07-10T09:00:34
tau2_full_flash,telecom,telecom,none,[mobile_data_issue]airplane_mode_on|bad_network_preference|bad_vpn|data_mode_off|data_saver_mode_on[PERSONA:None],telecom_0008,8,11,passed,1,tau2_full_flash_telecom_0008,C:\Users\86132\Desktop\SafeDesk\benchmarks\tau2-bench\data\simulations\tau2_full_flash_telecom_0008\results.json,,2026-07-10T09:00:34
tau2_full_flash,telecom,telecom,none,[mobile_data_issue]airplane_mode_on|bad_network_preference|data_mode_off|data_saver_mode_on|data_usage_exceeded[PERSONA:Easy],telecom_0008,8,12,passed,1,tau2_full_flash_telecom_0008,C:\Users\86132\Desktop\SafeDesk\benchmarks\tau2-bench\data\simulations\tau2_full_flash_telecom_0008\results.json,,2026-07-10T09:00:34
tau2_full_flash,telecom,telecom,none,[mobile_data_issue]airplane_mode_on|bad_vpn|data_mode_off|data_saver_mode_on|data_usage_exceeded[PERSONA:None],telecom_0008,8,13,passed,1,tau2_full_flash_telecom_0008,C:\Users\86132\Desktop\SafeDesk\benchmarks\tau2-bench\data\simulations\tau2_full_flash_telecom_0008\results.json,,2026-07-10T09:00:34
tau2_full_flash,telecom,telecom,none,[mobile_data_issue]airplane_mode_on|bad_network_preference|bad_vpn|data_mode_off|data_usage_exceeded[PERSONA:Hard],telecom_0008,8,14,passed,1,tau2_full_flash_telecom_0008,C:\Users\86132\Desktop\SafeDesk\benchmarks\tau2-bench\data\simulations\tau2_full_flash_telecom_0008\results.json,,2026-07-10T09:00:34
tau2_full_flash,telecom,telecom,none,[mobile_data_issue]airplane_mode_on|bad_network_preference|bad_vpn|data_saver_mode_on|data_usage_exceeded[PERSONA:Easy],telecom_0008,8,15,passed,1,tau2_full_flash_telecom_0008,C:\Users\86132\Desktop\SafeDesk\benchmarks\tau2-bench\data\simulations\tau2_full_flash_telecom_0008\results.json,,2026-07-10T09:00:34
tau2_full_flash,telecom,telecom,none,[mobile_data_issue]bad_network_preference|bad_vpn|data_mode_off|data_saver_mode_on|user_abroad_roaming_enabled_off[PERSONA:None],telecom_0008,8,16,passed,1,tau2_full_flash_telecom_0008,C:\Users\86132\Desktop\SafeDesk\benchmarks\tau2-bench\data\simulations\tau2_full_flash_telecom_0008\results.json,,2026-07-10T09:00:34
tau2_full_flash,telecom,telecom,none,[mobile_data_issue]bad_network_preference|data_mode_off|data_saver_mode_on|data_usage_exceeded|user_abroad_roaming_enabled_off[PERSONA:Easy],telecom_0008,8,17,passed,1,tau2_full_flash_telecom_0008,C:\Users\86132\Desktop\SafeDesk\benchmarks\tau2-bench\data\simulations\tau2_full_flash_telecom_0008\results.json,,2026-07-10T09:00:34
tau2_full_flash,telecom,telecom,none,[mobile_data_issue]bad_vpn|data_mode_off|data_saver_mode_on|data_usage_exceeded|user_abroad_roaming_enabled_off[PERSONA:None],telecom_0008,8,18,passed,1,tau2_full_flash_telecom_0008,C:\Users\86132\Desktop\SafeDesk\benchmarks\tau2-bench\data\simulations\tau2_full_flash_telecom_0008\results.json,,2026-07-10T09:00:34
tau2_full_flash,telecom,telecom,none,[mobile_data_issue]bad_network_preference|bad_vpn|data_mode_off|data_usage_exceeded|user_abroad_roaming_enabled_off[PERSONA:Hard],telecom_0008,8,19,passed,1,tau2_full_flash_telecom_0008,C:\Users\86132\Desktop\SafeDesk\benchmarks\tau2-bench\data\simulations\tau2_full_flash_telecom_0008\results.json,,2026-07-10T09:00:34
tau2_full_flash,telecom,telecom,none,[mobile_data_issue]bad_network_preference|bad_vpn|data_saver_mode_on|data_usage_exceeded|user_abroad_roaming_enabled_off[PERSONA:Easy],telecom_0008,8,20,passed,1,tau2_full_flash_telecom_0008,C:\Users\86132\Desktop\SafeDesk\benchmarks\tau2-bench\data\simulations\tau2_full_flash_telecom_0008\results.json,,2026-07-10T09:00:34
tau2_full_flash,telecom,telecom,none,[mobile_data_issue]bad_network_preference|bad_vpn|data_mode_off|data_saver_mode_on|user_abroad_roaming_disabled_on[PERSONA:None],telecom_0008,8,21,passed,1,tau2_full_flash_telecom_0008,C:\Users\86132\Desktop\SafeDesk\benchmarks\tau2-bench\data\simulations\tau2_full_flash_telecom_0008\results.json,,2026-07-10T09:00:34
tau2_full_flash,telecom,telecom,none,[mobile_data_issue]bad_network_preference|data_mode_off|data_saver_mode_on|data_usage_exceeded|user_abroad_roaming_disabled_on[PERSONA:Easy],telecom_0008,8,22,passed,1,tau2_full_flash_telecom_0008,C:\Users\86132\Desktop\SafeDesk\benchmarks\tau2-bench\data\simulations\tau2_full_flash_telecom_0008\results.json,,2026-07-10T09:00:34
tau2_full_flash,telecom,telecom,none,[mobile_data_issue]bad_vpn|data_mode_off|data_saver_mode_on|data_usage_exceeded|user_abroad_roaming_disabled_on[PERSONA:None],telecom_0008,8,23,passed,1,tau2_full_flash_telecom_0008,C:\Users\86132\Desktop\SafeDesk\benchmarks\tau2-bench\data\simulations\tau2_full_flash_telecom_0008\results.json,,2026-07-10T09:00:34
tau2_full_flash,telecom,telecom,none,[mobile_data_issue]bad_network_preference|bad_vpn|data_mode_off|data_usage_exceeded|user_abroad_roaming_disabled_on[PERSONA:Hard],telecom_0008,8,24,passed,1,tau2_full_flash_telecom_0008,C:\Users\86132\Desktop\SafeDesk\benchmarks\tau2-bench\data\simulations\tau2_full_flash_telecom_0008\results.json,,2026-07-10T09:00:34
tau2_full_flash,telecom,telecom,none,[mobile_data_issue]bad_network_preference|bad_vpn|data_saver_mode_on|data_usage_exceeded|user_abroad_roaming_disabled_on[PERSONA:Easy],telecom_0009,9,0,passed,1,tau2_full_flash_telecom_0009,C:\Users\86132\Desktop\SafeDesk\benchmarks\tau2-bench\data\simulations\tau2_full_flash_telecom_0009\results.json,,2026-07-10T09:24:22
tau2_full_flash,telecom,telecom,none,[mobile_data_issue]bad_network_preference|bad_vpn|data_mode_off|data_saver_mode_on|user_abroad_roaming_disabled_off[PERSONA:None],telecom_0009,9,1,passed,1,tau2_full_flash_telecom_0009,C:\Users\86132\Desktop\SafeDesk\benchmarks\tau2-bench\data\simulations\tau2_full_flash_telecom_0009\results.json,,2026-07-10T09:24:22
tau2_full_flash,telecom,telecom,none,[mobile_data_issue]bad_network_preference|data_mode_off|data_saver_mode_on|data_usage_exceeded|user_abroad_roaming_disabled_off[PERSONA:Easy],telecom_0009,9,2,passed,1,tau2_full_flash_telecom_0009,C:\Users\86132\Desktop\SafeDesk\benchmarks\tau2-bench\data\simulations\tau2_full_flash_telecom_0009\results.json,,2026-07-10T09:24:22
tau2_full_flash,telecom,telecom,none,[mobile_data_issue]bad_vpn|data_mode_off|data_saver_mode_on|data_usage_exceeded|user_abroad_roaming_disabled_off[PERSONA:None],telecom_0009,9,3,passed,1,tau2_full_flash_telecom_0009,C:\Users\86132\Desktop\SafeDesk\benchmarks\tau2-bench\data\simulations\tau2_full_flash_telecom_0009\results.json,,2026-07-10T09:24:22
tau2_full_flash,telecom,telecom,none,[mobile_data_issue]bad_network_preference|bad_vpn|data_mode_off|data_usage_exceeded|user_abroad_roaming_disabled_off[PERSONA:Hard],telecom_0009,9,4,passed,1,tau2_full_flash_telecom_0009,C:\Users\86132\Desktop\SafeDesk\benchmarks\tau2-bench\data\simulations\tau2_full_flash_telecom_0009\results.json,,2026-07-10T09:24:22
tau2_full_flash,telecom,telecom,none,[mobile_data_issue]bad_network_preference|bad_vpn|data_saver_mode_on|data_usage_exceeded|user_abroad_roaming_disabled_off[PERSONA:Easy],telecom_0009,9,5,passed,1,tau2_full_flash_telecom_0009,C:\Users\86132\Desktop\SafeDesk\benchmarks\tau2-bench\data\simulations\tau2_full_flash_telecom_0009\results.json,,2026-07-10T09:24:22
tau2_full_flash,telecom,telecom,none,[mobile_data_issue]bad_network_preference|bad_vpn|data_mode_off|data_saver_mode_on|data_usage_exceeded[PERSONA:None],telecom_0009,9,6,passed,1,tau2_full_flash_telecom_0009,C:\Users\86132\Desktop\SafeDesk\benchmarks\tau2-bench\data\simulations\tau2_full_flash_telecom_0009\results.json,,2026-07-10T09:24:22
tau2_full_flash,telecom,telecom,none,[mobile_data_issue]airplane_mode_on|bad_network_preference|bad_vpn|data_mode_off|data_saver_mode_on|user_abroad_roaming_enabled_off[PERSONA:Hard],telecom_0009,9,7,passed,1,tau2_full_flash_telecom_0009,C:\Users\86132\Desktop\SafeDesk\benchmarks\tau2-bench\data\simulations\tau2_full_flash_telecom_0009\results.json,,2026-07-10T09:24:22
tau2_full_flash,telecom,telecom,none,[mobile_data_issue]airplane_mode_on|bad_network_preference|data_mode_off|data_saver_mode_on|data_usage_exceeded|user_abroad_roaming_enabled_off[PERSONA:None],telecom_0009,9,8,passed,1,tau2_full_flash_telecom_0009,C:\Users\86132\Desktop\SafeDesk\benchmarks\tau2-bench\data\simulations\tau2_full_flash_telecom_0009\results.json,,2026-07-10T09:24:22
tau2_full_flash,telecom,telecom,none,[mobile_data_issue]airplane_mode_on|bad_vpn|data_mode_off|data_saver_mode_on|data_usage_exceeded|user_abroad_roaming_enabled_off[PERSONA:Hard],telecom_0009,9,9,passed,1,tau2_full_flash_telecom_0009,C:\Users\86132\Desktop\SafeDesk\benchmarks\tau2-bench\data\simulations\tau2_full_flash_telecom_0009\results.json,,2026-07-10T09:24:22
tau2_full_flash,telecom,telecom,none,[mobile_data_issue]airplane_mode_on|bad_network_preference|bad_vpn|data_mode_off|data_usage_exceeded|user_abroad_roaming_enabled_off[PERSONA:Easy],telecom_0009,9,10,passed,1,tau2_full_flash_telecom_0009,C:\Users\86132\Desktop\SafeDesk\benchmarks\tau2-bench\data\simulations\tau2_full_flash_telecom_0009\results.json,,2026-07-10T09:24:22
tau2_full_flash,telecom,telecom,none,[mobile_data_issue]airplane_mode_on|bad_network_preference|bad_vpn|data_saver_mode_on|data_usage_exceeded|user_abroad_roaming_enabled_off[PERSONA:None],telecom_0009,9,11,passed,1,tau2_full_flash_telecom_0009,C:\Users\86132\Desktop\SafeDesk\benchmarks\tau2-bench\data\simulations\tau2_full_flash_telecom_0009\results.json,,2026-07-10T09:24:22
tau2_full_flash,telecom,telecom,none,[mobile_data_issue]airplane_mode_on|bad_network_preference|bad_vpn|data_mode_off|data_saver_mode_on|user_abroad_roaming_disabled_on[PERSONA:Hard],telecom_0009,9,12,passed,1,tau2_full_flash_telecom_0009,C:\Users\86132\Desktop\SafeDesk\benchmarks\tau2-bench\data\simulations\tau2_full_flash_telecom_0009\results.json,,2026-07-10T09:24:22
tau2_full_flash,telecom,telecom,none,[mobile_data_issue]airplane_mode_on|bad_network_preference|data_mode_off|data_saver_mode_on|data_usage_exceeded|user_abroad_roaming_disabled_on[PERSONA:None],telecom_0009,9,13,passed,1,tau2_full_flash_telecom_0009,C:\Users\86132\Desktop\SafeDesk\benchmarks\tau2-bench\data\simulations\tau2_full_flash_telecom_0009\results.json,,2026-07-10T09:24:22
tau2_full_flash,telecom,telecom,none,[mobile_data_issue]airplane_mode_on|bad_vpn|data_mode_off|data_saver_mode_on|data_usage_exceeded|user_abroad_roaming_disabled_on[PERSONA:Hard],telecom_0009,9,14,passed,1,tau2_full_flash_telecom_0009,C:\Users\86132\Desktop\SafeDesk\benchmarks\tau2-bench\data\simulations\tau2_full_flash_telecom_0009\results.json,,2026-07-10T09:24:22
tau2_full_flash,telecom,telecom,none,[mobile_data_issue]airplane_mode_on|bad_network_preference|bad_vpn|data_mode_off|data_usage_exceeded|user_abroad_roaming_disabled_on[PERSONA:Easy],telecom_0009,9,15,passed,1,tau2_full_flash_telecom_0009,C:\Users\86132\Desktop\SafeDesk\benchmarks\tau2-bench\data\simulations\tau2_full_flash_telecom_0009\results.json,,2026-07-10T09:24:22
tau2_full_flash,telecom,telecom,none,[mobile_data_issue]airplane_mode_on|bad_network_preference|bad_vpn|data_saver_mode_on|data_usage_exceeded|user_abroad_roaming_disabled_on[PERSONA:None],telecom_0009,9,16,passed,1,tau2_full_flash_telecom_0009,C:\Users\86132\Desktop\SafeDesk\benchmarks\tau2-bench\data\simulations\tau2_full_flash_telecom_0009\results.json,,2026-07-10T09:24:22
tau2_full_flash,telecom,telecom,none,[mobile_data_issue]airplane_mode_on|bad_network_preference|bad_vpn|data_mode_off|data_saver_mode_on|user_abroad_roaming_disabled_off[PERSONA:Hard],telecom_0009,9,17,passed,1,tau2_full_flash_telecom_0009,C:\Users\86132\Desktop\SafeDesk\benchmarks\tau2-bench\data\simulations\tau2_full_flash_telecom_0009\results.json,,2026-07-10T09:24:22
tau2_full_flash,telecom,telecom,none,[mobile_data_issue]airplane_mode_on|bad_network_preference|data_mode_off|data_saver_mode_on|data_usage_exceeded|user_abroad_roaming_disabled_off[PERSONA:None],telecom_0009,9,18,passed,1,tau2_full_flash_telecom_0009,C:\Users\86132\Desktop\SafeDesk\benchmarks\tau2-bench\data\simulations\tau2_full_flash_telecom_0009\results.json,,2026-07-10T09:24:22
tau2_full_flash,telecom,telecom,none,[mobile_data_issue]airplane_mode_on|bad_vpn|data_mode_off|data_saver_mode_on|data_usage_exceeded|user_abroad_roaming_disabled_off[PERSONA:Hard],telecom_0009,9,19,passed,1,tau2_full_flash_telecom_0009,C:\Users\86132\Desktop\SafeDesk\benchmarks\tau2-bench\data\simulations\tau2_full_flash_telecom_0009\results.json,,2026-07-10T09:24:22
tau2_full_flash,telecom,telecom,none,[mobile_data_issue]airplane_mode_on|bad_network_preference|bad_vpn|data_mode_off|data_usage_exceeded|user_abroad_roaming_disabled_off[PERSONA:Easy],telecom_0009,9,20,passed,1,tau2_full_flash_telecom_0009,C:\Users\86132\Desktop\SafeDesk\benchmarks\tau2-bench\data\simulations\tau2_full_flash_telecom_0009\results.json,,2026-07-10T09:24:22
tau2_full_flash,telecom,telecom,none,[mobile_data_issue]airplane_mode_on|bad_network_preference|bad_vpn|data_saver_mode_on|data_usage_exceeded|user_abroad_roaming_disabled_off[PERSONA:None],telecom_0009,9,21,passed,1,tau2_full_flash_telecom_0009,C:\Users\86132\Desktop\SafeDesk\benchmarks\tau2-bench\data\simulations\tau2_full_flash_telecom_0009\results.json,,2026-07-10T09:24:22
tau2_full_flash,telecom,telecom,none,[mobile_data_issue]airplane_mode_on|bad_network_preference|bad_vpn|data_mode_off|data_saver_mode_on|data_usage_exceeded[PERSONA:Hard],telecom_0009,9,22,passed,1,tau2_full_flash_telecom_0009,C:\Users\86132\Desktop\SafeDesk\benchmarks\tau2-bench\data\simulations\tau2_full_flash_telecom_0009\results.json,,2026-07-10T09:24:22
tau2_full_flash,telecom,telecom,none,[mobile_data_issue]bad_network_preference|bad_vpn|data_mode_off|data_saver_mode_on|data_usage_exceeded|user_abroad_roaming_enabled_off[PERSONA:Easy],telecom_0009,9,23,passed,1,tau2_full_flash_telecom_0009,C:\Users\86132\Desktop\SafeDesk\benchmarks\tau2-bench\data\simulations\tau2_full_flash_telecom_0009\results.json,,2026-07-10T09:24:22
tau2_full_flash,telecom,telecom,none,[mobile_data_issue]bad_network_preference|bad_vpn|data_mode_off|data_saver_mode_on|data_usage_exceeded|user_abroad_roaming_disabled_on[PERSONA:None],telecom_0009,9,24,passed,1,tau2_full_flash_telecom_0009,C:\Users\86132\Desktop\SafeDesk\benchmarks\tau2-bench\data\simulations\tau2_full_flash_telecom_0009\results.json,,2026-07-10T09:24:22
tau2_full_flash,telecom,telecom,none,[mobile_data_issue]bad_network_preference|bad_vpn|data_mode_off|data_saver_mode_on|data_usage_exceeded|user_abroad_roaming_disabled_off[PERSONA:Hard],telecom_0010,10,0,failed_model,1,tau2_full_flash_telecom_0010,C:\Users\86132\Desktop\SafeDesk\benchmarks\tau2-bench\data\simulations\tau2_full_flash_telecom_0010\results.json,model_failure,2026-07-10T09:42:12
tau2_full_flash,telecom,telecom,none,[mobile_data_issue]airplane_mode_on|bad_network_preference|bad_vpn|data_mode_off|data_saver_mode_on|data_usage_exceeded|user_abroad_roaming_enabled_off[PERSONA:Easy],telecom_0010,10,1,passed,1,tau2_full_flash_telecom_0010,C:\Users\86132\Desktop\SafeDesk\benchmarks\tau2-bench\data\simulations\tau2_full_flash_telecom_0010\results.json,,2026-07-10T09:42:12
tau2_full_flash,telecom,telecom,none,[mobile_data_issue]airplane_mode_on|bad_network_preference|bad_vpn|data_mode_off|data_saver_mode_on|data_usage_exceeded|user_abroad_roaming_disabled_on[PERSONA:None],telecom_0010,10,2,passed,1,tau2_full_flash_telecom_0010,C:\Users\86132\Desktop\SafeDesk\benchmarks\tau2-bench\data\simulations\tau2_full_flash_telecom_0010\results.json,,2026-07-10T09:42:12
tau2_full_flash,telecom,telecom,none,[mobile_data_issue]airplane_mode_on|bad_network_preference|bad_vpn|data_mode_off|data_saver_mode_on|data_usage_exceeded|user_abroad_roaming_disabled_off[PERSONA:Hard],telecom_0010,10,3,passed,1,tau2_full_flash_telecom_0010,C:\Users\86132\Desktop\SafeDesk\benchmarks\tau2-bench\data\simulations\tau2_full_flash_telecom_0010\results.json,,2026-07-10T09:42:12
tau2_full_flash,telecom,telecom,none,[service_issue]airplane_mode_on[PERSONA:None],telecom_0010,10,4,passed,1,tau2_full_flash_telecom_0010,C:\Users\86132\Desktop\SafeDesk\benchmarks\tau2-bench\data\simulations\tau2_full_flash_telecom_0010\results.json,,2026-07-10T09:42:12
tau2_full_flash,telecom,telecom,none,[service_issue]unseat_sim_card[PERSONA:Easy],telecom_0010,10,5,passed,1,tau2_full_flash_telecom_0010,C:\Users\86132\Desktop\SafeDesk\benchmarks\tau2-bench\data\simulations\tau2_full_flash_telecom_0010\results.json,,2026-07-10T09:42:12
tau2_full_flash,telecom,telecom,none,[service_issue]lock_sim_card_pin[PERSONA:Hard],telecom_0010,10,6,passed,1,tau2_full_flash_telecom_0010,C:\Users\86132\Desktop\SafeDesk\benchmarks\tau2-bench\data\simulations\tau2_full_flash_telecom_0010\results.json,,2026-07-10T09:42:12
tau2_full_flash,telecom,telecom,none,[service_issue]break_apn_settings[PERSONA:None],telecom_0010,10,7,passed,1,tau2_full_flash_telecom_0010,C:\Users\86132\Desktop\SafeDesk\benchmarks\tau2-bench\data\simulations\tau2_full_flash_telecom_0010\results.json,,2026-07-10T09:42:12
tau2_full_flash,telecom,telecom,none,[service_issue]overdue_bill_suspension[PERSONA:Easy],telecom_0010,10,8,passed,1,tau2_full_flash_telecom_0010,C:\Users\86132\Desktop\SafeDesk\benchmarks\tau2-bench\data\simulations\tau2_full_flash_telecom_0010\results.json,,2026-07-10T09:42:12
tau2_full_flash,telecom,telecom,none,[service_issue]contract_end_suspension[PERSONA:Hard],telecom_0010,10,9,passed,1,tau2_full_flash_telecom_0010,C:\Users\86132\Desktop\SafeDesk\benchmarks\tau2-bench\data\simulations\tau2_full_flash_telecom_0010\results.json,,2026-07-10T09:42:12
tau2_full_flash,telecom,telecom,none,[service_issue]airplane_mode_on|unseat_sim_card[PERSONA:None],telecom_0010,10,10,passed,1,tau2_full_flash_telecom_0010,C:\Users\86132\Desktop\SafeDesk\benchmarks\tau2-bench\data\simulations\tau2_full_flash_telecom_0010\results.json,,2026-07-10T09:42:12
tau2_full_flash,telecom,telecom,none,[service_issue]airplane_mode_on|lock_sim_card_pin[PERSONA:Easy],telecom_0010,10,11,passed,1,tau2_full_flash_telecom_0010,C:\Users\86132\Desktop\SafeDesk\benchmarks\tau2-bench\data\simulations\tau2_full_flash_telecom_0010\results.json,,2026-07-10T09:42:12
tau2_full_flash,telecom,telecom,none,[service_issue]airplane_mode_on|break_apn_settings[PERSONA:Hard],telecom_0010,10,12,passed,1,tau2_full_flash_telecom_0010,C:\Users\86132\Desktop\SafeDesk\benchmarks\tau2-bench\data\simulations\tau2_full_flash_telecom_0010\results.json,,2026-07-10T09:42:12
tau2_full_flash,telecom,telecom,none,[service_issue]airplane_mode_on|overdue_bill_suspension[PERSONA:None],telecom_0010,10,13,passed,1,tau2_full_flash_telecom_0010,C:\Users\86132\Desktop\SafeDesk\benchmarks\tau2-bench\data\simulations\tau2_full_flash_telecom_0010\results.json,,2026-07-10T09:42:12
tau2_full_flash,telecom,telecom,none,[service_issue]airplane_mode_on|contract_end_suspension[PERSONA:Easy],telecom_0010,10,14,passed,1,tau2_full_flash_telecom_0010,C:\Users\86132\Desktop\SafeDesk\benchmarks\tau2-bench\data\simulations\tau2_full_flash_telecom_0010\results.json,,2026-07-10T09:42:12
tau2_full_flash,telecom,telecom,none,[service_issue]lock_sim_card_pin|unseat_sim_card[PERSONA:Hard],telecom_0010,10,15,passed,1,tau2_full_flash_telecom_0010,C:\Users\86132\Desktop\SafeDesk\benchmarks\tau2-bench\data\simulations\tau2_full_flash_telecom_0010\results.json,,2026-07-10T09:42:12
tau2_full_flash,telecom,telecom,none,[service_issue]break_apn_settings|unseat_sim_card[PERSONA:None],telecom_0010,10,16,passed,1,tau2_full_flash_telecom_0010,C:\Users\86132\Desktop\SafeDesk\benchmarks\tau2-bench\data\simulations\tau2_full_flash_telecom_0010\results.json,,2026-07-10T09:42:12
tau2_full_flash,telecom,telecom,none,[service_issue]overdue_bill_suspension|unseat_sim_card[PERSONA:Easy],telecom_0010,10,17,passed,1,tau2_full_flash_telecom_0010,C:\Users\86132\Desktop\SafeDesk\benchmarks\tau2-bench\data\simulations\tau2_full_flash_telecom_0010\results.json,,2026-07-10T09:42:12
tau2_full_flash,telecom,telecom,none,[service_issue]contract_end_suspension|unseat_sim_card[PERSONA:Hard],telecom_0010,10,18,passed,1,tau2_full_flash_telecom_0010,C:\Users\86132\Desktop\SafeDesk\benchmarks\tau2-bench\data\simulations\tau2_full_flash_telecom_0010\results.json,,2026-07-10T09:42:12
tau2_full_flash,telecom,telecom,none,[service_issue]break_apn_settings|lock_sim_card_pin[PERSONA:None],telecom_0010,10,19,passed,1,tau2_full_flash_telecom_0010,C:\Users\86132\Desktop\SafeDesk\benchmarks\tau2-bench\data\simulations\tau2_full_flash_telecom_0010\results.json,,2026-07-10T09:42:12
tau2_full_flash,telecom,telecom,none,[service_issue]lock_sim_card_pin|overdue_bill_suspension[PERSONA:Easy],telecom_0010,10,20,passed,1,tau2_full_flash_telecom_0010,C:\Users\86132\Desktop\SafeDesk\benchmarks\tau2-bench\data\simulations\tau2_full_flash_telecom_0010\results.json,,2026-07-10T09:42:12
tau2_full_flash,telecom,telecom,none,[service_issue]contract_end_suspension|lock_sim_card_pin[PERSONA:Hard],telecom_0010,10,21,passed,1,tau2_full_flash_telecom_0010,C:\Users\86132\Desktop\SafeDesk\benchmarks\tau2-bench\data\simulations\tau2_full_flash_telecom_0010\results.json,,2026-07-10T09:42:12
tau2_full_flash,telecom,telecom,none,[service_issue]break_apn_settings|overdue_bill_suspension[PERSONA:None],telecom_0010,10,22,passed,1,tau2_full_flash_telecom_0010,C:\Users\86132\Desktop\SafeDesk\benchmarks\tau2-bench\data\simulations\tau2_full_flash_telecom_0010\results.json,,2026-07-10T09:42:12
tau2_full_flash,telecom,telecom,none,[service_issue]break_apn_settings|contract_end_suspension[PERSONA:Easy],telecom_0010,10,23,passed,1,tau2_full_flash_telecom_0010,C:\Users\86132\Desktop\SafeDesk\benchmarks\tau2-bench\data\simulations\tau2_full_flash_telecom_0010\results.json,,2026-07-10T09:42:12
tau2_full_flash,telecom,telecom,none,[service_issue]airplane_mode_on|lock_sim_card_pin|unseat_sim_card[PERSONA:Hard],telecom_0010,10,24,passed,1,tau2_full_flash_telecom_0010,C:\Users\86132\Desktop\SafeDesk\benchmarks\tau2-bench\data\simulations\tau2_full_flash_telecom_0010\results.json,,2026-07-10T09:42:12
tau2_full_flash,telecom,telecom,none,[service_issue]airplane_mode_on|break_apn_settings|unseat_sim_card[PERSONA:None],telecom_0011,11,0,passed,1,tau2_full_flash_telecom_0011,C:\Users\86132\Desktop\SafeDesk\benchmarks\tau2-bench\data\simulations\tau2_full_flash_telecom_0011\results.json,,2026-07-10T09:58:11
tau2_full_flash,telecom,telecom,none,[service_issue]airplane_mode_on|overdue_bill_suspension|unseat_sim_card[PERSONA:Easy],telecom_0011,11,1,passed,1,tau2_full_flash_telecom_0011,C:\Users\86132\Desktop\SafeDesk\benchmarks\tau2-bench\data\simulations\tau2_full_flash_telecom_0011\results.json,,2026-07-10T09:58:11
tau2_full_flash,telecom,telecom,none,[service_issue]airplane_mode_on|contract_end_suspension|unseat_sim_card[PERSONA:Hard],telecom_0011,11,2,passed,1,tau2_full_flash_telecom_0011,C:\Users\86132\Desktop\SafeDesk\benchmarks\tau2-bench\data\simulations\tau2_full_flash_telecom_0011\results.json,,2026-07-10T09:58:11
tau2_full_flash,telecom,telecom,none,[service_issue]airplane_mode_on|break_apn_settings|lock_sim_card_pin[PERSONA:None],telecom_0011,11,3,passed,1,tau2_full_flash_telecom_0011,C:\Users\86132\Desktop\SafeDesk\benchmarks\tau2-bench\data\simulations\tau2_full_flash_telecom_0011\results.json,,2026-07-10T09:58:11
tau2_full_flash,telecom,telecom,none,[service_issue]airplane_mode_on|lock_sim_card_pin|overdue_bill_suspension[PERSONA:Easy],telecom_0011,11,4,passed,1,tau2_full_flash_telecom_0011,C:\Users\86132\Desktop\SafeDesk\benchmarks\tau2-bench\data\simulations\tau2_full_flash_telecom_0011\results.json,,2026-07-10T09:58:11
tau2_full_flash,telecom,telecom,none,[service_issue]airplane_mode_on|contract_end_suspension|lock_sim_card_pin[PERSONA:Hard],telecom_0011,11,5,passed,1,tau2_full_flash_telecom_0011,C:\Users\86132\Desktop\SafeDesk\benchmarks\tau2-bench\data\simulations\tau2_full_flash_telecom_0011\results.json,,2026-07-10T09:58:11
tau2_full_flash,telecom,telecom,none,[service_issue]airplane_mode_on|break_apn_settings|overdue_bill_suspension[PERSONA:None],telecom_0011,11,6,passed,1,tau2_full_flash_telecom_0011,C:\Users\86132\Desktop\SafeDesk\benchmarks\tau2-bench\data\simulations\tau2_full_flash_telecom_0011\results.json,,2026-07-10T09:58:11
tau2_full_flash,telecom,telecom,none,[service_issue]airplane_mode_on|break_apn_settings|contract_end_suspension[PERSONA:Easy],telecom_0011,11,7,passed,1,tau2_full_flash_telecom_0011,C:\Users\86132\Desktop\SafeDesk\benchmarks\tau2-bench\data\simulations\tau2_full_flash_telecom_0011\results.json,,2026-07-10T09:58:11
tau2_full_flash,telecom,telecom,none,[service_issue]break_apn_settings|lock_sim_card_pin|unseat_sim_card[PERSONA:Hard],telecom_0011,11,8,passed,1,tau2_full_flash_telecom_0011,C:\Users\86132\Desktop\SafeDesk\benchmarks\tau2-bench\data\simulations\tau2_full_flash_telecom_0011\results.json,,2026-07-10T09:58:11
tau2_full_flash,telecom,telecom,none,[service_issue]lock_sim_card_pin|overdue_bill_suspension|unseat_sim_card[PERSONA:None],telecom_0011,11,9,passed,1,tau2_full_flash_telecom_0011,C:\Users\86132\Desktop\SafeDesk\benchmarks\tau2-bench\data\simulations\tau2_full_flash_telecom_0011\results.json,,2026-07-10T09:58:11
tau2_full_flash,telecom,telecom,none,[service_issue]contract_end_suspension|lock_sim_card_pin|unseat_sim_card[PERSONA:Easy],telecom_0011,11,10,passed,1,tau2_full_flash_telecom_0011,C:\Users\86132\Desktop\SafeDesk\benchmarks\tau2-bench\data\simulations\tau2_full_flash_telecom_0011\results.json,,2026-07-10T09:58:11
tau2_full_flash,telecom,telecom,none,[service_issue]break_apn_settings|overdue_bill_suspension|unseat_sim_card[PERSONA:Hard],telecom_0011,11,11,passed,1,tau2_full_flash_telecom_0011,C:\Users\86132\Desktop\SafeDesk\benchmarks\tau2-bench\data\simulations\tau2_full_flash_telecom_0011\results.json,,2026-07-10T09:58:11
tau2_full_flash,telecom,telecom,none,[service_issue]break_apn_settings|contract_end_suspension|unseat_sim_card[PERSONA:None],telecom_0011,11,12,passed,1,tau2_full_flash_telecom_0011,C:\Users\86132\Desktop\SafeDesk\benchmarks\tau2-bench\data\simulations\tau2_full_flash_telecom_0011\results.json,,2026-07-10T09:58:11
tau2_full_flash,telecom,telecom,none,[service_issue]break_apn_settings|lock_sim_card_pin|overdue_bill_suspension[PERSONA:Easy],telecom_0011,11,13,passed,1,tau2_full_flash_telecom_0011,C:\Users\86132\Desktop\SafeDesk\benchmarks\tau2-bench\data\simulations\tau2_full_flash_telecom_0011\results.json,,2026-07-10T09:58:11
tau2_full_flash,telecom,telecom,none,[service_issue]break_apn_settings|contract_end_suspension|lock_sim_card_pin[PERSONA:Hard],telecom_0011,11,14,passed,1,tau2_full_flash_telecom_0011,C:\Users\86132\Desktop\SafeDesk\benchmarks\tau2-bench\data\simulations\tau2_full_flash_telecom_0011\results.json,,2026-07-10T09:58:11
tau2_full_flash,telecom,telecom,none,[service_issue]airplane_mode_on|break_apn_settings|lock_sim_card_pin|unseat_sim_card[PERSONA:None],telecom_0011,11,15,passed,1,tau2_full_flash_telecom_0011,C:\Users\86132\Desktop\SafeDesk\benchmarks\tau2-bench\data\simulations\tau2_full_flash_telecom_0011\results.json,,2026-07-10T09:58:11
tau2_full_flash,telecom,telecom,none,[service_issue]airplane_mode_on|lock_sim_card_pin|overdue_bill_suspension|unseat_sim_card[PERSONA:Easy],telecom_0011,11,16,passed,1,tau2_full_flash_telecom_0011,C:\Users\86132\Desktop\SafeDesk\benchmarks\tau2-bench\data\simulations\tau2_full_flash_telecom_0011\results.json,,2026-07-10T09:58:11
tau2_full_flash,telecom,telecom,none,[service_issue]airplane_mode_on|contract_end_suspension|lock_sim_card_pin|unseat_sim_card[PERSONA:Hard],telecom_0011,11,17,passed,1,tau2_full_flash_telecom_0011,C:\Users\86132\Desktop\SafeDesk\benchmarks\tau2-bench\data\simulations\tau2_full_flash_telecom_0011\results.json,,2026-07-10T09:58:11
tau2_full_flash,telecom,telecom,none,[service_issue]airplane_mode_on|break_apn_settings|overdue_bill_suspension|unseat_sim_card[PERSONA:None],telecom_0011,11,18,passed,1,tau2_full_flash_telecom_0011,C:\Users\86132\Desktop\SafeDesk\benchmarks\tau2-bench\data\simulations\tau2_full_flash_telecom_0011\results.json,,2026-07-10T09:58:11
tau2_full_flash,telecom,telecom,none,[service_issue]airplane_mode_on|break_apn_settings|contract_end_suspension|unseat_sim_card[PERSONA:Easy],telecom_0011,11,19,passed,1,tau2_full_flash_telecom_0011,C:\Users\86132\Desktop\SafeDesk\benchmarks\tau2-bench\data\simulations\tau2_full_flash_telecom_0011\results.json,,2026-07-10T09:58:11
tau2_full_flash,telecom,telecom,none,[service_issue]airplane_mode_on|break_apn_settings|lock_sim_card_pin|overdue_bill_suspension[PERSONA:Hard],telecom_0011,11,20,passed,1,tau2_full_flash_telecom_0011,C:\Users\86132\Desktop\SafeDesk\benchmarks\tau2-bench\data\simulations\tau2_full_flash_telecom_0011\results.json,,2026-07-10T09:58:11
tau2_full_flash,telecom,telecom,none,[service_issue]airplane_mode_on|break_apn_settings|contract_end_suspension|lock_sim_card_pin[PERSONA:None],telecom_0011,11,21,passed,1,tau2_full_flash_telecom_0011,C:\Users\86132\Desktop\SafeDesk\benchmarks\tau2-bench\data\simulations\tau2_full_flash_telecom_0011\results.json,,2026-07-10T09:58:11
tau2_full_flash,telecom,telecom,none,[service_issue]break_apn_settings|lock_sim_card_pin|overdue_bill_suspension|unseat_sim_card[PERSONA:Easy],telecom_0011,11,22,passed,1,tau2_full_flash_telecom_0011,C:\Users\86132\Desktop\SafeDesk\benchmarks\tau2-bench\data\simulations\tau2_full_flash_telecom_0011\results.json,,2026-07-10T09:58:11
tau2_full_flash,telecom,telecom,none,[service_issue]break_apn_settings|contract_end_suspension|lock_sim_card_pin|unseat_sim_card[PERSONA:Hard],telecom_0011,11,23,passed,1,tau2_full_flash_telecom_0011,C:\Users\86132\Desktop\SafeDesk\benchmarks\tau2-bench\data\simulations\tau2_full_flash_telecom_0011\results.json,,2026-07-10T09:58:11
tau2_full_flash,telecom,telecom,none,[service_issue]airplane_mode_on|break_apn_settings|lock_sim_card_pin|overdue_bill_suspension|unseat_sim_card[PERSONA:None],telecom_0011,11,24,passed,1,tau2_full_flash_telecom_0011,C:\Users\86132\Desktop\SafeDesk\benchmarks\tau2-bench\data\simulations\tau2_full_flash_telecom_0011\results.json,,2026-07-10T09:58:11
tau2_full_flash,telecom,telecom,none,[service_issue]airplane_mode_on|break_apn_settings|contract_end_suspension|lock_sim_card_pin|unseat_sim_card[PERSONA:Easy],telecom_0012,12,0,passed,1,tau2_full_flash_telecom_0012,C:\Users\86132\Desktop\SafeDesk\benchmarks\tau2-bench\data\simulations\tau2_full_flash_telecom_0012\results.json,,2026-07-10T10:17:13
tau2_full_flash,telecom,telecom,none,[mms_issue]bad_network_preference[PERSONA:None],telecom_0012,12,1,passed,1,tau2_full_flash_telecom_0012,C:\Users\86132\Desktop\SafeDesk\benchmarks\tau2-bench\data\simulations\tau2_full_flash_telecom_0012\results.json,,2026-07-10T10:17:13
tau2_full_flash,telecom,telecom,none,[mms_issue]bad_wifi_calling[PERSONA:Easy],telecom_0012,12,2,passed,1,tau2_full_flash_telecom_0012,C:\Users\86132\Desktop\SafeDesk\benchmarks\tau2-bench\data\simulations\tau2_full_flash_telecom_0012\results.json,,2026-07-10T10:17:13
tau2_full_flash,telecom,telecom,none,[mms_issue]break_apn_mms_setting[PERSONA:Hard],telecom_0012,12,3,passed,1,tau2_full_flash_telecom_0012,C:\Users\86132\Desktop\SafeDesk\benchmarks\tau2-bench\data\simulations\tau2_full_flash_telecom_0012\results.json,,2026-07-10T10:17:13
tau2_full_flash,telecom,telecom,none,[mms_issue]break_app_sms_permission[PERSONA:None],telecom_0012,12,4,passed,1,tau2_full_flash_telecom_0012,C:\Users\86132\Desktop\SafeDesk\benchmarks\tau2-bench\data\simulations\tau2_full_flash_telecom_0012\results.json,,2026-07-10T10:17:13
tau2_full_flash,telecom,telecom,none,[mms_issue]break_app_storage_permission[PERSONA:Easy],telecom_0012,12,5,passed,1,tau2_full_flash_telecom_0012,C:\Users\86132\Desktop\SafeDesk\benchmarks\tau2-bench\data\simulations\tau2_full_flash_telecom_0012\results.json,,2026-07-10T10:17:13
tau2_full_flash,telecom,telecom,none,[mms_issue]break_app_both_permissions[PERSONA:Hard],telecom_0012,12,6,passed,1,tau2_full_flash_telecom_0012,C:\Users\86132\Desktop\SafeDesk\benchmarks\tau2-bench\data\simulations\tau2_full_flash_telecom_0012\results.json,,2026-07-10T10:17:13
tau2_full_flash,telecom,telecom,none,[mms_issue]airplane_mode_on|bad_network_preference[PERSONA:None],telecom_0012,12,7,infra_error,1,tau2_full_flash_telecom_0012,C:\Users\86132\Desktop\SafeDesk\benchmarks\tau2-bench\data\simulations\tau2_full_flash_telecom_0012\results.json,infra_error,2026-07-10T10:17:13
tau2_full_flash,telecom,telecom,none,[mms_issue]airplane_mode_on|bad_wifi_calling[PERSONA:Easy],telecom_0012,12,8,passed,1,tau2_full_flash_telecom_0012,C:\Users\86132\Desktop\SafeDesk\benchmarks\tau2-bench\data\simulations\tau2_full_flash_telecom_0012\results.json,,2026-07-10T10:17:13
tau2_full_flash,telecom,telecom,none,[mms_issue]airplane_mode_on|break_apn_mms_setting[PERSONA:Hard],telecom_0012,12,9,passed,1,tau2_full_flash_telecom_0012,C:\Users\86132\Desktop\SafeDesk\benchmarks\tau2-bench\data\simulations\tau2_full_flash_telecom_0012\results.json,,2026-07-10T10:17:13
tau2_full_flash,telecom,telecom,none,[mms_issue]airplane_mode_on|break_app_sms_permission[PERSONA:None],telecom_0012,12,10,passed,1,tau2_full_flash_telecom_0012,C:\Users\86132\Desktop\SafeDesk\benchmarks\tau2-bench\data\simulations\tau2_full_flash_telecom_0012\results.json,,2026-07-10T10:17:13
tau2_full_flash,telecom,telecom,none,[mms_issue]airplane_mode_on|break_app_storage_permission[PERSONA:Easy],telecom_0012,12,11,passed,1,tau2_full_flash_telecom_0012,C:\Users\86132\Desktop\SafeDesk\benchmarks\tau2-bench\data\simulations\tau2_full_flash_telecom_0012\results.json,,2026-07-10T10:17:13
tau2_full_flash,telecom,telecom,none,[mms_issue]airplane_mode_on|break_app_both_permissions[PERSONA:Hard],telecom_0012,12,12,passed,1,tau2_full_flash_telecom_0012,C:\Users\86132\Desktop\SafeDesk\benchmarks\tau2-bench\data\simulations\tau2_full_flash_telecom_0012\results.json,,2026-07-10T10:17:13
tau2_full_flash,telecom,telecom,none,[mms_issue]bad_network_preference|unseat_sim_card[PERSONA:None],telecom_0012,12,13,passed,1,tau2_full_flash_telecom_0012,C:\Users\86132\Desktop\SafeDesk\benchmarks\tau2-bench\data\simulations\tau2_full_flash_telecom_0012\results.json,,2026-07-10T10:17:13
tau2_full_flash,telecom,telecom,none,[mms_issue]bad_wifi_calling|unseat_sim_card[PERSONA:Easy],telecom_0012,12,14,passed,1,tau2_full_flash_telecom_0012,C:\Users\86132\Desktop\SafeDesk\benchmarks\tau2-bench\data\simulations\tau2_full_flash_telecom_0012\results.json,,2026-07-10T10:17:13
tau2_full_flash,telecom,telecom,none,[mms_issue]break_apn_mms_setting|unseat_sim_card[PERSONA:Hard],telecom_0012,12,15,passed,1,tau2_full_flash_telecom_0012,C:\Users\86132\Desktop\SafeDesk\benchmarks\tau2-bench\data\simulations\tau2_full_flash_telecom_0012\results.json,,2026-07-10T10:17:13
tau2_full_flash,telecom,telecom,none,[mms_issue]break_app_sms_permission|unseat_sim_card[PERSONA:None],telecom_0012,12,16,passed,1,tau2_full_flash_telecom_0012,C:\Users\86132\Desktop\SafeDesk\benchmarks\tau2-bench\data\simulations\tau2_full_flash_telecom_0012\results.json,,2026-07-10T10:17:13
tau2_full_flash,telecom,telecom,none,[mms_issue]break_app_storage_permission|unseat_sim_card[PERSONA:Easy],telecom_0012,12,17,passed,1,tau2_full_flash_telecom_0012,C:\Users\86132\Desktop\SafeDesk\benchmarks\tau2-bench\data\simulations\tau2_full_flash_telecom_0012\results.json,,2026-07-10T10:17:13
tau2_full_flash,telecom,telecom,none,[mms_issue]break_app_both_permissions|unseat_sim_card[PERSONA:Hard],telecom_0012,12,18,passed,1,tau2_full_flash_telecom_0012,C:\Users\86132\Desktop\SafeDesk\benchmarks\tau2-bench\data\simulations\tau2_full_flash_telecom_0012\results.json,,2026-07-10T10:17:13
tau2_full_flash,telecom,telecom,none,[mms_issue]bad_network_preference|data_mode_off[PERSONA:None],telecom_0012,12,19,passed,1,tau2_full_flash_telecom_0012,C:\Users\86132\Desktop\SafeDesk\benchmarks\tau2-bench\data\simulations\tau2_full_flash_telecom_0012\results.json,,2026-07-10T10:17:13
tau2_full_flash,telecom,telecom,none,[mms_issue]bad_wifi_calling|data_mode_off[PERSONA:Easy],telecom_0012,12,20,passed,1,tau2_full_flash_telecom_0012,C:\Users\86132\Desktop\SafeDesk\benchmarks\tau2-bench\data\simulations\tau2_full_flash_telecom_0012\results.json,,2026-07-10T10:17:13
tau2_full_flash,telecom,telecom,none,[mms_issue]break_apn_mms_setting|data_mode_off[PERSONA:Hard],telecom_0012,12,21,passed,1,tau2_full_flash_telecom_0012,C:\Users\86132\Desktop\SafeDesk\benchmarks\tau2-bench\data\simulations\tau2_full_flash_telecom_0012\results.json,,2026-07-10T10:17:13
tau2_full_flash,telecom,telecom,none,[mms_issue]break_app_sms_permission|data_mode_off[PERSONA:None],telecom_0012,12,22,infra_error,1,tau2_full_flash_telecom_0012,C:\Users\86132\Desktop\SafeDesk\benchmarks\tau2-bench\data\simulations\tau2_full_flash_telecom_0012\results.json,infra_error,2026-07-10T10:17:13
tau2_full_flash,telecom,telecom,none,[mms_issue]break_app_storage_permission|data_mode_off[PERSONA:Easy],telecom_0012,12,23,passed,1,tau2_full_flash_telecom_0012,C:\Users\86132\Desktop\SafeDesk\benchmarks\tau2-bench\data\simulations\tau2_full_flash_telecom_0012\results.json,,2026-07-10T10:17:13
tau2_full_flash,telecom,telecom,none,[mms_issue]break_app_both_permissions|data_mode_off[PERSONA:Hard],telecom_0012,12,24,passed,1,tau2_full_flash_telecom_0012,C:\Users\86132\Desktop\SafeDesk\benchmarks\tau2-bench\data\simulations\tau2_full_flash_telecom_0012\results.json,,2026-07-10T10:17:13
tau2_full_flash,telecom,telecom,none,[mms_issue]bad_network_preference|data_usage_exceeded[PERSONA:None],telecom_0013,13,0,infra_error,1,tau2_full_flash_telecom_0013,C:\Users\86132\Desktop\SafeDesk\benchmarks\tau2-bench\data\simulations\tau2_full_flash_telecom_0013\results.json,infra_error,2026-07-10T10:40:26
tau2_full_flash,telecom,telecom,none,[mms_issue]bad_wifi_calling|data_usage_exceeded[PERSONA:Easy],telecom_0013,13,1,passed,1,tau2_full_flash_telecom_0013,C:\Users\86132\Desktop\SafeDesk\benchmarks\tau2-bench\data\simulations\tau2_full_flash_telecom_0013\results.json,,2026-07-10T10:40:26
tau2_full_flash,telecom,telecom,none,[mms_issue]break_apn_mms_setting|data_usage_exceeded[PERSONA:Hard],telecom_0013,13,2,passed,1,tau2_full_flash_telecom_0013,C:\Users\86132\Desktop\SafeDesk\benchmarks\tau2-bench\data\simulations\tau2_full_flash_telecom_0013\results.json,,2026-07-10T10:40:26
tau2_full_flash,telecom,telecom,none,[mms_issue]break_app_sms_permission|data_usage_exceeded[PERSONA:None],telecom_0013,13,3,passed,1,tau2_full_flash_telecom_0013,C:\Users\86132\Desktop\SafeDesk\benchmarks\tau2-bench\data\simulations\tau2_full_flash_telecom_0013\results.json,,2026-07-10T10:40:26
tau2_full_flash,telecom,telecom,none,[mms_issue]break_app_storage_permission|data_usage_exceeded[PERSONA:Easy],telecom_0013,13,4,passed,1,tau2_full_flash_telecom_0013,C:\Users\86132\Desktop\SafeDesk\benchmarks\tau2-bench\data\simulations\tau2_full_flash_telecom_0013\results.json,,2026-07-10T10:40:26
tau2_full_flash,telecom,telecom,none,[mms_issue]break_app_both_permissions|data_usage_exceeded[PERSONA:Hard],telecom_0013,13,5,passed,1,tau2_full_flash_telecom_0013,C:\Users\86132\Desktop\SafeDesk\benchmarks\tau2-bench\data\simulations\tau2_full_flash_telecom_0013\results.json,,2026-07-10T10:40:26
tau2_full_flash,telecom,telecom,none,[mms_issue]bad_network_preference|user_abroad_roaming_enabled_off[PERSONA:None],telecom_0013,13,6,passed,1,tau2_full_flash_telecom_0013,C:\Users\86132\Desktop\SafeDesk\benchmarks\tau2-bench\data\simulations\tau2_full_flash_telecom_0013\results.json,,2026-07-10T10:40:26
tau2_full_flash,telecom,telecom,none,[mms_issue]bad_wifi_calling|user_abroad_roaming_enabled_off[PERSONA:Easy],telecom_0013,13,7,passed,1,tau2_full_flash_telecom_0013,C:\Users\86132\Desktop\SafeDesk\benchmarks\tau2-bench\data\simulations\tau2_full_flash_telecom_0013\results.json,,2026-07-10T10:40:26
tau2_full_flash,telecom,telecom,none,[mms_issue]break_apn_mms_setting|user_abroad_roaming_enabled_off[PERSONA:Hard],telecom_0013,13,8,passed,1,tau2_full_flash_telecom_0013,C:\Users\86132\Desktop\SafeDesk\benchmarks\tau2-bench\data\simulations\tau2_full_flash_telecom_0013\results.json,,2026-07-10T10:40:26
tau2_full_flash,telecom,telecom,none,[mms_issue]break_app_sms_permission|user_abroad_roaming_enabled_off[PERSONA:None],telecom_0013,13,9,passed,1,tau2_full_flash_telecom_0013,C:\Users\86132\Desktop\SafeDesk\benchmarks\tau2-bench\data\simulations\tau2_full_flash_telecom_0013\results.json,,2026-07-10T10:40:26
tau2_full_flash,telecom,telecom,none,[mms_issue]break_app_storage_permission|user_abroad_roaming_enabled_off[PERSONA:Easy],telecom_0013,13,10,passed,1,tau2_full_flash_telecom_0013,C:\Users\86132\Desktop\SafeDesk\benchmarks\tau2-bench\data\simulations\tau2_full_flash_telecom_0013\results.json,,2026-07-10T10:40:26
tau2_full_flash,telecom,telecom,none,[mms_issue]break_app_both_permissions|user_abroad_roaming_enabled_off[PERSONA:Hard],telecom_0013,13,11,passed,1,tau2_full_flash_telecom_0013,C:\Users\86132\Desktop\SafeDesk\benchmarks\tau2-bench\data\simulations\tau2_full_flash_telecom_0013\results.json,,2026-07-10T10:40:26
tau2_full_flash,telecom,telecom,none,[mms_issue]bad_network_preference|user_abroad_roaming_disabled_on[PERSONA:None],telecom_0013,13,12,passed,1,tau2_full_flash_telecom_0013,C:\Users\86132\Desktop\SafeDesk\benchmarks\tau2-bench\data\simulations\tau2_full_flash_telecom_0013\results.json,,2026-07-10T10:40:26
tau2_full_flash,telecom,telecom,none,[mms_issue]bad_wifi_calling|user_abroad_roaming_disabled_on[PERSONA:Easy],telecom_0013,13,13,passed,1,tau2_full_flash_telecom_0013,C:\Users\86132\Desktop\SafeDesk\benchmarks\tau2-bench\data\simulations\tau2_full_flash_telecom_0013\results.json,,2026-07-10T10:40:26
tau2_full_flash,telecom,telecom,none,[mms_issue]break_apn_mms_setting|user_abroad_roaming_disabled_on[PERSONA:Hard],telecom_0013,13,14,passed,1,tau2_full_flash_telecom_0013,C:\Users\86132\Desktop\SafeDesk\benchmarks\tau2-bench\data\simulations\tau2_full_flash_telecom_0013\results.json,,2026-07-10T10:40:26
tau2_full_flash,telecom,telecom,none,[mms_issue]break_app_sms_permission|user_abroad_roaming_disabled_on[PERSONA:None],telecom_0013,13,15,passed,1,tau2_full_flash_telecom_0013,C:\Users\86132\Desktop\SafeDesk\benchmarks\tau2-bench\data\simulations\tau2_full_flash_telecom_0013\results.json,,2026-07-10T10:40:26
tau2_full_flash,telecom,telecom,none,[mms_issue]break_app_storage_permission|user_abroad_roaming_disabled_on[PERSONA:Easy],telecom_0013,13,16,passed,1,tau2_full_flash_telecom_0013,C:\Users\86132\Desktop\SafeDesk\benchmarks\tau2-bench\data\simulations\tau2_full_flash_telecom_0013\results.json,,2026-07-10T10:40:26
tau2_full_flash,telecom,telecom,none,[mms_issue]break_app_both_permissions|user_abroad_roaming_disabled_on[PERSONA:Hard],telecom_0013,13,17,passed,1,tau2_full_flash_telecom_0013,C:\Users\86132\Desktop\SafeDesk\benchmarks\tau2-bench\data\simulations\tau2_full_flash_telecom_0013\results.json,,2026-07-10T10:40:26
tau2_full_flash,telecom,telecom,none,[mms_issue]bad_network_preference|user_abroad_roaming_disabled_off[PERSONA:None],telecom_0013,13,18,passed,1,tau2_full_flash_telecom_0013,C:\Users\86132\Desktop\SafeDesk\benchmarks\tau2-bench\data\simulations\tau2_full_flash_telecom_0013\results.json,,2026-07-10T10:40:26
tau2_full_flash,telecom,telecom,none,[mms_issue]bad_wifi_calling|user_abroad_roaming_disabled_off[PERSONA:Easy],telecom_0013,13,19,passed,1,tau2_full_flash_telecom_0013,C:\Users\86132\Desktop\SafeDesk\benchmarks\tau2-bench\data\simulations\tau2_full_flash_telecom_0013\results.json,,2026-07-10T10:40:26
tau2_full_flash,telecom,telecom,none,[mms_issue]break_apn_mms_setting|user_abroad_roaming_disabled_off[PERSONA:Hard],telecom_0013,13,20,passed,1,tau2_full_flash_telecom_0013,C:\Users\86132\Desktop\SafeDesk\benchmarks\tau2-bench\data\simulations\tau2_full_flash_telecom_0013\results.json,,2026-07-10T10:40:26
tau2_full_flash,telecom,telecom,none,[mms_issue]break_app_sms_permission|user_abroad_roaming_disabled_off[PERSONA:None],telecom_0013,13,21,passed,1,tau2_full_flash_telecom_0013,C:\Users\86132\Desktop\SafeDesk\benchmarks\tau2-bench\data\simulations\tau2_full_flash_telecom_0013\results.json,,2026-07-10T10:40:26
tau2_full_flash,telecom,telecom,none,[mms_issue]break_app_storage_permission|user_abroad_roaming_disabled_off[PERSONA:Easy],telecom_0013,13,22,passed,1,tau2_full_flash_telecom_0013,C:\Users\86132\Desktop\SafeDesk\benchmarks\tau2-bench\data\simulations\tau2_full_flash_telecom_0013\results.json,,2026-07-10T10:40:26
tau2_full_flash,telecom,telecom,none,[mms_issue]break_app_both_permissions|user_abroad_roaming_disabled_off[PERSONA:Hard],telecom_0013,13,23,passed,1,tau2_full_flash_telecom_0013,C:\Users\86132\Desktop\SafeDesk\benchmarks\tau2-bench\data\simulations\tau2_full_flash_telecom_0013\results.json,,2026-07-10T10:40:26
tau2_full_flash,telecom,telecom,none,[mms_issue]bad_network_preference|bad_wifi_calling[PERSONA:None],telecom_0013,13,24,passed,1,tau2_full_flash_telecom_0013,C:\Users\86132\Desktop\SafeDesk\benchmarks\tau2-bench\data\simulations\tau2_full_flash_telecom_0013\results.json,,2026-07-10T10:40:26
tau2_full_flash,telecom,telecom,none,[mms_issue]bad_network_preference|break_apn_mms_setting[PERSONA:Easy],telecom_0014,14,0,passed,1,tau2_full_flash_telecom_0014,C:\Users\86132\Desktop\SafeDesk\benchmarks\tau2-bench\data\simulations\tau2_full_flash_telecom_0014\results.json,,2026-07-10T10:59:19
tau2_full_flash,telecom,telecom,none,[mms_issue]bad_network_preference|break_app_sms_permission[PERSONA:Hard],telecom_0014,14,1,passed,1,tau2_full_flash_telecom_0014,C:\Users\86132\Desktop\SafeDesk\benchmarks\tau2-bench\data\simulations\tau2_full_flash_telecom_0014\results.json,,2026-07-10T10:59:19
tau2_full_flash,telecom,telecom,none,[mms_issue]bad_network_preference|break_app_storage_permission[PERSONA:None],telecom_0014,14,2,passed,1,tau2_full_flash_telecom_0014,C:\Users\86132\Desktop\SafeDesk\benchmarks\tau2-bench\data\simulations\tau2_full_flash_telecom_0014\results.json,,2026-07-10T10:59:19
tau2_full_flash,telecom,telecom,none,[mms_issue]bad_network_preference|break_app_both_permissions[PERSONA:Easy],telecom_0014,14,3,passed,1,tau2_full_flash_telecom_0014,C:\Users\86132\Desktop\SafeDesk\benchmarks\tau2-bench\data\simulations\tau2_full_flash_telecom_0014\results.json,,2026-07-10T10:59:19
tau2_full_flash,telecom,telecom,none,[mms_issue]bad_wifi_calling|break_apn_mms_setting[PERSONA:Hard],telecom_0014,14,4,passed,1,tau2_full_flash_telecom_0014,C:\Users\86132\Desktop\SafeDesk\benchmarks\tau2-bench\data\simulations\tau2_full_flash_telecom_0014\results.json,,2026-07-10T10:59:19
tau2_full_flash,telecom,telecom,none,[mms_issue]bad_wifi_calling|break_app_sms_permission[PERSONA:None],telecom_0014,14,5,passed,1,tau2_full_flash_telecom_0014,C:\Users\86132\Desktop\SafeDesk\benchmarks\tau2-bench\data\simulations\tau2_full_flash_telecom_0014\results.json,,2026-07-10T10:59:19
tau2_full_flash,telecom,telecom,none,[mms_issue]bad_wifi_calling|break_app_storage_permission[PERSONA:Easy],telecom_0014,14,6,passed,1,tau2_full_flash_telecom_0014,C:\Users\86132\Desktop\SafeDesk\benchmarks\tau2-bench\data\simulations\tau2_full_flash_telecom_0014\results.json,,2026-07-10T10:59:19
tau2_full_flash,telecom,telecom,none,[mms_issue]bad_wifi_calling|break_app_both_permissions[PERSONA:Hard],telecom_0014,14,7,passed,1,tau2_full_flash_telecom_0014,C:\Users\86132\Desktop\SafeDesk\benchmarks\tau2-bench\data\simulations\tau2_full_flash_telecom_0014\results.json,,2026-07-10T10:59:19
tau2_full_flash,telecom,telecom,none,[mms_issue]break_apn_mms_setting|break_app_sms_permission[PERSONA:None],telecom_0014,14,8,infra_error,1,tau2_full_flash_telecom_0014,C:\Users\86132\Desktop\SafeDesk\benchmarks\tau2-bench\data\simulations\tau2_full_flash_telecom_0014\results.json,infra_error,2026-07-10T10:59:19
tau2_full_flash,telecom,telecom,none,[mms_issue]break_apn_mms_setting|break_app_storage_permission[PERSONA:Easy],telecom_0014,14,9,passed,1,tau2_full_flash_telecom_0014,C:\Users\86132\Desktop\SafeDesk\benchmarks\tau2-bench\data\simulations\tau2_full_flash_telecom_0014\results.json,,2026-07-10T10:59:19
tau2_full_flash,telecom,telecom,none,[mms_issue]break_apn_mms_setting|break_app_both_permissions[PERSONA:Hard],telecom_0014,14,10,passed,1,tau2_full_flash_telecom_0014,C:\Users\86132\Desktop\SafeDesk\benchmarks\tau2-bench\data\simulations\tau2_full_flash_telecom_0014\results.json,,2026-07-10T10:59:19
tau2_full_flash,telecom,telecom,none,[mms_issue]airplane_mode_on|bad_network_preference|unseat_sim_card[PERSONA:None],telecom_0014,14,11,passed,1,tau2_full_flash_telecom_0014,C:\Users\86132\Desktop\SafeDesk\benchmarks\tau2-bench\data\simulations\tau2_full_flash_telecom_0014\results.json,,2026-07-10T10:59:19
tau2_full_flash,telecom,telecom,none,[mms_issue]airplane_mode_on|bad_wifi_calling|unseat_sim_card[PERSONA:Easy],telecom_0014,14,12,passed,1,tau2_full_flash_telecom_0014,C:\Users\86132\Desktop\SafeDesk\benchmarks\tau2-bench\data\simulations\tau2_full_flash_telecom_0014\results.json,,2026-07-10T10:59:19
tau2_full_flash,telecom,telecom,none,[mms_issue]airplane_mode_on|break_apn_mms_setting|unseat_sim_card[PERSONA:Hard],telecom_0014,14,13,passed,1,tau2_full_flash_telecom_0014,C:\Users\86132\Desktop\SafeDesk\benchmarks\tau2-bench\data\simulations\tau2_full_flash_telecom_0014\results.json,,2026-07-10T10:59:19
tau2_full_flash,telecom,telecom,none,[mms_issue]airplane_mode_on|break_app_sms_permission|unseat_sim_card[PERSONA:None],telecom_0014,14,14,passed,1,tau2_full_flash_telecom_0014,C:\Users\86132\Desktop\SafeDesk\benchmarks\tau2-bench\data\simulations\tau2_full_flash_telecom_0014\results.json,,2026-07-10T10:59:19
tau2_full_flash,telecom,telecom,none,[mms_issue]airplane_mode_on|break_app_storage_permission|unseat_sim_card[PERSONA:Easy],telecom_0014,14,15,passed,1,tau2_full_flash_telecom_0014,C:\Users\86132\Desktop\SafeDesk\benchmarks\tau2-bench\data\simulations\tau2_full_flash_telecom_0014\results.json,,2026-07-10T10:59:19
tau2_full_flash,telecom,telecom,none,[mms_issue]airplane_mode_on|break_app_both_permissions|unseat_sim_card[PERSONA:Hard],telecom_0014,14,16,passed,1,tau2_full_flash_telecom_0014,C:\Users\86132\Desktop\SafeDesk\benchmarks\tau2-bench\data\simulations\tau2_full_flash_telecom_0014\results.json,,2026-07-10T10:59:19
tau2_full_flash,telecom,telecom,none,[mms_issue]airplane_mode_on|bad_network_preference|data_mode_off[PERSONA:None],telecom_0014,14,17,passed,1,tau2_full_flash_telecom_0014,C:\Users\86132\Desktop\SafeDesk\benchmarks\tau2-bench\data\simulations\tau2_full_flash_telecom_0014\results.json,,2026-07-10T10:59:19
tau2_full_flash,telecom,telecom,none,[mms_issue]airplane_mode_on|bad_wifi_calling|data_mode_off[PERSONA:Easy],telecom_0014,14,18,passed,1,tau2_full_flash_telecom_0014,C:\Users\86132\Desktop\SafeDesk\benchmarks\tau2-bench\data\simulations\tau2_full_flash_telecom_0014\results.json,,2026-07-10T10:59:19
tau2_full_flash,telecom,telecom,none,[mms_issue]airplane_mode_on|break_apn_mms_setting|data_mode_off[PERSONA:Hard],telecom_0014,14,19,passed,1,tau2_full_flash_telecom_0014,C:\Users\86132\Desktop\SafeDesk\benchmarks\tau2-bench\data\simulations\tau2_full_flash_telecom_0014\results.json,,2026-07-10T10:59:19
tau2_full_flash,telecom,telecom,none,[mms_issue]airplane_mode_on|break_app_sms_permission|data_mode_off[PERSONA:None],telecom_0014,14,20,passed,1,tau2_full_flash_telecom_0014,C:\Users\86132\Desktop\SafeDesk\benchmarks\tau2-bench\data\simulations\tau2_full_flash_telecom_0014\results.json,,2026-07-10T10:59:19
tau2_full_flash,telecom,telecom,none,[mms_issue]airplane_mode_on|break_app_storage_permission|data_mode_off[PERSONA:Easy],telecom_0014,14,21,passed,1,tau2_full_flash_telecom_0014,C:\Users\86132\Desktop\SafeDesk\benchmarks\tau2-bench\data\simulations\tau2_full_flash_telecom_0014\results.json,,2026-07-10T10:59:19
tau2_full_flash,telecom,telecom,none,[mms_issue]airplane_mode_on|break_app_both_permissions|data_mode_off[PERSONA:Hard],telecom_0014,14,22,passed,1,tau2_full_flash_telecom_0014,C:\Users\86132\Desktop\SafeDesk\benchmarks\tau2-bench\data\simulations\tau2_full_flash_telecom_0014\results.json,,2026-07-10T10:59:19
tau2_full_flash,telecom,telecom,none,[mms_issue]airplane_mode_on|bad_network_preference|data_usage_exceeded[PERSONA:None],telecom_0014,14,23,passed,1,tau2_full_flash_telecom_0014,C:\Users\86132\Desktop\SafeDesk\benchmarks\tau2-bench\data\simulations\tau2_full_flash_telecom_0014\results.json,,2026-07-10T10:59:19
tau2_full_flash,telecom,telecom,none,[mms_issue]airplane_mode_on|bad_wifi_calling|data_usage_exceeded[PERSONA:Easy],telecom_0014,14,24,passed,1,tau2_full_flash_telecom_0014,C:\Users\86132\Desktop\SafeDesk\benchmarks\tau2-bench\data\simulations\tau2_full_flash_telecom_0014\results.json,,2026-07-10T10:59:19
tau2_full_flash,telecom,telecom,none,[mms_issue]airplane_mode_on|break_apn_mms_setting|data_usage_exceeded[PERSONA:Hard],telecom_0015,15,0,passed,1,tau2_full_flash_telecom_0015,C:\Users\86132\Desktop\SafeDesk\benchmarks\tau2-bench\data\simulations\tau2_full_flash_telecom_0015\results.json,,2026-07-10T11:24:56
tau2_full_flash,telecom,telecom,none,[mms_issue]airplane_mode_on|break_app_sms_permission|data_usage_exceeded[PERSONA:None],telecom_0015,15,1,passed,1,tau2_full_flash_telecom_0015,C:\Users\86132\Desktop\SafeDesk\benchmarks\tau2-bench\data\simulations\tau2_full_flash_telecom_0015\results.json,,2026-07-10T11:24:56
tau2_full_flash,telecom,telecom,none,[mms_issue]airplane_mode_on|break_app_storage_permission|data_usage_exceeded[PERSONA:Easy],telecom_0015,15,2,passed,1,tau2_full_flash_telecom_0015,C:\Users\86132\Desktop\SafeDesk\benchmarks\tau2-bench\data\simulations\tau2_full_flash_telecom_0015\results.json,,2026-07-10T11:24:56
tau2_full_flash,telecom,telecom,none,[mms_issue]airplane_mode_on|break_app_both_permissions|data_usage_exceeded[PERSONA:Hard],telecom_0015,15,3,passed,1,tau2_full_flash_telecom_0015,C:\Users\86132\Desktop\SafeDesk\benchmarks\tau2-bench\data\simulations\tau2_full_flash_telecom_0015\results.json,,2026-07-10T11:24:56
tau2_full_flash,telecom,telecom,none,[mms_issue]airplane_mode_on|bad_network_preference|user_abroad_roaming_enabled_off[PERSONA:None],telecom_0015,15,4,passed,1,tau2_full_flash_telecom_0015,C:\Users\86132\Desktop\SafeDesk\benchmarks\tau2-bench\data\simulations\tau2_full_flash_telecom_0015\results.json,,2026-07-10T11:24:56
tau2_full_flash,telecom,telecom,none,[mms_issue]airplane_mode_on|bad_wifi_calling|user_abroad_roaming_enabled_off[PERSONA:Easy],telecom_0015,15,5,passed,1,tau2_full_flash_telecom_0015,C:\Users\86132\Desktop\SafeDesk\benchmarks\tau2-bench\data\simulations\tau2_full_flash_telecom_0015\results.json,,2026-07-10T11:24:56
tau2_full_flash,telecom,telecom,none,[mms_issue]airplane_mode_on|break_apn_mms_setting|user_abroad_roaming_enabled_off[PERSONA:Hard],telecom_0015,15,6,passed,1,tau2_full_flash_telecom_0015,C:\Users\86132\Desktop\SafeDesk\benchmarks\tau2-bench\data\simulations\tau2_full_flash_telecom_0015\results.json,,2026-07-10T11:24:56
tau2_full_flash,telecom,telecom,none,[mms_issue]airplane_mode_on|break_app_sms_permission|user_abroad_roaming_enabled_off[PERSONA:None],telecom_0015,15,7,passed,1,tau2_full_flash_telecom_0015,C:\Users\86132\Desktop\SafeDesk\benchmarks\tau2-bench\data\simulations\tau2_full_flash_telecom_0015\results.json,,2026-07-10T11:24:56
tau2_full_flash,telecom,telecom,none,[mms_issue]airplane_mode_on|break_app_storage_permission|user_abroad_roaming_enabled_off[PERSONA:Easy],telecom_0015,15,8,passed,1,tau2_full_flash_telecom_0015,C:\Users\86132\Desktop\SafeDesk\benchmarks\tau2-bench\data\simulations\tau2_full_flash_telecom_0015\results.json,,2026-07-10T11:24:56
tau2_full_flash,telecom,telecom,none,[mms_issue]airplane_mode_on|break_app_both_permissions|user_abroad_roaming_enabled_off[PERSONA:Hard],telecom_0015,15,9,passed,1,tau2_full_flash_telecom_0015,C:\Users\86132\Desktop\SafeDesk\benchmarks\tau2-bench\data\simulations\tau2_full_flash_telecom_0015\results.json,,2026-07-10T11:24:56
tau2_full_flash,telecom,telecom,none,[mms_issue]airplane_mode_on|bad_network_preference|user_abroad_roaming_disabled_on[PERSONA:None],telecom_0015,15,10,passed,1,tau2_full_flash_telecom_0015,C:\Users\86132\Desktop\SafeDesk\benchmarks\tau2-bench\data\simulations\tau2_full_flash_telecom_0015\results.json,,2026-07-10T11:24:56
tau2_full_flash,telecom,telecom,none,[mms_issue]airplane_mode_on|bad_wifi_calling|user_abroad_roaming_disabled_on[PERSONA:Easy],telecom_0015,15,11,passed,1,tau2_full_flash_telecom_0015,C:\Users\86132\Desktop\SafeDesk\benchmarks\tau2-bench\data\simulations\tau2_full_flash_telecom_0015\results.json,,2026-07-10T11:24:56
tau2_full_flash,telecom,telecom,none,[mms_issue]airplane_mode_on|break_apn_mms_setting|user_abroad_roaming_disabled_on[PERSONA:Hard],telecom_0015,15,12,passed,1,tau2_full_flash_telecom_0015,C:\Users\86132\Desktop\SafeDesk\benchmarks\tau2-bench\data\simulations\tau2_full_flash_telecom_0015\results.json,,2026-07-10T11:24:56
tau2_full_flash,telecom,telecom,none,[mms_issue]airplane_mode_on|break_app_sms_permission|user_abroad_roaming_disabled_on[PERSONA:None],telecom_0015,15,13,passed,1,tau2_full_flash_telecom_0015,C:\Users\86132\Desktop\SafeDesk\benchmarks\tau2-bench\data\simulations\tau2_full_flash_telecom_0015\results.json,,2026-07-10T11:24:56
tau2_full_flash,telecom,telecom,none,[mms_issue]airplane_mode_on|break_app_storage_permission|user_abroad_roaming_disabled_on[PERSONA:Easy],telecom_0015,15,14,passed,1,tau2_full_flash_telecom_0015,C:\Users\86132\Desktop\SafeDesk\benchmarks\tau2-bench\data\simulations\tau2_full_flash_telecom_0015\results.json,,2026-07-10T11:24:56
tau2_full_flash,telecom,telecom,none,[mms_issue]airplane_mode_on|break_app_both_permissions|user_abroad_roaming_disabled_on[PERSONA:Hard],telecom_0015,15,15,passed,1,tau2_full_flash_telecom_0015,C:\Users\86132\Desktop\SafeDesk\benchmarks\tau2-bench\data\simulations\tau2_full_flash_telecom_0015\results.json,,2026-07-10T11:24:56
tau2_full_flash,telecom,telecom,none,[mms_issue]airplane_mode_on|bad_network_preference|user_abroad_roaming_disabled_off[PERSONA:None],telecom_0015,15,16,passed,1,tau2_full_flash_telecom_0015,C:\Users\86132\Desktop\SafeDesk\benchmarks\tau2-bench\data\simulations\tau2_full_flash_telecom_0015\results.json,,2026-07-10T11:24:56
tau2_full_flash,telecom,telecom,none,[mms_issue]airplane_mode_on|bad_wifi_calling|user_abroad_roaming_disabled_off[PERSONA:Easy],telecom_0015,15,17,passed,1,tau2_full_flash_telecom_0015,C:\Users\86132\Desktop\SafeDesk\benchmarks\tau2-bench\data\simulations\tau2_full_flash_telecom_0015\results.json,,2026-07-10T11:24:56
tau2_full_flash,telecom,telecom,none,[mms_issue]airplane_mode_on|break_apn_mms_setting|user_abroad_roaming_disabled_off[PERSONA:Hard],telecom_0015,15,18,passed,1,tau2_full_flash_telecom_0015,C:\Users\86132\Desktop\SafeDesk\benchmarks\tau2-bench\data\simulations\tau2_full_flash_telecom_0015\results.json,,2026-07-10T11:24:56
tau2_full_flash,telecom,telecom,none,[mms_issue]airplane_mode_on|break_app_sms_permission|user_abroad_roaming_disabled_off[PERSONA:None],telecom_0015,15,19,passed,1,tau2_full_flash_telecom_0015,C:\Users\86132\Desktop\SafeDesk\benchmarks\tau2-bench\data\simulations\tau2_full_flash_telecom_0015\results.json,,2026-07-10T11:24:56
tau2_full_flash,telecom,telecom,none,[mms_issue]airplane_mode_on|break_app_storage_permission|user_abroad_roaming_disabled_off[PERSONA:Easy],telecom_0015,15,20,passed,1,tau2_full_flash_telecom_0015,C:\Users\86132\Desktop\SafeDesk\benchmarks\tau2-bench\data\simulations\tau2_full_flash_telecom_0015\results.json,,2026-07-10T11:24:56
tau2_full_flash,telecom,telecom,none,[mms_issue]airplane_mode_on|break_app_both_permissions|user_abroad_roaming_disabled_off[PERSONA:Hard],telecom_0015,15,21,passed,1,tau2_full_flash_telecom_0015,C:\Users\86132\Desktop\SafeDesk\benchmarks\tau2-bench\data\simulations\tau2_full_flash_telecom_0015\results.json,,2026-07-10T11:24:56
tau2_full_flash,telecom,telecom,none,[mms_issue]airplane_mode_on|bad_network_preference|bad_wifi_calling[PERSONA:None],telecom_0015,15,22,passed,1,tau2_full_flash_telecom_0015,C:\Users\86132\Desktop\SafeDesk\benchmarks\tau2-bench\data\simulations\tau2_full_flash_telecom_0015\results.json,,2026-07-10T11:24:56
tau2_full_flash,telecom,telecom,none,[mms_issue]airplane_mode_on|bad_network_preference|break_apn_mms_setting[PERSONA:Easy],telecom_0015,15,23,passed,1,tau2_full_flash_telecom_0015,C:\Users\86132\Desktop\SafeDesk\benchmarks\tau2-bench\data\simulations\tau2_full_flash_telecom_0015\results.json,,2026-07-10T11:24:56
tau2_full_flash,telecom,telecom,none,[mms_issue]airplane_mode_on|bad_network_preference|break_app_sms_permission[PERSONA:Hard],telecom_0015,15,24,passed,1,tau2_full_flash_telecom_0015,C:\Users\86132\Desktop\SafeDesk\benchmarks\tau2-bench\data\simulations\tau2_full_flash_telecom_0015\results.json,,2026-07-10T11:24:56
tau2_full_flash,telecom,telecom,none,[mms_issue]airplane_mode_on|bad_network_preference|break_app_storage_permission[PERSONA:None],telecom_0016,16,0,infra_error,1,tau2_full_flash_telecom_0016,C:\Users\86132\Desktop\SafeDesk\benchmarks\tau2-bench\data\simulations\tau2_full_flash_telecom_0016\results.json,infra_error,2026-07-10T11:50:49
tau2_full_flash,telecom,telecom,none,[mms_issue]airplane_mode_on|bad_network_preference|break_app_both_permissions[PERSONA:Easy],telecom_0016,16,1,passed,1,tau2_full_flash_telecom_0016,C:\Users\86132\Desktop\SafeDesk\benchmarks\tau2-bench\data\simulations\tau2_full_flash_telecom_0016\results.json,,2026-07-10T11:50:49
tau2_full_flash,telecom,telecom,none,[mms_issue]airplane_mode_on|bad_wifi_calling|break_apn_mms_setting[PERSONA:Hard],telecom_0016,16,2,passed,1,tau2_full_flash_telecom_0016,C:\Users\86132\Desktop\SafeDesk\benchmarks\tau2-bench\data\simulations\tau2_full_flash_telecom_0016\results.json,,2026-07-10T11:50:49
tau2_full_flash,telecom,telecom,none,[mms_issue]airplane_mode_on|bad_wifi_calling|break_app_sms_permission[PERSONA:None],telecom_0016,16,3,infra_error,1,tau2_full_flash_telecom_0016,C:\Users\86132\Desktop\SafeDesk\benchmarks\tau2-bench\data\simulations\tau2_full_flash_telecom_0016\results.json,infra_error,2026-07-10T11:50:49
tau2_full_flash,telecom,telecom,none,[mms_issue]airplane_mode_on|bad_wifi_calling|break_app_storage_permission[PERSONA:Easy],telecom_0016,16,4,passed,1,tau2_full_flash_telecom_0016,C:\Users\86132\Desktop\SafeDesk\benchmarks\tau2-bench\data\simulations\tau2_full_flash_telecom_0016\results.json,,2026-07-10T11:50:49
tau2_full_flash,telecom,telecom,none,[mms_issue]airplane_mode_on|bad_wifi_calling|break_app_both_permissions[PERSONA:Hard],telecom_0016,16,5,passed,1,tau2_full_flash_telecom_0016,C:\Users\86132\Desktop\SafeDesk\benchmarks\tau2-bench\data\simulations\tau2_full_flash_telecom_0016\results.json,,2026-07-10T11:50:49
tau2_full_flash,telecom,telecom,none,[mms_issue]airplane_mode_on|break_apn_mms_setting|break_app_sms_permission[PERSONA:None],telecom_0016,16,6,infra_error,1,tau2_full_flash_telecom_0016,C:\Users\86132\Desktop\SafeDesk\benchmarks\tau2-bench\data\simulations\tau2_full_flash_telecom_0016\results.json,infra_error,2026-07-10T11:50:49
tau2_full_flash,telecom,telecom,none,[mms_issue]airplane_mode_on|break_apn_mms_setting|break_app_storage_permission[PERSONA:Easy],telecom_0016,16,7,passed,1,tau2_full_flash_telecom_0016,C:\Users\86132\Desktop\SafeDesk\benchmarks\tau2-bench\data\simulations\tau2_full_flash_telecom_0016\results.json,,2026-07-10T11:50:49
tau2_full_flash,telecom,telecom,none,[mms_issue]airplane_mode_on|break_apn_mms_setting|break_app_both_permissions[PERSONA:Hard],telecom_0016,16,8,passed,1,tau2_full_flash_telecom_0016,C:\Users\86132\Desktop\SafeDesk\benchmarks\tau2-bench\data\simulations\tau2_full_flash_telecom_0016\results.json,,2026-07-10T11:50:49
tau2_full_flash,telecom,telecom,none,[mms_issue]bad_network_preference|data_mode_off|unseat_sim_card[PERSONA:None],telecom_0016,16,9,infra_error,1,tau2_full_flash_telecom_0016,C:\Users\86132\Desktop\SafeDesk\benchmarks\tau2-bench\data\simulations\tau2_full_flash_telecom_0016\results.json,infra_error,2026-07-10T11:50:49
tau2_full_flash,telecom,telecom,none,[mms_issue]bad_wifi_calling|data_mode_off|unseat_sim_card[PERSONA:Easy],telecom_0016,16,10,passed,1,tau2_full_flash_telecom_0016,C:\Users\86132\Desktop\SafeDesk\benchmarks\tau2-bench\data\simulations\tau2_full_flash_telecom_0016\results.json,,2026-07-10T11:50:49
tau2_full_flash,telecom,telecom,none,[mms_issue]break_apn_mms_setting|data_mode_off|unseat_sim_card[PERSONA:Hard],telecom_0016,16,11,passed,1,tau2_full_flash_telecom_0016,C:\Users\86132\Desktop\SafeDesk\benchmarks\tau2-bench\data\simulations\tau2_full_flash_telecom_0016\results.json,,2026-07-10T11:50:49
tau2_full_flash,telecom,telecom,none,[mms_issue]break_app_sms_permission|data_mode_off|unseat_sim_card[PERSONA:None],telecom_0016,16,12,passed,1,tau2_full_flash_telecom_0016,C:\Users\86132\Desktop\SafeDesk\benchmarks\tau2-bench\data\simulations\tau2_full_flash_telecom_0016\results.json,,2026-07-10T11:50:49
tau2_full_flash,telecom,telecom,none,[mms_issue]break_app_storage_permission|data_mode_off|unseat_sim_card[PERSONA:Easy],telecom_0016,16,13,passed,1,tau2_full_flash_telecom_0016,C:\Users\86132\Desktop\SafeDesk\benchmarks\tau2-bench\data\simulations\tau2_full_flash_telecom_0016\results.json,,2026-07-10T11:50:49
tau2_full_flash,telecom,telecom,none,[mms_issue]break_app_both_permissions|data_mode_off|unseat_sim_card[PERSONA:Hard],telecom_0016,16,14,passed,1,tau2_full_flash_telecom_0016,C:\Users\86132\Desktop\SafeDesk\benchmarks\tau2-bench\data\simulations\tau2_full_flash_telecom_0016\results.json,,2026-07-10T11:50:49
tau2_full_flash,telecom,telecom,none,[mms_issue]bad_network_preference|data_usage_exceeded|unseat_sim_card[PERSONA:None],telecom_0016,16,15,infra_error,1,tau2_full_flash_telecom_0016,C:\Users\86132\Desktop\SafeDesk\benchmarks\tau2-bench\data\simulations\tau2_full_flash_telecom_0016\results.json,infra_error,2026-07-10T11:50:49
tau2_full_flash,telecom,telecom,none,[mms_issue]bad_wifi_calling|data_usage_exceeded|unseat_sim_card[PERSONA:Easy],telecom_0016,16,16,passed,1,tau2_full_flash_telecom_0016,C:\Users\86132\Desktop\SafeDesk\benchmarks\tau2-bench\data\simulations\tau2_full_flash_telecom_0016\results.json,,2026-07-10T11:50:49
tau2_full_flash,telecom,telecom,none,[mms_issue]break_apn_mms_setting|data_usage_exceeded|unseat_sim_card[PERSONA:Hard],telecom_0016,16,17,passed,1,tau2_full_flash_telecom_0016,C:\Users\86132\Desktop\SafeDesk\benchmarks\tau2-bench\data\simulations\tau2_full_flash_telecom_0016\results.json,,2026-07-10T11:50:49
tau2_full_flash,telecom,telecom,none,[mms_issue]break_app_sms_permission|data_usage_exceeded|unseat_sim_card[PERSONA:None],telecom_0016,16,18,passed,1,tau2_full_flash_telecom_0016,C:\Users\86132\Desktop\SafeDesk\benchmarks\tau2-bench\data\simulations\tau2_full_flash_telecom_0016\results.json,,2026-07-10T11:50:49
tau2_full_flash,telecom,telecom,none,[mms_issue]break_app_storage_permission|data_usage_exceeded|unseat_sim_card[PERSONA:Easy],telecom_0016,16,19,passed,1,tau2_full_flash_telecom_0016,C:\Users\86132\Desktop\SafeDesk\benchmarks\tau2-bench\data\simulations\tau2_full_flash_telecom_0016\results.json,,2026-07-10T11:50:49
tau2_full_flash,telecom,telecom,none,[mms_issue]break_app_both_permissions|data_usage_exceeded|unseat_sim_card[PERSONA:Hard],telecom_0016,16,20,infra_error,1,tau2_full_flash_telecom_0016,C:\Users\86132\Desktop\SafeDesk\benchmarks\tau2-bench\data\simulations\tau2_full_flash_telecom_0016\results.json,infra_error,2026-07-10T11:50:49
tau2_full_flash,telecom,telecom,none,[mms_issue]bad_network_preference|unseat_sim_card|user_abroad_roaming_enabled_off[PERSONA:None],telecom_0016,16,21,passed,1,tau2_full_flash_telecom_0016,C:\Users\86132\Desktop\SafeDesk\benchmarks\tau2-bench\data\simulations\tau2_full_flash_telecom_0016\results.json,,2026-07-10T11:50:49
tau2_full_flash,telecom,telecom,none,[mms_issue]bad_wifi_calling|unseat_sim_card|user_abroad_roaming_enabled_off[PERSONA:Easy],telecom_0016,16,22,passed,1,tau2_full_flash_telecom_0016,C:\Users\86132\Desktop\SafeDesk\benchmarks\tau2-bench\data\simulations\tau2_full_flash_telecom_0016\results.json,,2026-07-10T11:50:49
tau2_full_flash,telecom,telecom,none,[mms_issue]break_apn_mms_setting|unseat_sim_card|user_abroad_roaming_enabled_off[PERSONA:Hard],telecom_0016,16,23,passed,1,tau2_full_flash_telecom_0016,C:\Users\86132\Desktop\SafeDesk\benchmarks\tau2-bench\data\simulations\tau2_full_flash_telecom_0016\results.json,,2026-07-10T11:50:49
tau2_full_flash,telecom,telecom,none,[mms_issue]break_app_sms_permission|unseat_sim_card|user_abroad_roaming_enabled_off[PERSONA:None],telecom_0016,16,24,passed,1,tau2_full_flash_telecom_0016,C:\Users\86132\Desktop\SafeDesk\benchmarks\tau2-bench\data\simulations\tau2_full_flash_telecom_0016\results.json,,2026-07-10T11:50:49
tau2_full_flash,telecom,telecom,none,[mms_issue]break_app_storage_permission|unseat_sim_card|user_abroad_roaming_enabled_off[PERSONA:Easy],telecom_0017,17,0,passed,1,tau2_full_flash_telecom_0017,C:\Users\86132\Desktop\SafeDesk\benchmarks\tau2-bench\data\simulations\tau2_full_flash_telecom_0017\results.json,,2026-07-10T12:17:08
tau2_full_flash,telecom,telecom,none,[mms_issue]break_app_both_permissions|unseat_sim_card|user_abroad_roaming_enabled_off[PERSONA:Hard],telecom_0017,17,1,passed,1,tau2_full_flash_telecom_0017,C:\Users\86132\Desktop\SafeDesk\benchmarks\tau2-bench\data\simulations\tau2_full_flash_telecom_0017\results.json,,2026-07-10T12:17:08
tau2_full_flash,telecom,telecom,none,[mms_issue]bad_network_preference|unseat_sim_card|user_abroad_roaming_disabled_on[PERSONA:None],telecom_0017,17,2,passed,1,tau2_full_flash_telecom_0017,C:\Users\86132\Desktop\SafeDesk\benchmarks\tau2-bench\data\simulations\tau2_full_flash_telecom_0017\results.json,,2026-07-10T12:17:08
tau2_full_flash,telecom,telecom,none,[mms_issue]bad_wifi_calling|unseat_sim_card|user_abroad_roaming_disabled_on[PERSONA:Easy],telecom_0017,17,3,passed,1,tau2_full_flash_telecom_0017,C:\Users\86132\Desktop\SafeDesk\benchmarks\tau2-bench\data\simulations\tau2_full_flash_telecom_0017\results.json,,2026-07-10T12:17:08
tau2_full_flash,telecom,telecom,none,[mms_issue]break_apn_mms_setting|unseat_sim_card|user_abroad_roaming_disabled_on[PERSONA:Hard],telecom_0017,17,4,passed,1,tau2_full_flash_telecom_0017,C:\Users\86132\Desktop\SafeDesk\benchmarks\tau2-bench\data\simulations\tau2_full_flash_telecom_0017\results.json,,2026-07-10T12:17:08
tau2_full_flash,telecom,telecom,none,[mms_issue]break_app_sms_permission|unseat_sim_card|user_abroad_roaming_disabled_on[PERSONA:None],telecom_0017,17,5,passed,1,tau2_full_flash_telecom_0017,C:\Users\86132\Desktop\SafeDesk\benchmarks\tau2-bench\data\simulations\tau2_full_flash_telecom_0017\results.json,,2026-07-10T12:17:08
tau2_full_flash,telecom,telecom,none,[mms_issue]break_app_storage_permission|unseat_sim_card|user_abroad_roaming_disabled_on[PERSONA:Easy],telecom_0017,17,6,passed,1,tau2_full_flash_telecom_0017,C:\Users\86132\Desktop\SafeDesk\benchmarks\tau2-bench\data\simulations\tau2_full_flash_telecom_0017\results.json,,2026-07-10T12:17:08
tau2_full_flash,telecom,telecom,none,[mms_issue]break_app_both_permissions|unseat_sim_card|user_abroad_roaming_disabled_on[PERSONA:Hard],telecom_0017,17,7,passed,1,tau2_full_flash_telecom_0017,C:\Users\86132\Desktop\SafeDesk\benchmarks\tau2-bench\data\simulations\tau2_full_flash_telecom_0017\results.json,,2026-07-10T12:17:08
tau2_full_flash,telecom,telecom,none,[mms_issue]bad_network_preference|unseat_sim_card|user_abroad_roaming_disabled_off[PERSONA:None],telecom_0017,17,8,passed,1,tau2_full_flash_telecom_0017,C:\Users\86132\Desktop\SafeDesk\benchmarks\tau2-bench\data\simulations\tau2_full_flash_telecom_0017\results.json,,2026-07-10T12:17:08
tau2_full_flash,telecom,telecom,none,[mms_issue]bad_wifi_calling|unseat_sim_card|user_abroad_roaming_disabled_off[PERSONA:Easy],telecom_0017,17,9,passed,1,tau2_full_flash_telecom_0017,C:\Users\86132\Desktop\SafeDesk\benchmarks\tau2-bench\data\simulations\tau2_full_flash_telecom_0017\results.json,,2026-07-10T12:17:08
tau2_full_flash,telecom,telecom,none,[mms_issue]break_apn_mms_setting|unseat_sim_card|user_abroad_roaming_disabled_off[PERSONA:Hard],telecom_0017,17,10,passed,1,tau2_full_flash_telecom_0017,C:\Users\86132\Desktop\SafeDesk\benchmarks\tau2-bench\data\simulations\tau2_full_flash_telecom_0017\results.json,,2026-07-10T12:17:08
tau2_full_flash,telecom,telecom,none,[mms_issue]break_app_sms_permission|unseat_sim_card|user_abroad_roaming_disabled_off[PERSONA:None],telecom_0017,17,11,passed,1,tau2_full_flash_telecom_0017,C:\Users\86132\Desktop\SafeDesk\benchmarks\tau2-bench\data\simulations\tau2_full_flash_telecom_0017\results.json,,2026-07-10T12:17:08
tau2_full_flash,telecom,telecom,none,[mms_issue]break_app_storage_permission|unseat_sim_card|user_abroad_roaming_disabled_off[PERSONA:Easy],telecom_0017,17,12,passed,1,tau2_full_flash_telecom_0017,C:\Users\86132\Desktop\SafeDesk\benchmarks\tau2-bench\data\simulations\tau2_full_flash_telecom_0017\results.json,,2026-07-10T12:17:08
tau2_full_flash,telecom,telecom,none,[mms_issue]break_app_both_permissions|unseat_sim_card|user_abroad_roaming_disabled_off[PERSONA:Hard],telecom_0017,17,13,passed,1,tau2_full_flash_telecom_0017,C:\Users\86132\Desktop\SafeDesk\benchmarks\tau2-bench\data\simulations\tau2_full_flash_telecom_0017\results.json,,2026-07-10T12:17:08
tau2_full_flash,telecom,telecom,none,[mms_issue]bad_network_preference|bad_wifi_calling|unseat_sim_card[PERSONA:None],telecom_0017,17,14,passed,1,tau2_full_flash_telecom_0017,C:\Users\86132\Desktop\SafeDesk\benchmarks\tau2-bench\data\simulations\tau2_full_flash_telecom_0017\results.json,,2026-07-10T12:17:08
tau2_full_flash,telecom,telecom,none,[mms_issue]bad_network_preference|break_apn_mms_setting|unseat_sim_card[PERSONA:Easy],telecom_0017,17,15,passed,1,tau2_full_flash_telecom_0017,C:\Users\86132\Desktop\SafeDesk\benchmarks\tau2-bench\data\simulations\tau2_full_flash_telecom_0017\results.json,,2026-07-10T12:17:08
tau2_full_flash,telecom,telecom,none,[mms_issue]bad_network_preference|break_app_sms_permission|unseat_sim_card[PERSONA:Hard],telecom_0017,17,16,passed,1,tau2_full_flash_telecom_0017,C:\Users\86132\Desktop\SafeDesk\benchmarks\tau2-bench\data\simulations\tau2_full_flash_telecom_0017\results.json,,2026-07-10T12:17:08
tau2_full_flash,telecom,telecom,none,[mms_issue]bad_network_preference|break_app_storage_permission|unseat_sim_card[PERSONA:None],telecom_0017,17,17,infra_error,1,tau2_full_flash_telecom_0017,C:\Users\86132\Desktop\SafeDesk\benchmarks\tau2-bench\data\simulations\tau2_full_flash_telecom_0017\results.json,infra_error,2026-07-10T12:17:08
tau2_full_flash,telecom,telecom,none,[mms_issue]bad_network_preference|break_app_both_permissions|unseat_sim_card[PERSONA:Easy],telecom_0017,17,18,passed,1,tau2_full_flash_telecom_0017,C:\Users\86132\Desktop\SafeDesk\benchmarks\tau2-bench\data\simulations\tau2_full_flash_telecom_0017\results.json,,2026-07-10T12:17:08
tau2_full_flash,telecom,telecom,none,[mms_issue]bad_wifi_calling|break_apn_mms_setting|unseat_sim_card[PERSONA:Hard],telecom_0017,17,19,passed,1,tau2_full_flash_telecom_0017,C:\Users\86132\Desktop\SafeDesk\benchmarks\tau2-bench\data\simulations\tau2_full_flash_telecom_0017\results.json,,2026-07-10T12:17:08
tau2_full_flash,telecom,telecom,none,[mms_issue]bad_wifi_calling|break_app_sms_permission|unseat_sim_card[PERSONA:None],telecom_0017,17,20,passed,1,tau2_full_flash_telecom_0017,C:\Users\86132\Desktop\SafeDesk\benchmarks\tau2-bench\data\simulations\tau2_full_flash_telecom_0017\results.json,,2026-07-10T12:17:08
tau2_full_flash,telecom,telecom,none,[mms_issue]bad_wifi_calling|break_app_storage_permission|unseat_sim_card[PERSONA:Easy],telecom_0017,17,21,passed,1,tau2_full_flash_telecom_0017,C:\Users\86132\Desktop\SafeDesk\benchmarks\tau2-bench\data\simulations\tau2_full_flash_telecom_0017\results.json,,2026-07-10T12:17:08
tau2_full_flash,telecom,telecom,none,[mms_issue]bad_wifi_calling|break_app_both_permissions|unseat_sim_card[PERSONA:Hard],telecom_0017,17,22,passed,1,tau2_full_flash_telecom_0017,C:\Users\86132\Desktop\SafeDesk\benchmarks\tau2-bench\data\simulations\tau2_full_flash_telecom_0017\results.json,,2026-07-10T12:17:08
tau2_full_flash,telecom,telecom,none,[mms_issue]break_apn_mms_setting|break_app_sms_permission|unseat_sim_card[PERSONA:None],telecom_0017,17,23,passed,1,tau2_full_flash_telecom_0017,C:\Users\86132\Desktop\SafeDesk\benchmarks\tau2-bench\data\simulations\tau2_full_flash_telecom_0017\results.json,,2026-07-10T12:17:08
tau2_full_flash,telecom,telecom,none,[mms_issue]break_apn_mms_setting|break_app_storage_permission|unseat_sim_card[PERSONA:Easy],telecom_0017,17,24,passed,1,tau2_full_flash_telecom_0017,C:\Users\86132\Desktop\SafeDesk\benchmarks\tau2-bench\data\simulations\tau2_full_flash_telecom_0017\results.json,,2026-07-10T12:17:08
tau2_full_flash,telecom,telecom,none,[mms_issue]break_apn_mms_setting|break_app_both_permissions|unseat_sim_card[PERSONA:Hard],telecom_0018,18,0,passed,1,tau2_full_flash_telecom_0018,C:\Users\86132\Desktop\SafeDesk\benchmarks\tau2-bench\data\simulations\tau2_full_flash_telecom_0018\results.json,,2026-07-10T12:46:43
tau2_full_flash,telecom,telecom,none,[mms_issue]bad_network_preference|data_mode_off|data_usage_exceeded[PERSONA:None],telecom_0018,18,1,passed,1,tau2_full_flash_telecom_0018,C:\Users\86132\Desktop\SafeDesk\benchmarks\tau2-bench\data\simulations\tau2_full_flash_telecom_0018\results.json,,2026-07-10T12:46:43
tau2_full_flash,telecom,telecom,none,[mms_issue]bad_wifi_calling|data_mode_off|data_usage_exceeded[PERSONA:Easy],telecom_0018,18,2,passed,1,tau2_full_flash_telecom_0018,C:\Users\86132\Desktop\SafeDesk\benchmarks\tau2-bench\data\simulations\tau2_full_flash_telecom_0018\results.json,,2026-07-10T12:46:43
tau2_full_flash,telecom,telecom,none,[mms_issue]break_apn_mms_setting|data_mode_off|data_usage_exceeded[PERSONA:Hard],telecom_0018,18,3,passed,1,tau2_full_flash_telecom_0018,C:\Users\86132\Desktop\SafeDesk\benchmarks\tau2-bench\data\simulations\tau2_full_flash_telecom_0018\results.json,,2026-07-10T12:46:43
tau2_full_flash,telecom,telecom,none,[mms_issue]break_app_sms_permission|data_mode_off|data_usage_exceeded[PERSONA:None],telecom_0018,18,4,infra_error,1,tau2_full_flash_telecom_0018,C:\Users\86132\Desktop\SafeDesk\benchmarks\tau2-bench\data\simulations\tau2_full_flash_telecom_0018\results.json,infra_error,2026-07-10T12:46:43
tau2_full_flash,telecom,telecom,none,[mms_issue]break_app_storage_permission|data_mode_off|data_usage_exceeded[PERSONA:Easy],telecom_0018,18,5,passed,1,tau2_full_flash_telecom_0018,C:\Users\86132\Desktop\SafeDesk\benchmarks\tau2-bench\data\simulations\tau2_full_flash_telecom_0018\results.json,,2026-07-10T12:46:43
tau2_full_flash,telecom,telecom,none,[mms_issue]break_app_both_permissions|data_mode_off|data_usage_exceeded[PERSONA:Hard],telecom_0018,18,6,passed,1,tau2_full_flash_telecom_0018,C:\Users\86132\Desktop\SafeDesk\benchmarks\tau2-bench\data\simulations\tau2_full_flash_telecom_0018\results.json,,2026-07-10T12:46:43
tau2_full_flash,telecom,telecom,none,[mms_issue]bad_network_preference|data_mode_off|user_abroad_roaming_enabled_off[PERSONA:None],telecom_0018,18,7,passed,1,tau2_full_flash_telecom_0018,C:\Users\86132\Desktop\SafeDesk\benchmarks\tau2-bench\data\simulations\tau2_full_flash_telecom_0018\results.json,,2026-07-10T12:46:43
tau2_full_flash,telecom,telecom,none,[mms_issue]bad_wifi_calling|data_mode_off|user_abroad_roaming_enabled_off[PERSONA:Easy],telecom_0018,18,8,passed,1,tau2_full_flash_telecom_0018,C:\Users\86132\Desktop\SafeDesk\benchmarks\tau2-bench\data\simulations\tau2_full_flash_telecom_0018\results.json,,2026-07-10T12:46:43
tau2_full_flash,telecom,telecom,none,[mms_issue]break_apn_mms_setting|data_mode_off|user_abroad_roaming_enabled_off[PERSONA:Hard],telecom_0018,18,9,passed,1,tau2_full_flash_telecom_0018,C:\Users\86132\Desktop\SafeDesk\benchmarks\tau2-bench\data\simulations\tau2_full_flash_telecom_0018\results.json,,2026-07-10T12:46:43
tau2_full_flash,telecom,telecom,none,[mms_issue]break_app_sms_permission|data_mode_off|user_abroad_roaming_enabled_off[PERSONA:None],telecom_0018,18,10,passed,1,tau2_full_flash_telecom_0018,C:\Users\86132\Desktop\SafeDesk\benchmarks\tau2-bench\data\simulations\tau2_full_flash_telecom_0018\results.json,,2026-07-10T12:46:43
tau2_full_flash,telecom,telecom,none,[mms_issue]break_app_storage_permission|data_mode_off|user_abroad_roaming_enabled_off[PERSONA:Easy],telecom_0018,18,11,passed,1,tau2_full_flash_telecom_0018,C:\Users\86132\Desktop\SafeDesk\benchmarks\tau2-bench\data\simulations\tau2_full_flash_telecom_0018\results.json,,2026-07-10T12:46:43
tau2_full_flash,telecom,telecom,none,[mms_issue]break_app_both_permissions|data_mode_off|user_abroad_roaming_enabled_off[PERSONA:Hard],telecom_0018,18,12,passed,1,tau2_full_flash_telecom_0018,C:\Users\86132\Desktop\SafeDesk\benchmarks\tau2-bench\data\simulations\tau2_full_flash_telecom_0018\results.json,,2026-07-10T12:46:43
tau2_full_flash,telecom,telecom,none,[mms_issue]bad_network_preference|data_mode_off|user_abroad_roaming_disabled_on[PERSONA:None],telecom_0018,18,13,passed,1,tau2_full_flash_telecom_0018,C:\Users\86132\Desktop\SafeDesk\benchmarks\tau2-bench\data\simulations\tau2_full_flash_telecom_0018\results.json,,2026-07-10T12:46:43
tau2_full_flash,telecom,telecom,none,[mms_issue]bad_wifi_calling|data_mode_off|user_abroad_roaming_disabled_on[PERSONA:Easy],telecom_0018,18,14,passed,1,tau2_full_flash_telecom_0018,C:\Users\86132\Desktop\SafeDesk\benchmarks\tau2-bench\data\simulations\tau2_full_flash_telecom_0018\results.json,,2026-07-10T12:46:43
tau2_full_flash,telecom,telecom,none,[mms_issue]break_apn_mms_setting|data_mode_off|user_abroad_roaming_disabled_on[PERSONA:Hard],telecom_0018,18,15,passed,1,tau2_full_flash_telecom_0018,C:\Users\86132\Desktop\SafeDesk\benchmarks\tau2-bench\data\simulations\tau2_full_flash_telecom_0018\results.json,,2026-07-10T12:46:43
tau2_full_flash,telecom,telecom,none,[mms_issue]break_app_sms_permission|data_mode_off|user_abroad_roaming_disabled_on[PERSONA:None],telecom_0018,18,16,passed,1,tau2_full_flash_telecom_0018,C:\Users\86132\Desktop\SafeDesk\benchmarks\tau2-bench\data\simulations\tau2_full_flash_telecom_0018\results.json,,2026-07-10T12:46:43
tau2_full_flash,telecom,telecom,none,[mms_issue]break_app_storage_permission|data_mode_off|user_abroad_roaming_disabled_on[PERSONA:Easy],telecom_0018,18,17,passed,1,tau2_full_flash_telecom_0018,C:\Users\86132\Desktop\SafeDesk\benchmarks\tau2-bench\data\simulations\tau2_full_flash_telecom_0018\results.json,,2026-07-10T12:46:43
tau2_full_flash,telecom,telecom,none,[mms_issue]break_app_both_permissions|data_mode_off|user_abroad_roaming_disabled_on[PERSONA:Hard],telecom_0018,18,18,passed,1,tau2_full_flash_telecom_0018,C:\Users\86132\Desktop\SafeDesk\benchmarks\tau2-bench\data\simulations\tau2_full_flash_telecom_0018\results.json,,2026-07-10T12:46:43
tau2_full_flash,telecom,telecom,none,[mms_issue]bad_network_preference|data_mode_off|user_abroad_roaming_disabled_off[PERSONA:None],telecom_0018,18,19,passed,1,tau2_full_flash_telecom_0018,C:\Users\86132\Desktop\SafeDesk\benchmarks\tau2-bench\data\simulations\tau2_full_flash_telecom_0018\results.json,,2026-07-10T12:46:43
tau2_full_flash,telecom,telecom,none,[mms_issue]bad_wifi_calling|data_mode_off|user_abroad_roaming_disabled_off[PERSONA:Easy],telecom_0018,18,20,passed,1,tau2_full_flash_telecom_0018,C:\Users\86132\Desktop\SafeDesk\benchmarks\tau2-bench\data\simulations\tau2_full_flash_telecom_0018\results.json,,2026-07-10T12:46:43
tau2_full_flash,telecom,telecom,none,[mms_issue]break_apn_mms_setting|data_mode_off|user_abroad_roaming_disabled_off[PERSONA:Hard],telecom_0018,18,21,passed,1,tau2_full_flash_telecom_0018,C:\Users\86132\Desktop\SafeDesk\benchmarks\tau2-bench\data\simulations\tau2_full_flash_telecom_0018\results.json,,2026-07-10T12:46:43
tau2_full_flash,telecom,telecom,none,[mms_issue]break_app_sms_permission|data_mode_off|user_abroad_roaming_disabled_off[PERSONA:None],telecom_0018,18,22,passed,1,tau2_full_flash_telecom_0018,C:\Users\86132\Desktop\SafeDesk\benchmarks\tau2-bench\data\simulations\tau2_full_flash_telecom_0018\results.json,,2026-07-10T12:46:43
tau2_full_flash,telecom,telecom,none,[mms_issue]break_app_storage_permission|data_mode_off|user_abroad_roaming_disabled_off[PERSONA:Easy],telecom_0018,18,23,passed,1,tau2_full_flash_telecom_0018,C:\Users\86132\Desktop\SafeDesk\benchmarks\tau2-bench\data\simulations\tau2_full_flash_telecom_0018\results.json,,2026-07-10T12:46:43
tau2_full_flash,telecom,telecom,none,[mms_issue]break_app_both_permissions|data_mode_off|user_abroad_roaming_disabled_off[PERSONA:Hard],telecom_0018,18,24,passed,1,tau2_full_flash_telecom_0018,C:\Users\86132\Desktop\SafeDesk\benchmarks\tau2-bench\data\simulations\tau2_full_flash_telecom_0018\results.json,,2026-07-10T12:46:43
tau2_full_flash,telecom,telecom,none,[mms_issue]bad_network_preference|bad_wifi_calling|data_mode_off[PERSONA:None],telecom_0019,19,0,passed,1,tau2_full_flash_telecom_0019,C:\Users\86132\Desktop\SafeDesk\benchmarks\tau2-bench\data\simulations\tau2_full_flash_telecom_0019\results.json,,2026-07-10T13:17:39
tau2_full_flash,telecom,telecom,none,[mms_issue]bad_network_preference|break_apn_mms_setting|data_mode_off[PERSONA:Easy],telecom_0019,19,1,passed,1,tau2_full_flash_telecom_0019,C:\Users\86132\Desktop\SafeDesk\benchmarks\tau2-bench\data\simulations\tau2_full_flash_telecom_0019\results.json,,2026-07-10T13:17:39
tau2_full_flash,telecom,telecom,none,[mms_issue]bad_network_preference|break_app_sms_permission|data_mode_off[PERSONA:Hard],telecom_0019,19,2,passed,1,tau2_full_flash_telecom_0019,C:\Users\86132\Desktop\SafeDesk\benchmarks\tau2-bench\data\simulations\tau2_full_flash_telecom_0019\results.json,,2026-07-10T13:17:39
tau2_full_flash,telecom,telecom,none,[mms_issue]bad_network_preference|break_app_storage_permission|data_mode_off[PERSONA:None],telecom_0019,19,3,infra_error,1,tau2_full_flash_telecom_0019,C:\Users\86132\Desktop\SafeDesk\benchmarks\tau2-bench\data\simulations\tau2_full_flash_telecom_0019\results.json,infra_error,2026-07-10T13:17:39
tau2_full_flash,telecom,telecom,none,[mms_issue]bad_network_preference|break_app_both_permissions|data_mode_off[PERSONA:Easy],telecom_0019,19,4,passed,1,tau2_full_flash_telecom_0019,C:\Users\86132\Desktop\SafeDesk\benchmarks\tau2-bench\data\simulations\tau2_full_flash_telecom_0019\results.json,,2026-07-10T13:17:39
tau2_full_flash,telecom,telecom,none,[mms_issue]bad_wifi_calling|break_apn_mms_setting|data_mode_off[PERSONA:Hard],telecom_0019,19,5,passed,1,tau2_full_flash_telecom_0019,C:\Users\86132\Desktop\SafeDesk\benchmarks\tau2-bench\data\simulations\tau2_full_flash_telecom_0019\results.json,,2026-07-10T13:17:39
tau2_full_flash,telecom,telecom,none,[mms_issue]bad_wifi_calling|break_app_sms_permission|data_mode_off[PERSONA:None],telecom_0019,19,6,passed,1,tau2_full_flash_telecom_0019,C:\Users\86132\Desktop\SafeDesk\benchmarks\tau2-bench\data\simulations\tau2_full_flash_telecom_0019\results.json,,2026-07-10T13:17:39
tau2_full_flash,telecom,telecom,none,[mms_issue]bad_wifi_calling|break_app_storage_permission|data_mode_off[PERSONA:Easy],telecom_0019,19,7,passed,1,tau2_full_flash_telecom_0019,C:\Users\86132\Desktop\SafeDesk\benchmarks\tau2-bench\data\simulations\tau2_full_flash_telecom_0019\results.json,,2026-07-10T13:17:39
tau2_full_flash,telecom,telecom,none,[mms_issue]bad_wifi_calling|break_app_both_permissions|data_mode_off[PERSONA:Hard],telecom_0019,19,8,passed,1,tau2_full_flash_telecom_0019,C:\Users\86132\Desktop\SafeDesk\benchmarks\tau2-bench\data\simulations\tau2_full_flash_telecom_0019\results.json,,2026-07-10T13:17:39
tau2_full_flash,telecom,telecom,none,[mms_issue]break_apn_mms_setting|break_app_sms_permission|data_mode_off[PERSONA:None],telecom_0019,19,9,infra_error,1,tau2_full_flash_telecom_0019,C:\Users\86132\Desktop\SafeDesk\benchmarks\tau2-bench\data\simulations\tau2_full_flash_telecom_0019\results.json,infra_error,2026-07-10T13:17:39
tau2_full_flash,telecom,telecom,none,[mms_issue]break_apn_mms_setting|break_app_storage_permission|data_mode_off[PERSONA:Easy],telecom_0019,19,10,passed,1,tau2_full_flash_telecom_0019,C:\Users\86132\Desktop\SafeDesk\benchmarks\tau2-bench\data\simulations\tau2_full_flash_telecom_0019\results.json,,2026-07-10T13:17:39
tau2_full_flash,telecom,telecom,none,[mms_issue]break_apn_mms_setting|break_app_both_permissions|data_mode_off[PERSONA:Hard],telecom_0019,19,11,passed,1,tau2_full_flash_telecom_0019,C:\Users\86132\Desktop\SafeDesk\benchmarks\tau2-bench\data\simulations\tau2_full_flash_telecom_0019\results.json,,2026-07-10T13:17:39
tau2_full_flash,telecom,telecom,none,[mms_issue]bad_network_preference|data_usage_exceeded|user_abroad_roaming_enabled_off[PERSONA:None],telecom_0019,19,12,passed,1,tau2_full_flash_telecom_0019,C:\Users\86132\Desktop\SafeDesk\benchmarks\tau2-bench\data\simulations\tau2_full_flash_telecom_0019\results.json,,2026-07-10T13:17:39
tau2_full_flash,telecom,telecom,none,[mms_issue]bad_wifi_calling|data_usage_exceeded|user_abroad_roaming_enabled_off[PERSONA:Easy],telecom_0019,19,13,passed,1,tau2_full_flash_telecom_0019,C:\Users\86132\Desktop\SafeDesk\benchmarks\tau2-bench\data\simulations\tau2_full_flash_telecom_0019\results.json,,2026-07-10T13:17:39
tau2_full_flash,telecom,telecom,none,[mms_issue]break_apn_mms_setting|data_usage_exceeded|user_abroad_roaming_enabled_off[PERSONA:Hard],telecom_0019,19,14,passed,1,tau2_full_flash_telecom_0019,C:\Users\86132\Desktop\SafeDesk\benchmarks\tau2-bench\data\simulations\tau2_full_flash_telecom_0019\results.json,,2026-07-10T13:17:39
tau2_full_flash,telecom,telecom,none,[mms_issue]break_app_sms_permission|data_usage_exceeded|user_abroad_roaming_enabled_off[PERSONA:None],telecom_0019,19,15,passed,1,tau2_full_flash_telecom_0019,C:\Users\86132\Desktop\SafeDesk\benchmarks\tau2-bench\data\simulations\tau2_full_flash_telecom_0019\results.json,,2026-07-10T13:17:39
tau2_full_flash,telecom,telecom,none,[mms_issue]break_app_storage_permission|data_usage_exceeded|user_abroad_roaming_enabled_off[PERSONA:Easy],telecom_0019,19,16,passed,1,tau2_full_flash_telecom_0019,C:\Users\86132\Desktop\SafeDesk\benchmarks\tau2-bench\data\simulations\tau2_full_flash_telecom_0019\results.json,,2026-07-10T13:17:39
tau2_full_flash,telecom,telecom,none,[mms_issue]break_app_both_permissions|data_usage_exceeded|user_abroad_roaming_enabled_off[PERSONA:Hard],telecom_0019,19,17,passed,1,tau2_full_flash_telecom_0019,C:\Users\86132\Desktop\SafeDesk\benchmarks\tau2-bench\data\simulations\tau2_full_flash_telecom_0019\results.json,,2026-07-10T13:17:39
tau2_full_flash,telecom,telecom,none,[mms_issue]bad_network_preference|data_usage_exceeded|user_abroad_roaming_disabled_on[PERSONA:None],telecom_0019,19,18,passed,1,tau2_full_flash_telecom_0019,C:\Users\86132\Desktop\SafeDesk\benchmarks\tau2-bench\data\simulations\tau2_full_flash_telecom_0019\results.json,,2026-07-10T13:17:39
tau2_full_flash,telecom,telecom,none,[mms_issue]bad_wifi_calling|data_usage_exceeded|user_abroad_roaming_disabled_on[PERSONA:Easy],telecom_0019,19,19,passed,1,tau2_full_flash_telecom_0019,C:\Users\86132\Desktop\SafeDesk\benchmarks\tau2-bench\data\simulations\tau2_full_flash_telecom_0019\results.json,,2026-07-10T13:17:39
tau2_full_flash,telecom,telecom,none,[mms_issue]break_apn_mms_setting|data_usage_exceeded|user_abroad_roaming_disabled_on[PERSONA:Hard],telecom_0019,19,20,passed,1,tau2_full_flash_telecom_0019,C:\Users\86132\Desktop\SafeDesk\benchmarks\tau2-bench\data\simulations\tau2_full_flash_telecom_0019\results.json,,2026-07-10T13:17:39
tau2_full_flash,telecom,telecom,none,[mms_issue]break_app_sms_permission|data_usage_exceeded|user_abroad_roaming_disabled_on[PERSONA:None],telecom_0019,19,21,passed,1,tau2_full_flash_telecom_0019,C:\Users\86132\Desktop\SafeDesk\benchmarks\tau2-bench\data\simulations\tau2_full_flash_telecom_0019\results.json,,2026-07-10T13:17:39
tau2_full_flash,telecom,telecom,none,[mms_issue]break_app_storage_permission|data_usage_exceeded|user_abroad_roaming_disabled_on[PERSONA:Easy],telecom_0019,19,22,passed,1,tau2_full_flash_telecom_0019,C:\Users\86132\Desktop\SafeDesk\benchmarks\tau2-bench\data\simulations\tau2_full_flash_telecom_0019\results.json,,2026-07-10T13:17:39
tau2_full_flash,telecom,telecom,none,[mms_issue]break_app_both_permissions|data_usage_exceeded|user_abroad_roaming_disabled_on[PERSONA:Hard],telecom_0019,19,23,passed,1,tau2_full_flash_telecom_0019,C:\Users\86132\Desktop\SafeDesk\benchmarks\tau2-bench\data\simulations\tau2_full_flash_telecom_0019\results.json,,2026-07-10T13:17:39
tau2_full_flash,telecom,telecom,none,[mms_issue]bad_network_preference|data_usage_exceeded|user_abroad_roaming_disabled_off[PERSONA:None],telecom_0019,19,24,passed,1,tau2_full_flash_telecom_0019,C:\Users\86132\Desktop\SafeDesk\benchmarks\tau2-bench\data\simulations\tau2_full_flash_telecom_0019\results.json,,2026-07-10T13:17:39
tau2_full_flash,telecom,telecom,none,[mms_issue]bad_wifi_calling|data_usage_exceeded|user_abroad_roaming_disabled_off[PERSONA:Easy],telecom_0020,20,0,passed,1,tau2_full_flash_telecom_0020,C:\Users\86132\Desktop\SafeDesk\benchmarks\tau2-bench\data\simulations\tau2_full_flash_telecom_0020\results.json,,2026-07-10T13:46:22
tau2_full_flash,telecom,telecom,none,[mms_issue]break_apn_mms_setting|data_usage_exceeded|user_abroad_roaming_disabled_off[PERSONA:Hard],telecom_0020,20,1,passed,1,tau2_full_flash_telecom_0020,C:\Users\86132\Desktop\SafeDesk\benchmarks\tau2-bench\data\simulations\tau2_full_flash_telecom_0020\results.json,,2026-07-10T13:46:22
tau2_full_flash,telecom,telecom,none,[mms_issue]break_app_sms_permission|data_usage_exceeded|user_abroad_roaming_disabled_off[PERSONA:None],telecom_0020,20,2,passed,1,tau2_full_flash_telecom_0020,C:\Users\86132\Desktop\SafeDesk\benchmarks\tau2-bench\data\simulations\tau2_full_flash_telecom_0020\results.json,,2026-07-10T13:46:22
tau2_full_flash,telecom,telecom,none,[mms_issue]break_app_storage_permission|data_usage_exceeded|user_abroad_roaming_disabled_off[PERSONA:Easy],telecom_0020,20,3,passed,1,tau2_full_flash_telecom_0020,C:\Users\86132\Desktop\SafeDesk\benchmarks\tau2-bench\data\simulations\tau2_full_flash_telecom_0020\results.json,,2026-07-10T13:46:22
tau2_full_flash,telecom,telecom,none,[mms_issue]break_app_both_permissions|data_usage_exceeded|user_abroad_roaming_disabled_off[PERSONA:Hard],telecom_0020,20,4,passed,1,tau2_full_flash_telecom_0020,C:\Users\86132\Desktop\SafeDesk\benchmarks\tau2-bench\data\simulations\tau2_full_flash_telecom_0020\results.json,,2026-07-10T13:46:22
tau2_full_flash,telecom,telecom,none,[mms_issue]bad_network_preference|bad_wifi_calling|data_usage_exceeded[PERSONA:None],telecom_0020,20,5,infra_error,1,tau2_full_flash_telecom_0020,C:\Users\86132\Desktop\SafeDesk\benchmarks\tau2-bench\data\simulations\tau2_full_flash_telecom_0020\results.json,infra_error,2026-07-10T13:46:22
tau2_full_flash,telecom,telecom,none,[mms_issue]bad_network_preference|break_apn_mms_setting|data_usage_exceeded[PERSONA:Easy],telecom_0020,20,6,passed,1,tau2_full_flash_telecom_0020,C:\Users\86132\Desktop\SafeDesk\benchmarks\tau2-bench\data\simulations\tau2_full_flash_telecom_0020\results.json,,2026-07-10T13:46:22
tau2_full_flash,telecom,telecom,none,[mms_issue]bad_network_preference|break_app_sms_permission|data_usage_exceeded[PERSONA:Hard],telecom_0020,20,7,failed_model,1,tau2_full_flash_telecom_0020,C:\Users\86132\Desktop\SafeDesk\benchmarks\tau2-bench\data\simulations\tau2_full_flash_telecom_0020\results.json,model_failure,2026-07-10T13:46:22
tau2_full_flash,telecom,telecom,none,[mms_issue]bad_network_preference|break_app_storage_permission|data_usage_exceeded[PERSONA:None],telecom_0020,20,8,infra_error,1,tau2_full_flash_telecom_0020,C:\Users\86132\Desktop\SafeDesk\benchmarks\tau2-bench\data\simulations\tau2_full_flash_telecom_0020\results.json,infra_error,2026-07-10T13:46:22
tau2_full_flash,telecom,telecom,none,[mms_issue]bad_network_preference|break_app_both_permissions|data_usage_exceeded[PERSONA:Easy],telecom_0020,20,9,passed,1,tau2_full_flash_telecom_0020,C:\Users\86132\Desktop\SafeDesk\benchmarks\tau2-bench\data\simulations\tau2_full_flash_telecom_0020\results.json,,2026-07-10T13:46:22
tau2_full_flash,telecom,telecom,none,[mms_issue]bad_wifi_calling|break_apn_mms_setting|data_usage_exceeded[PERSONA:Hard],telecom_0020,20,10,passed,1,tau2_full_flash_telecom_0020,C:\Users\86132\Desktop\SafeDesk\benchmarks\tau2-bench\data\simulations\tau2_full_flash_telecom_0020\results.json,,2026-07-10T13:46:22
tau2_full_flash,telecom,telecom,none,[mms_issue]bad_wifi_calling|break_app_sms_permission|data_usage_exceeded[PERSONA:None],telecom_0020,20,11,passed,1,tau2_full_flash_telecom_0020,C:\Users\86132\Desktop\SafeDesk\benchmarks\tau2-bench\data\simulations\tau2_full_flash_telecom_0020\results.json,,2026-07-10T13:46:22
tau2_full_flash,telecom,telecom,none,[mms_issue]bad_wifi_calling|break_app_storage_permission|data_usage_exceeded[PERSONA:Easy],telecom_0020,20,12,passed,1,tau2_full_flash_telecom_0020,C:\Users\86132\Desktop\SafeDesk\benchmarks\tau2-bench\data\simulations\tau2_full_flash_telecom_0020\results.json,,2026-07-10T13:46:22
tau2_full_flash,telecom,telecom,none,[mms_issue]bad_wifi_calling|break_app_both_permissions|data_usage_exceeded[PERSONA:Hard],telecom_0020,20,13,passed,1,tau2_full_flash_telecom_0020,C:\Users\86132\Desktop\SafeDesk\benchmarks\tau2-bench\data\simulations\tau2_full_flash_telecom_0020\results.json,,2026-07-10T13:46:22
tau2_full_flash,telecom,telecom,none,[mms_issue]break_apn_mms_setting|break_app_sms_permission|data_usage_exceeded[PERSONA:None],telecom_0020,20,14,infra_error,1,tau2_full_flash_telecom_0020,C:\Users\86132\Desktop\SafeDesk\benchmarks\tau2-bench\data\simulations\tau2_full_flash_telecom_0020\results.json,infra_error,2026-07-10T13:46:22
tau2_full_flash,telecom,telecom,none,[mms_issue]break_apn_mms_setting|break_app_storage_permission|data_usage_exceeded[PERSONA:Easy],telecom_0020,20,15,passed,1,tau2_full_flash_telecom_0020,C:\Users\86132\Desktop\SafeDesk\benchmarks\tau2-bench\data\simulations\tau2_full_flash_telecom_0020\results.json,,2026-07-10T13:46:22
tau2_full_flash,telecom,telecom,none,[mms_issue]break_apn_mms_setting|break_app_both_permissions|data_usage_exceeded[PERSONA:Hard],telecom_0020,20,16,passed,1,tau2_full_flash_telecom_0020,C:\Users\86132\Desktop\SafeDesk\benchmarks\tau2-bench\data\simulations\tau2_full_flash_telecom_0020\results.json,,2026-07-10T13:46:22
tau2_full_flash,telecom,telecom,none,[mms_issue]bad_network_preference|bad_wifi_calling|user_abroad_roaming_enabled_off[PERSONA:None],telecom_0020,20,17,passed,1,tau2_full_flash_telecom_0020,C:\Users\86132\Desktop\SafeDesk\benchmarks\tau2-bench\data\simulations\tau2_full_flash_telecom_0020\results.json,,2026-07-10T13:46:22
tau2_full_flash,telecom,telecom,none,[mms_issue]bad_network_preference|break_apn_mms_setting|user_abroad_roaming_enabled_off[PERSONA:Easy],telecom_0020,20,18,passed,1,tau2_full_flash_telecom_0020,C:\Users\86132\Desktop\SafeDesk\benchmarks\tau2-bench\data\simulations\tau2_full_flash_telecom_0020\results.json,,2026-07-10T13:46:22
tau2_full_flash,telecom,telecom,none,[mms_issue]bad_network_preference|break_app_sms_permission|user_abroad_roaming_enabled_off[PERSONA:Hard],telecom_0020,20,19,passed,1,tau2_full_flash_telecom_0020,C:\Users\86132\Desktop\SafeDesk\benchmarks\tau2-bench\data\simulations\tau2_full_flash_telecom_0020\results.json,,2026-07-10T13:46:22
tau2_full_flash,telecom,telecom,none,[mms_issue]bad_network_preference|break_app_storage_permission|user_abroad_roaming_enabled_off[PERSONA:None],telecom_0020,20,20,passed,1,tau2_full_flash_telecom_0020,C:\Users\86132\Desktop\SafeDesk\benchmarks\tau2-bench\data\simulations\tau2_full_flash_telecom_0020\results.json,,2026-07-10T13:46:22
tau2_full_flash,telecom,telecom,none,[mms_issue]bad_network_preference|break_app_both_permissions|user_abroad_roaming_enabled_off[PERSONA:Easy],telecom_0020,20,21,passed,1,tau2_full_flash_telecom_0020,C:\Users\86132\Desktop\SafeDesk\benchmarks\tau2-bench\data\simulations\tau2_full_flash_telecom_0020\results.json,,2026-07-10T13:46:22
tau2_full_flash,telecom,telecom,none,[mms_issue]bad_wifi_calling|break_apn_mms_setting|user_abroad_roaming_enabled_off[PERSONA:Hard],telecom_0020,20,22,passed,1,tau2_full_flash_telecom_0020,C:\Users\86132\Desktop\SafeDesk\benchmarks\tau2-bench\data\simulations\tau2_full_flash_telecom_0020\results.json,,2026-07-10T13:46:22
tau2_full_flash,telecom,telecom,none,[mms_issue]bad_wifi_calling|break_app_sms_permission|user_abroad_roaming_enabled_off[PERSONA:None],telecom_0020,20,23,passed,1,tau2_full_flash_telecom_0020,C:\Users\86132\Desktop\SafeDesk\benchmarks\tau2-bench\data\simulations\tau2_full_flash_telecom_0020\results.json,,2026-07-10T13:46:22
tau2_full_flash,telecom,telecom,none,[mms_issue]bad_wifi_calling|break_app_storage_permission|user_abroad_roaming_enabled_off[PERSONA:Easy],telecom_0020,20,24,passed,1,tau2_full_flash_telecom_0020,C:\Users\86132\Desktop\SafeDesk\benchmarks\tau2-bench\data\simulations\tau2_full_flash_telecom_0020\results.json,,2026-07-10T13:46:22
tau2_full_flash,telecom,telecom,none,[mms_issue]bad_wifi_calling|break_app_both_permissions|user_abroad_roaming_enabled_off[PERSONA:Hard],telecom_0021,21,0,passed,1,tau2_full_flash_telecom_0021,C:\Users\86132\Desktop\SafeDesk\benchmarks\tau2-bench\data\simulations\tau2_full_flash_telecom_0021\results.json,,2026-07-10T14:12:23
tau2_full_flash,telecom,telecom,none,[mms_issue]break_apn_mms_setting|break_app_sms_permission|user_abroad_roaming_enabled_off[PERSONA:None],telecom_0021,21,1,passed,1,tau2_full_flash_telecom_0021,C:\Users\86132\Desktop\SafeDesk\benchmarks\tau2-bench\data\simulations\tau2_full_flash_telecom_0021\results.json,,2026-07-10T14:12:23
tau2_full_flash,telecom,telecom,none,[mms_issue]break_apn_mms_setting|break_app_storage_permission|user_abroad_roaming_enabled_off[PERSONA:Easy],telecom_0021,21,2,passed,1,tau2_full_flash_telecom_0021,C:\Users\86132\Desktop\SafeDesk\benchmarks\tau2-bench\data\simulations\tau2_full_flash_telecom_0021\results.json,,2026-07-10T14:12:23
tau2_full_flash,telecom,telecom,none,[mms_issue]break_apn_mms_setting|break_app_both_permissions|user_abroad_roaming_enabled_off[PERSONA:Hard],telecom_0021,21,3,passed,1,tau2_full_flash_telecom_0021,C:\Users\86132\Desktop\SafeDesk\benchmarks\tau2-bench\data\simulations\tau2_full_flash_telecom_0021\results.json,,2026-07-10T14:12:23
tau2_full_flash,telecom,telecom,none,[mms_issue]bad_network_preference|bad_wifi_calling|user_abroad_roaming_disabled_on[PERSONA:None],telecom_0021,21,4,passed,1,tau2_full_flash_telecom_0021,C:\Users\86132\Desktop\SafeDesk\benchmarks\tau2-bench\data\simulations\tau2_full_flash_telecom_0021\results.json,,2026-07-10T14:12:23
tau2_full_flash,telecom,telecom,none,[mms_issue]bad_network_preference|break_apn_mms_setting|user_abroad_roaming_disabled_on[PERSONA:Easy],telecom_0021,21,5,passed,1,tau2_full_flash_telecom_0021,C:\Users\86132\Desktop\SafeDesk\benchmarks\tau2-bench\data\simulations\tau2_full_flash_telecom_0021\results.json,,2026-07-10T14:12:23
tau2_full_flash,telecom,telecom,none,[mms_issue]bad_network_preference|break_app_sms_permission|user_abroad_roaming_disabled_on[PERSONA:Hard],telecom_0021,21,6,passed,1,tau2_full_flash_telecom_0021,C:\Users\86132\Desktop\SafeDesk\benchmarks\tau2-bench\data\simulations\tau2_full_flash_telecom_0021\results.json,,2026-07-10T14:12:23
tau2_full_flash,telecom,telecom,none,[mms_issue]bad_network_preference|break_app_storage_permission|user_abroad_roaming_disabled_on[PERSONA:None],telecom_0021,21,7,passed,1,tau2_full_flash_telecom_0021,C:\Users\86132\Desktop\SafeDesk\benchmarks\tau2-bench\data\simulations\tau2_full_flash_telecom_0021\results.json,,2026-07-10T14:12:23
tau2_full_flash,telecom,telecom,none,[mms_issue]bad_network_preference|break_app_both_permissions|user_abroad_roaming_disabled_on[PERSONA:Easy],telecom_0021,21,8,passed,1,tau2_full_flash_telecom_0021,C:\Users\86132\Desktop\SafeDesk\benchmarks\tau2-bench\data\simulations\tau2_full_flash_telecom_0021\results.json,,2026-07-10T14:12:23
tau2_full_flash,telecom,telecom,none,[mms_issue]bad_wifi_calling|break_apn_mms_setting|user_abroad_roaming_disabled_on[PERSONA:Hard],telecom_0021,21,9,passed,1,tau2_full_flash_telecom_0021,C:\Users\86132\Desktop\SafeDesk\benchmarks\tau2-bench\data\simulations\tau2_full_flash_telecom_0021\results.json,,2026-07-10T14:12:23
tau2_full_flash,telecom,telecom,none,[mms_issue]bad_wifi_calling|break_app_sms_permission|user_abroad_roaming_disabled_on[PERSONA:None],telecom_0021,21,10,passed,1,tau2_full_flash_telecom_0021,C:\Users\86132\Desktop\SafeDesk\benchmarks\tau2-bench\data\simulations\tau2_full_flash_telecom_0021\results.json,,2026-07-10T14:12:23
tau2_full_flash,telecom,telecom,none,[mms_issue]bad_wifi_calling|break_app_storage_permission|user_abroad_roaming_disabled_on[PERSONA:Easy],telecom_0021,21,11,passed,1,tau2_full_flash_telecom_0021,C:\Users\86132\Desktop\SafeDesk\benchmarks\tau2-bench\data\simulations\tau2_full_flash_telecom_0021\results.json,,2026-07-10T14:12:23
tau2_full_flash,telecom,telecom,none,[mms_issue]bad_wifi_calling|break_app_both_permissions|user_abroad_roaming_disabled_on[PERSONA:Hard],telecom_0021,21,12,passed,1,tau2_full_flash_telecom_0021,C:\Users\86132\Desktop\SafeDesk\benchmarks\tau2-bench\data\simulations\tau2_full_flash_telecom_0021\results.json,,2026-07-10T14:12:23
tau2_full_flash,telecom,telecom,none,[mms_issue]break_apn_mms_setting|break_app_sms_permission|user_abroad_roaming_disabled_on[PERSONA:None],telecom_0021,21,13,passed,1,tau2_full_flash_telecom_0021,C:\Users\86132\Desktop\SafeDesk\benchmarks\tau2-bench\data\simulations\tau2_full_flash_telecom_0021\results.json,,2026-07-10T14:12:23
tau2_full_flash,telecom,telecom,none,[mms_issue]break_apn_mms_setting|break_app_storage_permission|user_abroad_roaming_disabled_on[PERSONA:Easy],telecom_0021,21,14,passed,1,tau2_full_flash_telecom_0021,C:\Users\86132\Desktop\SafeDesk\benchmarks\tau2-bench\data\simulations\tau2_full_flash_telecom_0021\results.json,,2026-07-10T14:12:23
tau2_full_flash,telecom,telecom,none,[mms_issue]break_apn_mms_setting|break_app_both_permissions|user_abroad_roaming_disabled_on[PERSONA:Hard],telecom_0021,21,15,passed,1,tau2_full_flash_telecom_0021,C:\Users\86132\Desktop\SafeDesk\benchmarks\tau2-bench\data\simulations\tau2_full_flash_telecom_0021\results.json,,2026-07-10T14:12:23
tau2_full_flash,telecom,telecom,none,[mms_issue]bad_network_preference|bad_wifi_calling|user_abroad_roaming_disabled_off[PERSONA:None],telecom_0021,21,16,passed,1,tau2_full_flash_telecom_0021,C:\Users\86132\Desktop\SafeDesk\benchmarks\tau2-bench\data\simulations\tau2_full_flash_telecom_0021\results.json,,2026-07-10T14:12:23
tau2_full_flash,telecom,telecom,none,[mms_issue]bad_network_preference|break_apn_mms_setting|user_abroad_roaming_disabled_off[PERSONA:Easy],telecom_0021,21,17,passed,1,tau2_full_flash_telecom_0021,C:\Users\86132\Desktop\SafeDesk\benchmarks\tau2-bench\data\simulations\tau2_full_flash_telecom_0021\results.json,,2026-07-10T14:12:23
tau2_full_flash,telecom,telecom,none,[mms_issue]bad_network_preference|break_app_sms_permission|user_abroad_roaming_disabled_off[PERSONA:Hard],telecom_0021,21,18,passed,1,tau2_full_flash_telecom_0021,C:\Users\86132\Desktop\SafeDesk\benchmarks\tau2-bench\data\simulations\tau2_full_flash_telecom_0021\results.json,,2026-07-10T14:12:23
tau2_full_flash,telecom,telecom,none,[mms_issue]bad_network_preference|break_app_storage_permission|user_abroad_roaming_disabled_off[PERSONA:None],telecom_0021,21,19,passed,1,tau2_full_flash_telecom_0021,C:\Users\86132\Desktop\SafeDesk\benchmarks\tau2-bench\data\simulations\tau2_full_flash_telecom_0021\results.json,,2026-07-10T14:12:23
tau2_full_flash,telecom,telecom,none,[mms_issue]bad_network_preference|break_app_both_permissions|user_abroad_roaming_disabled_off[PERSONA:Easy],telecom_0021,21,20,passed,1,tau2_full_flash_telecom_0021,C:\Users\86132\Desktop\SafeDesk\benchmarks\tau2-bench\data\simulations\tau2_full_flash_telecom_0021\results.json,,2026-07-10T14:12:23
tau2_full_flash,telecom,telecom,none,[mms_issue]bad_wifi_calling|break_apn_mms_setting|user_abroad_roaming_disabled_off[PERSONA:Hard],telecom_0021,21,21,passed,1,tau2_full_flash_telecom_0021,C:\Users\86132\Desktop\SafeDesk\benchmarks\tau2-bench\data\simulations\tau2_full_flash_telecom_0021\results.json,,2026-07-10T14:12:23
tau2_full_flash,telecom,telecom,none,[mms_issue]bad_wifi_calling|break_app_sms_permission|user_abroad_roaming_disabled_off[PERSONA:None],telecom_0021,21,22,passed,1,tau2_full_flash_telecom_0021,C:\Users\86132\Desktop\SafeDesk\benchmarks\tau2-bench\data\simulations\tau2_full_flash_telecom_0021\results.json,,2026-07-10T14:12:23
tau2_full_flash,telecom,telecom,none,[mms_issue]bad_wifi_calling|break_app_storage_permission|user_abroad_roaming_disabled_off[PERSONA:Easy],telecom_0021,21,23,passed,1,tau2_full_flash_telecom_0021,C:\Users\86132\Desktop\SafeDesk\benchmarks\tau2-bench\data\simulations\tau2_full_flash_telecom_0021\results.json,,2026-07-10T14:12:23
tau2_full_flash,telecom,telecom,none,[mms_issue]bad_wifi_calling|break_app_both_permissions|user_abroad_roaming_disabled_off[PERSONA:Hard],telecom_0021,21,24,passed,1,tau2_full_flash_telecom_0021,C:\Users\86132\Desktop\SafeDesk\benchmarks\tau2-bench\data\simulations\tau2_full_flash_telecom_0021\results.json,,2026-07-10T14:12:23
tau2_full_flash,telecom,telecom,none,[mms_issue]break_apn_mms_setting|break_app_sms_permission|user_abroad_roaming_disabled_off[PERSONA:None],telecom_0022,22,0,passed,1,tau2_full_flash_telecom_0022,C:\Users\86132\Desktop\SafeDesk\benchmarks\tau2-bench\data\simulations\tau2_full_flash_telecom_0022\results.json,,2026-07-10T14:39:46
tau2_full_flash,telecom,telecom,none,[mms_issue]break_apn_mms_setting|break_app_storage_permission|user_abroad_roaming_disabled_off[PERSONA:Easy],telecom_0022,22,1,passed,1,tau2_full_flash_telecom_0022,C:\Users\86132\Desktop\SafeDesk\benchmarks\tau2-bench\data\simulations\tau2_full_flash_telecom_0022\results.json,,2026-07-10T14:39:46
tau2_full_flash,telecom,telecom,none,[mms_issue]break_apn_mms_setting|break_app_both_permissions|user_abroad_roaming_disabled_off[PERSONA:Hard],telecom_0022,22,2,passed,1,tau2_full_flash_telecom_0022,C:\Users\86132\Desktop\SafeDesk\benchmarks\tau2-bench\data\simulations\tau2_full_flash_telecom_0022\results.json,,2026-07-10T14:39:46
tau2_full_flash,telecom,telecom,none,[mms_issue]bad_network_preference|bad_wifi_calling|break_apn_mms_setting[PERSONA:None],telecom_0022,22,3,infra_error,1,tau2_full_flash_telecom_0022,C:\Users\86132\Desktop\SafeDesk\benchmarks\tau2-bench\data\simulations\tau2_full_flash_telecom_0022\results.json,infra_error,2026-07-10T14:39:46
tau2_full_flash,telecom,telecom,none,[mms_issue]bad_network_preference|bad_wifi_calling|break_app_sms_permission[PERSONA:Easy],telecom_0022,22,4,passed,1,tau2_full_flash_telecom_0022,C:\Users\86132\Desktop\SafeDesk\benchmarks\tau2-bench\data\simulations\tau2_full_flash_telecom_0022\results.json,,2026-07-10T14:39:46
tau2_full_flash,telecom,telecom,none,[mms_issue]bad_network_preference|bad_wifi_calling|break_app_storage_permission[PERSONA:Hard],telecom_0022,22,5,passed,1,tau2_full_flash_telecom_0022,C:\Users\86132\Desktop\SafeDesk\benchmarks\tau2-bench\data\simulations\tau2_full_flash_telecom_0022\results.json,,2026-07-10T14:39:46
tau2_full_flash,telecom,telecom,none,[mms_issue]bad_network_preference|bad_wifi_calling|break_app_both_permissions[PERSONA:None],telecom_0022,22,6,passed,1,tau2_full_flash_telecom_0022,C:\Users\86132\Desktop\SafeDesk\benchmarks\tau2-bench\data\simulations\tau2_full_flash_telecom_0022\results.json,,2026-07-10T14:39:46
tau2_full_flash,telecom,telecom,none,[mms_issue]bad_network_preference|break_apn_mms_setting|break_app_sms_permission[PERSONA:Easy],telecom_0022,22,7,passed,1,tau2_full_flash_telecom_0022,C:\Users\86132\Desktop\SafeDesk\benchmarks\tau2-bench\data\simulations\tau2_full_flash_telecom_0022\results.json,,2026-07-10T14:39:46
tau2_full_flash,telecom,telecom,none,[mms_issue]bad_network_preference|break_apn_mms_setting|break_app_storage_permission[PERSONA:Hard],telecom_0022,22,8,passed,1,tau2_full_flash_telecom_0022,C:\Users\86132\Desktop\SafeDesk\benchmarks\tau2-bench\data\simulations\tau2_full_flash_telecom_0022\results.json,,2026-07-10T14:39:46
tau2_full_flash,telecom,telecom,none,[mms_issue]bad_network_preference|break_apn_mms_setting|break_app_both_permissions[PERSONA:None],telecom_0022,22,9,infra_error,1,tau2_full_flash_telecom_0022,C:\Users\86132\Desktop\SafeDesk\benchmarks\tau2-bench\data\simulations\tau2_full_flash_telecom_0022\results.json,infra_error,2026-07-10T14:39:46
tau2_full_flash,telecom,telecom,none,[mms_issue]bad_wifi_calling|break_apn_mms_setting|break_app_sms_permission[PERSONA:Easy],telecom_0022,22,10,passed,1,tau2_full_flash_telecom_0022,C:\Users\86132\Desktop\SafeDesk\benchmarks\tau2-bench\data\simulations\tau2_full_flash_telecom_0022\results.json,,2026-07-10T14:39:46
tau2_full_flash,telecom,telecom,none,[mms_issue]bad_wifi_calling|break_apn_mms_setting|break_app_storage_permission[PERSONA:Hard],telecom_0022,22,11,passed,1,tau2_full_flash_telecom_0022,C:\Users\86132\Desktop\SafeDesk\benchmarks\tau2-bench\data\simulations\tau2_full_flash_telecom_0022\results.json,,2026-07-10T14:39:46
tau2_full_flash,telecom,telecom,none,[mms_issue]bad_wifi_calling|break_apn_mms_setting|break_app_both_permissions[PERSONA:None],telecom_0022,22,12,passed,1,tau2_full_flash_telecom_0022,C:\Users\86132\Desktop\SafeDesk\benchmarks\tau2-bench\data\simulations\tau2_full_flash_telecom_0022\results.json,,2026-07-10T14:39:46
tau2_full_flash,telecom,telecom,none,[mms_issue]airplane_mode_on|bad_network_preference|data_mode_off|unseat_sim_card[PERSONA:Easy],telecom_0022,22,13,passed,1,tau2_full_flash_telecom_0022,C:\Users\86132\Desktop\SafeDesk\benchmarks\tau2-bench\data\simulations\tau2_full_flash_telecom_0022\results.json,,2026-07-10T14:39:46
tau2_full_flash,telecom,telecom,none,[mms_issue]airplane_mode_on|bad_wifi_calling|data_mode_off|unseat_sim_card[PERSONA:Hard],telecom_0022,22,14,passed,1,tau2_full_flash_telecom_0022,C:\Users\86132\Desktop\SafeDesk\benchmarks\tau2-bench\data\simulations\tau2_full_flash_telecom_0022\results.json,,2026-07-10T14:39:46
tau2_full_flash,telecom,telecom,none,[mms_issue]airplane_mode_on|break_apn_mms_setting|data_mode_off|unseat_sim_card[PERSONA:None],telecom_0022,22,15,passed,1,tau2_full_flash_telecom_0022,C:\Users\86132\Desktop\SafeDesk\benchmarks\tau2-bench\data\simulations\tau2_full_flash_telecom_0022\results.json,,2026-07-10T14:39:46
tau2_full_flash,telecom,telecom,none,[mms_issue]airplane_mode_on|break_app_sms_permission|data_mode_off|unseat_sim_card[PERSONA:Easy],telecom_0022,22,16,passed,1,tau2_full_flash_telecom_0022,C:\Users\86132\Desktop\SafeDesk\benchmarks\tau2-bench\data\simulations\tau2_full_flash_telecom_0022\results.json,,2026-07-10T14:39:46
tau2_full_flash,telecom,telecom,none,[mms_issue]airplane_mode_on|break_app_storage_permission|data_mode_off|unseat_sim_card[PERSONA:Hard],telecom_0022,22,17,passed,1,tau2_full_flash_telecom_0022,C:\Users\86132\Desktop\SafeDesk\benchmarks\tau2-bench\data\simulations\tau2_full_flash_telecom_0022\results.json,,2026-07-10T14:39:46
tau2_full_flash,telecom,telecom,none,[mms_issue]airplane_mode_on|break_app_both_permissions|data_mode_off|unseat_sim_card[PERSONA:None],telecom_0022,22,18,passed,1,tau2_full_flash_telecom_0022,C:\Users\86132\Desktop\SafeDesk\benchmarks\tau2-bench\data\simulations\tau2_full_flash_telecom_0022\results.json,,2026-07-10T14:39:46
tau2_full_flash,telecom,telecom,none,[mms_issue]airplane_mode_on|bad_network_preference|data_usage_exceeded|unseat_sim_card[PERSONA:Easy],telecom_0022,22,19,passed,1,tau2_full_flash_telecom_0022,C:\Users\86132\Desktop\SafeDesk\benchmarks\tau2-bench\data\simulations\tau2_full_flash_telecom_0022\results.json,,2026-07-10T14:39:46
tau2_full_flash,telecom,telecom,none,[mms_issue]airplane_mode_on|bad_wifi_calling|data_usage_exceeded|unseat_sim_card[PERSONA:Hard],telecom_0022,22,20,passed,1,tau2_full_flash_telecom_0022,C:\Users\86132\Desktop\SafeDesk\benchmarks\tau2-bench\data\simulations\tau2_full_flash_telecom_0022\results.json,,2026-07-10T14:39:46
tau2_full_flash,telecom,telecom,none,[mms_issue]airplane_mode_on|break_apn_mms_setting|data_usage_exceeded|unseat_sim_card[PERSONA:None],telecom_0022,22,21,passed,1,tau2_full_flash_telecom_0022,C:\Users\86132\Desktop\SafeDesk\benchmarks\tau2-bench\data\simulations\tau2_full_flash_telecom_0022\results.json,,2026-07-10T14:39:46
tau2_full_flash,telecom,telecom,none,[mms_issue]airplane_mode_on|break_app_sms_permission|data_usage_exceeded|unseat_sim_card[PERSONA:Easy],telecom_0022,22,22,passed,1,tau2_full_flash_telecom_0022,C:\Users\86132\Desktop\SafeDesk\benchmarks\tau2-bench\data\simulations\tau2_full_flash_telecom_0022\results.json,,2026-07-10T14:39:46
tau2_full_flash,telecom,telecom,none,[mms_issue]airplane_mode_on|break_app_storage_permission|data_usage_exceeded|unseat_sim_card[PERSONA:Hard],telecom_0022,22,23,passed,1,tau2_full_flash_telecom_0022,C:\Users\86132\Desktop\SafeDesk\benchmarks\tau2-bench\data\simulations\tau2_full_flash_telecom_0022\results.json,,2026-07-10T14:39:46
tau2_full_flash,telecom,telecom,none,[mms_issue]airplane_mode_on|break_app_both_permissions|data_usage_exceeded|unseat_sim_card[PERSONA:None],telecom_0022,22,24,passed,1,tau2_full_flash_telecom_0022,C:\Users\86132\Desktop\SafeDesk\benchmarks\tau2-bench\data\simulations\tau2_full_flash_telecom_0022\results.json,,2026-07-10T14:39:46
tau2_full_flash,telecom,telecom,none,[mms_issue]airplane_mode_on|bad_network_preference|unseat_sim_card|user_abroad_roaming_enabled_off[PERSONA:Easy],telecom_0023,23,0,passed,1,tau2_full_flash_telecom_0023,C:\Users\86132\Desktop\SafeDesk\benchmarks\tau2-bench\data\simulations\tau2_full_flash_telecom_0023\results.json,,2026-07-10T15:14:43
tau2_full_flash,telecom,telecom,none,[mms_issue]airplane_mode_on|bad_wifi_calling|unseat_sim_card|user_abroad_roaming_enabled_off[PERSONA:Hard],telecom_0023,23,1,passed,1,tau2_full_flash_telecom_0023,C:\Users\86132\Desktop\SafeDesk\benchmarks\tau2-bench\data\simulations\tau2_full_flash_telecom_0023\results.json,,2026-07-10T15:14:43
tau2_full_flash,telecom,telecom,none,[mms_issue]airplane_mode_on|break_apn_mms_setting|unseat_sim_card|user_abroad_roaming_enabled_off[PERSONA:None],telecom_0023,23,2,passed,1,tau2_full_flash_telecom_0023,C:\Users\86132\Desktop\SafeDesk\benchmarks\tau2-bench\data\simulations\tau2_full_flash_telecom_0023\results.json,,2026-07-10T15:14:43
tau2_full_flash,telecom,telecom,none,[mms_issue]airplane_mode_on|break_app_sms_permission|unseat_sim_card|user_abroad_roaming_enabled_off[PERSONA:Easy],telecom_0023,23,3,passed,1,tau2_full_flash_telecom_0023,C:\Users\86132\Desktop\SafeDesk\benchmarks\tau2-bench\data\simulations\tau2_full_flash_telecom_0023\results.json,,2026-07-10T15:14:43
tau2_full_flash,telecom,telecom,none,[mms_issue]airplane_mode_on|break_app_storage_permission|unseat_sim_card|user_abroad_roaming_enabled_off[PERSONA:Hard],telecom_0023,23,4,passed,1,tau2_full_flash_telecom_0023,C:\Users\86132\Desktop\SafeDesk\benchmarks\tau2-bench\data\simulations\tau2_full_flash_telecom_0023\results.json,,2026-07-10T15:14:43
tau2_full_flash,telecom,telecom,none,[mms_issue]airplane_mode_on|break_app_both_permissions|unseat_sim_card|user_abroad_roaming_enabled_off[PERSONA:None],telecom_0023,23,5,passed,1,tau2_full_flash_telecom_0023,C:\Users\86132\Desktop\SafeDesk\benchmarks\tau2-bench\data\simulations\tau2_full_flash_telecom_0023\results.json,,2026-07-10T15:14:43
tau2_full_flash,telecom,telecom,none,[mms_issue]airplane_mode_on|bad_network_preference|unseat_sim_card|user_abroad_roaming_disabled_on[PERSONA:Easy],telecom_0023,23,6,passed,1,tau2_full_flash_telecom_0023,C:\Users\86132\Desktop\SafeDesk\benchmarks\tau2-bench\data\simulations\tau2_full_flash_telecom_0023\results.json,,2026-07-10T15:14:43
tau2_full_flash,telecom,telecom,none,[mms_issue]airplane_mode_on|bad_wifi_calling|unseat_sim_card|user_abroad_roaming_disabled_on[PERSONA:Hard],telecom_0023,23,7,passed,1,tau2_full_flash_telecom_0023,C:\Users\86132\Desktop\SafeDesk\benchmarks\tau2-bench\data\simulations\tau2_full_flash_telecom_0023\results.json,,2026-07-10T15:14:43
tau2_full_flash,telecom,telecom,none,[mms_issue]airplane_mode_on|break_apn_mms_setting|unseat_sim_card|user_abroad_roaming_disabled_on[PERSONA:None],telecom_0023,23,8,passed,1,tau2_full_flash_telecom_0023,C:\Users\86132\Desktop\SafeDesk\benchmarks\tau2-bench\data\simulations\tau2_full_flash_telecom_0023\results.json,,2026-07-10T15:14:43
tau2_full_flash,telecom,telecom,none,[mms_issue]airplane_mode_on|break_app_sms_permission|unseat_sim_card|user_abroad_roaming_disabled_on[PERSONA:Easy],telecom_0023,23,9,passed,1,tau2_full_flash_telecom_0023,C:\Users\86132\Desktop\SafeDesk\benchmarks\tau2-bench\data\simulations\tau2_full_flash_telecom_0023\results.json,,2026-07-10T15:14:43
tau2_full_flash,telecom,telecom,none,[mms_issue]airplane_mode_on|break_app_storage_permission|unseat_sim_card|user_abroad_roaming_disabled_on[PERSONA:Hard],telecom_0023,23,10,passed,1,tau2_full_flash_telecom_0023,C:\Users\86132\Desktop\SafeDesk\benchmarks\tau2-bench\data\simulations\tau2_full_flash_telecom_0023\results.json,,2026-07-10T15:14:43
tau2_full_flash,telecom,telecom,none,[mms_issue]airplane_mode_on|break_app_both_permissions|unseat_sim_card|user_abroad_roaming_disabled_on[PERSONA:None],telecom_0023,23,11,passed,1,tau2_full_flash_telecom_0023,C:\Users\86132\Desktop\SafeDesk\benchmarks\tau2-bench\data\simulations\tau2_full_flash_telecom_0023\results.json,,2026-07-10T15:14:43
tau2_full_flash,telecom,telecom,none,[mms_issue]airplane_mode_on|bad_network_preference|unseat_sim_card|user_abroad_roaming_disabled_off[PERSONA:Easy],telecom_0023,23,12,passed,1,tau2_full_flash_telecom_0023,C:\Users\86132\Desktop\SafeDesk\benchmarks\tau2-bench\data\simulations\tau2_full_flash_telecom_0023\results.json,,2026-07-10T15:14:43
tau2_full_flash,telecom,telecom,none,[mms_issue]airplane_mode_on|bad_wifi_calling|unseat_sim_card|user_abroad_roaming_disabled_off[PERSONA:Hard],telecom_0023,23,13,infra_error,1,tau2_full_flash_telecom_0023,C:\Users\86132\Desktop\SafeDesk\benchmarks\tau2-bench\data\simulations\tau2_full_flash_telecom_0023\results.json,infra_error,2026-07-10T15:14:43
tau2_full_flash,telecom,telecom,none,[mms_issue]airplane_mode_on|break_apn_mms_setting|unseat_sim_card|user_abroad_roaming_disabled_off[PERSONA:None],telecom_0023,23,14,passed,1,tau2_full_flash_telecom_0023,C:\Users\86132\Desktop\SafeDesk\benchmarks\tau2-bench\data\simulations\tau2_full_flash_telecom_0023\results.json,,2026-07-10T15:14:43
tau2_full_flash,telecom,telecom,none,[mms_issue]airplane_mode_on|break_app_sms_permission|unseat_sim_card|user_abroad_roaming_disabled_off[PERSONA:Easy],telecom_0023,23,15,passed,1,tau2_full_flash_telecom_0023,C:\Users\86132\Desktop\SafeDesk\benchmarks\tau2-bench\data\simulations\tau2_full_flash_telecom_0023\results.json,,2026-07-10T15:14:43
tau2_full_flash,telecom,telecom,none,[mms_issue]airplane_mode_on|break_app_storage_permission|unseat_sim_card|user_abroad_roaming_disabled_off[PERSONA:Hard],telecom_0023,23,16,passed,1,tau2_full_flash_telecom_0023,C:\Users\86132\Desktop\SafeDesk\benchmarks\tau2-bench\data\simulations\tau2_full_flash_telecom_0023\results.json,,2026-07-10T15:14:43
tau2_full_flash,telecom,telecom,none,[mms_issue]airplane_mode_on|break_app_both_permissions|unseat_sim_card|user_abroad_roaming_disabled_off[PERSONA:None],telecom_0023,23,17,passed,1,tau2_full_flash_telecom_0023,C:\Users\86132\Desktop\SafeDesk\benchmarks\tau2-bench\data\simulations\tau2_full_flash_telecom_0023\results.json,,2026-07-10T15:14:43
tau2_full_flash,telecom,telecom,none,[mms_issue]airplane_mode_on|bad_network_preference|bad_wifi_calling|unseat_sim_card[PERSONA:Easy],telecom_0023,23,18,passed,1,tau2_full_flash_telecom_0023,C:\Users\86132\Desktop\SafeDesk\benchmarks\tau2-bench\data\simulations\tau2_full_flash_telecom_0023\results.json,,2026-07-10T15:14:43
tau2_full_flash,telecom,telecom,none,[mms_issue]airplane_mode_on|bad_network_preference|break_apn_mms_setting|unseat_sim_card[PERSONA:Hard],telecom_0023,23,19,passed,1,tau2_full_flash_telecom_0023,C:\Users\86132\Desktop\SafeDesk\benchmarks\tau2-bench\data\simulations\tau2_full_flash_telecom_0023\results.json,,2026-07-10T15:14:43
tau2_full_flash,telecom,telecom,none,[mms_issue]airplane_mode_on|bad_network_preference|break_app_sms_permission|unseat_sim_card[PERSONA:None],telecom_0023,23,20,infra_error,1,tau2_full_flash_telecom_0023,C:\Users\86132\Desktop\SafeDesk\benchmarks\tau2-bench\data\simulations\tau2_full_flash_telecom_0023\results.json,infra_error,2026-07-10T15:14:43
tau2_full_flash,telecom,telecom,none,[mms_issue]airplane_mode_on|bad_network_preference|break_app_storage_permission|unseat_sim_card[PERSONA:Easy],telecom_0023,23,21,passed,1,tau2_full_flash_telecom_0023,C:\Users\86132\Desktop\SafeDesk\benchmarks\tau2-bench\data\simulations\tau2_full_flash_telecom_0023\results.json,,2026-07-10T15:14:43
tau2_full_flash,telecom,telecom,none,[mms_issue]airplane_mode_on|bad_network_preference|break_app_both_permissions|unseat_sim_card[PERSONA:Hard],telecom_0023,23,22,passed,1,tau2_full_flash_telecom_0023,C:\Users\86132\Desktop\SafeDesk\benchmarks\tau2-bench\data\simulations\tau2_full_flash_telecom_0023\results.json,,2026-07-10T15:14:43
tau2_full_flash,telecom,telecom,none,[mms_issue]airplane_mode_on|bad_wifi_calling|break_apn_mms_setting|unseat_sim_card[PERSONA:None],telecom_0023,23,23,passed,1,tau2_full_flash_telecom_0023,C:\Users\86132\Desktop\SafeDesk\benchmarks\tau2-bench\data\simulations\tau2_full_flash_telecom_0023\results.json,,2026-07-10T15:14:43
tau2_full_flash,telecom,telecom,none,[mms_issue]airplane_mode_on|bad_wifi_calling|break_app_sms_permission|unseat_sim_card[PERSONA:Easy],telecom_0023,23,24,passed,1,tau2_full_flash_telecom_0023,C:\Users\86132\Desktop\SafeDesk\benchmarks\tau2-bench\data\simulations\tau2_full_flash_telecom_0023\results.json,,2026-07-10T15:14:43
tau2_full_flash,telecom,telecom,none,[mms_issue]airplane_mode_on|bad_wifi_calling|break_app_storage_permission|unseat_sim_card[PERSONA:Hard],telecom_0024,24,0,passed,1,tau2_full_flash_telecom_0024,C:\Users\86132\Desktop\SafeDesk\benchmarks\tau2-bench\data\simulations\tau2_full_flash_telecom_0024\results.json,,2026-07-10T15:43:07
tau2_full_flash,telecom,telecom,none,[mms_issue]airplane_mode_on|bad_wifi_calling|break_app_both_permissions|unseat_sim_card[PERSONA:None],telecom_0024,24,1,infra_error,1,tau2_full_flash_telecom_0024,C:\Users\86132\Desktop\SafeDesk\benchmarks\tau2-bench\data\simulations\tau2_full_flash_telecom_0024\results.json,infra_error,2026-07-10T15:43:07
tau2_full_flash,telecom,telecom,none,[mms_issue]airplane_mode_on|break_apn_mms_setting|break_app_sms_permission|unseat_sim_card[PERSONA:Easy],telecom_0024,24,2,passed,1,tau2_full_flash_telecom_0024,C:\Users\86132\Desktop\SafeDesk\benchmarks\tau2-bench\data\simulations\tau2_full_flash_telecom_0024\results.json,,2026-07-10T15:43:07
tau2_full_flash,telecom,telecom,none,[mms_issue]airplane_mode_on|break_apn_mms_setting|break_app_storage_permission|unseat_sim_card[PERSONA:Hard],telecom_0024,24,3,infra_error,1,tau2_full_flash_telecom_0024,C:\Users\86132\Desktop\SafeDesk\benchmarks\tau2-bench\data\simulations\tau2_full_flash_telecom_0024\results.json,infra_error,2026-07-10T15:43:07
tau2_full_flash,telecom,telecom,none,[mms_issue]airplane_mode_on|break_apn_mms_setting|break_app_both_permissions|unseat_sim_card[PERSONA:None],telecom_0024,24,4,infra_error,1,tau2_full_flash_telecom_0024,C:\Users\86132\Desktop\SafeDesk\benchmarks\tau2-bench\data\simulations\tau2_full_flash_telecom_0024\results.json,infra_error,2026-07-10T15:43:07
tau2_full_flash,telecom,telecom,none,[mms_issue]airplane_mode_on|bad_network_preference|data_mode_off|data_usage_exceeded[PERSONA:Easy],telecom_0024,24,5,passed,1,tau2_full_flash_telecom_0024,C:\Users\86132\Desktop\SafeDesk\benchmarks\tau2-bench\data\simulations\tau2_full_flash_telecom_0024\results.json,,2026-07-10T15:43:07
tau2_full_flash,telecom,telecom,none,[mms_issue]airplane_mode_on|bad_wifi_calling|data_mode_off|data_usage_exceeded[PERSONA:Hard],telecom_0024,24,6,passed,1,tau2_full_flash_telecom_0024,C:\Users\86132\Desktop\SafeDesk\benchmarks\tau2-bench\data\simulations\tau2_full_flash_telecom_0024\results.json,,2026-07-10T15:43:07
tau2_full_flash,telecom,telecom,none,[mms_issue]airplane_mode_on|break_apn_mms_setting|data_mode_off|data_usage_exceeded[PERSONA:None],telecom_0024,24,7,passed,1,tau2_full_flash_telecom_0024,C:\Users\86132\Desktop\SafeDesk\benchmarks\tau2-bench\data\simulations\tau2_full_flash_telecom_0024\results.json,,2026-07-10T15:43:07
tau2_full_flash,telecom,telecom,none,[mms_issue]airplane_mode_on|break_app_sms_permission|data_mode_off|data_usage_exceeded[PERSONA:Easy],telecom_0024,24,8,passed,1,tau2_full_flash_telecom_0024,C:\Users\86132\Desktop\SafeDesk\benchmarks\tau2-bench\data\simulations\tau2_full_flash_telecom_0024\results.json,,2026-07-10T15:43:07
tau2_full_flash,telecom,telecom,none,[mms_issue]airplane_mode_on|break_app_storage_permission|data_mode_off|data_usage_exceeded[PERSONA:Hard],telecom_0024,24,9,passed,1,tau2_full_flash_telecom_0024,C:\Users\86132\Desktop\SafeDesk\benchmarks\tau2-bench\data\simulations\tau2_full_flash_telecom_0024\results.json,,2026-07-10T15:43:07
tau2_full_flash,telecom,telecom,none,[mms_issue]airplane_mode_on|break_app_both_permissions|data_mode_off|data_usage_exceeded[PERSONA:None],telecom_0024,24,10,passed,1,tau2_full_flash_telecom_0024,C:\Users\86132\Desktop\SafeDesk\benchmarks\tau2-bench\data\simulations\tau2_full_flash_telecom_0024\results.json,,2026-07-10T15:43:07
tau2_full_flash,telecom,telecom,none,[mms_issue]airplane_mode_on|bad_network_preference|data_mode_off|user_abroad_roaming_enabled_off[PERSONA:Easy],telecom_0024,24,11,passed,1,tau2_full_flash_telecom_0024,C:\Users\86132\Desktop\SafeDesk\benchmarks\tau2-bench\data\simulations\tau2_full_flash_telecom_0024\results.json,,2026-07-10T15:43:07
tau2_full_flash,telecom,telecom,none,[mms_issue]airplane_mode_on|bad_wifi_calling|data_mode_off|user_abroad_roaming_enabled_off[PERSONA:Hard],telecom_0024,24,12,passed,1,tau2_full_flash_telecom_0024,C:\Users\86132\Desktop\SafeDesk\benchmarks\tau2-bench\data\simulations\tau2_full_flash_telecom_0024\results.json,,2026-07-10T15:43:07
tau2_full_flash,telecom,telecom,none,[mms_issue]airplane_mode_on|break_apn_mms_setting|data_mode_off|user_abroad_roaming_enabled_off[PERSONA:None],telecom_0024,24,13,passed,1,tau2_full_flash_telecom_0024,C:\Users\86132\Desktop\SafeDesk\benchmarks\tau2-bench\data\simulations\tau2_full_flash_telecom_0024\results.json,,2026-07-10T15:43:07
tau2_full_flash,telecom,telecom,none,[mms_issue]airplane_mode_on|break_app_sms_permission|data_mode_off|user_abroad_roaming_enabled_off[PERSONA:Easy],telecom_0024,24,14,passed,1,tau2_full_flash_telecom_0024,C:\Users\86132\Desktop\SafeDesk\benchmarks\tau2-bench\data\simulations\tau2_full_flash_telecom_0024\results.json,,2026-07-10T15:43:07
tau2_full_flash,telecom,telecom,none,[mms_issue]airplane_mode_on|break_app_storage_permission|data_mode_off|user_abroad_roaming_enabled_off[PERSONA:Hard],telecom_0024,24,15,passed,1,tau2_full_flash_telecom_0024,C:\Users\86132\Desktop\SafeDesk\benchmarks\tau2-bench\data\simulations\tau2_full_flash_telecom_0024\results.json,,2026-07-10T15:43:07
tau2_full_flash,telecom,telecom,none,[mms_issue]airplane_mode_on|break_app_both_permissions|data_mode_off|user_abroad_roaming_enabled_off[PERSONA:None],telecom_0024,24,16,passed,1,tau2_full_flash_telecom_0024,C:\Users\86132\Desktop\SafeDesk\benchmarks\tau2-bench\data\simulations\tau2_full_flash_telecom_0024\results.json,,2026-07-10T15:43:07
tau2_full_flash,telecom,telecom,none,[mms_issue]airplane_mode_on|bad_network_preference|data_mode_off|user_abroad_roaming_disabled_on[PERSONA:Easy],telecom_0024,24,17,passed,1,tau2_full_flash_telecom_0024,C:\Users\86132\Desktop\SafeDesk\benchmarks\tau2-bench\data\simulations\tau2_full_flash_telecom_0024\results.json,,2026-07-10T15:43:07
tau2_full_flash,telecom,telecom,none,[mms_issue]airplane_mode_on|bad_wifi_calling|data_mode_off|user_abroad_roaming_disabled_on[PERSONA:Hard],telecom_0024,24,18,passed,1,tau2_full_flash_telecom_0024,C:\Users\86132\Desktop\SafeDesk\benchmarks\tau2-bench\data\simulations\tau2_full_flash_telecom_0024\results.json,,2026-07-10T15:43:07
tau2_full_flash,telecom,telecom,none,[mms_issue]airplane_mode_on|break_apn_mms_setting|data_mode_off|user_abroad_roaming_disabled_on[PERSONA:None],telecom_0024,24,19,passed,1,tau2_full_flash_telecom_0024,C:\Users\86132\Desktop\SafeDesk\benchmarks\tau2-bench\data\simulations\tau2_full_flash_telecom_0024\results.json,,2026-07-10T15:43:07
tau2_full_flash,telecom,telecom,none,[mms_issue]airplane_mode_on|break_app_sms_permission|data_mode_off|user_abroad_roaming_disabled_on[PERSONA:Easy],telecom_0024,24,20,passed,1,tau2_full_flash_telecom_0024,C:\Users\86132\Desktop\SafeDesk\benchmarks\tau2-bench\data\simulations\tau2_full_flash_telecom_0024\results.json,,2026-07-10T15:43:07
tau2_full_flash,telecom,telecom,none,[mms_issue]airplane_mode_on|break_app_storage_permission|data_mode_off|user_abroad_roaming_disabled_on[PERSONA:Hard],telecom_0024,24,21,passed,1,tau2_full_flash_telecom_0024,C:\Users\86132\Desktop\SafeDesk\benchmarks\tau2-bench\data\simulations\tau2_full_flash_telecom_0024\results.json,,2026-07-10T15:43:07
tau2_full_flash,telecom,telecom,none,[mms_issue]airplane_mode_on|break_app_both_permissions|data_mode_off|user_abroad_roaming_disabled_on[PERSONA:None],telecom_0024,24,22,passed,1,tau2_full_flash_telecom_0024,C:\Users\86132\Desktop\SafeDesk\benchmarks\tau2-bench\data\simulations\tau2_full_flash_telecom_0024\results.json,,2026-07-10T15:43:07
tau2_full_flash,telecom,telecom,none,[mms_issue]airplane_mode_on|bad_network_preference|data_mode_off|user_abroad_roaming_disabled_off[PERSONA:Easy],telecom_0024,24,23,passed,1,tau2_full_flash_telecom_0024,C:\Users\86132\Desktop\SafeDesk\benchmarks\tau2-bench\data\simulations\tau2_full_flash_telecom_0024\results.json,,2026-07-10T15:43:07
tau2_full_flash,telecom,telecom,none,[mms_issue]airplane_mode_on|bad_wifi_calling|data_mode_off|user_abroad_roaming_disabled_off[PERSONA:Hard],telecom_0024,24,24,passed,1,tau2_full_flash_telecom_0024,C:\Users\86132\Desktop\SafeDesk\benchmarks\tau2-bench\data\simulations\tau2_full_flash_telecom_0024\results.json,,2026-07-10T15:43:07
tau2_full_flash,telecom,telecom,none,[mms_issue]airplane_mode_on|break_apn_mms_setting|data_mode_off|user_abroad_roaming_disabled_off[PERSONA:None],telecom_0025,25,0,passed,1,tau2_full_flash_telecom_0025,C:\Users\86132\Desktop\SafeDesk\benchmarks\tau2-bench\data\simulations\tau2_full_flash_telecom_0025\results.json,,2026-07-10T16:16:25
tau2_full_flash,telecom,telecom,none,[mms_issue]airplane_mode_on|break_app_sms_permission|data_mode_off|user_abroad_roaming_disabled_off[PERSONA:Easy],telecom_0025,25,1,passed,1,tau2_full_flash_telecom_0025,C:\Users\86132\Desktop\SafeDesk\benchmarks\tau2-bench\data\simulations\tau2_full_flash_telecom_0025\results.json,,2026-07-10T16:16:25
tau2_full_flash,telecom,telecom,none,[mms_issue]airplane_mode_on|break_app_storage_permission|data_mode_off|user_abroad_roaming_disabled_off[PERSONA:Hard],telecom_0025,25,2,passed,1,tau2_full_flash_telecom_0025,C:\Users\86132\Desktop\SafeDesk\benchmarks\tau2-bench\data\simulations\tau2_full_flash_telecom_0025\results.json,,2026-07-10T16:16:25
tau2_full_flash,telecom,telecom,none,[mms_issue]airplane_mode_on|break_app_both_permissions|data_mode_off|user_abroad_roaming_disabled_off[PERSONA:None],telecom_0025,25,3,passed,1,tau2_full_flash_telecom_0025,C:\Users\86132\Desktop\SafeDesk\benchmarks\tau2-bench\data\simulations\tau2_full_flash_telecom_0025\results.json,,2026-07-10T16:16:25
tau2_full_flash,telecom,telecom,none,[mms_issue]airplane_mode_on|bad_network_preference|bad_wifi_calling|data_mode_off[PERSONA:Easy],telecom_0025,25,4,passed,1,tau2_full_flash_telecom_0025,C:\Users\86132\Desktop\SafeDesk\benchmarks\tau2-bench\data\simulations\tau2_full_flash_telecom_0025\results.json,,2026-07-10T16:16:25
tau2_full_flash,telecom,telecom,none,[mms_issue]airplane_mode_on|bad_network_preference|break_apn_mms_setting|data_mode_off[PERSONA:Hard],telecom_0025,25,5,passed,1,tau2_full_flash_telecom_0025,C:\Users\86132\Desktop\SafeDesk\benchmarks\tau2-bench\data\simulations\tau2_full_flash_telecom_0025\results.json,,2026-07-10T16:16:25
tau2_full_flash,telecom,telecom,none,[mms_issue]airplane_mode_on|bad_network_preference|break_app_sms_permission|data_mode_off[PERSONA:None],telecom_0025,25,6,passed,1,tau2_full_flash_telecom_0025,C:\Users\86132\Desktop\SafeDesk\benchmarks\tau2-bench\data\simulations\tau2_full_flash_telecom_0025\results.json,,2026-07-10T16:16:25
tau2_full_flash,telecom,telecom,none,[mms_issue]airplane_mode_on|bad_network_preference|break_app_storage_permission|data_mode_off[PERSONA:Easy],telecom_0025,25,7,passed,1,tau2_full_flash_telecom_0025,C:\Users\86132\Desktop\SafeDesk\benchmarks\tau2-bench\data\simulations\tau2_full_flash_telecom_0025\results.json,,2026-07-10T16:16:25
tau2_full_flash,telecom,telecom,none,[mms_issue]airplane_mode_on|bad_network_preference|break_app_both_permissions|data_mode_off[PERSONA:Hard],telecom_0025,25,8,passed,1,tau2_full_flash_telecom_0025,C:\Users\86132\Desktop\SafeDesk\benchmarks\tau2-bench\data\simulations\tau2_full_flash_telecom_0025\results.json,,2026-07-10T16:16:25
tau2_full_flash,telecom,telecom,none,[mms_issue]airplane_mode_on|bad_wifi_calling|break_apn_mms_setting|data_mode_off[PERSONA:None],telecom_0025,25,9,passed,1,tau2_full_flash_telecom_0025,C:\Users\86132\Desktop\SafeDesk\benchmarks\tau2-bench\data\simulations\tau2_full_flash_telecom_0025\results.json,,2026-07-10T16:16:25
tau2_full_flash,telecom,telecom,none,[mms_issue]airplane_mode_on|bad_wifi_calling|break_app_sms_permission|data_mode_off[PERSONA:Easy],telecom_0025,25,10,passed,1,tau2_full_flash_telecom_0025,C:\Users\86132\Desktop\SafeDesk\benchmarks\tau2-bench\data\simulations\tau2_full_flash_telecom_0025\results.json,,2026-07-10T16:16:25
tau2_full_flash,telecom,telecom,none,[mms_issue]airplane_mode_on|bad_wifi_calling|break_app_storage_permission|data_mode_off[PERSONA:Hard],telecom_0025,25,11,passed,1,tau2_full_flash_telecom_0025,C:\Users\86132\Desktop\SafeDesk\benchmarks\tau2-bench\data\simulations\tau2_full_flash_telecom_0025\results.json,,2026-07-10T16:16:25
tau2_full_flash,telecom,telecom,none,[mms_issue]airplane_mode_on|bad_wifi_calling|break_app_both_permissions|data_mode_off[PERSONA:None],telecom_0025,25,12,passed,1,tau2_full_flash_telecom_0025,C:\Users\86132\Desktop\SafeDesk\benchmarks\tau2-bench\data\simulations\tau2_full_flash_telecom_0025\results.json,,2026-07-10T16:16:25
tau2_full_flash,telecom,telecom,none,[mms_issue]airplane_mode_on|break_apn_mms_setting|break_app_sms_permission|data_mode_off[PERSONA:Easy],telecom_0025,25,13,passed,1,tau2_full_flash_telecom_0025,C:\Users\86132\Desktop\SafeDesk\benchmarks\tau2-bench\data\simulations\tau2_full_flash_telecom_0025\results.json,,2026-07-10T16:16:25
tau2_full_flash,telecom,telecom,none,[mms_issue]airplane_mode_on|break_apn_mms_setting|break_app_storage_permission|data_mode_off[PERSONA:Hard],telecom_0025,25,14,passed,1,tau2_full_flash_telecom_0025,C:\Users\86132\Desktop\SafeDesk\benchmarks\tau2-bench\data\simulations\tau2_full_flash_telecom_0025\results.json,,2026-07-10T16:16:25
tau2_full_flash,telecom,telecom,none,[mms_issue]airplane_mode_on|break_apn_mms_setting|break_app_both_permissions|data_mode_off[PERSONA:None],telecom_0025,25,15,passed,1,tau2_full_flash_telecom_0025,C:\Users\86132\Desktop\SafeDesk\benchmarks\tau2-bench\data\simulations\tau2_full_flash_telecom_0025\results.json,,2026-07-10T16:16:25
tau2_full_flash,telecom,telecom,none,[mms_issue]airplane_mode_on|bad_network_preference|data_usage_exceeded|user_abroad_roaming_enabled_off[PERSONA:Easy],telecom_0025,25,16,passed,1,tau2_full_flash_telecom_0025,C:\Users\86132\Desktop\SafeDesk\benchmarks\tau2-bench\data\simulations\tau2_full_flash_telecom_0025\results.json,,2026-07-10T16:16:25
tau2_full_flash,telecom,telecom,none,[mms_issue]airplane_mode_on|bad_wifi_calling|data_usage_exceeded|user_abroad_roaming_enabled_off[PERSONA:Hard],telecom_0025,25,17,passed,1,tau2_full_flash_telecom_0025,C:\Users\86132\Desktop\SafeDesk\benchmarks\tau2-bench\data\simulations\tau2_full_flash_telecom_0025\results.json,,2026-07-10T16:16:25
tau2_full_flash,telecom,telecom,none,[mms_issue]airplane_mode_on|break_apn_mms_setting|data_usage_exceeded|user_abroad_roaming_enabled_off[PERSONA:None],telecom_0025,25,18,passed,1,tau2_full_flash_telecom_0025,C:\Users\86132\Desktop\SafeDesk\benchmarks\tau2-bench\data\simulations\tau2_full_flash_telecom_0025\results.json,,2026-07-10T16:16:25
tau2_full_flash,telecom,telecom,none,[mms_issue]airplane_mode_on|break_app_sms_permission|data_usage_exceeded|user_abroad_roaming_enabled_off[PERSONA:Easy],telecom_0025,25,19,passed,1,tau2_full_flash_telecom_0025,C:\Users\86132\Desktop\SafeDesk\benchmarks\tau2-bench\data\simulations\tau2_full_flash_telecom_0025\results.json,,2026-07-10T16:16:25
tau2_full_flash,telecom,telecom,none,[mms_issue]airplane_mode_on|break_app_storage_permission|data_usage_exceeded|user_abroad_roaming_enabled_off[PERSONA:Hard],telecom_0025,25,20,passed,1,tau2_full_flash_telecom_0025,C:\Users\86132\Desktop\SafeDesk\benchmarks\tau2-bench\data\simulations\tau2_full_flash_telecom_0025\results.json,,2026-07-10T16:16:25
tau2_full_flash,telecom,telecom,none,[mms_issue]airplane_mode_on|break_app_both_permissions|data_usage_exceeded|user_abroad_roaming_enabled_off[PERSONA:None],telecom_0025,25,21,passed,1,tau2_full_flash_telecom_0025,C:\Users\86132\Desktop\SafeDesk\benchmarks\tau2-bench\data\simulations\tau2_full_flash_telecom_0025\results.json,,2026-07-10T16:16:25
tau2_full_flash,telecom,telecom,none,[mms_issue]airplane_mode_on|bad_network_preference|data_usage_exceeded|user_abroad_roaming_disabled_on[PERSONA:Easy],telecom_0025,25,22,passed,1,tau2_full_flash_telecom_0025,C:\Users\86132\Desktop\SafeDesk\benchmarks\tau2-bench\data\simulations\tau2_full_flash_telecom_0025\results.json,,2026-07-10T16:16:25
tau2_full_flash,telecom,telecom,none,[mms_issue]airplane_mode_on|bad_wifi_calling|data_usage_exceeded|user_abroad_roaming_disabled_on[PERSONA:Hard],telecom_0025,25,23,passed,1,tau2_full_flash_telecom_0025,C:\Users\86132\Desktop\SafeDesk\benchmarks\tau2-bench\data\simulations\tau2_full_flash_telecom_0025\results.json,,2026-07-10T16:16:25
tau2_full_flash,telecom,telecom,none,[mms_issue]airplane_mode_on|break_apn_mms_setting|data_usage_exceeded|user_abroad_roaming_disabled_on[PERSONA:None],telecom_0025,25,24,passed,1,tau2_full_flash_telecom_0025,C:\Users\86132\Desktop\SafeDesk\benchmarks\tau2-bench\data\simulations\tau2_full_flash_telecom_0025\results.json,,2026-07-10T16:16:25
tau2_full_flash,telecom,telecom,none,[mms_issue]airplane_mode_on|break_app_sms_permission|data_usage_exceeded|user_abroad_roaming_disabled_on[PERSONA:Easy],telecom_0026,26,0,passed,1,tau2_full_flash_telecom_0026,C:\Users\86132\Desktop\SafeDesk\benchmarks\tau2-bench\data\simulations\tau2_full_flash_telecom_0026\results.json,,2026-07-10T16:48:04
tau2_full_flash,telecom,telecom,none,[mms_issue]airplane_mode_on|break_app_storage_permission|data_usage_exceeded|user_abroad_roaming_disabled_on[PERSONA:Hard],telecom_0026,26,1,passed,1,tau2_full_flash_telecom_0026,C:\Users\86132\Desktop\SafeDesk\benchmarks\tau2-bench\data\simulations\tau2_full_flash_telecom_0026\results.json,,2026-07-10T16:48:04
tau2_full_flash,telecom,telecom,none,[mms_issue]airplane_mode_on|break_app_both_permissions|data_usage_exceeded|user_abroad_roaming_disabled_on[PERSONA:None],telecom_0026,26,2,passed,1,tau2_full_flash_telecom_0026,C:\Users\86132\Desktop\SafeDesk\benchmarks\tau2-bench\data\simulations\tau2_full_flash_telecom_0026\results.json,,2026-07-10T16:48:04
tau2_full_flash,telecom,telecom,none,[mms_issue]airplane_mode_on|bad_network_preference|data_usage_exceeded|user_abroad_roaming_disabled_off[PERSONA:Easy],telecom_0026,26,3,passed,1,tau2_full_flash_telecom_0026,C:\Users\86132\Desktop\SafeDesk\benchmarks\tau2-bench\data\simulations\tau2_full_flash_telecom_0026\results.json,,2026-07-10T16:48:04
tau2_full_flash,telecom,telecom,none,[mms_issue]airplane_mode_on|bad_wifi_calling|data_usage_exceeded|user_abroad_roaming_disabled_off[PERSONA:Hard],telecom_0026,26,4,passed,1,tau2_full_flash_telecom_0026,C:\Users\86132\Desktop\SafeDesk\benchmarks\tau2-bench\data\simulations\tau2_full_flash_telecom_0026\results.json,,2026-07-10T16:48:04
tau2_full_flash,telecom,telecom,none,[mms_issue]airplane_mode_on|break_apn_mms_setting|data_usage_exceeded|user_abroad_roaming_disabled_off[PERSONA:None],telecom_0026,26,5,passed,1,tau2_full_flash_telecom_0026,C:\Users\86132\Desktop\SafeDesk\benchmarks\tau2-bench\data\simulations\tau2_full_flash_telecom_0026\results.json,,2026-07-10T16:48:04
tau2_full_flash,telecom,telecom,none,[mms_issue]airplane_mode_on|break_app_sms_permission|data_usage_exceeded|user_abroad_roaming_disabled_off[PERSONA:Easy],telecom_0026,26,6,passed,1,tau2_full_flash_telecom_0026,C:\Users\86132\Desktop\SafeDesk\benchmarks\tau2-bench\data\simulations\tau2_full_flash_telecom_0026\results.json,,2026-07-10T16:48:04
tau2_full_flash,telecom,telecom,none,[mms_issue]airplane_mode_on|break_app_storage_permission|data_usage_exceeded|user_abroad_roaming_disabled_off[PERSONA:Hard],telecom_0026,26,7,passed,1,tau2_full_flash_telecom_0026,C:\Users\86132\Desktop\SafeDesk\benchmarks\tau2-bench\data\simulations\tau2_full_flash_telecom_0026\results.json,,2026-07-10T16:48:04
tau2_full_flash,telecom,telecom,none,[mms_issue]airplane_mode_on|break_app_both_permissions|data_usage_exceeded|user_abroad_roaming_disabled_off[PERSONA:None],telecom_0026,26,8,passed,1,tau2_full_flash_telecom_0026,C:\Users\86132\Desktop\SafeDesk\benchmarks\tau2-bench\data\simulations\tau2_full_flash_telecom_0026\results.json,,2026-07-10T16:48:04
tau2_full_flash,telecom,telecom,none,[mms_issue]airplane_mode_on|bad_network_preference|bad_wifi_calling|data_usage_exceeded[PERSONA:Easy],telecom_0026,26,9,passed,1,tau2_full_flash_telecom_0026,C:\Users\86132\Desktop\SafeDesk\benchmarks\tau2-bench\data\simulations\tau2_full_flash_telecom_0026\results.json,,2026-07-10T16:48:04
tau2_full_flash,telecom,telecom,none,[mms_issue]airplane_mode_on|bad_network_preference|break_apn_mms_setting|data_usage_exceeded[PERSONA:Hard],telecom_0026,26,10,passed,1,tau2_full_flash_telecom_0026,C:\Users\86132\Desktop\SafeDesk\benchmarks\tau2-bench\data\simulations\tau2_full_flash_telecom_0026\results.json,,2026-07-10T16:48:04
tau2_full_flash,telecom,telecom,none,[mms_issue]airplane_mode_on|bad_network_preference|break_app_sms_permission|data_usage_exceeded[PERSONA:None],telecom_0026,26,11,infra_error,1,tau2_full_flash_telecom_0026,C:\Users\86132\Desktop\SafeDesk\benchmarks\tau2-bench\data\simulations\tau2_full_flash_telecom_0026\results.json,infra_error,2026-07-10T16:48:04
tau2_full_flash,telecom,telecom,none,[mms_issue]airplane_mode_on|bad_network_preference|break_app_storage_permission|data_usage_exceeded[PERSONA:Easy],telecom_0026,26,12,passed,1,tau2_full_flash_telecom_0026,C:\Users\86132\Desktop\SafeDesk\benchmarks\tau2-bench\data\simulations\tau2_full_flash_telecom_0026\results.json,,2026-07-10T16:48:04
tau2_full_flash,telecom,telecom,none,[mms_issue]airplane_mode_on|bad_network_preference|break_app_both_permissions|data_usage_exceeded[PERSONA:Hard],telecom_0026,26,13,passed,1,tau2_full_flash_telecom_0026,C:\Users\86132\Desktop\SafeDesk\benchmarks\tau2-bench\data\simulations\tau2_full_flash_telecom_0026\results.json,,2026-07-10T16:48:04
tau2_full_flash,telecom,telecom,none,[mms_issue]airplane_mode_on|bad_wifi_calling|break_apn_mms_setting|data_usage_exceeded[PERSONA:None],telecom_0026,26,14,passed,1,tau2_full_flash_telecom_0026,C:\Users\86132\Desktop\SafeDesk\benchmarks\tau2-bench\data\simulations\tau2_full_flash_telecom_0026\results.json,,2026-07-10T16:48:04
tau2_full_flash,telecom,telecom,none,[mms_issue]airplane_mode_on|bad_wifi_calling|break_app_sms_permission|data_usage_exceeded[PERSONA:Easy],telecom_0026,26,15,passed,1,tau2_full_flash_telecom_0026,C:\Users\86132\Desktop\SafeDesk\benchmarks\tau2-bench\data\simulations\tau2_full_flash_telecom_0026\results.json,,2026-07-10T16:48:04
tau2_full_flash,telecom,telecom,none,[mms_issue]airplane_mode_on|bad_wifi_calling|break_app_storage_permission|data_usage_exceeded[PERSONA:Hard],telecom_0026,26,16,passed,1,tau2_full_flash_telecom_0026,C:\Users\86132\Desktop\SafeDesk\benchmarks\tau2-bench\data\simulations\tau2_full_flash_telecom_0026\results.json,,2026-07-10T16:48:04
tau2_full_flash,telecom,telecom,none,[mms_issue]airplane_mode_on|bad_wifi_calling|break_app_both_permissions|data_usage_exceeded[PERSONA:None],telecom_0026,26,17,passed,1,tau2_full_flash_telecom_0026,C:\Users\86132\Desktop\SafeDesk\benchmarks\tau2-bench\data\simulations\tau2_full_flash_telecom_0026\results.json,,2026-07-10T16:48:04
tau2_full_flash,telecom,telecom,none,[mms_issue]airplane_mode_on|break_apn_mms_setting|break_app_sms_permission|data_usage_exceeded[PERSONA:Easy],telecom_0026,26,18,passed,1,tau2_full_flash_telecom_0026,C:\Users\86132\Desktop\SafeDesk\benchmarks\tau2-bench\data\simulations\tau2_full_flash_telecom_0026\results.json,,2026-07-10T16:48:04
tau2_full_flash,telecom,telecom,none,[mms_issue]airplane_mode_on|break_apn_mms_setting|break_app_storage_permission|data_usage_exceeded[PERSONA:Hard],telecom_0026,26,19,passed,1,tau2_full_flash_telecom_0026,C:\Users\86132\Desktop\SafeDesk\benchmarks\tau2-bench\data\simulations\tau2_full_flash_telecom_0026\results.json,,2026-07-10T16:48:04
tau2_full_flash,telecom,telecom,none,[mms_issue]airplane_mode_on|break_apn_mms_setting|break_app_both_permissions|data_usage_exceeded[PERSONA:None],telecom_0026,26,20,passed,1,tau2_full_flash_telecom_0026,C:\Users\86132\Desktop\SafeDesk\benchmarks\tau2-bench\data\simulations\tau2_full_flash_telecom_0026\results.json,,2026-07-10T16:48:04
tau2_full_flash,telecom,telecom,none,[mms_issue]airplane_mode_on|bad_network_preference|bad_wifi_calling|user_abroad_roaming_enabled_off[PERSONA:Easy],telecom_0026,26,21,passed,1,tau2_full_flash_telecom_0026,C:\Users\86132\Desktop\SafeDesk\benchmarks\tau2-bench\data\simulations\tau2_full_flash_telecom_0026\results.json,,2026-07-10T16:48:04
tau2_full_flash,telecom,telecom,none,[mms_issue]airplane_mode_on|bad_network_preference|break_apn_mms_setting|user_abroad_roaming_enabled_off[PERSONA:Hard],telecom_0026,26,22,passed,1,tau2_full_flash_telecom_0026,C:\Users\86132\Desktop\SafeDesk\benchmarks\tau2-bench\data\simulations\tau2_full_flash_telecom_0026\results.json,,2026-07-10T16:48:04
tau2_full_flash,telecom,telecom,none,[mms_issue]airplane_mode_on|bad_network_preference|break_app_sms_permission|user_abroad_roaming_enabled_off[PERSONA:None],telecom_0026,26,23,passed,1,tau2_full_flash_telecom_0026,C:\Users\86132\Desktop\SafeDesk\benchmarks\tau2-bench\data\simulations\tau2_full_flash_telecom_0026\results.json,,2026-07-10T16:48:04
tau2_full_flash,telecom,telecom,none,[mms_issue]airplane_mode_on|bad_network_preference|break_app_storage_permission|user_abroad_roaming_enabled_off[PERSONA:Easy],telecom_0026,26,24,passed,1,tau2_full_flash_telecom_0026,C:\Users\86132\Desktop\SafeDesk\benchmarks\tau2-bench\data\simulations\tau2_full_flash_telecom_0026\results.json,,2026-07-10T16:48:04
tau2_full_flash,telecom,telecom,none,[mms_issue]airplane_mode_on|bad_network_preference|break_app_both_permissions|user_abroad_roaming_enabled_off[PERSONA:Hard],telecom_0027,27,0,passed,1,tau2_full_flash_telecom_0027,C:\Users\86132\Desktop\SafeDesk\benchmarks\tau2-bench\data\simulations\tau2_full_flash_telecom_0027\results.json,,2026-07-10T17:18:17
tau2_full_flash,telecom,telecom,none,[mms_issue]airplane_mode_on|bad_wifi_calling|break_apn_mms_setting|user_abroad_roaming_enabled_off[PERSONA:None],telecom_0027,27,1,passed,1,tau2_full_flash_telecom_0027,C:\Users\86132\Desktop\SafeDesk\benchmarks\tau2-bench\data\simulations\tau2_full_flash_telecom_0027\results.json,,2026-07-10T17:18:17
tau2_full_flash,telecom,telecom,none,[mms_issue]airplane_mode_on|bad_wifi_calling|break_app_sms_permission|user_abroad_roaming_enabled_off[PERSONA:Easy],telecom_0027,27,2,passed,1,tau2_full_flash_telecom_0027,C:\Users\86132\Desktop\SafeDesk\benchmarks\tau2-bench\data\simulations\tau2_full_flash_telecom_0027\results.json,,2026-07-10T17:18:17
tau2_full_flash,telecom,telecom,none,[mms_issue]airplane_mode_on|bad_wifi_calling|break_app_storage_permission|user_abroad_roaming_enabled_off[PERSONA:Hard],telecom_0027,27,3,passed,1,tau2_full_flash_telecom_0027,C:\Users\86132\Desktop\SafeDesk\benchmarks\tau2-bench\data\simulations\tau2_full_flash_telecom_0027\results.json,,2026-07-10T17:18:17
tau2_full_flash,telecom,telecom,none,[mms_issue]airplane_mode_on|bad_wifi_calling|break_app_both_permissions|user_abroad_roaming_enabled_off[PERSONA:None],telecom_0027,27,4,passed,1,tau2_full_flash_telecom_0027,C:\Users\86132\Desktop\SafeDesk\benchmarks\tau2-bench\data\simulations\tau2_full_flash_telecom_0027\results.json,,2026-07-10T17:18:17
tau2_full_flash,telecom,telecom,none,[mms_issue]airplane_mode_on|break_apn_mms_setting|break_app_sms_permission|user_abroad_roaming_enabled_off[PERSONA:Easy],telecom_0027,27,5,passed,1,tau2_full_flash_telecom_0027,C:\Users\86132\Desktop\SafeDesk\benchmarks\tau2-bench\data\simulations\tau2_full_flash_telecom_0027\results.json,,2026-07-10T17:18:17
tau2_full_flash,telecom,telecom,none,[mms_issue]airplane_mode_on|break_apn_mms_setting|break_app_storage_permission|user_abroad_roaming_enabled_off[PERSONA:Hard],telecom_0027,27,6,passed,1,tau2_full_flash_telecom_0027,C:\Users\86132\Desktop\SafeDesk\benchmarks\tau2-bench\data\simulations\tau2_full_flash_telecom_0027\results.json,,2026-07-10T17:18:17
tau2_full_flash,telecom,telecom,none,[mms_issue]airplane_mode_on|break_apn_mms_setting|break_app_both_permissions|user_abroad_roaming_enabled_off[PERSONA:None],telecom_0027,27,7,passed,1,tau2_full_flash_telecom_0027,C:\Users\86132\Desktop\SafeDesk\benchmarks\tau2-bench\data\simulations\tau2_full_flash_telecom_0027\results.json,,2026-07-10T17:18:17
tau2_full_flash,telecom,telecom,none,[mms_issue]airplane_mode_on|bad_network_preference|bad_wifi_calling|user_abroad_roaming_disabled_on[PERSONA:Easy],telecom_0027,27,8,passed,1,tau2_full_flash_telecom_0027,C:\Users\86132\Desktop\SafeDesk\benchmarks\tau2-bench\data\simulations\tau2_full_flash_telecom_0027\results.json,,2026-07-10T17:18:17
tau2_full_flash,telecom,telecom,none,[mms_issue]airplane_mode_on|bad_network_preference|break_apn_mms_setting|user_abroad_roaming_disabled_on[PERSONA:Hard],telecom_0027,27,9,passed,1,tau2_full_flash_telecom_0027,C:\Users\86132\Desktop\SafeDesk\benchmarks\tau2-bench\data\simulations\tau2_full_flash_telecom_0027\results.json,,2026-07-10T17:18:17
tau2_full_flash,telecom,telecom,none,[mms_issue]airplane_mode_on|bad_network_preference|break_app_sms_permission|user_abroad_roaming_disabled_on[PERSONA:None],telecom_0027,27,10,passed,1,tau2_full_flash_telecom_0027,C:\Users\86132\Desktop\SafeDesk\benchmarks\tau2-bench\data\simulations\tau2_full_flash_telecom_0027\results.json,,2026-07-10T17:18:17
tau2_full_flash,telecom,telecom,none,[mms_issue]airplane_mode_on|bad_network_preference|break_app_storage_permission|user_abroad_roaming_disabled_on[PERSONA:Easy],telecom_0027,27,11,passed,1,tau2_full_flash_telecom_0027,C:\Users\86132\Desktop\SafeDesk\benchmarks\tau2-bench\data\simulations\tau2_full_flash_telecom_0027\results.json,,2026-07-10T17:18:17
tau2_full_flash,telecom,telecom,none,[mms_issue]airplane_mode_on|bad_network_preference|break_app_both_permissions|user_abroad_roaming_disabled_on[PERSONA:Hard],telecom_0027,27,12,passed,1,tau2_full_flash_telecom_0027,C:\Users\86132\Desktop\SafeDesk\benchmarks\tau2-bench\data\simulations\tau2_full_flash_telecom_0027\results.json,,2026-07-10T17:18:17
tau2_full_flash,telecom,telecom,none,[mms_issue]airplane_mode_on|bad_wifi_calling|break_apn_mms_setting|user_abroad_roaming_disabled_on[PERSONA:None],telecom_0027,27,13,passed,1,tau2_full_flash_telecom_0027,C:\Users\86132\Desktop\SafeDesk\benchmarks\tau2-bench\data\simulations\tau2_full_flash_telecom_0027\results.json,,2026-07-10T17:18:17
tau2_full_flash,telecom,telecom,none,[mms_issue]airplane_mode_on|bad_wifi_calling|break_app_sms_permission|user_abroad_roaming_disabled_on[PERSONA:Easy],telecom_0027,27,14,passed,1,tau2_full_flash_telecom_0027,C:\Users\86132\Desktop\SafeDesk\benchmarks\tau2-bench\data\simulations\tau2_full_flash_telecom_0027\results.json,,2026-07-10T17:18:17
tau2_full_flash,telecom,telecom,none,[mms_issue]airplane_mode_on|bad_wifi_calling|break_app_storage_permission|user_abroad_roaming_disabled_on[PERSONA:Hard],telecom_0027,27,15,passed,1,tau2_full_flash_telecom_0027,C:\Users\86132\Desktop\SafeDesk\benchmarks\tau2-bench\data\simulations\tau2_full_flash_telecom_0027\results.json,,2026-07-10T17:18:17
tau2_full_flash,telecom,telecom,none,[mms_issue]airplane_mode_on|bad_wifi_calling|break_app_both_permissions|user_abroad_roaming_disabled_on[PERSONA:None],telecom_0027,27,16,passed,1,tau2_full_flash_telecom_0027,C:\Users\86132\Desktop\SafeDesk\benchmarks\tau2-bench\data\simulations\tau2_full_flash_telecom_0027\results.json,,2026-07-10T17:18:17
tau2_full_flash,telecom,telecom,none,[mms_issue]airplane_mode_on|break_apn_mms_setting|break_app_sms_permission|user_abroad_roaming_disabled_on[PERSONA:Easy],telecom_0027,27,17,passed,1,tau2_full_flash_telecom_0027,C:\Users\86132\Desktop\SafeDesk\benchmarks\tau2-bench\data\simulations\tau2_full_flash_telecom_0027\results.json,,2026-07-10T17:18:17
tau2_full_flash,telecom,telecom,none,[mms_issue]airplane_mode_on|break_apn_mms_setting|break_app_storage_permission|user_abroad_roaming_disabled_on[PERSONA:Hard],telecom_0027,27,18,passed,1,tau2_full_flash_telecom_0027,C:\Users\86132\Desktop\SafeDesk\benchmarks\tau2-bench\data\simulations\tau2_full_flash_telecom_0027\results.json,,2026-07-10T17:18:17
tau2_full_flash,telecom,telecom,none,[mms_issue]airplane_mode_on|break_apn_mms_setting|break_app_both_permissions|user_abroad_roaming_disabled_on[PERSONA:None],telecom_0027,27,19,passed,1,tau2_full_flash_telecom_0027,C:\Users\86132\Desktop\SafeDesk\benchmarks\tau2-bench\data\simulations\tau2_full_flash_telecom_0027\results.json,,2026-07-10T17:18:17
tau2_full_flash,telecom,telecom,none,[mms_issue]airplane_mode_on|bad_network_preference|bad_wifi_calling|user_abroad_roaming_disabled_off[PERSONA:Easy],telecom_0027,27,20,passed,1,tau2_full_flash_telecom_0027,C:\Users\86132\Desktop\SafeDesk\benchmarks\tau2-bench\data\simulations\tau2_full_flash_telecom_0027\results.json,,2026-07-10T17:18:17
tau2_full_flash,telecom,telecom,none,[mms_issue]airplane_mode_on|bad_network_preference|break_apn_mms_setting|user_abroad_roaming_disabled_off[PERSONA:Hard],telecom_0027,27,21,passed,1,tau2_full_flash_telecom_0027,C:\Users\86132\Desktop\SafeDesk\benchmarks\tau2-bench\data\simulations\tau2_full_flash_telecom_0027\results.json,,2026-07-10T17:18:17
tau2_full_flash,telecom,telecom,none,[mms_issue]airplane_mode_on|bad_network_preference|break_app_sms_permission|user_abroad_roaming_disabled_off[PERSONA:None],telecom_0027,27,22,passed,1,tau2_full_flash_telecom_0027,C:\Users\86132\Desktop\SafeDesk\benchmarks\tau2-bench\data\simulations\tau2_full_flash_telecom_0027\results.json,,2026-07-10T17:18:17
tau2_full_flash,telecom,telecom,none,[mms_issue]airplane_mode_on|bad_network_preference|break_app_storage_permission|user_abroad_roaming_disabled_off[PERSONA:Easy],telecom_0027,27,23,passed,1,tau2_full_flash_telecom_0027,C:\Users\86132\Desktop\SafeDesk\benchmarks\tau2-bench\data\simulations\tau2_full_flash_telecom_0027\results.json,,2026-07-10T17:18:17
tau2_full_flash,telecom,telecom,none,[mms_issue]airplane_mode_on|bad_network_preference|break_app_both_permissions|user_abroad_roaming_disabled_off[PERSONA:Hard],telecom_0027,27,24,passed,1,tau2_full_flash_telecom_0027,C:\Users\86132\Desktop\SafeDesk\benchmarks\tau2-bench\data\simulations\tau2_full_flash_telecom_0027\results.json,,2026-07-10T17:18:17
tau2_full_flash,telecom,telecom,none,[mms_issue]airplane_mode_on|bad_wifi_calling|break_apn_mms_setting|user_abroad_roaming_disabled_off[PERSONA:None],telecom_0028,28,0,passed,1,tau2_full_flash_telecom_0028,C:\Users\86132\Desktop\SafeDesk\benchmarks\tau2-bench\data\simulations\tau2_full_flash_telecom_0028\results.json,,2026-07-10T17:51:42
tau2_full_flash,telecom,telecom,none,[mms_issue]airplane_mode_on|bad_wifi_calling|break_app_sms_permission|user_abroad_roaming_disabled_off[PERSONA:Easy],telecom_0028,28,1,passed,1,tau2_full_flash_telecom_0028,C:\Users\86132\Desktop\SafeDesk\benchmarks\tau2-bench\data\simulations\tau2_full_flash_telecom_0028\results.json,,2026-07-10T17:51:42
tau2_full_flash,telecom,telecom,none,[mms_issue]airplane_mode_on|bad_wifi_calling|break_app_storage_permission|user_abroad_roaming_disabled_off[PERSONA:Hard],telecom_0028,28,2,passed,1,tau2_full_flash_telecom_0028,C:\Users\86132\Desktop\SafeDesk\benchmarks\tau2-bench\data\simulations\tau2_full_flash_telecom_0028\results.json,,2026-07-10T17:51:42
tau2_full_flash,telecom,telecom,none,[mms_issue]airplane_mode_on|bad_wifi_calling|break_app_both_permissions|user_abroad_roaming_disabled_off[PERSONA:None],telecom_0028,28,3,passed,1,tau2_full_flash_telecom_0028,C:\Users\86132\Desktop\SafeDesk\benchmarks\tau2-bench\data\simulations\tau2_full_flash_telecom_0028\results.json,,2026-07-10T17:51:42
tau2_full_flash,telecom,telecom,none,[mms_issue]airplane_mode_on|break_apn_mms_setting|break_app_sms_permission|user_abroad_roaming_disabled_off[PERSONA:Easy],telecom_0028,28,4,passed,1,tau2_full_flash_telecom_0028,C:\Users\86132\Desktop\SafeDesk\benchmarks\tau2-bench\data\simulations\tau2_full_flash_telecom_0028\results.json,,2026-07-10T17:51:42
tau2_full_flash,telecom,telecom,none,[mms_issue]airplane_mode_on|break_apn_mms_setting|break_app_storage_permission|user_abroad_roaming_disabled_off[PERSONA:Hard],telecom_0028,28,5,passed,1,tau2_full_flash_telecom_0028,C:\Users\86132\Desktop\SafeDesk\benchmarks\tau2-bench\data\simulations\tau2_full_flash_telecom_0028\results.json,,2026-07-10T17:51:42
tau2_full_flash,telecom,telecom,none,[mms_issue]airplane_mode_on|break_apn_mms_setting|break_app_both_permissions|user_abroad_roaming_disabled_off[PERSONA:None],telecom_0028,28,6,passed,1,tau2_full_flash_telecom_0028,C:\Users\86132\Desktop\SafeDesk\benchmarks\tau2-bench\data\simulations\tau2_full_flash_telecom_0028\results.json,,2026-07-10T17:51:42
tau2_full_flash,telecom,telecom,none,[mms_issue]airplane_mode_on|bad_network_preference|bad_wifi_calling|break_apn_mms_setting[PERSONA:Easy],telecom_0028,28,7,passed,1,tau2_full_flash_telecom_0028,C:\Users\86132\Desktop\SafeDesk\benchmarks\tau2-bench\data\simulations\tau2_full_flash_telecom_0028\results.json,,2026-07-10T17:51:42
tau2_full_flash,telecom,telecom,none,[mms_issue]airplane_mode_on|bad_network_preference|bad_wifi_calling|break_app_sms_permission[PERSONA:Hard],telecom_0028,28,8,passed,1,tau2_full_flash_telecom_0028,C:\Users\86132\Desktop\SafeDesk\benchmarks\tau2-bench\data\simulations\tau2_full_flash_telecom_0028\results.json,,2026-07-10T17:51:42
tau2_full_flash,telecom,telecom,none,[mms_issue]airplane_mode_on|bad_network_preference|bad_wifi_calling|break_app_storage_permission[PERSONA:None],telecom_0028,28,9,infra_error,1,tau2_full_flash_telecom_0028,C:\Users\86132\Desktop\SafeDesk\benchmarks\tau2-bench\data\simulations\tau2_full_flash_telecom_0028\results.json,infra_error,2026-07-10T17:51:42
tau2_full_flash,telecom,telecom,none,[mms_issue]airplane_mode_on|bad_network_preference|bad_wifi_calling|break_app_both_permissions[PERSONA:Easy],telecom_0028,28,10,passed,1,tau2_full_flash_telecom_0028,C:\Users\86132\Desktop\SafeDesk\benchmarks\tau2-bench\data\simulations\tau2_full_flash_telecom_0028\results.json,,2026-07-10T17:51:42
tau2_full_flash,telecom,telecom,none,[mms_issue]airplane_mode_on|bad_network_preference|break_apn_mms_setting|break_app_sms_permission[PERSONA:Hard],telecom_0028,28,11,passed,1,tau2_full_flash_telecom_0028,C:\Users\86132\Desktop\SafeDesk\benchmarks\tau2-bench\data\simulations\tau2_full_flash_telecom_0028\results.json,,2026-07-10T17:51:42
tau2_full_flash,telecom,telecom,none,[mms_issue]airplane_mode_on|bad_network_preference|break_apn_mms_setting|break_app_storage_permission[PERSONA:None],telecom_0028,28,12,passed,1,tau2_full_flash_telecom_0028,C:\Users\86132\Desktop\SafeDesk\benchmarks\tau2-bench\data\simulations\tau2_full_flash_telecom_0028\results.json,,2026-07-10T17:51:42
tau2_full_flash,telecom,telecom,none,[mms_issue]airplane_mode_on|bad_network_preference|break_apn_mms_setting|break_app_both_permissions[PERSONA:Easy],telecom_0028,28,13,passed,1,tau2_full_flash_telecom_0028,C:\Users\86132\Desktop\SafeDesk\benchmarks\tau2-bench\data\simulations\tau2_full_flash_telecom_0028\results.json,,2026-07-10T17:51:42
tau2_full_flash,telecom,telecom,none,[mms_issue]airplane_mode_on|bad_wifi_calling|break_apn_mms_setting|break_app_sms_permission[PERSONA:Hard],telecom_0028,28,14,passed,1,tau2_full_flash_telecom_0028,C:\Users\86132\Desktop\SafeDesk\benchmarks\tau2-bench\data\simulations\tau2_full_flash_telecom_0028\results.json,,2026-07-10T17:51:42
tau2_full_flash,telecom,telecom,none,[mms_issue]airplane_mode_on|bad_wifi_calling|break_apn_mms_setting|break_app_storage_permission[PERSONA:None],telecom_0028,28,15,infra_error,1,tau2_full_flash_telecom_0028,C:\Users\86132\Desktop\SafeDesk\benchmarks\tau2-bench\data\simulations\tau2_full_flash_telecom_0028\results.json,infra_error,2026-07-10T17:51:42
tau2_full_flash,telecom,telecom,none,[mms_issue]airplane_mode_on|bad_wifi_calling|break_apn_mms_setting|break_app_both_permissions[PERSONA:Easy],telecom_0028,28,16,passed,1,tau2_full_flash_telecom_0028,C:\Users\86132\Desktop\SafeDesk\benchmarks\tau2-bench\data\simulations\tau2_full_flash_telecom_0028\results.json,,2026-07-10T17:51:42
tau2_full_flash,telecom,telecom,none,[mms_issue]bad_network_preference|data_mode_off|data_usage_exceeded|unseat_sim_card[PERSONA:Hard],telecom_0028,28,17,passed,1,tau2_full_flash_telecom_0028,C:\Users\86132\Desktop\SafeDesk\benchmarks\tau2-bench\data\simulations\tau2_full_flash_telecom_0028\results.json,,2026-07-10T17:51:42
tau2_full_flash,telecom,telecom,none,[mms_issue]bad_wifi_calling|data_mode_off|data_usage_exceeded|unseat_sim_card[PERSONA:None],telecom_0028,28,18,passed,1,tau2_full_flash_telecom_0028,C:\Users\86132\Desktop\SafeDesk\benchmarks\tau2-bench\data\simulations\tau2_full_flash_telecom_0028\results.json,,2026-07-10T17:51:42
tau2_full_flash,telecom,telecom,none,[mms_issue]break_apn_mms_setting|data_mode_off|data_usage_exceeded|unseat_sim_card[PERSONA:Easy],telecom_0028,28,19,passed,1,tau2_full_flash_telecom_0028,C:\Users\86132\Desktop\SafeDesk\benchmarks\tau2-bench\data\simulations\tau2_full_flash_telecom_0028\results.json,,2026-07-10T17:51:42
tau2_full_flash,telecom,telecom,none,[mms_issue]break_app_sms_permission|data_mode_off|data_usage_exceeded|unseat_sim_card[PERSONA:Hard],telecom_0028,28,20,passed,1,tau2_full_flash_telecom_0028,C:\Users\86132\Desktop\SafeDesk\benchmarks\tau2-bench\data\simulations\tau2_full_flash_telecom_0028\results.json,,2026-07-10T17:51:42
tau2_full_flash,telecom,telecom,none,[mms_issue]break_app_storage_permission|data_mode_off|data_usage_exceeded|unseat_sim_card[PERSONA:None],telecom_0028,28,21,infra_error,1,tau2_full_flash_telecom_0028,C:\Users\86132\Desktop\SafeDesk\benchmarks\tau2-bench\data\simulations\tau2_full_flash_telecom_0028\results.json,infra_error,2026-07-10T17:51:42
tau2_full_flash,telecom,telecom,none,[mms_issue]break_app_both_permissions|data_mode_off|data_usage_exceeded|unseat_sim_card[PERSONA:Easy],telecom_0028,28,22,passed,1,tau2_full_flash_telecom_0028,C:\Users\86132\Desktop\SafeDesk\benchmarks\tau2-bench\data\simulations\tau2_full_flash_telecom_0028\results.json,,2026-07-10T17:51:42
tau2_full_flash,telecom,telecom,none,[mms_issue]bad_network_preference|data_mode_off|unseat_sim_card|user_abroad_roaming_enabled_off[PERSONA:Hard],telecom_0028,28,23,passed,1,tau2_full_flash_telecom_0028,C:\Users\86132\Desktop\SafeDesk\benchmarks\tau2-bench\data\simulations\tau2_full_flash_telecom_0028\results.json,,2026-07-10T17:51:42
tau2_full_flash,telecom,telecom,none,[mms_issue]bad_wifi_calling|data_mode_off|unseat_sim_card|user_abroad_roaming_enabled_off[PERSONA:None],telecom_0028,28,24,passed,1,tau2_full_flash_telecom_0028,C:\Users\86132\Desktop\SafeDesk\benchmarks\tau2-bench\data\simulations\tau2_full_flash_telecom_0028\results.json,,2026-07-10T17:51:42
tau2_full_flash,telecom,telecom,none,[mms_issue]break_apn_mms_setting|data_mode_off|unseat_sim_card|user_abroad_roaming_enabled_off[PERSONA:Easy],telecom_0029,29,0,passed,1,tau2_full_flash_telecom_0029,C:\Users\86132\Desktop\SafeDesk\benchmarks\tau2-bench\data\simulations\tau2_full_flash_telecom_0029\results.json,,2026-07-10T18:21:31
tau2_full_flash,telecom,telecom,none,[mms_issue]break_app_sms_permission|data_mode_off|unseat_sim_card|user_abroad_roaming_enabled_off[PERSONA:Hard],telecom_0029,29,1,passed,1,tau2_full_flash_telecom_0029,C:\Users\86132\Desktop\SafeDesk\benchmarks\tau2-bench\data\simulations\tau2_full_flash_telecom_0029\results.json,,2026-07-10T18:21:31
tau2_full_flash,telecom,telecom,none,[mms_issue]break_app_storage_permission|data_mode_off|unseat_sim_card|user_abroad_roaming_enabled_off[PERSONA:None],telecom_0029,29,2,passed,1,tau2_full_flash_telecom_0029,C:\Users\86132\Desktop\SafeDesk\benchmarks\tau2-bench\data\simulations\tau2_full_flash_telecom_0029\results.json,,2026-07-10T18:21:31
tau2_full_flash,telecom,telecom,none,[mms_issue]break_app_both_permissions|data_mode_off|unseat_sim_card|user_abroad_roaming_enabled_off[PERSONA:Easy],telecom_0029,29,3,passed,1,tau2_full_flash_telecom_0029,C:\Users\86132\Desktop\SafeDesk\benchmarks\tau2-bench\data\simulations\tau2_full_flash_telecom_0029\results.json,,2026-07-10T18:21:31
tau2_full_flash,telecom,telecom,none,[mms_issue]bad_network_preference|data_mode_off|unseat_sim_card|user_abroad_roaming_disabled_on[PERSONA:Hard],telecom_0029,29,4,passed,1,tau2_full_flash_telecom_0029,C:\Users\86132\Desktop\SafeDesk\benchmarks\tau2-bench\data\simulations\tau2_full_flash_telecom_0029\results.json,,2026-07-10T18:21:31
tau2_full_flash,telecom,telecom,none,[mms_issue]bad_wifi_calling|data_mode_off|unseat_sim_card|user_abroad_roaming_disabled_on[PERSONA:None],telecom_0029,29,5,passed,1,tau2_full_flash_telecom_0029,C:\Users\86132\Desktop\SafeDesk\benchmarks\tau2-bench\data\simulations\tau2_full_flash_telecom_0029\results.json,,2026-07-10T18:21:31
tau2_full_flash,telecom,telecom,none,[mms_issue]break_apn_mms_setting|data_mode_off|unseat_sim_card|user_abroad_roaming_disabled_on[PERSONA:Easy],telecom_0029,29,6,passed,1,tau2_full_flash_telecom_0029,C:\Users\86132\Desktop\SafeDesk\benchmarks\tau2-bench\data\simulations\tau2_full_flash_telecom_0029\results.json,,2026-07-10T18:21:31
tau2_full_flash,telecom,telecom,none,[mms_issue]break_app_sms_permission|data_mode_off|unseat_sim_card|user_abroad_roaming_disabled_on[PERSONA:Hard],telecom_0029,29,7,passed,1,tau2_full_flash_telecom_0029,C:\Users\86132\Desktop\SafeDesk\benchmarks\tau2-bench\data\simulations\tau2_full_flash_telecom_0029\results.json,,2026-07-10T18:21:31
tau2_full_flash,telecom,telecom,none,[mms_issue]break_app_storage_permission|data_mode_off|unseat_sim_card|user_abroad_roaming_disabled_on[PERSONA:None],telecom_0029,29,8,passed,1,tau2_full_flash_telecom_0029,C:\Users\86132\Desktop\SafeDesk\benchmarks\tau2-bench\data\simulations\tau2_full_flash_telecom_0029\results.json,,2026-07-10T18:21:31
tau2_full_flash,telecom,telecom,none,[mms_issue]break_app_both_permissions|data_mode_off|unseat_sim_card|user_abroad_roaming_disabled_on[PERSONA:Easy],telecom_0029,29,9,passed,1,tau2_full_flash_telecom_0029,C:\Users\86132\Desktop\SafeDesk\benchmarks\tau2-bench\data\simulations\tau2_full_flash_telecom_0029\results.json,,2026-07-10T18:21:31
tau2_full_flash,telecom,telecom,none,[mms_issue]bad_network_preference|data_mode_off|unseat_sim_card|user_abroad_roaming_disabled_off[PERSONA:Hard],telecom_0029,29,10,passed,1,tau2_full_flash_telecom_0029,C:\Users\86132\Desktop\SafeDesk\benchmarks\tau2-bench\data\simulations\tau2_full_flash_telecom_0029\results.json,,2026-07-10T18:21:31
tau2_full_flash,telecom,telecom,none,[mms_issue]bad_wifi_calling|data_mode_off|unseat_sim_card|user_abroad_roaming_disabled_off[PERSONA:None],telecom_0029,29,11,passed,1,tau2_full_flash_telecom_0029,C:\Users\86132\Desktop\SafeDesk\benchmarks\tau2-bench\data\simulations\tau2_full_flash_telecom_0029\results.json,,2026-07-10T18:21:31
tau2_full_flash,telecom,telecom,none,[mms_issue]break_apn_mms_setting|data_mode_off|unseat_sim_card|user_abroad_roaming_disabled_off[PERSONA:Easy],telecom_0029,29,12,passed,1,tau2_full_flash_telecom_0029,C:\Users\86132\Desktop\SafeDesk\benchmarks\tau2-bench\data\simulations\tau2_full_flash_telecom_0029\results.json,,2026-07-10T18:21:31
tau2_full_flash,telecom,telecom,none,[mms_issue]break_app_sms_permission|data_mode_off|unseat_sim_card|user_abroad_roaming_disabled_off[PERSONA:Hard],telecom_0029,29,13,passed,1,tau2_full_flash_telecom_0029,C:\Users\86132\Desktop\SafeDesk\benchmarks\tau2-bench\data\simulations\tau2_full_flash_telecom_0029\results.json,,2026-07-10T18:21:31
tau2_full_flash,telecom,telecom,none,[mms_issue]break_app_storage_permission|data_mode_off|unseat_sim_card|user_abroad_roaming_disabled_off[PERSONA:None],telecom_0029,29,14,passed,1,tau2_full_flash_telecom_0029,C:\Users\86132\Desktop\SafeDesk\benchmarks\tau2-bench\data\simulations\tau2_full_flash_telecom_0029\results.json,,2026-07-10T18:21:31
tau2_full_flash,telecom,telecom,none,[mms_issue]break_app_both_permissions|data_mode_off|unseat_sim_card|user_abroad_roaming_disabled_off[PERSONA:Easy],telecom_0029,29,15,passed,1,tau2_full_flash_telecom_0029,C:\Users\86132\Desktop\SafeDesk\benchmarks\tau2-bench\data\simulations\tau2_full_flash_telecom_0029\results.json,,2026-07-10T18:21:31
tau2_full_flash,telecom,telecom,none,[mms_issue]bad_network_preference|bad_wifi_calling|data_mode_off|unseat_sim_card[PERSONA:Hard],telecom_0029,29,16,passed,1,tau2_full_flash_telecom_0029,C:\Users\86132\Desktop\SafeDesk\benchmarks\tau2-bench\data\simulations\tau2_full_flash_telecom_0029\results.json,,2026-07-10T18:21:31
tau2_full_flash,telecom,telecom,none,[mms_issue]bad_network_preference|break_apn_mms_setting|data_mode_off|unseat_sim_card[PERSONA:None],telecom_0029,29,17,passed,1,tau2_full_flash_telecom_0029,C:\Users\86132\Desktop\SafeDesk\benchmarks\tau2-bench\data\simulations\tau2_full_flash_telecom_0029\results.json,,2026-07-10T18:21:31
tau2_full_flash,telecom,telecom,none,[mms_issue]bad_network_preference|break_app_sms_permission|data_mode_off|unseat_sim_card[PERSONA:Easy],telecom_0029,29,18,passed,1,tau2_full_flash_telecom_0029,C:\Users\86132\Desktop\SafeDesk\benchmarks\tau2-bench\data\simulations\tau2_full_flash_telecom_0029\results.json,,2026-07-10T18:21:31
tau2_full_flash,telecom,telecom,none,[mms_issue]bad_network_preference|break_app_storage_permission|data_mode_off|unseat_sim_card[PERSONA:Hard],telecom_0029,29,19,passed,1,tau2_full_flash_telecom_0029,C:\Users\86132\Desktop\SafeDesk\benchmarks\tau2-bench\data\simulations\tau2_full_flash_telecom_0029\results.json,,2026-07-10T18:21:31
tau2_full_flash,telecom,telecom,none,[mms_issue]bad_network_preference|break_app_both_permissions|data_mode_off|unseat_sim_card[PERSONA:None],telecom_0029,29,20,infra_error,1,tau2_full_flash_telecom_0029,C:\Users\86132\Desktop\SafeDesk\benchmarks\tau2-bench\data\simulations\tau2_full_flash_telecom_0029\results.json,infra_error,2026-07-10T18:21:31
tau2_full_flash,telecom,telecom,none,[mms_issue]bad_wifi_calling|break_apn_mms_setting|data_mode_off|unseat_sim_card[PERSONA:Easy],telecom_0029,29,21,passed,1,tau2_full_flash_telecom_0029,C:\Users\86132\Desktop\SafeDesk\benchmarks\tau2-bench\data\simulations\tau2_full_flash_telecom_0029\results.json,,2026-07-10T18:21:31
tau2_full_flash,telecom,telecom,none,[mms_issue]bad_wifi_calling|break_app_sms_permission|data_mode_off|unseat_sim_card[PERSONA:Hard],telecom_0029,29,22,passed,1,tau2_full_flash_telecom_0029,C:\Users\86132\Desktop\SafeDesk\benchmarks\tau2-bench\data\simulations\tau2_full_flash_telecom_0029\results.json,,2026-07-10T18:21:31
tau2_full_flash,telecom,telecom,none,[mms_issue]bad_wifi_calling|break_app_storage_permission|data_mode_off|unseat_sim_card[PERSONA:None],telecom_0029,29,23,infra_error,1,tau2_full_flash_telecom_0029,C:\Users\86132\Desktop\SafeDesk\benchmarks\tau2-bench\data\simulations\tau2_full_flash_telecom_0029\results.json,infra_error,2026-07-10T18:21:31
tau2_full_flash,telecom,telecom,none,[mms_issue]bad_wifi_calling|break_app_both_permissions|data_mode_off|unseat_sim_card[PERSONA:Easy],telecom_0029,29,24,passed,1,tau2_full_flash_telecom_0029,C:\Users\86132\Desktop\SafeDesk\benchmarks\tau2-bench\data\simulations\tau2_full_flash_telecom_0029\results.json,,2026-07-10T18:21:31
tau2_full_flash,telecom,telecom,none,[mms_issue]break_apn_mms_setting|break_app_sms_permission|data_mode_off|unseat_sim_card[PERSONA:Hard],telecom_0030,30,0,passed,1,tau2_full_flash_telecom_0030,C:\Users\86132\Desktop\SafeDesk\benchmarks\tau2-bench\data\simulations\tau2_full_flash_telecom_0030\results.json,,2026-07-10T19:00:07
tau2_full_flash,telecom,telecom,none,[mms_issue]break_apn_mms_setting|break_app_storage_permission|data_mode_off|unseat_sim_card[PERSONA:None],telecom_0030,30,1,infra_error,1,tau2_full_flash_telecom_0030,C:\Users\86132\Desktop\SafeDesk\benchmarks\tau2-bench\data\simulations\tau2_full_flash_telecom_0030\results.json,infra_error,2026-07-10T19:00:07
tau2_full_flash,telecom,telecom,none,[mms_issue]break_apn_mms_setting|break_app_both_permissions|data_mode_off|unseat_sim_card[PERSONA:Easy],telecom_0030,30,2,passed,1,tau2_full_flash_telecom_0030,C:\Users\86132\Desktop\SafeDesk\benchmarks\tau2-bench\data\simulations\tau2_full_flash_telecom_0030\results.json,,2026-07-10T19:00:07
tau2_full_flash,telecom,telecom,none,[mms_issue]bad_network_preference|data_usage_exceeded|unseat_sim_card|user_abroad_roaming_enabled_off[PERSONA:Hard],telecom_0030,30,3,passed,1,tau2_full_flash_telecom_0030,C:\Users\86132\Desktop\SafeDesk\benchmarks\tau2-bench\data\simulations\tau2_full_flash_telecom_0030\results.json,,2026-07-10T19:00:07
tau2_full_flash,telecom,telecom,none,[mms_issue]bad_wifi_calling|data_usage_exceeded|unseat_sim_card|user_abroad_roaming_enabled_off[PERSONA:None],telecom_0030,30,4,passed,1,tau2_full_flash_telecom_0030,C:\Users\86132\Desktop\SafeDesk\benchmarks\tau2-bench\data\simulations\tau2_full_flash_telecom_0030\results.json,,2026-07-10T19:00:07
tau2_full_flash,telecom,telecom,none,[mms_issue]break_apn_mms_setting|data_usage_exceeded|unseat_sim_card|user_abroad_roaming_enabled_off[PERSONA:Easy],telecom_0030,30,5,passed,1,tau2_full_flash_telecom_0030,C:\Users\86132\Desktop\SafeDesk\benchmarks\tau2-bench\data\simulations\tau2_full_flash_telecom_0030\results.json,,2026-07-10T19:00:07
tau2_full_flash,telecom,telecom,none,[mms_issue]break_app_sms_permission|data_usage_exceeded|unseat_sim_card|user_abroad_roaming_enabled_off[PERSONA:Hard],telecom_0030,30,6,passed,1,tau2_full_flash_telecom_0030,C:\Users\86132\Desktop\SafeDesk\benchmarks\tau2-bench\data\simulations\tau2_full_flash_telecom_0030\results.json,,2026-07-10T19:00:07
tau2_full_flash,telecom,telecom,none,[mms_issue]break_app_storage_permission|data_usage_exceeded|unseat_sim_card|user_abroad_roaming_enabled_off[PERSONA:None],telecom_0030,30,7,passed,1,tau2_full_flash_telecom_0030,C:\Users\86132\Desktop\SafeDesk\benchmarks\tau2-bench\data\simulations\tau2_full_flash_telecom_0030\results.json,,2026-07-10T19:00:07
tau2_full_flash,telecom,telecom,none,[mms_issue]break_app_both_permissions|data_usage_exceeded|unseat_sim_card|user_abroad_roaming_enabled_off[PERSONA:Easy],telecom_0030,30,8,passed,1,tau2_full_flash_telecom_0030,C:\Users\86132\Desktop\SafeDesk\benchmarks\tau2-bench\data\simulations\tau2_full_flash_telecom_0030\results.json,,2026-07-10T19:00:07
tau2_full_flash,telecom,telecom,none,[mms_issue]bad_network_preference|data_usage_exceeded|unseat_sim_card|user_abroad_roaming_disabled_on[PERSONA:Hard],telecom_0030,30,9,passed,1,tau2_full_flash_telecom_0030,C:\Users\86132\Desktop\SafeDesk\benchmarks\tau2-bench\data\simulations\tau2_full_flash_telecom_0030\results.json,,2026-07-10T19:00:07
tau2_full_flash,telecom,telecom,none,[mms_issue]bad_wifi_calling|data_usage_exceeded|unseat_sim_card|user_abroad_roaming_disabled_on[PERSONA:None],telecom_0030,30,10,passed,1,tau2_full_flash_telecom_0030,C:\Users\86132\Desktop\SafeDesk\benchmarks\tau2-bench\data\simulations\tau2_full_flash_telecom_0030\results.json,,2026-07-10T19:00:07
tau2_full_flash,telecom,telecom,none,[mms_issue]break_apn_mms_setting|data_usage_exceeded|unseat_sim_card|user_abroad_roaming_disabled_on[PERSONA:Easy],telecom_0030,30,11,passed,1,tau2_full_flash_telecom_0030,C:\Users\86132\Desktop\SafeDesk\benchmarks\tau2-bench\data\simulations\tau2_full_flash_telecom_0030\results.json,,2026-07-10T19:00:07
tau2_full_flash,telecom,telecom,none,[mms_issue]break_app_sms_permission|data_usage_exceeded|unseat_sim_card|user_abroad_roaming_disabled_on[PERSONA:Hard],telecom_0030,30,12,passed,1,tau2_full_flash_telecom_0030,C:\Users\86132\Desktop\SafeDesk\benchmarks\tau2-bench\data\simulations\tau2_full_flash_telecom_0030\results.json,,2026-07-10T19:00:07
tau2_full_flash,telecom,telecom,none,[mms_issue]break_app_storage_permission|data_usage_exceeded|unseat_sim_card|user_abroad_roaming_disabled_on[PERSONA:None],telecom_0030,30,13,passed,1,tau2_full_flash_telecom_0030,C:\Users\86132\Desktop\SafeDesk\benchmarks\tau2-bench\data\simulations\tau2_full_flash_telecom_0030\results.json,,2026-07-10T19:00:07
tau2_full_flash,telecom,telecom,none,[mms_issue]break_app_both_permissions|data_usage_exceeded|unseat_sim_card|user_abroad_roaming_disabled_on[PERSONA:Easy],telecom_0030,30,14,passed,1,tau2_full_flash_telecom_0030,C:\Users\86132\Desktop\SafeDesk\benchmarks\tau2-bench\data\simulations\tau2_full_flash_telecom_0030\results.json,,2026-07-10T19:00:07
tau2_full_flash,telecom,telecom,none,[mms_issue]bad_network_preference|data_usage_exceeded|unseat_sim_card|user_abroad_roaming_disabled_off[PERSONA:Hard],telecom_0030,30,15,passed,1,tau2_full_flash_telecom_0030,C:\Users\86132\Desktop\SafeDesk\benchmarks\tau2-bench\data\simulations\tau2_full_flash_telecom_0030\results.json,,2026-07-10T19:00:07
tau2_full_flash,telecom,telecom,none,[mms_issue]bad_wifi_calling|data_usage_exceeded|unseat_sim_card|user_abroad_roaming_disabled_off[PERSONA:None],telecom_0030,30,16,passed,1,tau2_full_flash_telecom_0030,C:\Users\86132\Desktop\SafeDesk\benchmarks\tau2-bench\data\simulations\tau2_full_flash_telecom_0030\results.json,,2026-07-10T19:00:07
tau2_full_flash,telecom,telecom,none,[mms_issue]break_apn_mms_setting|data_usage_exceeded|unseat_sim_card|user_abroad_roaming_disabled_off[PERSONA:Easy],telecom_0030,30,17,passed,1,tau2_full_flash_telecom_0030,C:\Users\86132\Desktop\SafeDesk\benchmarks\tau2-bench\data\simulations\tau2_full_flash_telecom_0030\results.json,,2026-07-10T19:00:07
tau2_full_flash,telecom,telecom,none,[mms_issue]break_app_sms_permission|data_usage_exceeded|unseat_sim_card|user_abroad_roaming_disabled_off[PERSONA:Hard],telecom_0030,30,18,passed,1,tau2_full_flash_telecom_0030,C:\Users\86132\Desktop\SafeDesk\benchmarks\tau2-bench\data\simulations\tau2_full_flash_telecom_0030\results.json,,2026-07-10T19:00:07
tau2_full_flash,telecom,telecom,none,[mms_issue]break_app_storage_permission|data_usage_exceeded|unseat_sim_card|user_abroad_roaming_disabled_off[PERSONA:None],telecom_0030,30,19,passed,1,tau2_full_flash_telecom_0030,C:\Users\86132\Desktop\SafeDesk\benchmarks\tau2-bench\data\simulations\tau2_full_flash_telecom_0030\results.json,,2026-07-10T19:00:07
tau2_full_flash,telecom,telecom,none,[mms_issue]break_app_both_permissions|data_usage_exceeded|unseat_sim_card|user_abroad_roaming_disabled_off[PERSONA:Easy],telecom_0030,30,20,passed,1,tau2_full_flash_telecom_0030,C:\Users\86132\Desktop\SafeDesk\benchmarks\tau2-bench\data\simulations\tau2_full_flash_telecom_0030\results.json,,2026-07-10T19:00:07
tau2_full_flash,telecom,telecom,none,[mms_issue]bad_network_preference|bad_wifi_calling|data_usage_exceeded|unseat_sim_card[PERSONA:Hard],telecom_0030,30,21,failed_model,1,tau2_full_flash_telecom_0030,C:\Users\86132\Desktop\SafeDesk\benchmarks\tau2-bench\data\simulations\tau2_full_flash_telecom_0030\results.json,model_failure,2026-07-10T19:00:07
tau2_full_flash,telecom,telecom,none,[mms_issue]bad_network_preference|break_apn_mms_setting|data_usage_exceeded|unseat_sim_card[PERSONA:None],telecom_0030,30,22,passed,1,tau2_full_flash_telecom_0030,C:\Users\86132\Desktop\SafeDesk\benchmarks\tau2-bench\data\simulations\tau2_full_flash_telecom_0030\results.json,,2026-07-10T19:00:07
tau2_full_flash,telecom,telecom,none,[mms_issue]bad_network_preference|break_app_sms_permission|data_usage_exceeded|unseat_sim_card[PERSONA:Easy],telecom_0030,30,23,passed,1,tau2_full_flash_telecom_0030,C:\Users\86132\Desktop\SafeDesk\benchmarks\tau2-bench\data\simulations\tau2_full_flash_telecom_0030\results.json,,2026-07-10T19:00:07
tau2_full_flash,telecom,telecom,none,[mms_issue]bad_network_preference|break_app_storage_permission|data_usage_exceeded|unseat_sim_card[PERSONA:Hard],telecom_0030,30,24,infra_error,1,tau2_full_flash_telecom_0030,C:\Users\86132\Desktop\SafeDesk\benchmarks\tau2-bench\data\simulations\tau2_full_flash_telecom_0030\results.json,infra_error,2026-07-10T19:00:07
tau2_full_flash,telecom,telecom,none,[mms_issue]bad_network_preference|break_app_both_permissions|data_usage_exceeded|unseat_sim_card[PERSONA:None],telecom_0031,31,0,passed,1,tau2_full_flash_telecom_0031,C:\Users\86132\Desktop\SafeDesk\benchmarks\tau2-bench\data\simulations\tau2_full_flash_telecom_0031\results.json,,2026-07-10T19:35:12
tau2_full_flash,telecom,telecom,none,[mms_issue]bad_wifi_calling|break_apn_mms_setting|data_usage_exceeded|unseat_sim_card[PERSONA:Easy],telecom_0031,31,1,passed,1,tau2_full_flash_telecom_0031,C:\Users\86132\Desktop\SafeDesk\benchmarks\tau2-bench\data\simulations\tau2_full_flash_telecom_0031\results.json,,2026-07-10T19:35:12
tau2_full_flash,telecom,telecom,none,[mms_issue]bad_wifi_calling|break_app_sms_permission|data_usage_exceeded|unseat_sim_card[PERSONA:Hard],telecom_0031,31,2,passed,1,tau2_full_flash_telecom_0031,C:\Users\86132\Desktop\SafeDesk\benchmarks\tau2-bench\data\simulations\tau2_full_flash_telecom_0031\results.json,,2026-07-10T19:35:12
tau2_full_flash,telecom,telecom,none,[mms_issue]bad_wifi_calling|break_app_storage_permission|data_usage_exceeded|unseat_sim_card[PERSONA:None],telecom_0031,31,3,infra_error,1,tau2_full_flash_telecom_0031,C:\Users\86132\Desktop\SafeDesk\benchmarks\tau2-bench\data\simulations\tau2_full_flash_telecom_0031\results.json,infra_error,2026-07-10T19:35:12
tau2_full_flash,telecom,telecom,none,[mms_issue]bad_wifi_calling|break_app_both_permissions|data_usage_exceeded|unseat_sim_card[PERSONA:Easy],telecom_0031,31,4,passed,1,tau2_full_flash_telecom_0031,C:\Users\86132\Desktop\SafeDesk\benchmarks\tau2-bench\data\simulations\tau2_full_flash_telecom_0031\results.json,,2026-07-10T19:35:12
tau2_full_flash,telecom,telecom,none,[mms_issue]break_apn_mms_setting|break_app_sms_permission|data_usage_exceeded|unseat_sim_card[PERSONA:Hard],telecom_0031,31,5,passed,1,tau2_full_flash_telecom_0031,C:\Users\86132\Desktop\SafeDesk\benchmarks\tau2-bench\data\simulations\tau2_full_flash_telecom_0031\results.json,,2026-07-10T19:35:12
tau2_full_flash,telecom,telecom,none,[mms_issue]break_apn_mms_setting|break_app_storage_permission|data_usage_exceeded|unseat_sim_card[PERSONA:None],telecom_0031,31,6,infra_error,1,tau2_full_flash_telecom_0031,C:\Users\86132\Desktop\SafeDesk\benchmarks\tau2-bench\data\simulations\tau2_full_flash_telecom_0031\results.json,infra_error,2026-07-10T19:35:12
tau2_full_flash,telecom,telecom,none,[mms_issue]break_apn_mms_setting|break_app_both_permissions|data_usage_exceeded|unseat_sim_card[PERSONA:Easy],telecom_0031,31,7,passed,1,tau2_full_flash_telecom_0031,C:\Users\86132\Desktop\SafeDesk\benchmarks\tau2-bench\data\simulations\tau2_full_flash_telecom_0031\results.json,,2026-07-10T19:35:12
tau2_full_flash,telecom,telecom,none,[mms_issue]bad_network_preference|bad_wifi_calling|unseat_sim_card|user_abroad_roaming_enabled_off[PERSONA:Hard],telecom_0031,31,8,passed,1,tau2_full_flash_telecom_0031,C:\Users\86132\Desktop\SafeDesk\benchmarks\tau2-bench\data\simulations\tau2_full_flash_telecom_0031\results.json,,2026-07-10T19:35:12
tau2_full_flash,telecom,telecom,none,[mms_issue]bad_network_preference|break_apn_mms_setting|unseat_sim_card|user_abroad_roaming_enabled_off[PERSONA:None],telecom_0031,31,9,passed,1,tau2_full_flash_telecom_0031,C:\Users\86132\Desktop\SafeDesk\benchmarks\tau2-bench\data\simulations\tau2_full_flash_telecom_0031\results.json,,2026-07-10T19:35:12
tau2_full_flash,telecom,telecom,none,[mms_issue]bad_network_preference|break_app_sms_permission|unseat_sim_card|user_abroad_roaming_enabled_off[PERSONA:Easy],telecom_0031,31,10,passed,1,tau2_full_flash_telecom_0031,C:\Users\86132\Desktop\SafeDesk\benchmarks\tau2-bench\data\simulations\tau2_full_flash_telecom_0031\results.json,,2026-07-10T19:35:12
tau2_full_flash,telecom,telecom,none,[mms_issue]bad_network_preference|break_app_storage_permission|unseat_sim_card|user_abroad_roaming_enabled_off[PERSONA:Hard],telecom_0031,31,11,passed,1,tau2_full_flash_telecom_0031,C:\Users\86132\Desktop\SafeDesk\benchmarks\tau2-bench\data\simulations\tau2_full_flash_telecom_0031\results.json,,2026-07-10T19:35:12
tau2_full_flash,telecom,telecom,none,[mms_issue]bad_network_preference|break_app_both_permissions|unseat_sim_card|user_abroad_roaming_enabled_off[PERSONA:None],telecom_0031,31,12,passed,1,tau2_full_flash_telecom_0031,C:\Users\86132\Desktop\SafeDesk\benchmarks\tau2-bench\data\simulations\tau2_full_flash_telecom_0031\results.json,,2026-07-10T19:35:12
tau2_full_flash,telecom,telecom,none,[mms_issue]bad_wifi_calling|break_apn_mms_setting|unseat_sim_card|user_abroad_roaming_enabled_off[PERSONA:Easy],telecom_0031,31,13,passed,1,tau2_full_flash_telecom_0031,C:\Users\86132\Desktop\SafeDesk\benchmarks\tau2-bench\data\simulations\tau2_full_flash_telecom_0031\results.json,,2026-07-10T19:35:12
tau2_full_flash,telecom,telecom,none,[mms_issue]bad_wifi_calling|break_app_sms_permission|unseat_sim_card|user_abroad_roaming_enabled_off[PERSONA:Hard],telecom_0031,31,14,passed,1,tau2_full_flash_telecom_0031,C:\Users\86132\Desktop\SafeDesk\benchmarks\tau2-bench\data\simulations\tau2_full_flash_telecom_0031\results.json,,2026-07-10T19:35:12
tau2_full_flash,telecom,telecom,none,[mms_issue]bad_wifi_calling|break_app_storage_permission|unseat_sim_card|user_abroad_roaming_enabled_off[PERSONA:None],telecom_0031,31,15,passed,1,tau2_full_flash_telecom_0031,C:\Users\86132\Desktop\SafeDesk\benchmarks\tau2-bench\data\simulations\tau2_full_flash_telecom_0031\results.json,,2026-07-10T19:35:12
tau2_full_flash,telecom,telecom,none,[mms_issue]bad_wifi_calling|break_app_both_permissions|unseat_sim_card|user_abroad_roaming_enabled_off[PERSONA:Easy],telecom_0031,31,16,passed,1,tau2_full_flash_telecom_0031,C:\Users\86132\Desktop\SafeDesk\benchmarks\tau2-bench\data\simulations\tau2_full_flash_telecom_0031\results.json,,2026-07-10T19:35:12
tau2_full_flash,telecom,telecom,none,[mms_issue]break_apn_mms_setting|break_app_sms_permission|unseat_sim_card|user_abroad_roaming_enabled_off[PERSONA:Hard],telecom_0031,31,17,passed,1,tau2_full_flash_telecom_0031,C:\Users\86132\Desktop\SafeDesk\benchmarks\tau2-bench\data\simulations\tau2_full_flash_telecom_0031\results.json,,2026-07-10T19:35:12
tau2_full_flash,telecom,telecom,none,[mms_issue]break_apn_mms_setting|break_app_storage_permission|unseat_sim_card|user_abroad_roaming_enabled_off[PERSONA:None],telecom_0031,31,18,passed,1,tau2_full_flash_telecom_0031,C:\Users\86132\Desktop\SafeDesk\benchmarks\tau2-bench\data\simulations\tau2_full_flash_telecom_0031\results.json,,2026-07-10T19:35:12
tau2_full_flash,telecom,telecom,none,[mms_issue]break_apn_mms_setting|break_app_both_permissions|unseat_sim_card|user_abroad_roaming_enabled_off[PERSONA:Easy],telecom_0031,31,19,passed,1,tau2_full_flash_telecom_0031,C:\Users\86132\Desktop\SafeDesk\benchmarks\tau2-bench\data\simulations\tau2_full_flash_telecom_0031\results.json,,2026-07-10T19:35:12
tau2_full_flash,telecom,telecom,none,[mms_issue]bad_network_preference|bad_wifi_calling|unseat_sim_card|user_abroad_roaming_disabled_on[PERSONA:Hard],telecom_0031,31,20,passed,1,tau2_full_flash_telecom_0031,C:\Users\86132\Desktop\SafeDesk\benchmarks\tau2-bench\data\simulations\tau2_full_flash_telecom_0031\results.json,,2026-07-10T19:35:12
tau2_full_flash,telecom,telecom,none,[mms_issue]bad_network_preference|break_apn_mms_setting|unseat_sim_card|user_abroad_roaming_disabled_on[PERSONA:None],telecom_0031,31,21,passed,1,tau2_full_flash_telecom_0031,C:\Users\86132\Desktop\SafeDesk\benchmarks\tau2-bench\data\simulations\tau2_full_flash_telecom_0031\results.json,,2026-07-10T19:35:12
tau2_full_flash,telecom,telecom,none,[mms_issue]bad_network_preference|break_app_sms_permission|unseat_sim_card|user_abroad_roaming_disabled_on[PERSONA:Easy],telecom_0031,31,22,passed,1,tau2_full_flash_telecom_0031,C:\Users\86132\Desktop\SafeDesk\benchmarks\tau2-bench\data\simulations\tau2_full_flash_telecom_0031\results.json,,2026-07-10T19:35:12
tau2_full_flash,telecom,telecom,none,[mms_issue]bad_network_preference|break_app_storage_permission|unseat_sim_card|user_abroad_roaming_disabled_on[PERSONA:Hard],telecom_0031,31,23,passed,1,tau2_full_flash_telecom_0031,C:\Users\86132\Desktop\SafeDesk\benchmarks\tau2-bench\data\simulations\tau2_full_flash_telecom_0031\results.json,,2026-07-10T19:35:12
tau2_full_flash,telecom,telecom,none,[mms_issue]bad_network_preference|break_app_both_permissions|unseat_sim_card|user_abroad_roaming_disabled_on[PERSONA:None],telecom_0031,31,24,passed,1,tau2_full_flash_telecom_0031,C:\Users\86132\Desktop\SafeDesk\benchmarks\tau2-bench\data\simulations\tau2_full_flash_telecom_0031\results.json,,2026-07-10T19:35:12
tau2_full_flash,telecom,telecom,none,[mms_issue]bad_wifi_calling|break_apn_mms_setting|unseat_sim_card|user_abroad_roaming_disabled_on[PERSONA:Easy],telecom_0032,32,0,pending,1,tau2_full_flash_telecom_0032,C:\Users\86132\Desktop\SafeDesk\benchmarks\tau2-bench\data\simulations\tau2_full_flash_telecom_0032\results.json,,2026-07-10T19:35:12
tau2_full_flash,telecom,telecom,none,[mms_issue]bad_wifi_calling|break_app_sms_permission|unseat_sim_card|user_abroad_roaming_disabled_on[PERSONA:Hard],telecom_0032,32,1,pending,1,tau2_full_flash_telecom_0032,C:\Users\86132\Desktop\SafeDesk\benchmarks\tau2-bench\data\simulations\tau2_full_flash_telecom_0032\results.json,,2026-07-10T19:35:12
tau2_full_flash,telecom,telecom,none,[mms_issue]bad_wifi_calling|break_app_storage_permission|unseat_sim_card|user_abroad_roaming_disabled_on[PERSONA:None],telecom_0032,32,2,pending,1,tau2_full_flash_telecom_0032,C:\Users\86132\Desktop\SafeDesk\benchmarks\tau2-bench\data\simulations\tau2_full_flash_telecom_0032\results.json,,2026-07-10T19:35:12
tau2_full_flash,telecom,telecom,none,[mms_issue]bad_wifi_calling|break_app_both_permissions|unseat_sim_card|user_abroad_roaming_disabled_on[PERSONA:Easy],telecom_0032,32,3,pending,1,tau2_full_flash_telecom_0032,C:\Users\86132\Desktop\SafeDesk\benchmarks\tau2-bench\data\simulations\tau2_full_flash_telecom_0032\results.json,,2026-07-10T19:35:12
tau2_full_flash,telecom,telecom,none,[mms_issue]break_apn_mms_setting|break_app_sms_permission|unseat_sim_card|user_abroad_roaming_disabled_on[PERSONA:Hard],telecom_0032,32,4,pending,1,tau2_full_flash_telecom_0032,C:\Users\86132\Desktop\SafeDesk\benchmarks\tau2-bench\data\simulations\tau2_full_flash_telecom_0032\results.json,,2026-07-10T19:35:12
tau2_full_flash,telecom,telecom,none,[mms_issue]break_apn_mms_setting|break_app_storage_permission|unseat_sim_card|user_abroad_roaming_disabled_on[PERSONA:None],telecom_0032,32,5,pending,1,tau2_full_flash_telecom_0032,C:\Users\86132\Desktop\SafeDesk\benchmarks\tau2-bench\data\simulations\tau2_full_flash_telecom_0032\results.json,,2026-07-10T19:35:12
tau2_full_flash,telecom,telecom,none,[mms_issue]break_apn_mms_setting|break_app_both_permissions|unseat_sim_card|user_abroad_roaming_disabled_on[PERSONA:Easy],telecom_0032,32,6,pending,1,tau2_full_flash_telecom_0032,C:\Users\86132\Desktop\SafeDesk\benchmarks\tau2-bench\data\simulations\tau2_full_flash_telecom_0032\results.json,,2026-07-10T19:35:12
tau2_full_flash,telecom,telecom,none,[mms_issue]bad_network_preference|bad_wifi_calling|unseat_sim_card|user_abroad_roaming_disabled_off[PERSONA:Hard],telecom_0032,32,7,pending,1,tau2_full_flash_telecom_0032,C:\Users\86132\Desktop\SafeDesk\benchmarks\tau2-bench\data\simulations\tau2_full_flash_telecom_0032\results.json,,2026-07-10T19:35:12
tau2_full_flash,telecom,telecom,none,[mms_issue]bad_network_preference|break_apn_mms_setting|unseat_sim_card|user_abroad_roaming_disabled_off[PERSONA:None],telecom_0032,32,8,pending,1,tau2_full_flash_telecom_0032,C:\Users\86132\Desktop\SafeDesk\benchmarks\tau2-bench\data\simulations\tau2_full_flash_telecom_0032\results.json,,2026-07-10T19:35:12
tau2_full_flash,telecom,telecom,none,[mms_issue]bad_network_preference|break_app_sms_permission|unseat_sim_card|user_abroad_roaming_disabled_off[PERSONA:Easy],telecom_0032,32,9,pending,1,tau2_full_flash_telecom_0032,C:\Users\86132\Desktop\SafeDesk\benchmarks\tau2-bench\data\simulations\tau2_full_flash_telecom_0032\results.json,,2026-07-10T19:35:12
tau2_full_flash,telecom,telecom,none,[mms_issue]bad_network_preference|break_app_storage_permission|unseat_sim_card|user_abroad_roaming_disabled_off[PERSONA:Hard],telecom_0032,32,10,pending,1,tau2_full_flash_telecom_0032,C:\Users\86132\Desktop\SafeDesk\benchmarks\tau2-bench\data\simulations\tau2_full_flash_telecom_0032\results.json,,2026-07-10T19:35:12
tau2_full_flash,telecom,telecom,none,[mms_issue]bad_network_preference|break_app_both_permissions|unseat_sim_card|user_abroad_roaming_disabled_off[PERSONA:None],telecom_0032,32,11,pending,1,tau2_full_flash_telecom_0032,C:\Users\86132\Desktop\SafeDesk\benchmarks\tau2-bench\data\simulations\tau2_full_flash_telecom_0032\results.json,,2026-07-10T19:35:12
tau2_full_flash,telecom,telecom,none,[mms_issue]bad_wifi_calling|break_apn_mms_setting|unseat_sim_card|user_abroad_roaming_disabled_off[PERSONA:Easy],telecom_0032,32,12,pending,1,tau2_full_flash_telecom_0032,C:\Users\86132\Desktop\SafeDesk\benchmarks\tau2-bench\data\simulations\tau2_full_flash_telecom_0032\results.json,,2026-07-10T19:35:12
tau2_full_flash,telecom,telecom,none,[mms_issue]bad_wifi_calling|break_app_sms_permission|unseat_sim_card|user_abroad_roaming_disabled_off[PERSONA:Hard],telecom_0032,32,13,pending,1,tau2_full_flash_telecom_0032,C:\Users\86132\Desktop\SafeDesk\benchmarks\tau2-bench\data\simulations\tau2_full_flash_telecom_0032\results.json,,2026-07-10T19:35:12
tau2_full_flash,telecom,telecom,none,[mms_issue]bad_wifi_calling|break_app_storage_permission|unseat_sim_card|user_abroad_roaming_disabled_off[PERSONA:None],telecom_0032,32,14,pending,1,tau2_full_flash_telecom_0032,C:\Users\86132\Desktop\SafeDesk\benchmarks\tau2-bench\data\simulations\tau2_full_flash_telecom_0032\results.json,,2026-07-10T19:35:12
tau2_full_flash,telecom,telecom,none,[mms_issue]bad_wifi_calling|break_app_both_permissions|unseat_sim_card|user_abroad_roaming_disabled_off[PERSONA:Easy],telecom_0032,32,15,pending,1,tau2_full_flash_telecom_0032,C:\Users\86132\Desktop\SafeDesk\benchmarks\tau2-bench\data\simulations\tau2_full_flash_telecom_0032\results.json,,2026-07-10T19:35:12
tau2_full_flash,telecom,telecom,none,[mms_issue]break_apn_mms_setting|break_app_sms_permission|unseat_sim_card|user_abroad_roaming_disabled_off[PERSONA:Hard],telecom_0032,32,16,pending,1,tau2_full_flash_telecom_0032,C:\Users\86132\Desktop\SafeDesk\benchmarks\tau2-bench\data\simulations\tau2_full_flash_telecom_0032\results.json,,2026-07-10T19:35:12
tau2_full_flash,telecom,telecom,none,[mms_issue]break_apn_mms_setting|break_app_storage_permission|unseat_sim_card|user_abroad_roaming_disabled_off[PERSONA:None],telecom_0032,32,17,pending,1,tau2_full_flash_telecom_0032,C:\Users\86132\Desktop\SafeDesk\benchmarks\tau2-bench\data\simulations\tau2_full_flash_telecom_0032\results.json,,2026-07-10T19:35:12
tau2_full_flash,telecom,telecom,none,[mms_issue]break_apn_mms_setting|break_app_both_permissions|unseat_sim_card|user_abroad_roaming_disabled_off[PERSONA:Easy],telecom_0032,32,18,pending,1,tau2_full_flash_telecom_0032,C:\Users\86132\Desktop\SafeDesk\benchmarks\tau2-bench\data\simulations\tau2_full_flash_telecom_0032\results.json,,2026-07-10T19:35:12
tau2_full_flash,telecom,telecom,none,[mms_issue]bad_network_preference|bad_wifi_calling|break_apn_mms_setting|unseat_sim_card[PERSONA:Hard],telecom_0032,32,19,pending,1,tau2_full_flash_telecom_0032,C:\Users\86132\Desktop\SafeDesk\benchmarks\tau2-bench\data\simulations\tau2_full_flash_telecom_0032\results.json,,2026-07-10T19:35:12
tau2_full_flash,telecom,telecom,none,[mms_issue]bad_network_preference|bad_wifi_calling|break_app_sms_permission|unseat_sim_card[PERSONA:None],telecom_0032,32,20,pending,1,tau2_full_flash_telecom_0032,C:\Users\86132\Desktop\SafeDesk\benchmarks\tau2-bench\data\simulations\tau2_full_flash_telecom_0032\results.json,,2026-07-10T19:35:12
tau2_full_flash,telecom,telecom,none,[mms_issue]bad_network_preference|bad_wifi_calling|break_app_storage_permission|unseat_sim_card[PERSONA:Easy],telecom_0032,32,21,pending,1,tau2_full_flash_telecom_0032,C:\Users\86132\Desktop\SafeDesk\benchmarks\tau2-bench\data\simulations\tau2_full_flash_telecom_0032\results.json,,2026-07-10T19:35:12
tau2_full_flash,telecom,telecom,none,[mms_issue]bad_network_preference|bad_wifi_calling|break_app_both_permissions|unseat_sim_card[PERSONA:Hard],telecom_0032,32,22,pending,1,tau2_full_flash_telecom_0032,C:\Users\86132\Desktop\SafeDesk\benchmarks\tau2-bench\data\simulations\tau2_full_flash_telecom_0032\results.json,,2026-07-10T19:35:12
tau2_full_flash,telecom,telecom,none,[mms_issue]bad_network_preference|break_apn_mms_setting|break_app_sms_permission|unseat_sim_card[PERSONA:None],telecom_0032,32,23,pending,1,tau2_full_flash_telecom_0032,C:\Users\86132\Desktop\SafeDesk\benchmarks\tau2-bench\data\simulations\tau2_full_flash_telecom_0032\results.json,,2026-07-10T19:35:12
tau2_full_flash,telecom,telecom,none,[mms_issue]bad_network_preference|break_apn_mms_setting|break_app_storage_permission|unseat_sim_card[PERSONA:Easy],telecom_0032,32,24,pending,1,tau2_full_flash_telecom_0032,C:\Users\86132\Desktop\SafeDesk\benchmarks\tau2-bench\data\simulations\tau2_full_flash_telecom_0032\results.json,,2026-07-10T19:35:12
tau2_full_flash,telecom,telecom,none,[mms_issue]bad_network_preference|break_apn_mms_setting|break_app_both_permissions|unseat_sim_card[PERSONA:Hard],telecom_0033,33,0,pending,0,tau2_full_flash_telecom_0033,C:\Users\86132\Desktop\SafeDesk\benchmarks\tau2-bench\data\simulations\tau2_full_flash_telecom_0033\results.json,,2026-07-09T22:52:17
tau2_full_flash,telecom,telecom,none,[mms_issue]bad_wifi_calling|break_apn_mms_setting|break_app_sms_permission|unseat_sim_card[PERSONA:None],telecom_0033,33,1,pending,0,tau2_full_flash_telecom_0033,C:\Users\86132\Desktop\SafeDesk\benchmarks\tau2-bench\data\simulations\tau2_full_flash_telecom_0033\results.json,,2026-07-09T22:52:17
tau2_full_flash,telecom,telecom,none,[mms_issue]bad_wifi_calling|break_apn_mms_setting|break_app_storage_permission|unseat_sim_card[PERSONA:Easy],telecom_0033,33,2,pending,0,tau2_full_flash_telecom_0033,C:\Users\86132\Desktop\SafeDesk\benchmarks\tau2-bench\data\simulations\tau2_full_flash_telecom_0033\results.json,,2026-07-09T22:52:17
tau2_full_flash,telecom,telecom,none,[mms_issue]bad_wifi_calling|break_apn_mms_setting|break_app_both_permissions|unseat_sim_card[PERSONA:Hard],telecom_0033,33,3,pending,0,tau2_full_flash_telecom_0033,C:\Users\86132\Desktop\SafeDesk\benchmarks\tau2-bench\data\simulations\tau2_full_flash_telecom_0033\results.json,,2026-07-09T22:52:17
tau2_full_flash,telecom,telecom,none,[mms_issue]bad_network_preference|data_mode_off|data_usage_exceeded|user_abroad_roaming_enabled_off[PERSONA:None],telecom_0033,33,4,pending,0,tau2_full_flash_telecom_0033,C:\Users\86132\Desktop\SafeDesk\benchmarks\tau2-bench\data\simulations\tau2_full_flash_telecom_0033\results.json,,2026-07-09T22:52:17
tau2_full_flash,telecom,telecom,none,[mms_issue]bad_wifi_calling|data_mode_off|data_usage_exceeded|user_abroad_roaming_enabled_off[PERSONA:Easy],telecom_0033,33,5,pending,0,tau2_full_flash_telecom_0033,C:\Users\86132\Desktop\SafeDesk\benchmarks\tau2-bench\data\simulations\tau2_full_flash_telecom_0033\results.json,,2026-07-09T22:52:17
tau2_full_flash,telecom,telecom,none,[mms_issue]break_apn_mms_setting|data_mode_off|data_usage_exceeded|user_abroad_roaming_enabled_off[PERSONA:Hard],telecom_0033,33,6,pending,0,tau2_full_flash_telecom_0033,C:\Users\86132\Desktop\SafeDesk\benchmarks\tau2-bench\data\simulations\tau2_full_flash_telecom_0033\results.json,,2026-07-09T22:52:17
tau2_full_flash,telecom,telecom,none,[mms_issue]break_app_sms_permission|data_mode_off|data_usage_exceeded|user_abroad_roaming_enabled_off[PERSONA:None],telecom_0033,33,7,pending,0,tau2_full_flash_telecom_0033,C:\Users\86132\Desktop\SafeDesk\benchmarks\tau2-bench\data\simulations\tau2_full_flash_telecom_0033\results.json,,2026-07-09T22:52:17
tau2_full_flash,telecom,telecom,none,[mms_issue]break_app_storage_permission|data_mode_off|data_usage_exceeded|user_abroad_roaming_enabled_off[PERSONA:Easy],telecom_0033,33,8,pending,0,tau2_full_flash_telecom_0033,C:\Users\86132\Desktop\SafeDesk\benchmarks\tau2-bench\data\simulations\tau2_full_flash_telecom_0033\results.json,,2026-07-09T22:52:17
tau2_full_flash,telecom,telecom,none,[mms_issue]break_app_both_permissions|data_mode_off|data_usage_exceeded|user_abroad_roaming_enabled_off[PERSONA:Hard],telecom_0033,33,9,pending,0,tau2_full_flash_telecom_0033,C:\Users\86132\Desktop\SafeDesk\benchmarks\tau2-bench\data\simulations\tau2_full_flash_telecom_0033\results.json,,2026-07-09T22:52:17
tau2_full_flash,telecom,telecom,none,[mms_issue]bad_network_preference|data_mode_off|data_usage_exceeded|user_abroad_roaming_disabled_on[PERSONA:None],telecom_0033,33,10,pending,0,tau2_full_flash_telecom_0033,C:\Users\86132\Desktop\SafeDesk\benchmarks\tau2-bench\data\simulations\tau2_full_flash_telecom_0033\results.json,,2026-07-09T22:52:17
tau2_full_flash,telecom,telecom,none,[mms_issue]bad_wifi_calling|data_mode_off|data_usage_exceeded|user_abroad_roaming_disabled_on[PERSONA:Easy],telecom_0033,33,11,pending,0,tau2_full_flash_telecom_0033,C:\Users\86132\Desktop\SafeDesk\benchmarks\tau2-bench\data\simulations\tau2_full_flash_telecom_0033\results.json,,2026-07-09T22:52:17
tau2_full_flash,telecom,telecom,none,[mms_issue]break_apn_mms_setting|data_mode_off|data_usage_exceeded|user_abroad_roaming_disabled_on[PERSONA:Hard],telecom_0033,33,12,pending,0,tau2_full_flash_telecom_0033,C:\Users\86132\Desktop\SafeDesk\benchmarks\tau2-bench\data\simulations\tau2_full_flash_telecom_0033\results.json,,2026-07-09T22:52:17
tau2_full_flash,telecom,telecom,none,[mms_issue]break_app_sms_permission|data_mode_off|data_usage_exceeded|user_abroad_roaming_disabled_on[PERSONA:None],telecom_0033,33,13,pending,0,tau2_full_flash_telecom_0033,C:\Users\86132\Desktop\SafeDesk\benchmarks\tau2-bench\data\simulations\tau2_full_flash_telecom_0033\results.json,,2026-07-09T22:52:17
tau2_full_flash,telecom,telecom,none,[mms_issue]break_app_storage_permission|data_mode_off|data_usage_exceeded|user_abroad_roaming_disabled_on[PERSONA:Easy],telecom_0033,33,14,pending,0,tau2_full_flash_telecom_0033,C:\Users\86132\Desktop\SafeDesk\benchmarks\tau2-bench\data\simulations\tau2_full_flash_telecom_0033\results.json,,2026-07-09T22:52:17
tau2_full_flash,telecom,telecom,none,[mms_issue]break_app_both_permissions|data_mode_off|data_usage_exceeded|user_abroad_roaming_disabled_on[PERSONA:Hard],telecom_0033,33,15,pending,0,tau2_full_flash_telecom_0033,C:\Users\86132\Desktop\SafeDesk\benchmarks\tau2-bench\data\simulations\tau2_full_flash_telecom_0033\results.json,,2026-07-09T22:52:17
tau2_full_flash,telecom,telecom,none,[mms_issue]bad_network_preference|data_mode_off|data_usage_exceeded|user_abroad_roaming_disabled_off[PERSONA:None],telecom_0033,33,16,pending,0,tau2_full_flash_telecom_0033,C:\Users\86132\Desktop\SafeDesk\benchmarks\tau2-bench\data\simulations\tau2_full_flash_telecom_0033\results.json,,2026-07-09T22:52:17
tau2_full_flash,telecom,telecom,none,[mms_issue]bad_wifi_calling|data_mode_off|data_usage_exceeded|user_abroad_roaming_disabled_off[PERSONA:Easy],telecom_0033,33,17,pending,0,tau2_full_flash_telecom_0033,C:\Users\86132\Desktop\SafeDesk\benchmarks\tau2-bench\data\simulations\tau2_full_flash_telecom_0033\results.json,,2026-07-09T22:52:17
tau2_full_flash,telecom,telecom,none,[mms_issue]break_apn_mms_setting|data_mode_off|data_usage_exceeded|user_abroad_roaming_disabled_off[PERSONA:Hard],telecom_0033,33,18,pending,0,tau2_full_flash_telecom_0033,C:\Users\86132\Desktop\SafeDesk\benchmarks\tau2-bench\data\simulations\tau2_full_flash_telecom_0033\results.json,,2026-07-09T22:52:17
tau2_full_flash,telecom,telecom,none,[mms_issue]break_app_sms_permission|data_mode_off|data_usage_exceeded|user_abroad_roaming_disabled_off[PERSONA:None],telecom_0033,33,19,pending,0,tau2_full_flash_telecom_0033,C:\Users\86132\Desktop\SafeDesk\benchmarks\tau2-bench\data\simulations\tau2_full_flash_telecom_0033\results.json,,2026-07-09T22:52:17
tau2_full_flash,telecom,telecom,none,[mms_issue]break_app_storage_permission|data_mode_off|data_usage_exceeded|user_abroad_roaming_disabled_off[PERSONA:Easy],telecom_0033,33,20,pending,0,tau2_full_flash_telecom_0033,C:\Users\86132\Desktop\SafeDesk\benchmarks\tau2-bench\data\simulations\tau2_full_flash_telecom_0033\results.json,,2026-07-09T22:52:17
tau2_full_flash,telecom,telecom,none,[mms_issue]break_app_both_permissions|data_mode_off|data_usage_exceeded|user_abroad_roaming_disabled_off[PERSONA:Hard],telecom_0033,33,21,pending,0,tau2_full_flash_telecom_0033,C:\Users\86132\Desktop\SafeDesk\benchmarks\tau2-bench\data\simulations\tau2_full_flash_telecom_0033\results.json,,2026-07-09T22:52:17
tau2_full_flash,telecom,telecom,none,[mms_issue]bad_network_preference|bad_wifi_calling|data_mode_off|data_usage_exceeded[PERSONA:None],telecom_0033,33,22,pending,0,tau2_full_flash_telecom_0033,C:\Users\86132\Desktop\SafeDesk\benchmarks\tau2-bench\data\simulations\tau2_full_flash_telecom_0033\results.json,,2026-07-09T22:52:17
tau2_full_flash,telecom,telecom,none,[mms_issue]bad_network_preference|break_apn_mms_setting|data_mode_off|data_usage_exceeded[PERSONA:Easy],telecom_0033,33,23,pending,0,tau2_full_flash_telecom_0033,C:\Users\86132\Desktop\SafeDesk\benchmarks\tau2-bench\data\simulations\tau2_full_flash_telecom_0033\results.json,,2026-07-09T22:52:17
tau2_full_flash,telecom,telecom,none,[mms_issue]bad_network_preference|break_app_sms_permission|data_mode_off|data_usage_exceeded[PERSONA:Hard],telecom_0033,33,24,pending,0,tau2_full_flash_telecom_0033,C:\Users\86132\Desktop\SafeDesk\benchmarks\tau2-bench\data\simulations\tau2_full_flash_telecom_0033\results.json,,2026-07-09T22:52:17
tau2_full_flash,telecom,telecom,none,[mms_issue]bad_network_preference|break_app_storage_permission|data_mode_off|data_usage_exceeded[PERSONA:None],telecom_0034,34,0,pending,0,tau2_full_flash_telecom_0034,C:\Users\86132\Desktop\SafeDesk\benchmarks\tau2-bench\data\simulations\tau2_full_flash_telecom_0034\results.json,,2026-07-09T22:52:17
tau2_full_flash,telecom,telecom,none,[mms_issue]bad_network_preference|break_app_both_permissions|data_mode_off|data_usage_exceeded[PERSONA:Easy],telecom_0034,34,1,pending,0,tau2_full_flash_telecom_0034,C:\Users\86132\Desktop\SafeDesk\benchmarks\tau2-bench\data\simulations\tau2_full_flash_telecom_0034\results.json,,2026-07-09T22:52:17
tau2_full_flash,telecom,telecom,none,[mms_issue]bad_wifi_calling|break_apn_mms_setting|data_mode_off|data_usage_exceeded[PERSONA:Hard],telecom_0034,34,2,pending,0,tau2_full_flash_telecom_0034,C:\Users\86132\Desktop\SafeDesk\benchmarks\tau2-bench\data\simulations\tau2_full_flash_telecom_0034\results.json,,2026-07-09T22:52:17
tau2_full_flash,telecom,telecom,none,[mms_issue]bad_wifi_calling|break_app_sms_permission|data_mode_off|data_usage_exceeded[PERSONA:None],telecom_0034,34,3,pending,0,tau2_full_flash_telecom_0034,C:\Users\86132\Desktop\SafeDesk\benchmarks\tau2-bench\data\simulations\tau2_full_flash_telecom_0034\results.json,,2026-07-09T22:52:17
tau2_full_flash,telecom,telecom,none,[mms_issue]bad_wifi_calling|break_app_storage_permission|data_mode_off|data_usage_exceeded[PERSONA:Easy],telecom_0034,34,4,pending,0,tau2_full_flash_telecom_0034,C:\Users\86132\Desktop\SafeDesk\benchmarks\tau2-bench\data\simulations\tau2_full_flash_telecom_0034\results.json,,2026-07-09T22:52:17
tau2_full_flash,telecom,telecom,none,[mms_issue]bad_wifi_calling|break_app_both_permissions|data_mode_off|data_usage_exceeded[PERSONA:Hard],telecom_0034,34,5,pending,0,tau2_full_flash_telecom_0034,C:\Users\86132\Desktop\SafeDesk\benchmarks\tau2-bench\data\simulations\tau2_full_flash_telecom_0034\results.json,,2026-07-09T22:52:17
tau2_full_flash,telecom,telecom,none,[mms_issue]break_apn_mms_setting|break_app_sms_permission|data_mode_off|data_usage_exceeded[PERSONA:None],telecom_0034,34,6,pending,0,tau2_full_flash_telecom_0034,C:\Users\86132\Desktop\SafeDesk\benchmarks\tau2-bench\data\simulations\tau2_full_flash_telecom_0034\results.json,,2026-07-09T22:52:17
tau2_full_flash,telecom,telecom,none,[mms_issue]break_apn_mms_setting|break_app_storage_permission|data_mode_off|data_usage_exceeded[PERSONA:Easy],telecom_0034,34,7,pending,0,tau2_full_flash_telecom_0034,C:\Users\86132\Desktop\SafeDesk\benchmarks\tau2-bench\data\simulations\tau2_full_flash_telecom_0034\results.json,,2026-07-09T22:52:17
tau2_full_flash,telecom,telecom,none,[mms_issue]break_apn_mms_setting|break_app_both_permissions|data_mode_off|data_usage_exceeded[PERSONA:Hard],telecom_0034,34,8,pending,0,tau2_full_flash_telecom_0034,C:\Users\86132\Desktop\SafeDesk\benchmarks\tau2-bench\data\simulations\tau2_full_flash_telecom_0034\results.json,,2026-07-09T22:52:17
tau2_full_flash,telecom,telecom,none,[mms_issue]bad_network_preference|bad_wifi_calling|data_mode_off|user_abroad_roaming_enabled_off[PERSONA:None],telecom_0034,34,9,pending,0,tau2_full_flash_telecom_0034,C:\Users\86132\Desktop\SafeDesk\benchmarks\tau2-bench\data\simulations\tau2_full_flash_telecom_0034\results.json,,2026-07-09T22:52:17
tau2_full_flash,telecom,telecom,none,[mms_issue]bad_network_preference|break_apn_mms_setting|data_mode_off|user_abroad_roaming_enabled_off[PERSONA:Easy],telecom_0034,34,10,pending,0,tau2_full_flash_telecom_0034,C:\Users\86132\Desktop\SafeDesk\benchmarks\tau2-bench\data\simulations\tau2_full_flash_telecom_0034\results.json,,2026-07-09T22:52:17
tau2_full_flash,telecom,telecom,none,[mms_issue]bad_network_preference|break_app_sms_permission|data_mode_off|user_abroad_roaming_enabled_off[PERSONA:Hard],telecom_0034,34,11,pending,0,tau2_full_flash_telecom_0034,C:\Users\86132\Desktop\SafeDesk\benchmarks\tau2-bench\data\simulations\tau2_full_flash_telecom_0034\results.json,,2026-07-09T22:52:17
tau2_full_flash,telecom,telecom,none,[mms_issue]bad_network_preference|break_app_storage_permission|data_mode_off|user_abroad_roaming_enabled_off[PERSONA:None],telecom_0034,34,12,pending,0,tau2_full_flash_telecom_0034,C:\Users\86132\Desktop\SafeDesk\benchmarks\tau2-bench\data\simulations\tau2_full_flash_telecom_0034\results.json,,2026-07-09T22:52:17
tau2_full_flash,telecom,telecom,none,[mms_issue]bad_network_preference|break_app_both_permissions|data_mode_off|user_abroad_roaming_enabled_off[PERSONA:Easy],telecom_0034,34,13,pending,0,tau2_full_flash_telecom_0034,C:\Users\86132\Desktop\SafeDesk\benchmarks\tau2-bench\data\simulations\tau2_full_flash_telecom_0034\results.json,,2026-07-09T22:52:17
tau2_full_flash,telecom,telecom,none,[mms_issue]bad_wifi_calling|break_apn_mms_setting|data_mode_off|user_abroad_roaming_enabled_off[PERSONA:Hard],telecom_0034,34,14,pending,0,tau2_full_flash_telecom_0034,C:\Users\86132\Desktop\SafeDesk\benchmarks\tau2-bench\data\simulations\tau2_full_flash_telecom_0034\results.json,,2026-07-09T22:52:17
tau2_full_flash,telecom,telecom,none,[mms_issue]bad_wifi_calling|break_app_sms_permission|data_mode_off|user_abroad_roaming_enabled_off[PERSONA:None],telecom_0034,34,15,pending,0,tau2_full_flash_telecom_0034,C:\Users\86132\Desktop\SafeDesk\benchmarks\tau2-bench\data\simulations\tau2_full_flash_telecom_0034\results.json,,2026-07-09T22:52:17
tau2_full_flash,telecom,telecom,none,[mms_issue]bad_wifi_calling|break_app_storage_permission|data_mode_off|user_abroad_roaming_enabled_off[PERSONA:Easy],telecom_0034,34,16,pending,0,tau2_full_flash_telecom_0034,C:\Users\86132\Desktop\SafeDesk\benchmarks\tau2-bench\data\simulations\tau2_full_flash_telecom_0034\results.json,,2026-07-09T22:52:17
tau2_full_flash,telecom,telecom,none,[mms_issue]bad_wifi_calling|break_app_both_permissions|data_mode_off|user_abroad_roaming_enabled_off[PERSONA:Hard],telecom_0034,34,17,pending,0,tau2_full_flash_telecom_0034,C:\Users\86132\Desktop\SafeDesk\benchmarks\tau2-bench\data\simulations\tau2_full_flash_telecom_0034\results.json,,2026-07-09T22:52:17
tau2_full_flash,telecom,telecom,none,[mms_issue]break_apn_mms_setting|break_app_sms_permission|data_mode_off|user_abroad_roaming_enabled_off[PERSONA:None],telecom_0034,34,18,pending,0,tau2_full_flash_telecom_0034,C:\Users\86132\Desktop\SafeDesk\benchmarks\tau2-bench\data\simulations\tau2_full_flash_telecom_0034\results.json,,2026-07-09T22:52:17
tau2_full_flash,telecom,telecom,none,[mms_issue]break_apn_mms_setting|break_app_storage_permission|data_mode_off|user_abroad_roaming_enabled_off[PERSONA:Easy],telecom_0034,34,19,pending,0,tau2_full_flash_telecom_0034,C:\Users\86132\Desktop\SafeDesk\benchmarks\tau2-bench\data\simulations\tau2_full_flash_telecom_0034\results.json,,2026-07-09T22:52:17
tau2_full_flash,telecom,telecom,none,[mms_issue]break_apn_mms_setting|break_app_both_permissions|data_mode_off|user_abroad_roaming_enabled_off[PERSONA:Hard],telecom_0034,34,20,pending,0,tau2_full_flash_telecom_0034,C:\Users\86132\Desktop\SafeDesk\benchmarks\tau2-bench\data\simulations\tau2_full_flash_telecom_0034\results.json,,2026-07-09T22:52:17
tau2_full_flash,telecom,telecom,none,[mms_issue]bad_network_preference|bad_wifi_calling|data_mode_off|user_abroad_roaming_disabled_on[PERSONA:None],telecom_0034,34,21,pending,0,tau2_full_flash_telecom_0034,C:\Users\86132\Desktop\SafeDesk\benchmarks\tau2-bench\data\simulations\tau2_full_flash_telecom_0034\results.json,,2026-07-09T22:52:17
tau2_full_flash,telecom,telecom,none,[mms_issue]bad_network_preference|break_apn_mms_setting|data_mode_off|user_abroad_roaming_disabled_on[PERSONA:Easy],telecom_0034,34,22,pending,0,tau2_full_flash_telecom_0034,C:\Users\86132\Desktop\SafeDesk\benchmarks\tau2-bench\data\simulations\tau2_full_flash_telecom_0034\results.json,,2026-07-09T22:52:17
tau2_full_flash,telecom,telecom,none,[mms_issue]bad_network_preference|break_app_sms_permission|data_mode_off|user_abroad_roaming_disabled_on[PERSONA:Hard],telecom_0034,34,23,pending,0,tau2_full_flash_telecom_0034,C:\Users\86132\Desktop\SafeDesk\benchmarks\tau2-bench\data\simulations\tau2_full_flash_telecom_0034\results.json,,2026-07-09T22:52:17
tau2_full_flash,telecom,telecom,none,[mms_issue]bad_network_preference|break_app_storage_permission|data_mode_off|user_abroad_roaming_disabled_on[PERSONA:None],telecom_0034,34,24,pending,0,tau2_full_flash_telecom_0034,C:\Users\86132\Desktop\SafeDesk\benchmarks\tau2-bench\data\simulations\tau2_full_flash_telecom_0034\results.json,,2026-07-09T22:52:17
tau2_full_flash,telecom,telecom,none,[mms_issue]bad_network_preference|break_app_both_permissions|data_mode_off|user_abroad_roaming_disabled_on[PERSONA:Easy],telecom_0035,35,0,pending,0,tau2_full_flash_telecom_0035,C:\Users\86132\Desktop\SafeDesk\benchmarks\tau2-bench\data\simulations\tau2_full_flash_telecom_0035\results.json,,2026-07-09T22:52:17
tau2_full_flash,telecom,telecom,none,[mms_issue]bad_wifi_calling|break_apn_mms_setting|data_mode_off|user_abroad_roaming_disabled_on[PERSONA:Hard],telecom_0035,35,1,pending,0,tau2_full_flash_telecom_0035,C:\Users\86132\Desktop\SafeDesk\benchmarks\tau2-bench\data\simulations\tau2_full_flash_telecom_0035\results.json,,2026-07-09T22:52:17
tau2_full_flash,telecom,telecom,none,[mms_issue]bad_wifi_calling|break_app_sms_permission|data_mode_off|user_abroad_roaming_disabled_on[PERSONA:None],telecom_0035,35,2,pending,0,tau2_full_flash_telecom_0035,C:\Users\86132\Desktop\SafeDesk\benchmarks\tau2-bench\data\simulations\tau2_full_flash_telecom_0035\results.json,,2026-07-09T22:52:17
tau2_full_flash,telecom,telecom,none,[mms_issue]bad_wifi_calling|break_app_storage_permission|data_mode_off|user_abroad_roaming_disabled_on[PERSONA:Easy],telecom_0035,35,3,pending,0,tau2_full_flash_telecom_0035,C:\Users\86132\Desktop\SafeDesk\benchmarks\tau2-bench\data\simulations\tau2_full_flash_telecom_0035\results.json,,2026-07-09T22:52:17
tau2_full_flash,telecom,telecom,none,[mms_issue]bad_wifi_calling|break_app_both_permissions|data_mode_off|user_abroad_roaming_disabled_on[PERSONA:Hard],telecom_0035,35,4,pending,0,tau2_full_flash_telecom_0035,C:\Users\86132\Desktop\SafeDesk\benchmarks\tau2-bench\data\simulations\tau2_full_flash_telecom_0035\results.json,,2026-07-09T22:52:17
tau2_full_flash,telecom,telecom,none,[mms_issue]break_apn_mms_setting|break_app_sms_permission|data_mode_off|user_abroad_roaming_disabled_on[PERSONA:None],telecom_0035,35,5,pending,0,tau2_full_flash_telecom_0035,C:\Users\86132\Desktop\SafeDesk\benchmarks\tau2-bench\data\simulations\tau2_full_flash_telecom_0035\results.json,,2026-07-09T22:52:17
tau2_full_flash,telecom,telecom,none,[mms_issue]break_apn_mms_setting|break_app_storage_permission|data_mode_off|user_abroad_roaming_disabled_on[PERSONA:Easy],telecom_0035,35,6,pending,0,tau2_full_flash_telecom_0035,C:\Users\86132\Desktop\SafeDesk\benchmarks\tau2-bench\data\simulations\tau2_full_flash_telecom_0035\results.json,,2026-07-09T22:52:17
tau2_full_flash,telecom,telecom,none,[mms_issue]break_apn_mms_setting|break_app_both_permissions|data_mode_off|user_abroad_roaming_disabled_on[PERSONA:Hard],telecom_0035,35,7,pending,0,tau2_full_flash_telecom_0035,C:\Users\86132\Desktop\SafeDesk\benchmarks\tau2-bench\data\simulations\tau2_full_flash_telecom_0035\results.json,,2026-07-09T22:52:17
tau2_full_flash,telecom,telecom,none,[mms_issue]bad_network_preference|bad_wifi_calling|data_mode_off|user_abroad_roaming_disabled_off[PERSONA:None],telecom_0035,35,8,pending,0,tau2_full_flash_telecom_0035,C:\Users\86132\Desktop\SafeDesk\benchmarks\tau2-bench\data\simulations\tau2_full_flash_telecom_0035\results.json,,2026-07-09T22:52:17
tau2_full_flash,telecom,telecom,none,[mms_issue]bad_network_preference|break_apn_mms_setting|data_mode_off|user_abroad_roaming_disabled_off[PERSONA:Easy],telecom_0035,35,9,pending,0,tau2_full_flash_telecom_0035,C:\Users\86132\Desktop\SafeDesk\benchmarks\tau2-bench\data\simulations\tau2_full_flash_telecom_0035\results.json,,2026-07-09T22:52:17
tau2_full_flash,telecom,telecom,none,[mms_issue]bad_network_preference|break_app_sms_permission|data_mode_off|user_abroad_roaming_disabled_off[PERSONA:Hard],telecom_0035,35,10,pending,0,tau2_full_flash_telecom_0035,C:\Users\86132\Desktop\SafeDesk\benchmarks\tau2-bench\data\simulations\tau2_full_flash_telecom_0035\results.json,,2026-07-09T22:52:17
tau2_full_flash,telecom,telecom,none,[mms_issue]bad_network_preference|break_app_storage_permission|data_mode_off|user_abroad_roaming_disabled_off[PERSONA:None],telecom_0035,35,11,pending,0,tau2_full_flash_telecom_0035,C:\Users\86132\Desktop\SafeDesk\benchmarks\tau2-bench\data\simulations\tau2_full_flash_telecom_0035\results.json,,2026-07-09T22:52:17
tau2_full_flash,telecom,telecom,none,[mms_issue]bad_network_preference|break_app_both_permissions|data_mode_off|user_abroad_roaming_disabled_off[PERSONA:Easy],telecom_0035,35,12,pending,0,tau2_full_flash_telecom_0035,C:\Users\86132\Desktop\SafeDesk\benchmarks\tau2-bench\data\simulations\tau2_full_flash_telecom_0035\results.json,,2026-07-09T22:52:17
tau2_full_flash,telecom,telecom,none,[mms_issue]bad_wifi_calling|break_apn_mms_setting|data_mode_off|user_abroad_roaming_disabled_off[PERSONA:Hard],telecom_0035,35,13,pending,0,tau2_full_flash_telecom_0035,C:\Users\86132\Desktop\SafeDesk\benchmarks\tau2-bench\data\simulations\tau2_full_flash_telecom_0035\results.json,,2026-07-09T22:52:17
tau2_full_flash,telecom,telecom,none,[mms_issue]bad_wifi_calling|break_app_sms_permission|data_mode_off|user_abroad_roaming_disabled_off[PERSONA:None],telecom_0035,35,14,pending,0,tau2_full_flash_telecom_0035,C:\Users\86132\Desktop\SafeDesk\benchmarks\tau2-bench\data\simulations\tau2_full_flash_telecom_0035\results.json,,2026-07-09T22:52:17
tau2_full_flash,telecom,telecom,none,[mms_issue]bad_wifi_calling|break_app_storage_permission|data_mode_off|user_abroad_roaming_disabled_off[PERSONA:Easy],telecom_0035,35,15,pending,0,tau2_full_flash_telecom_0035,C:\Users\86132\Desktop\SafeDesk\benchmarks\tau2-bench\data\simulations\tau2_full_flash_telecom_0035\results.json,,2026-07-09T22:52:17
tau2_full_flash,telecom,telecom,none,[mms_issue]bad_wifi_calling|break_app_both_permissions|data_mode_off|user_abroad_roaming_disabled_off[PERSONA:Hard],telecom_0035,35,16,pending,0,tau2_full_flash_telecom_0035,C:\Users\86132\Desktop\SafeDesk\benchmarks\tau2-bench\data\simulations\tau2_full_flash_telecom_0035\results.json,,2026-07-09T22:52:17
tau2_full_flash,telecom,telecom,none,[mms_issue]break_apn_mms_setting|break_app_sms_permission|data_mode_off|user_abroad_roaming_disabled_off[PERSONA:None],telecom_0035,35,17,pending,0,tau2_full_flash_telecom_0035,C:\Users\86132\Desktop\SafeDesk\benchmarks\tau2-bench\data\simulations\tau2_full_flash_telecom_0035\results.json,,2026-07-09T22:52:17
tau2_full_flash,telecom,telecom,none,[mms_issue]break_apn_mms_setting|break_app_storage_permission|data_mode_off|user_abroad_roaming_disabled_off[PERSONA:Easy],telecom_0035,35,18,pending,0,tau2_full_flash_telecom_0035,C:\Users\86132\Desktop\SafeDesk\benchmarks\tau2-bench\data\simulations\tau2_full_flash_telecom_0035\results.json,,2026-07-09T22:52:17
tau2_full_flash,telecom,telecom,none,[mms_issue]break_apn_mms_setting|break_app_both_permissions|data_mode_off|user_abroad_roaming_disabled_off[PERSONA:Hard],telecom_0035,35,19,pending,0,tau2_full_flash_telecom_0035,C:\Users\86132\Desktop\SafeDesk\benchmarks\tau2-bench\data\simulations\tau2_full_flash_telecom_0035\results.json,,2026-07-09T22:52:17
tau2_full_flash,telecom,telecom,none,[mms_issue]bad_network_preference|bad_wifi_calling|break_apn_mms_setting|data_mode_off[PERSONA:None],telecom_0035,35,20,pending,0,tau2_full_flash_telecom_0035,C:\Users\86132\Desktop\SafeDesk\benchmarks\tau2-bench\data\simulations\tau2_full_flash_telecom_0035\results.json,,2026-07-09T22:52:17
tau2_full_flash,telecom,telecom,none,[mms_issue]bad_network_preference|bad_wifi_calling|break_app_sms_permission|data_mode_off[PERSONA:Easy],telecom_0035,35,21,pending,0,tau2_full_flash_telecom_0035,C:\Users\86132\Desktop\SafeDesk\benchmarks\tau2-bench\data\simulations\tau2_full_flash_telecom_0035\results.json,,2026-07-09T22:52:17
tau2_full_flash,telecom,telecom,none,[mms_issue]bad_network_preference|bad_wifi_calling|break_app_storage_permission|data_mode_off[PERSONA:Hard],telecom_0035,35,22,pending,0,tau2_full_flash_telecom_0035,C:\Users\86132\Desktop\SafeDesk\benchmarks\tau2-bench\data\simulations\tau2_full_flash_telecom_0035\results.json,,2026-07-09T22:52:17
tau2_full_flash,telecom,telecom,none,[mms_issue]bad_network_preference|bad_wifi_calling|break_app_both_permissions|data_mode_off[PERSONA:None],telecom_0035,35,23,pending,0,tau2_full_flash_telecom_0035,C:\Users\86132\Desktop\SafeDesk\benchmarks\tau2-bench\data\simulations\tau2_full_flash_telecom_0035\results.json,,2026-07-09T22:52:17
tau2_full_flash,telecom,telecom,none,[mms_issue]bad_network_preference|break_apn_mms_setting|break_app_sms_permission|data_mode_off[PERSONA:Easy],telecom_0035,35,24,pending,0,tau2_full_flash_telecom_0035,C:\Users\86132\Desktop\SafeDesk\benchmarks\tau2-bench\data\simulations\tau2_full_flash_telecom_0035\results.json,,2026-07-09T22:52:17
tau2_full_flash,telecom,telecom,none,[mms_issue]bad_network_preference|break_apn_mms_setting|break_app_storage_permission|data_mode_off[PERSONA:Hard],telecom_0036,36,0,pending,0,tau2_full_flash_telecom_0036,C:\Users\86132\Desktop\SafeDesk\benchmarks\tau2-bench\data\simulations\tau2_full_flash_telecom_0036\results.json,,2026-07-09T22:52:17
tau2_full_flash,telecom,telecom,none,[mms_issue]bad_network_preference|break_apn_mms_setting|break_app_both_permissions|data_mode_off[PERSONA:None],telecom_0036,36,1,pending,0,tau2_full_flash_telecom_0036,C:\Users\86132\Desktop\SafeDesk\benchmarks\tau2-bench\data\simulations\tau2_full_flash_telecom_0036\results.json,,2026-07-09T22:52:17
tau2_full_flash,telecom,telecom,none,[mms_issue]bad_wifi_calling|break_apn_mms_setting|break_app_sms_permission|data_mode_off[PERSONA:Easy],telecom_0036,36,2,pending,0,tau2_full_flash_telecom_0036,C:\Users\86132\Desktop\SafeDesk\benchmarks\tau2-bench\data\simulations\tau2_full_flash_telecom_0036\results.json,,2026-07-09T22:52:17
tau2_full_flash,telecom,telecom,none,[mms_issue]bad_wifi_calling|break_apn_mms_setting|break_app_storage_permission|data_mode_off[PERSONA:Hard],telecom_0036,36,3,pending,0,tau2_full_flash_telecom_0036,C:\Users\86132\Desktop\SafeDesk\benchmarks\tau2-bench\data\simulations\tau2_full_flash_telecom_0036\results.json,,2026-07-09T22:52:17
tau2_full_flash,telecom,telecom,none,[mms_issue]bad_wifi_calling|break_apn_mms_setting|break_app_both_permissions|data_mode_off[PERSONA:None],telecom_0036,36,4,pending,0,tau2_full_flash_telecom_0036,C:\Users\86132\Desktop\SafeDesk\benchmarks\tau2-bench\data\simulations\tau2_full_flash_telecom_0036\results.json,,2026-07-09T22:52:17
tau2_full_flash,telecom,telecom,none,[mms_issue]bad_network_preference|bad_wifi_calling|data_usage_exceeded|user_abroad_roaming_enabled_off[PERSONA:Easy],telecom_0036,36,5,pending,0,tau2_full_flash_telecom_0036,C:\Users\86132\Desktop\SafeDesk\benchmarks\tau2-bench\data\simulations\tau2_full_flash_telecom_0036\results.json,,2026-07-09T22:52:17
tau2_full_flash,telecom,telecom,none,[mms_issue]bad_network_preference|break_apn_mms_setting|data_usage_exceeded|user_abroad_roaming_enabled_off[PERSONA:Hard],telecom_0036,36,6,pending,0,tau2_full_flash_telecom_0036,C:\Users\86132\Desktop\SafeDesk\benchmarks\tau2-bench\data\simulations\tau2_full_flash_telecom_0036\results.json,,2026-07-09T22:52:17
tau2_full_flash,telecom,telecom,none,[mms_issue]bad_network_preference|break_app_sms_permission|data_usage_exceeded|user_abroad_roaming_enabled_off[PERSONA:None],telecom_0036,36,7,pending,0,tau2_full_flash_telecom_0036,C:\Users\86132\Desktop\SafeDesk\benchmarks\tau2-bench\data\simulations\tau2_full_flash_telecom_0036\results.json,,2026-07-09T22:52:17
tau2_full_flash,telecom,telecom,none,[mms_issue]bad_network_preference|break_app_storage_permission|data_usage_exceeded|user_abroad_roaming_enabled_off[PERSONA:Easy],telecom_0036,36,8,pending,0,tau2_full_flash_telecom_0036,C:\Users\86132\Desktop\SafeDesk\benchmarks\tau2-bench\data\simulations\tau2_full_flash_telecom_0036\results.json,,2026-07-09T22:52:17
tau2_full_flash,telecom,telecom,none,[mms_issue]bad_network_preference|break_app_both_permissions|data_usage_exceeded|user_abroad_roaming_enabled_off[PERSONA:Hard],telecom_0036,36,9,pending,0,tau2_full_flash_telecom_0036,C:\Users\86132\Desktop\SafeDesk\benchmarks\tau2-bench\data\simulations\tau2_full_flash_telecom_0036\results.json,,2026-07-09T22:52:17
tau2_full_flash,telecom,telecom,none,[mms_issue]bad_wifi_calling|break_apn_mms_setting|data_usage_exceeded|user_abroad_roaming_enabled_off[PERSONA:None],telecom_0036,36,10,pending,0,tau2_full_flash_telecom_0036,C:\Users\86132\Desktop\SafeDesk\benchmarks\tau2-bench\data\simulations\tau2_full_flash_telecom_0036\results.json,,2026-07-09T22:52:17
tau2_full_flash,telecom,telecom,none,[mms_issue]bad_wifi_calling|break_app_sms_permission|data_usage_exceeded|user_abroad_roaming_enabled_off[PERSONA:Easy],telecom_0036,36,11,pending,0,tau2_full_flash_telecom_0036,C:\Users\86132\Desktop\SafeDesk\benchmarks\tau2-bench\data\simulations\tau2_full_flash_telecom_0036\results.json,,2026-07-09T22:52:17
tau2_full_flash,telecom,telecom,none,[mms_issue]bad_wifi_calling|break_app_storage_permission|data_usage_exceeded|user_abroad_roaming_enabled_off[PERSONA:Hard],telecom_0036,36,12,pending,0,tau2_full_flash_telecom_0036,C:\Users\86132\Desktop\SafeDesk\benchmarks\tau2-bench\data\simulations\tau2_full_flash_telecom_0036\results.json,,2026-07-09T22:52:17
tau2_full_flash,telecom,telecom,none,[mms_issue]bad_wifi_calling|break_app_both_permissions|data_usage_exceeded|user_abroad_roaming_enabled_off[PERSONA:None],telecom_0036,36,13,pending,0,tau2_full_flash_telecom_0036,C:\Users\86132\Desktop\SafeDesk\benchmarks\tau2-bench\data\simulations\tau2_full_flash_telecom_0036\results.json,,2026-07-09T22:52:17
tau2_full_flash,telecom,telecom,none,[mms_issue]break_apn_mms_setting|break_app_sms_permission|data_usage_exceeded|user_abroad_roaming_enabled_off[PERSONA:Easy],telecom_0036,36,14,pending,0,tau2_full_flash_telecom_0036,C:\Users\86132\Desktop\SafeDesk\benchmarks\tau2-bench\data\simulations\tau2_full_flash_telecom_0036\results.json,,2026-07-09T22:52:17
tau2_full_flash,telecom,telecom,none,[mms_issue]break_apn_mms_setting|break_app_storage_permission|data_usage_exceeded|user_abroad_roaming_enabled_off[PERSONA:Hard],telecom_0036,36,15,pending,0,tau2_full_flash_telecom_0036,C:\Users\86132\Desktop\SafeDesk\benchmarks\tau2-bench\data\simulations\tau2_full_flash_telecom_0036\results.json,,2026-07-09T22:52:17
tau2_full_flash,telecom,telecom,none,[mms_issue]break_apn_mms_setting|break_app_both_permissions|data_usage_exceeded|user_abroad_roaming_enabled_off[PERSONA:None],telecom_0036,36,16,pending,0,tau2_full_flash_telecom_0036,C:\Users\86132\Desktop\SafeDesk\benchmarks\tau2-bench\data\simulations\tau2_full_flash_telecom_0036\results.json,,2026-07-09T22:52:17
tau2_full_flash,telecom,telecom,none,[mms_issue]bad_network_preference|bad_wifi_calling|data_usage_exceeded|user_abroad_roaming_disabled_on[PERSONA:Easy],telecom_0036,36,17,pending,0,tau2_full_flash_telecom_0036,C:\Users\86132\Desktop\SafeDesk\benchmarks\tau2-bench\data\simulations\tau2_full_flash_telecom_0036\results.json,,2026-07-09T22:52:17
tau2_full_flash,telecom,telecom,none,[mms_issue]bad_network_preference|break_apn_mms_setting|data_usage_exceeded|user_abroad_roaming_disabled_on[PERSONA:Hard],telecom_0036,36,18,pending,0,tau2_full_flash_telecom_0036,C:\Users\86132\Desktop\SafeDesk\benchmarks\tau2-bench\data\simulations\tau2_full_flash_telecom_0036\results.json,,2026-07-09T22:52:17
tau2_full_flash,telecom,telecom,none,[mms_issue]bad_network_preference|break_app_sms_permission|data_usage_exceeded|user_abroad_roaming_disabled_on[PERSONA:None],telecom_0036,36,19,pending,0,tau2_full_flash_telecom_0036,C:\Users\86132\Desktop\SafeDesk\benchmarks\tau2-bench\data\simulations\tau2_full_flash_telecom_0036\results.json,,2026-07-09T22:52:17
tau2_full_flash,telecom,telecom,none,[mms_issue]bad_network_preference|break_app_storage_permission|data_usage_exceeded|user_abroad_roaming_disabled_on[PERSONA:Easy],telecom_0036,36,20,pending,0,tau2_full_flash_telecom_0036,C:\Users\86132\Desktop\SafeDesk\benchmarks\tau2-bench\data\simulations\tau2_full_flash_telecom_0036\results.json,,2026-07-09T22:52:17
tau2_full_flash,telecom,telecom,none,[mms_issue]bad_network_preference|break_app_both_permissions|data_usage_exceeded|user_abroad_roaming_disabled_on[PERSONA:Hard],telecom_0036,36,21,pending,0,tau2_full_flash_telecom_0036,C:\Users\86132\Desktop\SafeDesk\benchmarks\tau2-bench\data\simulations\tau2_full_flash_telecom_0036\results.json,,2026-07-09T22:52:17
tau2_full_flash,telecom,telecom,none,[mms_issue]bad_wifi_calling|break_apn_mms_setting|data_usage_exceeded|user_abroad_roaming_disabled_on[PERSONA:None],telecom_0036,36,22,pending,0,tau2_full_flash_telecom_0036,C:\Users\86132\Desktop\SafeDesk\benchmarks\tau2-bench\data\simulations\tau2_full_flash_telecom_0036\results.json,,2026-07-09T22:52:17
tau2_full_flash,telecom,telecom,none,[mms_issue]bad_wifi_calling|break_app_sms_permission|data_usage_exceeded|user_abroad_roaming_disabled_on[PERSONA:Easy],telecom_0036,36,23,pending,0,tau2_full_flash_telecom_0036,C:\Users\86132\Desktop\SafeDesk\benchmarks\tau2-bench\data\simulations\tau2_full_flash_telecom_0036\results.json,,2026-07-09T22:52:17
tau2_full_flash,telecom,telecom,none,[mms_issue]bad_wifi_calling|break_app_storage_permission|data_usage_exceeded|user_abroad_roaming_disabled_on[PERSONA:Hard],telecom_0036,36,24,pending,0,tau2_full_flash_telecom_0036,C:\Users\86132\Desktop\SafeDesk\benchmarks\tau2-bench\data\simulations\tau2_full_flash_telecom_0036\results.json,,2026-07-09T22:52:17
tau2_full_flash,telecom,telecom,none,[mms_issue]bad_wifi_calling|break_app_both_permissions|data_usage_exceeded|user_abroad_roaming_disabled_on[PERSONA:None],telecom_0037,37,0,pending,0,tau2_full_flash_telecom_0037,C:\Users\86132\Desktop\SafeDesk\benchmarks\tau2-bench\data\simulations\tau2_full_flash_telecom_0037\results.json,,2026-07-09T22:52:17
tau2_full_flash,telecom,telecom,none,[mms_issue]break_apn_mms_setting|break_app_sms_permission|data_usage_exceeded|user_abroad_roaming_disabled_on[PERSONA:Easy],telecom_0037,37,1,pending,0,tau2_full_flash_telecom_0037,C:\Users\86132\Desktop\SafeDesk\benchmarks\tau2-bench\data\simulations\tau2_full_flash_telecom_0037\results.json,,2026-07-09T22:52:17
tau2_full_flash,telecom,telecom,none,[mms_issue]break_apn_mms_setting|break_app_storage_permission|data_usage_exceeded|user_abroad_roaming_disabled_on[PERSONA:Hard],telecom_0037,37,2,pending,0,tau2_full_flash_telecom_0037,C:\Users\86132\Desktop\SafeDesk\benchmarks\tau2-bench\data\simulations\tau2_full_flash_telecom_0037\results.json,,2026-07-09T22:52:17
tau2_full_flash,telecom,telecom,none,[mms_issue]break_apn_mms_setting|break_app_both_permissions|data_usage_exceeded|user_abroad_roaming_disabled_on[PERSONA:None],telecom_0037,37,3,pending,0,tau2_full_flash_telecom_0037,C:\Users\86132\Desktop\SafeDesk\benchmarks\tau2-bench\data\simulations\tau2_full_flash_telecom_0037\results.json,,2026-07-09T22:52:17
tau2_full_flash,telecom,telecom,none,[mms_issue]bad_network_preference|bad_wifi_calling|data_usage_exceeded|user_abroad_roaming_disabled_off[PERSONA:Easy],telecom_0037,37,4,pending,0,tau2_full_flash_telecom_0037,C:\Users\86132\Desktop\SafeDesk\benchmarks\tau2-bench\data\simulations\tau2_full_flash_telecom_0037\results.json,,2026-07-09T22:52:17
tau2_full_flash,telecom,telecom,none,[mms_issue]bad_network_preference|break_apn_mms_setting|data_usage_exceeded|user_abroad_roaming_disabled_off[PERSONA:Hard],telecom_0037,37,5,pending,0,tau2_full_flash_telecom_0037,C:\Users\86132\Desktop\SafeDesk\benchmarks\tau2-bench\data\simulations\tau2_full_flash_telecom_0037\results.json,,2026-07-09T22:52:17
tau2_full_flash,telecom,telecom,none,[mms_issue]bad_network_preference|break_app_sms_permission|data_usage_exceeded|user_abroad_roaming_disabled_off[PERSONA:None],telecom_0037,37,6,pending,0,tau2_full_flash_telecom_0037,C:\Users\86132\Desktop\SafeDesk\benchmarks\tau2-bench\data\simulations\tau2_full_flash_telecom_0037\results.json,,2026-07-09T22:52:17
tau2_full_flash,telecom,telecom,none,[mms_issue]bad_network_preference|break_app_storage_permission|data_usage_exceeded|user_abroad_roaming_disabled_off[PERSONA:Easy],telecom_0037,37,7,pending,0,tau2_full_flash_telecom_0037,C:\Users\86132\Desktop\SafeDesk\benchmarks\tau2-bench\data\simulations\tau2_full_flash_telecom_0037\results.json,,2026-07-09T22:52:17
tau2_full_flash,telecom,telecom,none,[mms_issue]bad_network_preference|break_app_both_permissions|data_usage_exceeded|user_abroad_roaming_disabled_off[PERSONA:Hard],telecom_0037,37,8,pending,0,tau2_full_flash_telecom_0037,C:\Users\86132\Desktop\SafeDesk\benchmarks\tau2-bench\data\simulations\tau2_full_flash_telecom_0037\results.json,,2026-07-09T22:52:17
tau2_full_flash,telecom,telecom,none,[mms_issue]bad_wifi_calling|break_apn_mms_setting|data_usage_exceeded|user_abroad_roaming_disabled_off[PERSONA:None],telecom_0037,37,9,pending,0,tau2_full_flash_telecom_0037,C:\Users\86132\Desktop\SafeDesk\benchmarks\tau2-bench\data\simulations\tau2_full_flash_telecom_0037\results.json,,2026-07-09T22:52:17
tau2_full_flash,telecom,telecom,none,[mms_issue]bad_wifi_calling|break_app_sms_permission|data_usage_exceeded|user_abroad_roaming_disabled_off[PERSONA:Easy],telecom_0037,37,10,pending,0,tau2_full_flash_telecom_0037,C:\Users\86132\Desktop\SafeDesk\benchmarks\tau2-bench\data\simulations\tau2_full_flash_telecom_0037\results.json,,2026-07-09T22:52:17
tau2_full_flash,telecom,telecom,none,[mms_issue]bad_wifi_calling|break_app_storage_permission|data_usage_exceeded|user_abroad_roaming_disabled_off[PERSONA:Hard],telecom_0037,37,11,pending,0,tau2_full_flash_telecom_0037,C:\Users\86132\Desktop\SafeDesk\benchmarks\tau2-bench\data\simulations\tau2_full_flash_telecom_0037\results.json,,2026-07-09T22:52:17
tau2_full_flash,telecom,telecom,none,[mms_issue]bad_wifi_calling|break_app_both_permissions|data_usage_exceeded|user_abroad_roaming_disabled_off[PERSONA:None],telecom_0037,37,12,pending,0,tau2_full_flash_telecom_0037,C:\Users\86132\Desktop\SafeDesk\benchmarks\tau2-bench\data\simulations\tau2_full_flash_telecom_0037\results.json,,2026-07-09T22:52:17
tau2_full_flash,telecom,telecom,none,[mms_issue]break_apn_mms_setting|break_app_sms_permission|data_usage_exceeded|user_abroad_roaming_disabled_off[PERSONA:Easy],telecom_0037,37,13,pending,0,tau2_full_flash_telecom_0037,C:\Users\86132\Desktop\SafeDesk\benchmarks\tau2-bench\data\simulations\tau2_full_flash_telecom_0037\results.json,,2026-07-09T22:52:17
tau2_full_flash,telecom,telecom,none,[mms_issue]break_apn_mms_setting|break_app_storage_permission|data_usage_exceeded|user_abroad_roaming_disabled_off[PERSONA:Hard],telecom_0037,37,14,pending,0,tau2_full_flash_telecom_0037,C:\Users\86132\Desktop\SafeDesk\benchmarks\tau2-bench\data\simulations\tau2_full_flash_telecom_0037\results.json,,2026-07-09T22:52:17
tau2_full_flash,telecom,telecom,none,[mms_issue]break_apn_mms_setting|break_app_both_permissions|data_usage_exceeded|user_abroad_roaming_disabled_off[PERSONA:None],telecom_0037,37,15,pending,0,tau2_full_flash_telecom_0037,C:\Users\86132\Desktop\SafeDesk\benchmarks\tau2-bench\data\simulations\tau2_full_flash_telecom_0037\results.json,,2026-07-09T22:52:17
tau2_full_flash,telecom,telecom,none,[mms_issue]bad_network_preference|bad_wifi_calling|break_apn_mms_setting|data_usage_exceeded[PERSONA:Easy],telecom_0037,37,16,pending,0,tau2_full_flash_telecom_0037,C:\Users\86132\Desktop\SafeDesk\benchmarks\tau2-bench\data\simulations\tau2_full_flash_telecom_0037\results.json,,2026-07-09T22:52:17
tau2_full_flash,telecom,telecom,none,[mms_issue]bad_network_preference|bad_wifi_calling|break_app_sms_permission|data_usage_exceeded[PERSONA:Hard],telecom_0037,37,17,pending,0,tau2_full_flash_telecom_0037,C:\Users\86132\Desktop\SafeDesk\benchmarks\tau2-bench\data\simulations\tau2_full_flash_telecom_0037\results.json,,2026-07-09T22:52:17
tau2_full_flash,telecom,telecom,none,[mms_issue]bad_network_preference|bad_wifi_calling|break_app_storage_permission|data_usage_exceeded[PERSONA:None],telecom_0037,37,18,pending,0,tau2_full_flash_telecom_0037,C:\Users\86132\Desktop\SafeDesk\benchmarks\tau2-bench\data\simulations\tau2_full_flash_telecom_0037\results.json,,2026-07-09T22:52:17
tau2_full_flash,telecom,telecom,none,[mms_issue]bad_network_preference|bad_wifi_calling|break_app_both_permissions|data_usage_exceeded[PERSONA:Easy],telecom_0037,37,19,pending,0,tau2_full_flash_telecom_0037,C:\Users\86132\Desktop\SafeDesk\benchmarks\tau2-bench\data\simulations\tau2_full_flash_telecom_0037\results.json,,2026-07-09T22:52:17
tau2_full_flash,telecom,telecom,none,[mms_issue]bad_network_preference|break_apn_mms_setting|break_app_sms_permission|data_usage_exceeded[PERSONA:Hard],telecom_0037,37,20,pending,0,tau2_full_flash_telecom_0037,C:\Users\86132\Desktop\SafeDesk\benchmarks\tau2-bench\data\simulations\tau2_full_flash_telecom_0037\results.json,,2026-07-09T22:52:17
tau2_full_flash,telecom,telecom,none,[mms_issue]bad_network_preference|break_apn_mms_setting|break_app_storage_permission|data_usage_exceeded[PERSONA:None],telecom_0037,37,21,pending,0,tau2_full_flash_telecom_0037,C:\Users\86132\Desktop\SafeDesk\benchmarks\tau2-bench\data\simulations\tau2_full_flash_telecom_0037\results.json,,2026-07-09T22:52:17
tau2_full_flash,telecom,telecom,none,[mms_issue]bad_network_preference|break_apn_mms_setting|break_app_both_permissions|data_usage_exceeded[PERSONA:Easy],telecom_0037,37,22,pending,0,tau2_full_flash_telecom_0037,C:\Users\86132\Desktop\SafeDesk\benchmarks\tau2-bench\data\simulations\tau2_full_flash_telecom_0037\results.json,,2026-07-09T22:52:17
tau2_full_flash,telecom,telecom,none,[mms_issue]bad_wifi_calling|break_apn_mms_setting|break_app_sms_permission|data_usage_exceeded[PERSONA:Hard],telecom_0037,37,23,pending,0,tau2_full_flash_telecom_0037,C:\Users\86132\Desktop\SafeDesk\benchmarks\tau2-bench\data\simulations\tau2_full_flash_telecom_0037\results.json,,2026-07-09T22:52:17
tau2_full_flash,telecom,telecom,none,[mms_issue]bad_wifi_calling|break_apn_mms_setting|break_app_storage_permission|data_usage_exceeded[PERSONA:None],telecom_0037,37,24,pending,0,tau2_full_flash_telecom_0037,C:\Users\86132\Desktop\SafeDesk\benchmarks\tau2-bench\data\simulations\tau2_full_flash_telecom_0037\results.json,,2026-07-09T22:52:17
tau2_full_flash,telecom,telecom,none,[mms_issue]bad_wifi_calling|break_apn_mms_setting|break_app_both_permissions|data_usage_exceeded[PERSONA:Easy],telecom_0038,38,0,pending,0,tau2_full_flash_telecom_0038,C:\Users\86132\Desktop\SafeDesk\benchmarks\tau2-bench\data\simulations\tau2_full_flash_telecom_0038\results.json,,2026-07-09T22:52:17
tau2_full_flash,telecom,telecom,none,[mms_issue]bad_network_preference|bad_wifi_calling|break_apn_mms_setting|user_abroad_roaming_enabled_off[PERSONA:None],telecom_0038,38,1,pending,0,tau2_full_flash_telecom_0038,C:\Users\86132\Desktop\SafeDesk\benchmarks\tau2-bench\data\simulations\tau2_full_flash_telecom_0038\results.json,,2026-07-09T22:52:17
tau2_full_flash,telecom,telecom,none,[mms_issue]bad_network_preference|bad_wifi_calling|break_app_sms_permission|user_abroad_roaming_enabled_off[PERSONA:Easy],telecom_0038,38,2,pending,0,tau2_full_flash_telecom_0038,C:\Users\86132\Desktop\SafeDesk\benchmarks\tau2-bench\data\simulations\tau2_full_flash_telecom_0038\results.json,,2026-07-09T22:52:17
tau2_full_flash,telecom,telecom,none,[mms_issue]bad_network_preference|bad_wifi_calling|break_app_storage_permission|user_abroad_roaming_enabled_off[PERSONA:Hard],telecom_0038,38,3,pending,0,tau2_full_flash_telecom_0038,C:\Users\86132\Desktop\SafeDesk\benchmarks\tau2-bench\data\simulations\tau2_full_flash_telecom_0038\results.json,,2026-07-09T22:52:17
tau2_full_flash,telecom,telecom,none,[mms_issue]bad_network_preference|bad_wifi_calling|break_app_both_permissions|user_abroad_roaming_enabled_off[PERSONA:None],telecom_0038,38,4,pending,0,tau2_full_flash_telecom_0038,C:\Users\86132\Desktop\SafeDesk\benchmarks\tau2-bench\data\simulations\tau2_full_flash_telecom_0038\results.json,,2026-07-09T22:52:17
tau2_full_flash,telecom,telecom,none,[mms_issue]bad_network_preference|break_apn_mms_setting|break_app_sms_permission|user_abroad_roaming_enabled_off[PERSONA:Easy],telecom_0038,38,5,pending,0,tau2_full_flash_telecom_0038,C:\Users\86132\Desktop\SafeDesk\benchmarks\tau2-bench\data\simulations\tau2_full_flash_telecom_0038\results.json,,2026-07-09T22:52:17
tau2_full_flash,telecom,telecom,none,[mms_issue]bad_network_preference|break_apn_mms_setting|break_app_storage_permission|user_abroad_roaming_enabled_off[PERSONA:Hard],telecom_0038,38,6,pending,0,tau2_full_flash_telecom_0038,C:\Users\86132\Desktop\SafeDesk\benchmarks\tau2-bench\data\simulations\tau2_full_flash_telecom_0038\results.json,,2026-07-09T22:52:17
tau2_full_flash,telecom,telecom,none,[mms_issue]bad_network_preference|break_apn_mms_setting|break_app_both_permissions|user_abroad_roaming_enabled_off[PERSONA:None],telecom_0038,38,7,pending,0,tau2_full_flash_telecom_0038,C:\Users\86132\Desktop\SafeDesk\benchmarks\tau2-bench\data\simulations\tau2_full_flash_telecom_0038\results.json,,2026-07-09T22:52:17
tau2_full_flash,telecom,telecom,none,[mms_issue]bad_wifi_calling|break_apn_mms_setting|break_app_sms_permission|user_abroad_roaming_enabled_off[PERSONA:Easy],telecom_0038,38,8,pending,0,tau2_full_flash_telecom_0038,C:\Users\86132\Desktop\SafeDesk\benchmarks\tau2-bench\data\simulations\tau2_full_flash_telecom_0038\results.json,,2026-07-09T22:52:17
tau2_full_flash,telecom,telecom,none,[mms_issue]bad_wifi_calling|break_apn_mms_setting|break_app_storage_permission|user_abroad_roaming_enabled_off[PERSONA:Hard],telecom_0038,38,9,pending,0,tau2_full_flash_telecom_0038,C:\Users\86132\Desktop\SafeDesk\benchmarks\tau2-bench\data\simulations\tau2_full_flash_telecom_0038\results.json,,2026-07-09T22:52:17
tau2_full_flash,telecom,telecom,none,[mms_issue]bad_wifi_calling|break_apn_mms_setting|break_app_both_permissions|user_abroad_roaming_enabled_off[PERSONA:None],telecom_0038,38,10,pending,0,tau2_full_flash_telecom_0038,C:\Users\86132\Desktop\SafeDesk\benchmarks\tau2-bench\data\simulations\tau2_full_flash_telecom_0038\results.json,,2026-07-09T22:52:17
tau2_full_flash,telecom,telecom,none,[mms_issue]bad_network_preference|bad_wifi_calling|break_apn_mms_setting|user_abroad_roaming_disabled_on[PERSONA:Easy],telecom_0038,38,11,pending,0,tau2_full_flash_telecom_0038,C:\Users\86132\Desktop\SafeDesk\benchmarks\tau2-bench\data\simulations\tau2_full_flash_telecom_0038\results.json,,2026-07-09T22:52:17
tau2_full_flash,telecom,telecom,none,[mms_issue]bad_network_preference|bad_wifi_calling|break_app_sms_permission|user_abroad_roaming_disabled_on[PERSONA:Hard],telecom_0038,38,12,pending,0,tau2_full_flash_telecom_0038,C:\Users\86132\Desktop\SafeDesk\benchmarks\tau2-bench\data\simulations\tau2_full_flash_telecom_0038\results.json,,2026-07-09T22:52:17
tau2_full_flash,telecom,telecom,none,[mms_issue]bad_network_preference|bad_wifi_calling|break_app_storage_permission|user_abroad_roaming_disabled_on[PERSONA:None],telecom_0038,38,13,pending,0,tau2_full_flash_telecom_0038,C:\Users\86132\Desktop\SafeDesk\benchmarks\tau2-bench\data\simulations\tau2_full_flash_telecom_0038\results.json,,2026-07-09T22:52:17
tau2_full_flash,telecom,telecom,none,[mms_issue]bad_network_preference|bad_wifi_calling|break_app_both_permissions|user_abroad_roaming_disabled_on[PERSONA:Easy],telecom_0038,38,14,pending,0,tau2_full_flash_telecom_0038,C:\Users\86132\Desktop\SafeDesk\benchmarks\tau2-bench\data\simulations\tau2_full_flash_telecom_0038\results.json,,2026-07-09T22:52:17
tau2_full_flash,telecom,telecom,none,[mms_issue]bad_network_preference|break_apn_mms_setting|break_app_sms_permission|user_abroad_roaming_disabled_on[PERSONA:Hard],telecom_0038,38,15,pending,0,tau2_full_flash_telecom_0038,C:\Users\86132\Desktop\SafeDesk\benchmarks\tau2-bench\data\simulations\tau2_full_flash_telecom_0038\results.json,,2026-07-09T22:52:17
tau2_full_flash,telecom,telecom,none,[mms_issue]bad_network_preference|break_apn_mms_setting|break_app_storage_permission|user_abroad_roaming_disabled_on[PERSONA:None],telecom_0038,38,16,pending,0,tau2_full_flash_telecom_0038,C:\Users\86132\Desktop\SafeDesk\benchmarks\tau2-bench\data\simulations\tau2_full_flash_telecom_0038\results.json,,2026-07-09T22:52:17
tau2_full_flash,telecom,telecom,none,[mms_issue]bad_network_preference|break_apn_mms_setting|break_app_both_permissions|user_abroad_roaming_disabled_on[PERSONA:Easy],telecom_0038,38,17,pending,0,tau2_full_flash_telecom_0038,C:\Users\86132\Desktop\SafeDesk\benchmarks\tau2-bench\data\simulations\tau2_full_flash_telecom_0038\results.json,,2026-07-09T22:52:17
tau2_full_flash,telecom,telecom,none,[mms_issue]bad_wifi_calling|break_apn_mms_setting|break_app_sms_permission|user_abroad_roaming_disabled_on[PERSONA:Hard],telecom_0038,38,18,pending,0,tau2_full_flash_telecom_0038,C:\Users\86132\Desktop\SafeDesk\benchmarks\tau2-bench\data\simulations\tau2_full_flash_telecom_0038\results.json,,2026-07-09T22:52:17
tau2_full_flash,telecom,telecom,none,[mms_issue]bad_wifi_calling|break_apn_mms_setting|break_app_storage_permission|user_abroad_roaming_disabled_on[PERSONA:None],telecom_0038,38,19,pending,0,tau2_full_flash_telecom_0038,C:\Users\86132\Desktop\SafeDesk\benchmarks\tau2-bench\data\simulations\tau2_full_flash_telecom_0038\results.json,,2026-07-09T22:52:17
tau2_full_flash,telecom,telecom,none,[mms_issue]bad_wifi_calling|break_apn_mms_setting|break_app_both_permissions|user_abroad_roaming_disabled_on[PERSONA:Easy],telecom_0038,38,20,pending,0,tau2_full_flash_telecom_0038,C:\Users\86132\Desktop\SafeDesk\benchmarks\tau2-bench\data\simulations\tau2_full_flash_telecom_0038\results.json,,2026-07-09T22:52:17
tau2_full_flash,telecom,telecom,none,[mms_issue]bad_network_preference|bad_wifi_calling|break_apn_mms_setting|user_abroad_roaming_disabled_off[PERSONA:Hard],telecom_0038,38,21,pending,0,tau2_full_flash_telecom_0038,C:\Users\86132\Desktop\SafeDesk\benchmarks\tau2-bench\data\simulations\tau2_full_flash_telecom_0038\results.json,,2026-07-09T22:52:17
tau2_full_flash,telecom,telecom,none,[mms_issue]bad_network_preference|bad_wifi_calling|break_app_sms_permission|user_abroad_roaming_disabled_off[PERSONA:None],telecom_0038,38,22,pending,0,tau2_full_flash_telecom_0038,C:\Users\86132\Desktop\SafeDesk\benchmarks\tau2-bench\data\simulations\tau2_full_flash_telecom_0038\results.json,,2026-07-09T22:52:17
tau2_full_flash,telecom,telecom,none,[mms_issue]bad_network_preference|bad_wifi_calling|break_app_storage_permission|user_abroad_roaming_disabled_off[PERSONA:Easy],telecom_0038,38,23,pending,0,tau2_full_flash_telecom_0038,C:\Users\86132\Desktop\SafeDesk\benchmarks\tau2-bench\data\simulations\tau2_full_flash_telecom_0038\results.json,,2026-07-09T22:52:17
tau2_full_flash,telecom,telecom,none,[mms_issue]bad_network_preference|bad_wifi_calling|break_app_both_permissions|user_abroad_roaming_disabled_off[PERSONA:Hard],telecom_0038,38,24,pending,0,tau2_full_flash_telecom_0038,C:\Users\86132\Desktop\SafeDesk\benchmarks\tau2-bench\data\simulations\tau2_full_flash_telecom_0038\results.json,,2026-07-09T22:52:17
tau2_full_flash,telecom,telecom,none,[mms_issue]bad_network_preference|break_apn_mms_setting|break_app_sms_permission|user_abroad_roaming_disabled_off[PERSONA:None],telecom_0039,39,0,pending,0,tau2_full_flash_telecom_0039,C:\Users\86132\Desktop\SafeDesk\benchmarks\tau2-bench\data\simulations\tau2_full_flash_telecom_0039\results.json,,2026-07-09T22:52:17
tau2_full_flash,telecom,telecom,none,[mms_issue]bad_network_preference|break_apn_mms_setting|break_app_storage_permission|user_abroad_roaming_disabled_off[PERSONA:Easy],telecom_0039,39,1,pending,0,tau2_full_flash_telecom_0039,C:\Users\86132\Desktop\SafeDesk\benchmarks\tau2-bench\data\simulations\tau2_full_flash_telecom_0039\results.json,,2026-07-09T22:52:17
tau2_full_flash,telecom,telecom,none,[mms_issue]bad_network_preference|break_apn_mms_setting|break_app_both_permissions|user_abroad_roaming_disabled_off[PERSONA:Hard],telecom_0039,39,2,pending,0,tau2_full_flash_telecom_0039,C:\Users\86132\Desktop\SafeDesk\benchmarks\tau2-bench\data\simulations\tau2_full_flash_telecom_0039\results.json,,2026-07-09T22:52:17
tau2_full_flash,telecom,telecom,none,[mms_issue]bad_wifi_calling|break_apn_mms_setting|break_app_sms_permission|user_abroad_roaming_disabled_off[PERSONA:None],telecom_0039,39,3,pending,0,tau2_full_flash_telecom_0039,C:\Users\86132\Desktop\SafeDesk\benchmarks\tau2-bench\data\simulations\tau2_full_flash_telecom_0039\results.json,,2026-07-09T22:52:17
tau2_full_flash,telecom,telecom,none,[mms_issue]bad_wifi_calling|break_apn_mms_setting|break_app_storage_permission|user_abroad_roaming_disabled_off[PERSONA:Easy],telecom_0039,39,4,pending,0,tau2_full_flash_telecom_0039,C:\Users\86132\Desktop\SafeDesk\benchmarks\tau2-bench\data\simulations\tau2_full_flash_telecom_0039\results.json,,2026-07-09T22:52:17
tau2_full_flash,telecom,telecom,none,[mms_issue]bad_wifi_calling|break_apn_mms_setting|break_app_both_permissions|user_abroad_roaming_disabled_off[PERSONA:Hard],telecom_0039,39,5,pending,0,tau2_full_flash_telecom_0039,C:\Users\86132\Desktop\SafeDesk\benchmarks\tau2-bench\data\simulations\tau2_full_flash_telecom_0039\results.json,,2026-07-09T22:52:17
tau2_full_flash,telecom,telecom,none,[mms_issue]bad_network_preference|bad_wifi_calling|break_apn_mms_setting|break_app_sms_permission[PERSONA:None],telecom_0039,39,6,pending,0,tau2_full_flash_telecom_0039,C:\Users\86132\Desktop\SafeDesk\benchmarks\tau2-bench\data\simulations\tau2_full_flash_telecom_0039\results.json,,2026-07-09T22:52:17
tau2_full_flash,telecom,telecom,none,[mms_issue]bad_network_preference|bad_wifi_calling|break_apn_mms_setting|break_app_storage_permission[PERSONA:Easy],telecom_0039,39,7,pending,0,tau2_full_flash_telecom_0039,C:\Users\86132\Desktop\SafeDesk\benchmarks\tau2-bench\data\simulations\tau2_full_flash_telecom_0039\results.json,,2026-07-09T22:52:17
tau2_full_flash,telecom,telecom,none,[mms_issue]bad_network_preference|bad_wifi_calling|break_apn_mms_setting|break_app_both_permissions[PERSONA:Hard],telecom_0039,39,8,pending,0,tau2_full_flash_telecom_0039,C:\Users\86132\Desktop\SafeDesk\benchmarks\tau2-bench\data\simulations\tau2_full_flash_telecom_0039\results.json,,2026-07-09T22:52:17
tau2_full_flash,telecom,telecom,none,[mms_issue]airplane_mode_on|bad_network_preference|data_mode_off|data_usage_exceeded|unseat_sim_card[PERSONA:None],telecom_0039,39,9,pending,0,tau2_full_flash_telecom_0039,C:\Users\86132\Desktop\SafeDesk\benchmarks\tau2-bench\data\simulations\tau2_full_flash_telecom_0039\results.json,,2026-07-09T22:52:17
tau2_full_flash,telecom,telecom,none,[mms_issue]airplane_mode_on|bad_wifi_calling|data_mode_off|data_usage_exceeded|unseat_sim_card[PERSONA:Easy],telecom_0039,39,10,pending,0,tau2_full_flash_telecom_0039,C:\Users\86132\Desktop\SafeDesk\benchmarks\tau2-bench\data\simulations\tau2_full_flash_telecom_0039\results.json,,2026-07-09T22:52:17
tau2_full_flash,telecom,telecom,none,[mms_issue]airplane_mode_on|break_apn_mms_setting|data_mode_off|data_usage_exceeded|unseat_sim_card[PERSONA:Hard],telecom_0039,39,11,pending,0,tau2_full_flash_telecom_0039,C:\Users\86132\Desktop\SafeDesk\benchmarks\tau2-bench\data\simulations\tau2_full_flash_telecom_0039\results.json,,2026-07-09T22:52:17
tau2_full_flash,telecom,telecom,none,[mms_issue]airplane_mode_on|break_app_sms_permission|data_mode_off|data_usage_exceeded|unseat_sim_card[PERSONA:None],telecom_0039,39,12,pending,0,tau2_full_flash_telecom_0039,C:\Users\86132\Desktop\SafeDesk\benchmarks\tau2-bench\data\simulations\tau2_full_flash_telecom_0039\results.json,,2026-07-09T22:52:17
tau2_full_flash,telecom,telecom,none,[mms_issue]airplane_mode_on|break_app_storage_permission|data_mode_off|data_usage_exceeded|unseat_sim_card[PERSONA:Easy],telecom_0039,39,13,pending,0,tau2_full_flash_telecom_0039,C:\Users\86132\Desktop\SafeDesk\benchmarks\tau2-bench\data\simulations\tau2_full_flash_telecom_0039\results.json,,2026-07-09T22:52:17
tau2_full_flash,telecom,telecom,none,[mms_issue]airplane_mode_on|break_app_both_permissions|data_mode_off|data_usage_exceeded|unseat_sim_card[PERSONA:Hard],telecom_0039,39,14,pending,0,tau2_full_flash_telecom_0039,C:\Users\86132\Desktop\SafeDesk\benchmarks\tau2-bench\data\simulations\tau2_full_flash_telecom_0039\results.json,,2026-07-09T22:52:17
tau2_full_flash,telecom,telecom,none,[mms_issue]airplane_mode_on|bad_network_preference|data_mode_off|unseat_sim_card|user_abroad_roaming_enabled_off[PERSONA:None],telecom_0039,39,15,pending,0,tau2_full_flash_telecom_0039,C:\Users\86132\Desktop\SafeDesk\benchmarks\tau2-bench\data\simulations\tau2_full_flash_telecom_0039\results.json,,2026-07-09T22:52:17
tau2_full_flash,telecom,telecom,none,[mms_issue]airplane_mode_on|bad_wifi_calling|data_mode_off|unseat_sim_card|user_abroad_roaming_enabled_off[PERSONA:Easy],telecom_0039,39,16,pending,0,tau2_full_flash_telecom_0039,C:\Users\86132\Desktop\SafeDesk\benchmarks\tau2-bench\data\simulations\tau2_full_flash_telecom_0039\results.json,,2026-07-09T22:52:17
tau2_full_flash,telecom,telecom,none,[mms_issue]airplane_mode_on|break_apn_mms_setting|data_mode_off|unseat_sim_card|user_abroad_roaming_enabled_off[PERSONA:Hard],telecom_0039,39,17,pending,0,tau2_full_flash_telecom_0039,C:\Users\86132\Desktop\SafeDesk\benchmarks\tau2-bench\data\simulations\tau2_full_flash_telecom_0039\results.json,,2026-07-09T22:52:17
tau2_full_flash,telecom,telecom,none,[mms_issue]airplane_mode_on|break_app_sms_permission|data_mode_off|unseat_sim_card|user_abroad_roaming_enabled_off[PERSONA:None],telecom_0039,39,18,pending,0,tau2_full_flash_telecom_0039,C:\Users\86132\Desktop\SafeDesk\benchmarks\tau2-bench\data\simulations\tau2_full_flash_telecom_0039\results.json,,2026-07-09T22:52:17
tau2_full_flash,telecom,telecom,none,[mms_issue]airplane_mode_on|break_app_storage_permission|data_mode_off|unseat_sim_card|user_abroad_roaming_enabled_off[PERSONA:Easy],telecom_0039,39,19,pending,0,tau2_full_flash_telecom_0039,C:\Users\86132\Desktop\SafeDesk\benchmarks\tau2-bench\data\simulations\tau2_full_flash_telecom_0039\results.json,,2026-07-09T22:52:17
tau2_full_flash,telecom,telecom,none,[mms_issue]airplane_mode_on|break_app_both_permissions|data_mode_off|unseat_sim_card|user_abroad_roaming_enabled_off[PERSONA:Hard],telecom_0039,39,20,pending,0,tau2_full_flash_telecom_0039,C:\Users\86132\Desktop\SafeDesk\benchmarks\tau2-bench\data\simulations\tau2_full_flash_telecom_0039\results.json,,2026-07-09T22:52:17
tau2_full_flash,telecom,telecom,none,[mms_issue]airplane_mode_on|bad_network_preference|data_mode_off|unseat_sim_card|user_abroad_roaming_disabled_on[PERSONA:None],telecom_0039,39,21,pending,0,tau2_full_flash_telecom_0039,C:\Users\86132\Desktop\SafeDesk\benchmarks\tau2-bench\data\simulations\tau2_full_flash_telecom_0039\results.json,,2026-07-09T22:52:17
tau2_full_flash,telecom,telecom,none,[mms_issue]airplane_mode_on|bad_wifi_calling|data_mode_off|unseat_sim_card|user_abroad_roaming_disabled_on[PERSONA:Easy],telecom_0039,39,22,pending,0,tau2_full_flash_telecom_0039,C:\Users\86132\Desktop\SafeDesk\benchmarks\tau2-bench\data\simulations\tau2_full_flash_telecom_0039\results.json,,2026-07-09T22:52:17
tau2_full_flash,telecom,telecom,none,[mms_issue]airplane_mode_on|break_apn_mms_setting|data_mode_off|unseat_sim_card|user_abroad_roaming_disabled_on[PERSONA:Hard],telecom_0039,39,23,pending,0,tau2_full_flash_telecom_0039,C:\Users\86132\Desktop\SafeDesk\benchmarks\tau2-bench\data\simulations\tau2_full_flash_telecom_0039\results.json,,2026-07-09T22:52:17
tau2_full_flash,telecom,telecom,none,[mms_issue]airplane_mode_on|break_app_sms_permission|data_mode_off|unseat_sim_card|user_abroad_roaming_disabled_on[PERSONA:None],telecom_0039,39,24,pending,0,tau2_full_flash_telecom_0039,C:\Users\86132\Desktop\SafeDesk\benchmarks\tau2-bench\data\simulations\tau2_full_flash_telecom_0039\results.json,,2026-07-09T22:52:17
tau2_full_flash,telecom,telecom,none,[mms_issue]airplane_mode_on|break_app_storage_permission|data_mode_off|unseat_sim_card|user_abroad_roaming_disabled_on[PERSONA:Easy],telecom_0040,40,0,pending,0,tau2_full_flash_telecom_0040,C:\Users\86132\Desktop\SafeDesk\benchmarks\tau2-bench\data\simulations\tau2_full_flash_telecom_0040\results.json,,2026-07-09T22:52:17
tau2_full_flash,telecom,telecom,none,[mms_issue]airplane_mode_on|break_app_both_permissions|data_mode_off|unseat_sim_card|user_abroad_roaming_disabled_on[PERSONA:Hard],telecom_0040,40,1,pending,0,tau2_full_flash_telecom_0040,C:\Users\86132\Desktop\SafeDesk\benchmarks\tau2-bench\data\simulations\tau2_full_flash_telecom_0040\results.json,,2026-07-09T22:52:17
tau2_full_flash,telecom,telecom,none,[mms_issue]airplane_mode_on|bad_network_preference|data_mode_off|unseat_sim_card|user_abroad_roaming_disabled_off[PERSONA:None],telecom_0040,40,2,pending,0,tau2_full_flash_telecom_0040,C:\Users\86132\Desktop\SafeDesk\benchmarks\tau2-bench\data\simulations\tau2_full_flash_telecom_0040\results.json,,2026-07-09T22:52:17
tau2_full_flash,telecom,telecom,none,[mms_issue]airplane_mode_on|bad_wifi_calling|data_mode_off|unseat_sim_card|user_abroad_roaming_disabled_off[PERSONA:Easy],telecom_0040,40,3,pending,0,tau2_full_flash_telecom_0040,C:\Users\86132\Desktop\SafeDesk\benchmarks\tau2-bench\data\simulations\tau2_full_flash_telecom_0040\results.json,,2026-07-09T22:52:17
tau2_full_flash,telecom,telecom,none,[mms_issue]airplane_mode_on|break_apn_mms_setting|data_mode_off|unseat_sim_card|user_abroad_roaming_disabled_off[PERSONA:Hard],telecom_0040,40,4,pending,0,tau2_full_flash_telecom_0040,C:\Users\86132\Desktop\SafeDesk\benchmarks\tau2-bench\data\simulations\tau2_full_flash_telecom_0040\results.json,,2026-07-09T22:52:17
tau2_full_flash,telecom,telecom,none,[mms_issue]airplane_mode_on|break_app_sms_permission|data_mode_off|unseat_sim_card|user_abroad_roaming_disabled_off[PERSONA:None],telecom_0040,40,5,pending,0,tau2_full_flash_telecom_0040,C:\Users\86132\Desktop\SafeDesk\benchmarks\tau2-bench\data\simulations\tau2_full_flash_telecom_0040\results.json,,2026-07-09T22:52:17
tau2_full_flash,telecom,telecom,none,[mms_issue]airplane_mode_on|break_app_storage_permission|data_mode_off|unseat_sim_card|user_abroad_roaming_disabled_off[PERSONA:Easy],telecom_0040,40,6,pending,0,tau2_full_flash_telecom_0040,C:\Users\86132\Desktop\SafeDesk\benchmarks\tau2-bench\data\simulations\tau2_full_flash_telecom_0040\results.json,,2026-07-09T22:52:17
tau2_full_flash,telecom,telecom,none,[mms_issue]airplane_mode_on|break_app_both_permissions|data_mode_off|unseat_sim_card|user_abroad_roaming_disabled_off[PERSONA:Hard],telecom_0040,40,7,pending,0,tau2_full_flash_telecom_0040,C:\Users\86132\Desktop\SafeDesk\benchmarks\tau2-bench\data\simulations\tau2_full_flash_telecom_0040\results.json,,2026-07-09T22:52:17
tau2_full_flash,telecom,telecom,none,[mms_issue]airplane_mode_on|bad_network_preference|bad_wifi_calling|data_mode_off|unseat_sim_card[PERSONA:None],telecom_0040,40,8,pending,0,tau2_full_flash_telecom_0040,C:\Users\86132\Desktop\SafeDesk\benchmarks\tau2-bench\data\simulations\tau2_full_flash_telecom_0040\results.json,,2026-07-09T22:52:17
tau2_full_flash,telecom,telecom,none,[mms_issue]airplane_mode_on|bad_network_preference|break_apn_mms_setting|data_mode_off|unseat_sim_card[PERSONA:Easy],telecom_0040,40,9,pending,0,tau2_full_flash_telecom_0040,C:\Users\86132\Desktop\SafeDesk\benchmarks\tau2-bench\data\simulations\tau2_full_flash_telecom_0040\results.json,,2026-07-09T22:52:17
tau2_full_flash,telecom,telecom,none,[mms_issue]airplane_mode_on|bad_network_preference|break_app_sms_permission|data_mode_off|unseat_sim_card[PERSONA:Hard],telecom_0040,40,10,pending,0,tau2_full_flash_telecom_0040,C:\Users\86132\Desktop\SafeDesk\benchmarks\tau2-bench\data\simulations\tau2_full_flash_telecom_0040\results.json,,2026-07-09T22:52:17
tau2_full_flash,telecom,telecom,none,[mms_issue]airplane_mode_on|bad_network_preference|break_app_storage_permission|data_mode_off|unseat_sim_card[PERSONA:None],telecom_0040,40,11,pending,0,tau2_full_flash_telecom_0040,C:\Users\86132\Desktop\SafeDesk\benchmarks\tau2-bench\data\simulations\tau2_full_flash_telecom_0040\results.json,,2026-07-09T22:52:17
tau2_full_flash,telecom,telecom,none,[mms_issue]airplane_mode_on|bad_network_preference|break_app_both_permissions|data_mode_off|unseat_sim_card[PERSONA:Easy],telecom_0040,40,12,pending,0,tau2_full_flash_telecom_0040,C:\Users\86132\Desktop\SafeDesk\benchmarks\tau2-bench\data\simulations\tau2_full_flash_telecom_0040\results.json,,2026-07-09T22:52:17
tau2_full_flash,telecom,telecom,none,[mms_issue]airplane_mode_on|bad_wifi_calling|break_apn_mms_setting|data_mode_off|unseat_sim_card[PERSONA:Hard],telecom_0040,40,13,pending,0,tau2_full_flash_telecom_0040,C:\Users\86132\Desktop\SafeDesk\benchmarks\tau2-bench\data\simulations\tau2_full_flash_telecom_0040\results.json,,2026-07-09T22:52:17
tau2_full_flash,telecom,telecom,none,[mms_issue]airplane_mode_on|bad_wifi_calling|break_app_sms_permission|data_mode_off|unseat_sim_card[PERSONA:None],telecom_0040,40,14,pending,0,tau2_full_flash_telecom_0040,C:\Users\86132\Desktop\SafeDesk\benchmarks\tau2-bench\data\simulations\tau2_full_flash_telecom_0040\results.json,,2026-07-09T22:52:17
tau2_full_flash,telecom,telecom,none,[mms_issue]airplane_mode_on|bad_wifi_calling|break_app_storage_permission|data_mode_off|unseat_sim_card[PERSONA:Easy],telecom_0040,40,15,pending,0,tau2_full_flash_telecom_0040,C:\Users\86132\Desktop\SafeDesk\benchmarks\tau2-bench\data\simulations\tau2_full_flash_telecom_0040\results.json,,2026-07-09T22:52:17
tau2_full_flash,telecom,telecom,none,[mms_issue]airplane_mode_on|bad_wifi_calling|break_app_both_permissions|data_mode_off|unseat_sim_card[PERSONA:Hard],telecom_0040,40,16,pending,0,tau2_full_flash_telecom_0040,C:\Users\86132\Desktop\SafeDesk\benchmarks\tau2-bench\data\simulations\tau2_full_flash_telecom_0040\results.json,,2026-07-09T22:52:17
tau2_full_flash,telecom,telecom,none,[mms_issue]airplane_mode_on|break_apn_mms_setting|break_app_sms_permission|data_mode_off|unseat_sim_card[PERSONA:None],telecom_0040,40,17,pending,0,tau2_full_flash_telecom_0040,C:\Users\86132\Desktop\SafeDesk\benchmarks\tau2-bench\data\simulations\tau2_full_flash_telecom_0040\results.json,,2026-07-09T22:52:17
tau2_full_flash,telecom,telecom,none,[mms_issue]airplane_mode_on|break_apn_mms_setting|break_app_storage_permission|data_mode_off|unseat_sim_card[PERSONA:Easy],telecom_0040,40,18,pending,0,tau2_full_flash_telecom_0040,C:\Users\86132\Desktop\SafeDesk\benchmarks\tau2-bench\data\simulations\tau2_full_flash_telecom_0040\results.json,,2026-07-09T22:52:17
tau2_full_flash,telecom,telecom,none,[mms_issue]airplane_mode_on|break_apn_mms_setting|break_app_both_permissions|data_mode_off|unseat_sim_card[PERSONA:Hard],telecom_0040,40,19,pending,0,tau2_full_flash_telecom_0040,C:\Users\86132\Desktop\SafeDesk\benchmarks\tau2-bench\data\simulations\tau2_full_flash_telecom_0040\results.json,,2026-07-09T22:52:17
tau2_full_flash,telecom,telecom,none,[mms_issue]airplane_mode_on|bad_network_preference|data_usage_exceeded|unseat_sim_card|user_abroad_roaming_enabled_off[PERSONA:None],telecom_0040,40,20,pending,0,tau2_full_flash_telecom_0040,C:\Users\86132\Desktop\SafeDesk\benchmarks\tau2-bench\data\simulations\tau2_full_flash_telecom_0040\results.json,,2026-07-09T22:52:17
tau2_full_flash,telecom,telecom,none,[mms_issue]airplane_mode_on|bad_wifi_calling|data_usage_exceeded|unseat_sim_card|user_abroad_roaming_enabled_off[PERSONA:Easy],telecom_0040,40,21,pending,0,tau2_full_flash_telecom_0040,C:\Users\86132\Desktop\SafeDesk\benchmarks\tau2-bench\data\simulations\tau2_full_flash_telecom_0040\results.json,,2026-07-09T22:52:17
tau2_full_flash,telecom,telecom,none,[mms_issue]airplane_mode_on|break_apn_mms_setting|data_usage_exceeded|unseat_sim_card|user_abroad_roaming_enabled_off[PERSONA:Hard],telecom_0040,40,22,pending,0,tau2_full_flash_telecom_0040,C:\Users\86132\Desktop\SafeDesk\benchmarks\tau2-bench\data\simulations\tau2_full_flash_telecom_0040\results.json,,2026-07-09T22:52:17
tau2_full_flash,telecom,telecom,none,[mms_issue]airplane_mode_on|break_app_sms_permission|data_usage_exceeded|unseat_sim_card|user_abroad_roaming_enabled_off[PERSONA:None],telecom_0040,40,23,pending,0,tau2_full_flash_telecom_0040,C:\Users\86132\Desktop\SafeDesk\benchmarks\tau2-bench\data\simulations\tau2_full_flash_telecom_0040\results.json,,2026-07-09T22:52:17
tau2_full_flash,telecom,telecom,none,[mms_issue]airplane_mode_on|break_app_storage_permission|data_usage_exceeded|unseat_sim_card|user_abroad_roaming_enabled_off[PERSONA:Easy],telecom_0040,40,24,pending,0,tau2_full_flash_telecom_0040,C:\Users\86132\Desktop\SafeDesk\benchmarks\tau2-bench\data\simulations\tau2_full_flash_telecom_0040\results.json,,2026-07-09T22:52:17
tau2_full_flash,telecom,telecom,none,[mms_issue]airplane_mode_on|break_app_both_permissions|data_usage_exceeded|unseat_sim_card|user_abroad_roaming_enabled_off[PERSONA:Hard],telecom_0041,41,0,pending,0,tau2_full_flash_telecom_0041,C:\Users\86132\Desktop\SafeDesk\benchmarks\tau2-bench\data\simulations\tau2_full_flash_telecom_0041\results.json,,2026-07-09T22:52:17
tau2_full_flash,telecom,telecom,none,[mms_issue]airplane_mode_on|bad_network_preference|data_usage_exceeded|unseat_sim_card|user_abroad_roaming_disabled_on[PERSONA:None],telecom_0041,41,1,pending,0,tau2_full_flash_telecom_0041,C:\Users\86132\Desktop\SafeDesk\benchmarks\tau2-bench\data\simulations\tau2_full_flash_telecom_0041\results.json,,2026-07-09T22:52:17
tau2_full_flash,telecom,telecom,none,[mms_issue]airplane_mode_on|bad_wifi_calling|data_usage_exceeded|unseat_sim_card|user_abroad_roaming_disabled_on[PERSONA:Easy],telecom_0041,41,2,pending,0,tau2_full_flash_telecom_0041,C:\Users\86132\Desktop\SafeDesk\benchmarks\tau2-bench\data\simulations\tau2_full_flash_telecom_0041\results.json,,2026-07-09T22:52:17
tau2_full_flash,telecom,telecom,none,[mms_issue]airplane_mode_on|break_apn_mms_setting|data_usage_exceeded|unseat_sim_card|user_abroad_roaming_disabled_on[PERSONA:Hard],telecom_0041,41,3,pending,0,tau2_full_flash_telecom_0041,C:\Users\86132\Desktop\SafeDesk\benchmarks\tau2-bench\data\simulations\tau2_full_flash_telecom_0041\results.json,,2026-07-09T22:52:17
tau2_full_flash,telecom,telecom,none,[mms_issue]airplane_mode_on|break_app_sms_permission|data_usage_exceeded|unseat_sim_card|user_abroad_roaming_disabled_on[PERSONA:None],telecom_0041,41,4,pending,0,tau2_full_flash_telecom_0041,C:\Users\86132\Desktop\SafeDesk\benchmarks\tau2-bench\data\simulations\tau2_full_flash_telecom_0041\results.json,,2026-07-09T22:52:17
tau2_full_flash,telecom,telecom,none,[mms_issue]airplane_mode_on|break_app_storage_permission|data_usage_exceeded|unseat_sim_card|user_abroad_roaming_disabled_on[PERSONA:Easy],telecom_0041,41,5,pending,0,tau2_full_flash_telecom_0041,C:\Users\86132\Desktop\SafeDesk\benchmarks\tau2-bench\data\simulations\tau2_full_flash_telecom_0041\results.json,,2026-07-09T22:52:17
tau2_full_flash,telecom,telecom,none,[mms_issue]airplane_mode_on|break_app_both_permissions|data_usage_exceeded|unseat_sim_card|user_abroad_roaming_disabled_on[PERSONA:Hard],telecom_0041,41,6,pending,0,tau2_full_flash_telecom_0041,C:\Users\86132\Desktop\SafeDesk\benchmarks\tau2-bench\data\simulations\tau2_full_flash_telecom_0041\results.json,,2026-07-09T22:52:17
tau2_full_flash,telecom,telecom,none,[mms_issue]airplane_mode_on|bad_network_preference|data_usage_exceeded|unseat_sim_card|user_abroad_roaming_disabled_off[PERSONA:None],telecom_0041,41,7,pending,0,tau2_full_flash_telecom_0041,C:\Users\86132\Desktop\SafeDesk\benchmarks\tau2-bench\data\simulations\tau2_full_flash_telecom_0041\results.json,,2026-07-09T22:52:17
tau2_full_flash,telecom,telecom,none,[mms_issue]airplane_mode_on|bad_wifi_calling|data_usage_exceeded|unseat_sim_card|user_abroad_roaming_disabled_off[PERSONA:Easy],telecom_0041,41,8,pending,0,tau2_full_flash_telecom_0041,C:\Users\86132\Desktop\SafeDesk\benchmarks\tau2-bench\data\simulations\tau2_full_flash_telecom_0041\results.json,,2026-07-09T22:52:17
tau2_full_flash,telecom,telecom,none,[mms_issue]airplane_mode_on|break_apn_mms_setting|data_usage_exceeded|unseat_sim_card|user_abroad_roaming_disabled_off[PERSONA:Hard],telecom_0041,41,9,pending,0,tau2_full_flash_telecom_0041,C:\Users\86132\Desktop\SafeDesk\benchmarks\tau2-bench\data\simulations\tau2_full_flash_telecom_0041\results.json,,2026-07-09T22:52:17
tau2_full_flash,telecom,telecom,none,[mms_issue]airplane_mode_on|break_app_sms_permission|data_usage_exceeded|unseat_sim_card|user_abroad_roaming_disabled_off[PERSONA:None],telecom_0041,41,10,pending,0,tau2_full_flash_telecom_0041,C:\Users\86132\Desktop\SafeDesk\benchmarks\tau2-bench\data\simulations\tau2_full_flash_telecom_0041\results.json,,2026-07-09T22:52:17
tau2_full_flash,telecom,telecom,none,[mms_issue]airplane_mode_on|break_app_storage_permission|data_usage_exceeded|unseat_sim_card|user_abroad_roaming_disabled_off[PERSONA:Easy],telecom_0041,41,11,pending,0,tau2_full_flash_telecom_0041,C:\Users\86132\Desktop\SafeDesk\benchmarks\tau2-bench\data\simulations\tau2_full_flash_telecom_0041\results.json,,2026-07-09T22:52:17
tau2_full_flash,telecom,telecom,none,[mms_issue]airplane_mode_on|break_app_both_permissions|data_usage_exceeded|unseat_sim_card|user_abroad_roaming_disabled_off[PERSONA:Hard],telecom_0041,41,12,pending,0,tau2_full_flash_telecom_0041,C:\Users\86132\Desktop\SafeDesk\benchmarks\tau2-bench\data\simulations\tau2_full_flash_telecom_0041\results.json,,2026-07-09T22:52:17
tau2_full_flash,telecom,telecom,none,[mms_issue]airplane_mode_on|bad_network_preference|bad_wifi_calling|data_usage_exceeded|unseat_sim_card[PERSONA:None],telecom_0041,41,13,pending,0,tau2_full_flash_telecom_0041,C:\Users\86132\Desktop\SafeDesk\benchmarks\tau2-bench\data\simulations\tau2_full_flash_telecom_0041\results.json,,2026-07-09T22:52:17
tau2_full_flash,telecom,telecom,none,[mms_issue]airplane_mode_on|bad_network_preference|break_apn_mms_setting|data_usage_exceeded|unseat_sim_card[PERSONA:Easy],telecom_0041,41,14,pending,0,tau2_full_flash_telecom_0041,C:\Users\86132\Desktop\SafeDesk\benchmarks\tau2-bench\data\simulations\tau2_full_flash_telecom_0041\results.json,,2026-07-09T22:52:17
tau2_full_flash,telecom,telecom,none,[mms_issue]airplane_mode_on|bad_network_preference|break_app_sms_permission|data_usage_exceeded|unseat_sim_card[PERSONA:Hard],telecom_0041,41,15,pending,0,tau2_full_flash_telecom_0041,C:\Users\86132\Desktop\SafeDesk\benchmarks\tau2-bench\data\simulations\tau2_full_flash_telecom_0041\results.json,,2026-07-09T22:52:17
tau2_full_flash,telecom,telecom,none,[mms_issue]airplane_mode_on|bad_network_preference|break_app_storage_permission|data_usage_exceeded|unseat_sim_card[PERSONA:None],telecom_0041,41,16,pending,0,tau2_full_flash_telecom_0041,C:\Users\86132\Desktop\SafeDesk\benchmarks\tau2-bench\data\simulations\tau2_full_flash_telecom_0041\results.json,,2026-07-09T22:52:17
tau2_full_flash,telecom,telecom,none,[mms_issue]airplane_mode_on|bad_network_preference|break_app_both_permissions|data_usage_exceeded|unseat_sim_card[PERSONA:Easy],telecom_0041,41,17,pending,0,tau2_full_flash_telecom_0041,C:\Users\86132\Desktop\SafeDesk\benchmarks\tau2-bench\data\simulations\tau2_full_flash_telecom_0041\results.json,,2026-07-09T22:52:17
tau2_full_flash,telecom,telecom,none,[mms_issue]airplane_mode_on|bad_wifi_calling|break_apn_mms_setting|data_usage_exceeded|unseat_sim_card[PERSONA:Hard],telecom_0041,41,18,pending,0,tau2_full_flash_telecom_0041,C:\Users\86132\Desktop\SafeDesk\benchmarks\tau2-bench\data\simulations\tau2_full_flash_telecom_0041\results.json,,2026-07-09T22:52:17
tau2_full_flash,telecom,telecom,none,[mms_issue]airplane_mode_on|bad_wifi_calling|break_app_sms_permission|data_usage_exceeded|unseat_sim_card[PERSONA:None],telecom_0041,41,19,pending,0,tau2_full_flash_telecom_0041,C:\Users\86132\Desktop\SafeDesk\benchmarks\tau2-bench\data\simulations\tau2_full_flash_telecom_0041\results.json,,2026-07-09T22:52:17
tau2_full_flash,telecom,telecom,none,[mms_issue]airplane_mode_on|bad_wifi_calling|break_app_storage_permission|data_usage_exceeded|unseat_sim_card[PERSONA:Easy],telecom_0041,41,20,pending,0,tau2_full_flash_telecom_0041,C:\Users\86132\Desktop\SafeDesk\benchmarks\tau2-bench\data\simulations\tau2_full_flash_telecom_0041\results.json,,2026-07-09T22:52:17
tau2_full_flash,telecom,telecom,none,[mms_issue]airplane_mode_on|bad_wifi_calling|break_app_both_permissions|data_usage_exceeded|unseat_sim_card[PERSONA:Hard],telecom_0041,41,21,pending,0,tau2_full_flash_telecom_0041,C:\Users\86132\Desktop\SafeDesk\benchmarks\tau2-bench\data\simulations\tau2_full_flash_telecom_0041\results.json,,2026-07-09T22:52:17
tau2_full_flash,telecom,telecom,none,[mms_issue]airplane_mode_on|break_apn_mms_setting|break_app_sms_permission|data_usage_exceeded|unseat_sim_card[PERSONA:None],telecom_0041,41,22,pending,0,tau2_full_flash_telecom_0041,C:\Users\86132\Desktop\SafeDesk\benchmarks\tau2-bench\data\simulations\tau2_full_flash_telecom_0041\results.json,,2026-07-09T22:52:17
tau2_full_flash,telecom,telecom,none,[mms_issue]airplane_mode_on|break_apn_mms_setting|break_app_storage_permission|data_usage_exceeded|unseat_sim_card[PERSONA:Easy],telecom_0041,41,23,pending,0,tau2_full_flash_telecom_0041,C:\Users\86132\Desktop\SafeDesk\benchmarks\tau2-bench\data\simulations\tau2_full_flash_telecom_0041\results.json,,2026-07-09T22:52:17
tau2_full_flash,telecom,telecom,none,[mms_issue]airplane_mode_on|break_apn_mms_setting|break_app_both_permissions|data_usage_exceeded|unseat_sim_card[PERSONA:Hard],telecom_0041,41,24,pending,0,tau2_full_flash_telecom_0041,C:\Users\86132\Desktop\SafeDesk\benchmarks\tau2-bench\data\simulations\tau2_full_flash_telecom_0041\results.json,,2026-07-09T22:52:17
tau2_full_flash,telecom,telecom,none,[mms_issue]airplane_mode_on|bad_network_preference|bad_wifi_calling|unseat_sim_card|user_abroad_roaming_enabled_off[PERSONA:None],telecom_0042,42,0,pending,0,tau2_full_flash_telecom_0042,C:\Users\86132\Desktop\SafeDesk\benchmarks\tau2-bench\data\simulations\tau2_full_flash_telecom_0042\results.json,,2026-07-09T22:52:17
tau2_full_flash,telecom,telecom,none,[mms_issue]airplane_mode_on|bad_network_preference|break_apn_mms_setting|unseat_sim_card|user_abroad_roaming_enabled_off[PERSONA:Easy],telecom_0042,42,1,pending,0,tau2_full_flash_telecom_0042,C:\Users\86132\Desktop\SafeDesk\benchmarks\tau2-bench\data\simulations\tau2_full_flash_telecom_0042\results.json,,2026-07-09T22:52:17
tau2_full_flash,telecom,telecom,none,[mms_issue]airplane_mode_on|bad_network_preference|break_app_sms_permission|unseat_sim_card|user_abroad_roaming_enabled_off[PERSONA:Hard],telecom_0042,42,2,pending,0,tau2_full_flash_telecom_0042,C:\Users\86132\Desktop\SafeDesk\benchmarks\tau2-bench\data\simulations\tau2_full_flash_telecom_0042\results.json,,2026-07-09T22:52:17
tau2_full_flash,telecom,telecom,none,[mms_issue]airplane_mode_on|bad_network_preference|break_app_storage_permission|unseat_sim_card|user_abroad_roaming_enabled_off[PERSONA:None],telecom_0042,42,3,pending,0,tau2_full_flash_telecom_0042,C:\Users\86132\Desktop\SafeDesk\benchmarks\tau2-bench\data\simulations\tau2_full_flash_telecom_0042\results.json,,2026-07-09T22:52:17
tau2_full_flash,telecom,telecom,none,[mms_issue]airplane_mode_on|bad_network_preference|break_app_both_permissions|unseat_sim_card|user_abroad_roaming_enabled_off[PERSONA:Easy],telecom_0042,42,4,pending,0,tau2_full_flash_telecom_0042,C:\Users\86132\Desktop\SafeDesk\benchmarks\tau2-bench\data\simulations\tau2_full_flash_telecom_0042\results.json,,2026-07-09T22:52:17
tau2_full_flash,telecom,telecom,none,[mms_issue]airplane_mode_on|bad_wifi_calling|break_apn_mms_setting|unseat_sim_card|user_abroad_roaming_enabled_off[PERSONA:Hard],telecom_0042,42,5,pending,0,tau2_full_flash_telecom_0042,C:\Users\86132\Desktop\SafeDesk\benchmarks\tau2-bench\data\simulations\tau2_full_flash_telecom_0042\results.json,,2026-07-09T22:52:17
tau2_full_flash,telecom,telecom,none,[mms_issue]airplane_mode_on|bad_wifi_calling|break_app_sms_permission|unseat_sim_card|user_abroad_roaming_enabled_off[PERSONA:None],telecom_0042,42,6,pending,0,tau2_full_flash_telecom_0042,C:\Users\86132\Desktop\SafeDesk\benchmarks\tau2-bench\data\simulations\tau2_full_flash_telecom_0042\results.json,,2026-07-09T22:52:17
tau2_full_flash,telecom,telecom,none,[mms_issue]airplane_mode_on|bad_wifi_calling|break_app_storage_permission|unseat_sim_card|user_abroad_roaming_enabled_off[PERSONA:Easy],telecom_0042,42,7,pending,0,tau2_full_flash_telecom_0042,C:\Users\86132\Desktop\SafeDesk\benchmarks\tau2-bench\data\simulations\tau2_full_flash_telecom_0042\results.json,,2026-07-09T22:52:17
tau2_full_flash,telecom,telecom,none,[mms_issue]airplane_mode_on|bad_wifi_calling|break_app_both_permissions|unseat_sim_card|user_abroad_roaming_enabled_off[PERSONA:Hard],telecom_0042,42,8,pending,0,tau2_full_flash_telecom_0042,C:\Users\86132\Desktop\SafeDesk\benchmarks\tau2-bench\data\simulations\tau2_full_flash_telecom_0042\results.json,,2026-07-09T22:52:17
tau2_full_flash,telecom,telecom,none,[mms_issue]airplane_mode_on|break_apn_mms_setting|break_app_sms_permission|unseat_sim_card|user_abroad_roaming_enabled_off[PERSONA:None],telecom_0042,42,9,pending,0,tau2_full_flash_telecom_0042,C:\Users\86132\Desktop\SafeDesk\benchmarks\tau2-bench\data\simulations\tau2_full_flash_telecom_0042\results.json,,2026-07-09T22:52:17
tau2_full_flash,telecom,telecom,none,[mms_issue]airplane_mode_on|break_apn_mms_setting|break_app_storage_permission|unseat_sim_card|user_abroad_roaming_enabled_off[PERSONA:Easy],telecom_0042,42,10,pending,0,tau2_full_flash_telecom_0042,C:\Users\86132\Desktop\SafeDesk\benchmarks\tau2-bench\data\simulations\tau2_full_flash_telecom_0042\results.json,,2026-07-09T22:52:17
tau2_full_flash,telecom,telecom,none,[mms_issue]airplane_mode_on|break_apn_mms_setting|break_app_both_permissions|unseat_sim_card|user_abroad_roaming_enabled_off[PERSONA:Hard],telecom_0042,42,11,pending,0,tau2_full_flash_telecom_0042,C:\Users\86132\Desktop\SafeDesk\benchmarks\tau2-bench\data\simulations\tau2_full_flash_telecom_0042\results.json,,2026-07-09T22:52:17
tau2_full_flash,telecom,telecom,none,[mms_issue]airplane_mode_on|bad_network_preference|bad_wifi_calling|unseat_sim_card|user_abroad_roaming_disabled_on[PERSONA:None],telecom_0042,42,12,pending,0,tau2_full_flash_telecom_0042,C:\Users\86132\Desktop\SafeDesk\benchmarks\tau2-bench\data\simulations\tau2_full_flash_telecom_0042\results.json,,2026-07-09T22:52:17
tau2_full_flash,telecom,telecom,none,[mms_issue]airplane_mode_on|bad_network_preference|break_apn_mms_setting|unseat_sim_card|user_abroad_roaming_disabled_on[PERSONA:Easy],telecom_0042,42,13,pending,0,tau2_full_flash_telecom_0042,C:\Users\86132\Desktop\SafeDesk\benchmarks\tau2-bench\data\simulations\tau2_full_flash_telecom_0042\results.json,,2026-07-09T22:52:17
tau2_full_flash,telecom,telecom,none,[mms_issue]airplane_mode_on|bad_network_preference|break_app_sms_permission|unseat_sim_card|user_abroad_roaming_disabled_on[PERSONA:Hard],telecom_0042,42,14,pending,0,tau2_full_flash_telecom_0042,C:\Users\86132\Desktop\SafeDesk\benchmarks\tau2-bench\data\simulations\tau2_full_flash_telecom_0042\results.json,,2026-07-09T22:52:17
tau2_full_flash,telecom,telecom,none,[mms_issue]airplane_mode_on|bad_network_preference|break_app_storage_permission|unseat_sim_card|user_abroad_roaming_disabled_on[PERSONA:None],telecom_0042,42,15,pending,0,tau2_full_flash_telecom_0042,C:\Users\86132\Desktop\SafeDesk\benchmarks\tau2-bench\data\simulations\tau2_full_flash_telecom_0042\results.json,,2026-07-09T22:52:17
tau2_full_flash,telecom,telecom,none,[mms_issue]airplane_mode_on|bad_network_preference|break_app_both_permissions|unseat_sim_card|user_abroad_roaming_disabled_on[PERSONA:Easy],telecom_0042,42,16,pending,0,tau2_full_flash_telecom_0042,C:\Users\86132\Desktop\SafeDesk\benchmarks\tau2-bench\data\simulations\tau2_full_flash_telecom_0042\results.json,,2026-07-09T22:52:17
tau2_full_flash,telecom,telecom,none,[mms_issue]airplane_mode_on|bad_wifi_calling|break_apn_mms_setting|unseat_sim_card|user_abroad_roaming_disabled_on[PERSONA:Hard],telecom_0042,42,17,pending,0,tau2_full_flash_telecom_0042,C:\Users\86132\Desktop\SafeDesk\benchmarks\tau2-bench\data\simulations\tau2_full_flash_telecom_0042\results.json,,2026-07-09T22:52:17
tau2_full_flash,telecom,telecom,none,[mms_issue]airplane_mode_on|bad_wifi_calling|break_app_sms_permission|unseat_sim_card|user_abroad_roaming_disabled_on[PERSONA:None],telecom_0042,42,18,pending,0,tau2_full_flash_telecom_0042,C:\Users\86132\Desktop\SafeDesk\benchmarks\tau2-bench\data\simulations\tau2_full_flash_telecom_0042\results.json,,2026-07-09T22:52:17
tau2_full_flash,telecom,telecom,none,[mms_issue]airplane_mode_on|bad_wifi_calling|break_app_storage_permission|unseat_sim_card|user_abroad_roaming_disabled_on[PERSONA:Easy],telecom_0042,42,19,pending,0,tau2_full_flash_telecom_0042,C:\Users\86132\Desktop\SafeDesk\benchmarks\tau2-bench\data\simulations\tau2_full_flash_telecom_0042\results.json,,2026-07-09T22:52:17
tau2_full_flash,telecom,telecom,none,[mms_issue]airplane_mode_on|bad_wifi_calling|break_app_both_permissions|unseat_sim_card|user_abroad_roaming_disabled_on[PERSONA:Hard],telecom_0042,42,20,pending,0,tau2_full_flash_telecom_0042,C:\Users\86132\Desktop\SafeDesk\benchmarks\tau2-bench\data\simulations\tau2_full_flash_telecom_0042\results.json,,2026-07-09T22:52:17
tau2_full_flash,telecom,telecom,none,[mms_issue]airplane_mode_on|break_apn_mms_setting|break_app_sms_permission|unseat_sim_card|user_abroad_roaming_disabled_on[PERSONA:None],telecom_0042,42,21,pending,0,tau2_full_flash_telecom_0042,C:\Users\86132\Desktop\SafeDesk\benchmarks\tau2-bench\data\simulations\tau2_full_flash_telecom_0042\results.json,,2026-07-09T22:52:17
tau2_full_flash,telecom,telecom,none,[mms_issue]airplane_mode_on|break_apn_mms_setting|break_app_storage_permission|unseat_sim_card|user_abroad_roaming_disabled_on[PERSONA:Easy],telecom_0042,42,22,pending,0,tau2_full_flash_telecom_0042,C:\Users\86132\Desktop\SafeDesk\benchmarks\tau2-bench\data\simulations\tau2_full_flash_telecom_0042\results.json,,2026-07-09T22:52:17
tau2_full_flash,telecom,telecom,none,[mms_issue]airplane_mode_on|break_apn_mms_setting|break_app_both_permissions|unseat_sim_card|user_abroad_roaming_disabled_on[PERSONA:Hard],telecom_0042,42,23,pending,0,tau2_full_flash_telecom_0042,C:\Users\86132\Desktop\SafeDesk\benchmarks\tau2-bench\data\simulations\tau2_full_flash_telecom_0042\results.json,,2026-07-09T22:52:17
tau2_full_flash,telecom,telecom,none,[mms_issue]airplane_mode_on|bad_network_preference|bad_wifi_calling|unseat_sim_card|user_abroad_roaming_disabled_off[PERSONA:None],telecom_0042,42,24,pending,0,tau2_full_flash_telecom_0042,C:\Users\86132\Desktop\SafeDesk\benchmarks\tau2-bench\data\simulations\tau2_full_flash_telecom_0042\results.json,,2026-07-09T22:52:17
tau2_full_flash,telecom,telecom,none,[mms_issue]airplane_mode_on|bad_network_preference|break_apn_mms_setting|unseat_sim_card|user_abroad_roaming_disabled_off[PERSONA:Easy],telecom_0043,43,0,pending,0,tau2_full_flash_telecom_0043,C:\Users\86132\Desktop\SafeDesk\benchmarks\tau2-bench\data\simulations\tau2_full_flash_telecom_0043\results.json,,2026-07-09T22:52:17
tau2_full_flash,telecom,telecom,none,[mms_issue]airplane_mode_on|bad_network_preference|break_app_sms_permission|unseat_sim_card|user_abroad_roaming_disabled_off[PERSONA:Hard],telecom_0043,43,1,pending,0,tau2_full_flash_telecom_0043,C:\Users\86132\Desktop\SafeDesk\benchmarks\tau2-bench\data\simulations\tau2_full_flash_telecom_0043\results.json,,2026-07-09T22:52:17
tau2_full_flash,telecom,telecom,none,[mms_issue]airplane_mode_on|bad_network_preference|break_app_storage_permission|unseat_sim_card|user_abroad_roaming_disabled_off[PERSONA:None],telecom_0043,43,2,pending,0,tau2_full_flash_telecom_0043,C:\Users\86132\Desktop\SafeDesk\benchmarks\tau2-bench\data\simulations\tau2_full_flash_telecom_0043\results.json,,2026-07-09T22:52:17
tau2_full_flash,telecom,telecom,none,[mms_issue]airplane_mode_on|bad_network_preference|break_app_both_permissions|unseat_sim_card|user_abroad_roaming_disabled_off[PERSONA:Easy],telecom_0043,43,3,pending,0,tau2_full_flash_telecom_0043,C:\Users\86132\Desktop\SafeDesk\benchmarks\tau2-bench\data\simulations\tau2_full_flash_telecom_0043\results.json,,2026-07-09T22:52:17
tau2_full_flash,telecom,telecom,none,[mms_issue]airplane_mode_on|bad_wifi_calling|break_apn_mms_setting|unseat_sim_card|user_abroad_roaming_disabled_off[PERSONA:Hard],telecom_0043,43,4,pending,0,tau2_full_flash_telecom_0043,C:\Users\86132\Desktop\SafeDesk\benchmarks\tau2-bench\data\simulations\tau2_full_flash_telecom_0043\results.json,,2026-07-09T22:52:17
tau2_full_flash,telecom,telecom,none,[mms_issue]airplane_mode_on|bad_wifi_calling|break_app_sms_permission|unseat_sim_card|user_abroad_roaming_disabled_off[PERSONA:None],telecom_0043,43,5,pending,0,tau2_full_flash_telecom_0043,C:\Users\86132\Desktop\SafeDesk\benchmarks\tau2-bench\data\simulations\tau2_full_flash_telecom_0043\results.json,,2026-07-09T22:52:17
tau2_full_flash,telecom,telecom,none,[mms_issue]airplane_mode_on|bad_wifi_calling|break_app_storage_permission|unseat_sim_card|user_abroad_roaming_disabled_off[PERSONA:Easy],telecom_0043,43,6,pending,0,tau2_full_flash_telecom_0043,C:\Users\86132\Desktop\SafeDesk\benchmarks\tau2-bench\data\simulations\tau2_full_flash_telecom_0043\results.json,,2026-07-09T22:52:17
tau2_full_flash,telecom,telecom,none,[mms_issue]airplane_mode_on|bad_wifi_calling|break_app_both_permissions|unseat_sim_card|user_abroad_roaming_disabled_off[PERSONA:Hard],telecom_0043,43,7,pending,0,tau2_full_flash_telecom_0043,C:\Users\86132\Desktop\SafeDesk\benchmarks\tau2-bench\data\simulations\tau2_full_flash_telecom_0043\results.json,,2026-07-09T22:52:17
tau2_full_flash,telecom,telecom,none,[mms_issue]airplane_mode_on|break_apn_mms_setting|break_app_sms_permission|unseat_sim_card|user_abroad_roaming_disabled_off[PERSONA:None],telecom_0043,43,8,pending,0,tau2_full_flash_telecom_0043,C:\Users\86132\Desktop\SafeDesk\benchmarks\tau2-bench\data\simulations\tau2_full_flash_telecom_0043\results.json,,2026-07-09T22:52:17
tau2_full_flash,telecom,telecom,none,[mms_issue]airplane_mode_on|break_apn_mms_setting|break_app_storage_permission|unseat_sim_card|user_abroad_roaming_disabled_off[PERSONA:Easy],telecom_0043,43,9,pending,0,tau2_full_flash_telecom_0043,C:\Users\86132\Desktop\SafeDesk\benchmarks\tau2-bench\data\simulations\tau2_full_flash_telecom_0043\results.json,,2026-07-09T22:52:17
tau2_full_flash,telecom,telecom,none,[mms_issue]airplane_mode_on|break_apn_mms_setting|break_app_both_permissions|unseat_sim_card|user_abroad_roaming_disabled_off[PERSONA:Hard],telecom_0043,43,10,pending,0,tau2_full_flash_telecom_0043,C:\Users\86132\Desktop\SafeDesk\benchmarks\tau2-bench\data\simulations\tau2_full_flash_telecom_0043\results.json,,2026-07-09T22:52:17
tau2_full_flash,telecom,telecom,none,[mms_issue]airplane_mode_on|bad_network_preference|bad_wifi_calling|break_apn_mms_setting|unseat_sim_card[PERSONA:None],telecom_0043,43,11,pending,0,tau2_full_flash_telecom_0043,C:\Users\86132\Desktop\SafeDesk\benchmarks\tau2-bench\data\simulations\tau2_full_flash_telecom_0043\results.json,,2026-07-09T22:52:17
tau2_full_flash,telecom,telecom,none,[mms_issue]airplane_mode_on|bad_network_preference|bad_wifi_calling|break_app_sms_permission|unseat_sim_card[PERSONA:Easy],telecom_0043,43,12,pending,0,tau2_full_flash_telecom_0043,C:\Users\86132\Desktop\SafeDesk\benchmarks\tau2-bench\data\simulations\tau2_full_flash_telecom_0043\results.json,,2026-07-09T22:52:17
tau2_full_flash,telecom,telecom,none,[mms_issue]airplane_mode_on|bad_network_preference|bad_wifi_calling|break_app_storage_permission|unseat_sim_card[PERSONA:Hard],telecom_0043,43,13,pending,0,tau2_full_flash_telecom_0043,C:\Users\86132\Desktop\SafeDesk\benchmarks\tau2-bench\data\simulations\tau2_full_flash_telecom_0043\results.json,,2026-07-09T22:52:17
tau2_full_flash,telecom,telecom,none,[mms_issue]airplane_mode_on|bad_network_preference|bad_wifi_calling|break_app_both_permissions|unseat_sim_card[PERSONA:None],telecom_0043,43,14,pending,0,tau2_full_flash_telecom_0043,C:\Users\86132\Desktop\SafeDesk\benchmarks\tau2-bench\data\simulations\tau2_full_flash_telecom_0043\results.json,,2026-07-09T22:52:17
tau2_full_flash,telecom,telecom,none,[mms_issue]airplane_mode_on|bad_network_preference|break_apn_mms_setting|break_app_sms_permission|unseat_sim_card[PERSONA:Easy],telecom_0043,43,15,pending,0,tau2_full_flash_telecom_0043,C:\Users\86132\Desktop\SafeDesk\benchmarks\tau2-bench\data\simulations\tau2_full_flash_telecom_0043\results.json,,2026-07-09T22:52:17
tau2_full_flash,telecom,telecom,none,[mms_issue]airplane_mode_on|bad_network_preference|break_apn_mms_setting|break_app_storage_permission|unseat_sim_card[PERSONA:Hard],telecom_0043,43,16,pending,0,tau2_full_flash_telecom_0043,C:\Users\86132\Desktop\SafeDesk\benchmarks\tau2-bench\data\simulations\tau2_full_flash_telecom_0043\results.json,,2026-07-09T22:52:17
tau2_full_flash,telecom,telecom,none,[mms_issue]airplane_mode_on|bad_network_preference|break_apn_mms_setting|break_app_both_permissions|unseat_sim_card[PERSONA:None],telecom_0043,43,17,pending,0,tau2_full_flash_telecom_0043,C:\Users\86132\Desktop\SafeDesk\benchmarks\tau2-bench\data\simulations\tau2_full_flash_telecom_0043\results.json,,2026-07-09T22:52:17
tau2_full_flash,telecom,telecom,none,[mms_issue]airplane_mode_on|bad_wifi_calling|break_apn_mms_setting|break_app_sms_permission|unseat_sim_card[PERSONA:Easy],telecom_0043,43,18,pending,0,tau2_full_flash_telecom_0043,C:\Users\86132\Desktop\SafeDesk\benchmarks\tau2-bench\data\simulations\tau2_full_flash_telecom_0043\results.json,,2026-07-09T22:52:17
tau2_full_flash,telecom,telecom,none,[mms_issue]airplane_mode_on|bad_wifi_calling|break_apn_mms_setting|break_app_storage_permission|unseat_sim_card[PERSONA:Hard],telecom_0043,43,19,pending,0,tau2_full_flash_telecom_0043,C:\Users\86132\Desktop\SafeDesk\benchmarks\tau2-bench\data\simulations\tau2_full_flash_telecom_0043\results.json,,2026-07-09T22:52:17
tau2_full_flash,telecom,telecom,none,[mms_issue]airplane_mode_on|bad_wifi_calling|break_apn_mms_setting|break_app_both_permissions|unseat_sim_card[PERSONA:None],telecom_0043,43,20,pending,0,tau2_full_flash_telecom_0043,C:\Users\86132\Desktop\SafeDesk\benchmarks\tau2-bench\data\simulations\tau2_full_flash_telecom_0043\results.json,,2026-07-09T22:52:17
tau2_full_flash,telecom,telecom,none,[mms_issue]airplane_mode_on|bad_network_preference|data_mode_off|data_usage_exceeded|user_abroad_roaming_enabled_off[PERSONA:Easy],telecom_0043,43,21,pending,0,tau2_full_flash_telecom_0043,C:\Users\86132\Desktop\SafeDesk\benchmarks\tau2-bench\data\simulations\tau2_full_flash_telecom_0043\results.json,,2026-07-09T22:52:17
tau2_full_flash,telecom,telecom,none,[mms_issue]airplane_mode_on|bad_wifi_calling|data_mode_off|data_usage_exceeded|user_abroad_roaming_enabled_off[PERSONA:Hard],telecom_0043,43,22,pending,0,tau2_full_flash_telecom_0043,C:\Users\86132\Desktop\SafeDesk\benchmarks\tau2-bench\data\simulations\tau2_full_flash_telecom_0043\results.json,,2026-07-09T22:52:17
tau2_full_flash,telecom,telecom,none,[mms_issue]airplane_mode_on|break_apn_mms_setting|data_mode_off|data_usage_exceeded|user_abroad_roaming_enabled_off[PERSONA:None],telecom_0043,43,23,pending,0,tau2_full_flash_telecom_0043,C:\Users\86132\Desktop\SafeDesk\benchmarks\tau2-bench\data\simulations\tau2_full_flash_telecom_0043\results.json,,2026-07-09T22:52:17
tau2_full_flash,telecom,telecom,none,[mms_issue]airplane_mode_on|break_app_sms_permission|data_mode_off|data_usage_exceeded|user_abroad_roaming_enabled_off[PERSONA:Easy],telecom_0043,43,24,pending,0,tau2_full_flash_telecom_0043,C:\Users\86132\Desktop\SafeDesk\benchmarks\tau2-bench\data\simulations\tau2_full_flash_telecom_0043\results.json,,2026-07-09T22:52:17
tau2_full_flash,telecom,telecom,none,[mms_issue]airplane_mode_on|break_app_storage_permission|data_mode_off|data_usage_exceeded|user_abroad_roaming_enabled_off[PERSONA:Hard],telecom_0044,44,0,pending,0,tau2_full_flash_telecom_0044,C:\Users\86132\Desktop\SafeDesk\benchmarks\tau2-bench\data\simulations\tau2_full_flash_telecom_0044\results.json,,2026-07-09T22:52:17
tau2_full_flash,telecom,telecom,none,[mms_issue]airplane_mode_on|break_app_both_permissions|data_mode_off|data_usage_exceeded|user_abroad_roaming_enabled_off[PERSONA:None],telecom_0044,44,1,pending,0,tau2_full_flash_telecom_0044,C:\Users\86132\Desktop\SafeDesk\benchmarks\tau2-bench\data\simulations\tau2_full_flash_telecom_0044\results.json,,2026-07-09T22:52:17
tau2_full_flash,telecom,telecom,none,[mms_issue]airplane_mode_on|bad_network_preference|data_mode_off|data_usage_exceeded|user_abroad_roaming_disabled_on[PERSONA:Easy],telecom_0044,44,2,pending,0,tau2_full_flash_telecom_0044,C:\Users\86132\Desktop\SafeDesk\benchmarks\tau2-bench\data\simulations\tau2_full_flash_telecom_0044\results.json,,2026-07-09T22:52:17
tau2_full_flash,telecom,telecom,none,[mms_issue]airplane_mode_on|bad_wifi_calling|data_mode_off|data_usage_exceeded|user_abroad_roaming_disabled_on[PERSONA:Hard],telecom_0044,44,3,pending,0,tau2_full_flash_telecom_0044,C:\Users\86132\Desktop\SafeDesk\benchmarks\tau2-bench\data\simulations\tau2_full_flash_telecom_0044\results.json,,2026-07-09T22:52:17
tau2_full_flash,telecom,telecom,none,[mms_issue]airplane_mode_on|break_apn_mms_setting|data_mode_off|data_usage_exceeded|user_abroad_roaming_disabled_on[PERSONA:None],telecom_0044,44,4,pending,0,tau2_full_flash_telecom_0044,C:\Users\86132\Desktop\SafeDesk\benchmarks\tau2-bench\data\simulations\tau2_full_flash_telecom_0044\results.json,,2026-07-09T22:52:17
tau2_full_flash,telecom,telecom,none,[mms_issue]airplane_mode_on|break_app_sms_permission|data_mode_off|data_usage_exceeded|user_abroad_roaming_disabled_on[PERSONA:Easy],telecom_0044,44,5,pending,0,tau2_full_flash_telecom_0044,C:\Users\86132\Desktop\SafeDesk\benchmarks\tau2-bench\data\simulations\tau2_full_flash_telecom_0044\results.json,,2026-07-09T22:52:17
tau2_full_flash,telecom,telecom,none,[mms_issue]airplane_mode_on|break_app_storage_permission|data_mode_off|data_usage_exceeded|user_abroad_roaming_disabled_on[PERSONA:Hard],telecom_0044,44,6,pending,0,tau2_full_flash_telecom_0044,C:\Users\86132\Desktop\SafeDesk\benchmarks\tau2-bench\data\simulations\tau2_full_flash_telecom_0044\results.json,,2026-07-09T22:52:17
tau2_full_flash,telecom,telecom,none,[mms_issue]airplane_mode_on|break_app_both_permissions|data_mode_off|data_usage_exceeded|user_abroad_roaming_disabled_on[PERSONA:None],telecom_0044,44,7,pending,0,tau2_full_flash_telecom_0044,C:\Users\86132\Desktop\SafeDesk\benchmarks\tau2-bench\data\simulations\tau2_full_flash_telecom_0044\results.json,,2026-07-09T22:52:17
tau2_full_flash,telecom,telecom,none,[mms_issue]airplane_mode_on|bad_network_preference|data_mode_off|data_usage_exceeded|user_abroad_roaming_disabled_off[PERSONA:Easy],telecom_0044,44,8,pending,0,tau2_full_flash_telecom_0044,C:\Users\86132\Desktop\SafeDesk\benchmarks\tau2-bench\data\simulations\tau2_full_flash_telecom_0044\results.json,,2026-07-09T22:52:17
tau2_full_flash,telecom,telecom,none,[mms_issue]airplane_mode_on|bad_wifi_calling|data_mode_off|data_usage_exceeded|user_abroad_roaming_disabled_off[PERSONA:Hard],telecom_0044,44,9,pending,0,tau2_full_flash_telecom_0044,C:\Users\86132\Desktop\SafeDesk\benchmarks\tau2-bench\data\simulations\tau2_full_flash_telecom_0044\results.json,,2026-07-09T22:52:17
tau2_full_flash,telecom,telecom,none,[mms_issue]airplane_mode_on|break_apn_mms_setting|data_mode_off|data_usage_exceeded|user_abroad_roaming_disabled_off[PERSONA:None],telecom_0044,44,10,pending,0,tau2_full_flash_telecom_0044,C:\Users\86132\Desktop\SafeDesk\benchmarks\tau2-bench\data\simulations\tau2_full_flash_telecom_0044\results.json,,2026-07-09T22:52:17
tau2_full_flash,telecom,telecom,none,[mms_issue]airplane_mode_on|break_app_sms_permission|data_mode_off|data_usage_exceeded|user_abroad_roaming_disabled_off[PERSONA:Easy],telecom_0044,44,11,pending,0,tau2_full_flash_telecom_0044,C:\Users\86132\Desktop\SafeDesk\benchmarks\tau2-bench\data\simulations\tau2_full_flash_telecom_0044\results.json,,2026-07-09T22:52:17
tau2_full_flash,telecom,telecom,none,[mms_issue]airplane_mode_on|break_app_storage_permission|data_mode_off|data_usage_exceeded|user_abroad_roaming_disabled_off[PERSONA:Hard],telecom_0044,44,12,pending,0,tau2_full_flash_telecom_0044,C:\Users\86132\Desktop\SafeDesk\benchmarks\tau2-bench\data\simulations\tau2_full_flash_telecom_0044\results.json,,2026-07-09T22:52:17
tau2_full_flash,telecom,telecom,none,[mms_issue]airplane_mode_on|break_app_both_permissions|data_mode_off|data_usage_exceeded|user_abroad_roaming_disabled_off[PERSONA:None],telecom_0044,44,13,pending,0,tau2_full_flash_telecom_0044,C:\Users\86132\Desktop\SafeDesk\benchmarks\tau2-bench\data\simulations\tau2_full_flash_telecom_0044\results.json,,2026-07-09T22:52:17
tau2_full_flash,telecom,telecom,none,[mms_issue]airplane_mode_on|bad_network_preference|bad_wifi_calling|data_mode_off|data_usage_exceeded[PERSONA:Easy],telecom_0044,44,14,pending,0,tau2_full_flash_telecom_0044,C:\Users\86132\Desktop\SafeDesk\benchmarks\tau2-bench\data\simulations\tau2_full_flash_telecom_0044\results.json,,2026-07-09T22:52:17
tau2_full_flash,telecom,telecom,none,[mms_issue]airplane_mode_on|bad_network_preference|break_apn_mms_setting|data_mode_off|data_usage_exceeded[PERSONA:Hard],telecom_0044,44,15,pending,0,tau2_full_flash_telecom_0044,C:\Users\86132\Desktop\SafeDesk\benchmarks\tau2-bench\data\simulations\tau2_full_flash_telecom_0044\results.json,,2026-07-09T22:52:17
tau2_full_flash,telecom,telecom,none,[mms_issue]airplane_mode_on|bad_network_preference|break_app_sms_permission|data_mode_off|data_usage_exceeded[PERSONA:None],telecom_0044,44,16,pending,0,tau2_full_flash_telecom_0044,C:\Users\86132\Desktop\SafeDesk\benchmarks\tau2-bench\data\simulations\tau2_full_flash_telecom_0044\results.json,,2026-07-09T22:52:17
tau2_full_flash,telecom,telecom,none,[mms_issue]airplane_mode_on|bad_network_preference|break_app_storage_permission|data_mode_off|data_usage_exceeded[PERSONA:Easy],telecom_0044,44,17,pending,0,tau2_full_flash_telecom_0044,C:\Users\86132\Desktop\SafeDesk\benchmarks\tau2-bench\data\simulations\tau2_full_flash_telecom_0044\results.json,,2026-07-09T22:52:17
tau2_full_flash,telecom,telecom,none,[mms_issue]airplane_mode_on|bad_network_preference|break_app_both_permissions|data_mode_off|data_usage_exceeded[PERSONA:Hard],telecom_0044,44,18,pending,0,tau2_full_flash_telecom_0044,C:\Users\86132\Desktop\SafeDesk\benchmarks\tau2-bench\data\simulations\tau2_full_flash_telecom_0044\results.json,,2026-07-09T22:52:17
tau2_full_flash,telecom,telecom,none,[mms_issue]airplane_mode_on|bad_wifi_calling|break_apn_mms_setting|data_mode_off|data_usage_exceeded[PERSONA:None],telecom_0044,44,19,pending,0,tau2_full_flash_telecom_0044,C:\Users\86132\Desktop\SafeDesk\benchmarks\tau2-bench\data\simulations\tau2_full_flash_telecom_0044\results.json,,2026-07-09T22:52:17
tau2_full_flash,telecom,telecom,none,[mms_issue]airplane_mode_on|bad_wifi_calling|break_app_sms_permission|data_mode_off|data_usage_exceeded[PERSONA:Easy],telecom_0044,44,20,pending,0,tau2_full_flash_telecom_0044,C:\Users\86132\Desktop\SafeDesk\benchmarks\tau2-bench\data\simulations\tau2_full_flash_telecom_0044\results.json,,2026-07-09T22:52:17
tau2_full_flash,telecom,telecom,none,[mms_issue]airplane_mode_on|bad_wifi_calling|break_app_storage_permission|data_mode_off|data_usage_exceeded[PERSONA:Hard],telecom_0044,44,21,pending,0,tau2_full_flash_telecom_0044,C:\Users\86132\Desktop\SafeDesk\benchmarks\tau2-bench\data\simulations\tau2_full_flash_telecom_0044\results.json,,2026-07-09T22:52:17
tau2_full_flash,telecom,telecom,none,[mms_issue]airplane_mode_on|bad_wifi_calling|break_app_both_permissions|data_mode_off|data_usage_exceeded[PERSONA:None],telecom_0044,44,22,pending,0,tau2_full_flash_telecom_0044,C:\Users\86132\Desktop\SafeDesk\benchmarks\tau2-bench\data\simulations\tau2_full_flash_telecom_0044\results.json,,2026-07-09T22:52:17
tau2_full_flash,telecom,telecom,none,[mms_issue]airplane_mode_on|break_apn_mms_setting|break_app_sms_permission|data_mode_off|data_usage_exceeded[PERSONA:Easy],telecom_0044,44,23,pending,0,tau2_full_flash_telecom_0044,C:\Users\86132\Desktop\SafeDesk\benchmarks\tau2-bench\data\simulations\tau2_full_flash_telecom_0044\results.json,,2026-07-09T22:52:17
tau2_full_flash,telecom,telecom,none,[mms_issue]airplane_mode_on|break_apn_mms_setting|break_app_storage_permission|data_mode_off|data_usage_exceeded[PERSONA:Hard],telecom_0044,44,24,pending,0,tau2_full_flash_telecom_0044,C:\Users\86132\Desktop\SafeDesk\benchmarks\tau2-bench\data\simulations\tau2_full_flash_telecom_0044\results.json,,2026-07-09T22:52:17
tau2_full_flash,telecom,telecom,none,[mms_issue]airplane_mode_on|break_apn_mms_setting|break_app_both_permissions|data_mode_off|data_usage_exceeded[PERSONA:None],telecom_0045,45,0,pending,0,tau2_full_flash_telecom_0045,C:\Users\86132\Desktop\SafeDesk\benchmarks\tau2-bench\data\simulations\tau2_full_flash_telecom_0045\results.json,,2026-07-09T22:52:17
tau2_full_flash,telecom,telecom,none,[mms_issue]airplane_mode_on|bad_network_preference|bad_wifi_calling|data_mode_off|user_abroad_roaming_enabled_off[PERSONA:Easy],telecom_0045,45,1,pending,0,tau2_full_flash_telecom_0045,C:\Users\86132\Desktop\SafeDesk\benchmarks\tau2-bench\data\simulations\tau2_full_flash_telecom_0045\results.json,,2026-07-09T22:52:17
tau2_full_flash,telecom,telecom,none,[mms_issue]airplane_mode_on|bad_network_preference|break_apn_mms_setting|data_mode_off|user_abroad_roaming_enabled_off[PERSONA:Hard],telecom_0045,45,2,pending,0,tau2_full_flash_telecom_0045,C:\Users\86132\Desktop\SafeDesk\benchmarks\tau2-bench\data\simulations\tau2_full_flash_telecom_0045\results.json,,2026-07-09T22:52:17
tau2_full_flash,telecom,telecom,none,[mms_issue]airplane_mode_on|bad_network_preference|break_app_sms_permission|data_mode_off|user_abroad_roaming_enabled_off[PERSONA:None],telecom_0045,45,3,pending,0,tau2_full_flash_telecom_0045,C:\Users\86132\Desktop\SafeDesk\benchmarks\tau2-bench\data\simulations\tau2_full_flash_telecom_0045\results.json,,2026-07-09T22:52:17
tau2_full_flash,telecom,telecom,none,[mms_issue]airplane_mode_on|bad_network_preference|break_app_storage_permission|data_mode_off|user_abroad_roaming_enabled_off[PERSONA:Easy],telecom_0045,45,4,pending,0,tau2_full_flash_telecom_0045,C:\Users\86132\Desktop\SafeDesk\benchmarks\tau2-bench\data\simulations\tau2_full_flash_telecom_0045\results.json,,2026-07-09T22:52:17
tau2_full_flash,telecom,telecom,none,[mms_issue]airplane_mode_on|bad_network_preference|break_app_both_permissions|data_mode_off|user_abroad_roaming_enabled_off[PERSONA:Hard],telecom_0045,45,5,pending,0,tau2_full_flash_telecom_0045,C:\Users\86132\Desktop\SafeDesk\benchmarks\tau2-bench\data\simulations\tau2_full_flash_telecom_0045\results.json,,2026-07-09T22:52:17
tau2_full_flash,telecom,telecom,none,[mms_issue]airplane_mode_on|bad_wifi_calling|break_apn_mms_setting|data_mode_off|user_abroad_roaming_enabled_off[PERSONA:None],telecom_0045,45,6,pending,0,tau2_full_flash_telecom_0045,C:\Users\86132\Desktop\SafeDesk\benchmarks\tau2-bench\data\simulations\tau2_full_flash_telecom_0045\results.json,,2026-07-09T22:52:17
tau2_full_flash,telecom,telecom,none,[mms_issue]airplane_mode_on|bad_wifi_calling|break_app_sms_permission|data_mode_off|user_abroad_roaming_enabled_off[PERSONA:Easy],telecom_0045,45,7,pending,0,tau2_full_flash_telecom_0045,C:\Users\86132\Desktop\SafeDesk\benchmarks\tau2-bench\data\simulations\tau2_full_flash_telecom_0045\results.json,,2026-07-09T22:52:17
tau2_full_flash,telecom,telecom,none,[mms_issue]airplane_mode_on|bad_wifi_calling|break_app_storage_permission|data_mode_off|user_abroad_roaming_enabled_off[PERSONA:Hard],telecom_0045,45,8,pending,0,tau2_full_flash_telecom_0045,C:\Users\86132\Desktop\SafeDesk\benchmarks\tau2-bench\data\simulations\tau2_full_flash_telecom_0045\results.json,,2026-07-09T22:52:17
tau2_full_flash,telecom,telecom,none,[mms_issue]airplane_mode_on|bad_wifi_calling|break_app_both_permissions|data_mode_off|user_abroad_roaming_enabled_off[PERSONA:None],telecom_0045,45,9,pending,0,tau2_full_flash_telecom_0045,C:\Users\86132\Desktop\SafeDesk\benchmarks\tau2-bench\data\simulations\tau2_full_flash_telecom_0045\results.json,,2026-07-09T22:52:17
tau2_full_flash,telecom,telecom,none,[mms_issue]airplane_mode_on|break_apn_mms_setting|break_app_sms_permission|data_mode_off|user_abroad_roaming_enabled_off[PERSONA:Easy],telecom_0045,45,10,pending,0,tau2_full_flash_telecom_0045,C:\Users\86132\Desktop\SafeDesk\benchmarks\tau2-bench\data\simulations\tau2_full_flash_telecom_0045\results.json,,2026-07-09T22:52:17
tau2_full_flash,telecom,telecom,none,[mms_issue]airplane_mode_on|break_apn_mms_setting|break_app_storage_permission|data_mode_off|user_abroad_roaming_enabled_off[PERSONA:Hard],telecom_0045,45,11,pending,0,tau2_full_flash_telecom_0045,C:\Users\86132\Desktop\SafeDesk\benchmarks\tau2-bench\data\simulations\tau2_full_flash_telecom_0045\results.json,,2026-07-09T22:52:17
tau2_full_flash,telecom,telecom,none,[mms_issue]airplane_mode_on|break_apn_mms_setting|break_app_both_permissions|data_mode_off|user_abroad_roaming_enabled_off[PERSONA:None],telecom_0045,45,12,pending,0,tau2_full_flash_telecom_0045,C:\Users\86132\Desktop\SafeDesk\benchmarks\tau2-bench\data\simulations\tau2_full_flash_telecom_0045\results.json,,2026-07-09T22:52:17
tau2_full_flash,telecom,telecom,none,[mms_issue]airplane_mode_on|bad_network_preference|bad_wifi_calling|data_mode_off|user_abroad_roaming_disabled_on[PERSONA:Easy],telecom_0045,45,13,pending,0,tau2_full_flash_telecom_0045,C:\Users\86132\Desktop\SafeDesk\benchmarks\tau2-bench\data\simulations\tau2_full_flash_telecom_0045\results.json,,2026-07-09T22:52:17
tau2_full_flash,telecom,telecom,none,[mms_issue]airplane_mode_on|bad_network_preference|break_apn_mms_setting|data_mode_off|user_abroad_roaming_disabled_on[PERSONA:Hard],telecom_0045,45,14,pending,0,tau2_full_flash_telecom_0045,C:\Users\86132\Desktop\SafeDesk\benchmarks\tau2-bench\data\simulations\tau2_full_flash_telecom_0045\results.json,,2026-07-09T22:52:17
tau2_full_flash,telecom,telecom,none,[mms_issue]airplane_mode_on|bad_network_preference|break_app_sms_permission|data_mode_off|user_abroad_roaming_disabled_on[PERSONA:None],telecom_0045,45,15,pending,0,tau2_full_flash_telecom_0045,C:\Users\86132\Desktop\SafeDesk\benchmarks\tau2-bench\data\simulations\tau2_full_flash_telecom_0045\results.json,,2026-07-09T22:52:17
tau2_full_flash,telecom,telecom,none,[mms_issue]airplane_mode_on|bad_network_preference|break_app_storage_permission|data_mode_off|user_abroad_roaming_disabled_on[PERSONA:Easy],telecom_0045,45,16,pending,0,tau2_full_flash_telecom_0045,C:\Users\86132\Desktop\SafeDesk\benchmarks\tau2-bench\data\simulations\tau2_full_flash_telecom_0045\results.json,,2026-07-09T22:52:17
tau2_full_flash,telecom,telecom,none,[mms_issue]airplane_mode_on|bad_network_preference|break_app_both_permissions|data_mode_off|user_abroad_roaming_disabled_on[PERSONA:Hard],telecom_0045,45,17,pending,0,tau2_full_flash_telecom_0045,C:\Users\86132\Desktop\SafeDesk\benchmarks\tau2-bench\data\simulations\tau2_full_flash_telecom_0045\results.json,,2026-07-09T22:52:17
tau2_full_flash,telecom,telecom,none,[mms_issue]airplane_mode_on|bad_wifi_calling|break_apn_mms_setting|data_mode_off|user_abroad_roaming_disabled_on[PERSONA:None],telecom_0045,45,18,pending,0,tau2_full_flash_telecom_0045,C:\Users\86132\Desktop\SafeDesk\benchmarks\tau2-bench\data\simulations\tau2_full_flash_telecom_0045\results.json,,2026-07-09T22:52:17
tau2_full_flash,telecom,telecom,none,[mms_issue]airplane_mode_on|bad_wifi_calling|break_app_sms_permission|data_mode_off|user_abroad_roaming_disabled_on[PERSONA:Easy],telecom_0045,45,19,pending,0,tau2_full_flash_telecom_0045,C:\Users\86132\Desktop\SafeDesk\benchmarks\tau2-bench\data\simulations\tau2_full_flash_telecom_0045\results.json,,2026-07-09T22:52:17
tau2_full_flash,telecom,telecom,none,[mms_issue]airplane_mode_on|bad_wifi_calling|break_app_storage_permission|data_mode_off|user_abroad_roaming_disabled_on[PERSONA:Hard],telecom_0045,45,20,pending,0,tau2_full_flash_telecom_0045,C:\Users\86132\Desktop\SafeDesk\benchmarks\tau2-bench\data\simulations\tau2_full_flash_telecom_0045\results.json,,2026-07-09T22:52:17
tau2_full_flash,telecom,telecom,none,[mms_issue]airplane_mode_on|bad_wifi_calling|break_app_both_permissions|data_mode_off|user_abroad_roaming_disabled_on[PERSONA:None],telecom_0045,45,21,pending,0,tau2_full_flash_telecom_0045,C:\Users\86132\Desktop\SafeDesk\benchmarks\tau2-bench\data\simulations\tau2_full_flash_telecom_0045\results.json,,2026-07-09T22:52:17
tau2_full_flash,telecom,telecom,none,[mms_issue]airplane_mode_on|break_apn_mms_setting|break_app_sms_permission|data_mode_off|user_abroad_roaming_disabled_on[PERSONA:Easy],telecom_0045,45,22,pending,0,tau2_full_flash_telecom_0045,C:\Users\86132\Desktop\SafeDesk\benchmarks\tau2-bench\data\simulations\tau2_full_flash_telecom_0045\results.json,,2026-07-09T22:52:17
tau2_full_flash,telecom,telecom,none,[mms_issue]airplane_mode_on|break_apn_mms_setting|break_app_storage_permission|data_mode_off|user_abroad_roaming_disabled_on[PERSONA:Hard],telecom_0045,45,23,pending,0,tau2_full_flash_telecom_0045,C:\Users\86132\Desktop\SafeDesk\benchmarks\tau2-bench\data\simulations\tau2_full_flash_telecom_0045\results.json,,2026-07-09T22:52:17
tau2_full_flash,telecom,telecom,none,[mms_issue]airplane_mode_on|break_apn_mms_setting|break_app_both_permissions|data_mode_off|user_abroad_roaming_disabled_on[PERSONA:None],telecom_0045,45,24,pending,0,tau2_full_flash_telecom_0045,C:\Users\86132\Desktop\SafeDesk\benchmarks\tau2-bench\data\simulations\tau2_full_flash_telecom_0045\results.json,,2026-07-09T22:52:17
tau2_full_flash,telecom,telecom,none,[mms_issue]airplane_mode_on|bad_network_preference|bad_wifi_calling|data_mode_off|user_abroad_roaming_disabled_off[PERSONA:Easy],telecom_0046,46,0,pending,0,tau2_full_flash_telecom_0046,C:\Users\86132\Desktop\SafeDesk\benchmarks\tau2-bench\data\simulations\tau2_full_flash_telecom_0046\results.json,,2026-07-09T22:52:17
tau2_full_flash,telecom,telecom,none,[mms_issue]airplane_mode_on|bad_network_preference|break_apn_mms_setting|data_mode_off|user_abroad_roaming_disabled_off[PERSONA:Hard],telecom_0046,46,1,pending,0,tau2_full_flash_telecom_0046,C:\Users\86132\Desktop\SafeDesk\benchmarks\tau2-bench\data\simulations\tau2_full_flash_telecom_0046\results.json,,2026-07-09T22:52:17
tau2_full_flash,telecom,telecom,none,[mms_issue]airplane_mode_on|bad_network_preference|break_app_sms_permission|data_mode_off|user_abroad_roaming_disabled_off[PERSONA:None],telecom_0046,46,2,pending,0,tau2_full_flash_telecom_0046,C:\Users\86132\Desktop\SafeDesk\benchmarks\tau2-bench\data\simulations\tau2_full_flash_telecom_0046\results.json,,2026-07-09T22:52:17
tau2_full_flash,telecom,telecom,none,[mms_issue]airplane_mode_on|bad_network_preference|break_app_storage_permission|data_mode_off|user_abroad_roaming_disabled_off[PERSONA:Easy],telecom_0046,46,3,pending,0,tau2_full_flash_telecom_0046,C:\Users\86132\Desktop\SafeDesk\benchmarks\tau2-bench\data\simulations\tau2_full_flash_telecom_0046\results.json,,2026-07-09T22:52:17
tau2_full_flash,telecom,telecom,none,[mms_issue]airplane_mode_on|bad_network_preference|break_app_both_permissions|data_mode_off|user_abroad_roaming_disabled_off[PERSONA:Hard],telecom_0046,46,4,pending,0,tau2_full_flash_telecom_0046,C:\Users\86132\Desktop\SafeDesk\benchmarks\tau2-bench\data\simulations\tau2_full_flash_telecom_0046\results.json,,2026-07-09T22:52:17
tau2_full_flash,telecom,telecom,none,[mms_issue]airplane_mode_on|bad_wifi_calling|break_apn_mms_setting|data_mode_off|user_abroad_roaming_disabled_off[PERSONA:None],telecom_0046,46,5,pending,0,tau2_full_flash_telecom_0046,C:\Users\86132\Desktop\SafeDesk\benchmarks\tau2-bench\data\simulations\tau2_full_flash_telecom_0046\results.json,,2026-07-09T22:52:17
tau2_full_flash,telecom,telecom,none,[mms_issue]airplane_mode_on|bad_wifi_calling|break_app_sms_permission|data_mode_off|user_abroad_roaming_disabled_off[PERSONA:Easy],telecom_0046,46,6,pending,0,tau2_full_flash_telecom_0046,C:\Users\86132\Desktop\SafeDesk\benchmarks\tau2-bench\data\simulations\tau2_full_flash_telecom_0046\results.json,,2026-07-09T22:52:17
tau2_full_flash,telecom,telecom,none,[mms_issue]airplane_mode_on|bad_wifi_calling|break_app_storage_permission|data_mode_off|user_abroad_roaming_disabled_off[PERSONA:Hard],telecom_0046,46,7,pending,0,tau2_full_flash_telecom_0046,C:\Users\86132\Desktop\SafeDesk\benchmarks\tau2-bench\data\simulations\tau2_full_flash_telecom_0046\results.json,,2026-07-09T22:52:17
tau2_full_flash,telecom,telecom,none,[mms_issue]airplane_mode_on|bad_wifi_calling|break_app_both_permissions|data_mode_off|user_abroad_roaming_disabled_off[PERSONA:None],telecom_0046,46,8,pending,0,tau2_full_flash_telecom_0046,C:\Users\86132\Desktop\SafeDesk\benchmarks\tau2-bench\data\simulations\tau2_full_flash_telecom_0046\results.json,,2026-07-09T22:52:17
tau2_full_flash,telecom,telecom,none,[mms_issue]airplane_mode_on|break_apn_mms_setting|break_app_sms_permission|data_mode_off|user_abroad_roaming_disabled_off[PERSONA:Easy],telecom_0046,46,9,pending,0,tau2_full_flash_telecom_0046,C:\Users\86132\Desktop\SafeDesk\benchmarks\tau2-bench\data\simulations\tau2_full_flash_telecom_0046\results.json,,2026-07-09T22:52:17
tau2_full_flash,telecom,telecom,none,[mms_issue]airplane_mode_on|break_apn_mms_setting|break_app_storage_permission|data_mode_off|user_abroad_roaming_disabled_off[PERSONA:Hard],telecom_0046,46,10,pending,0,tau2_full_flash_telecom_0046,C:\Users\86132\Desktop\SafeDesk\benchmarks\tau2-bench\data\simulations\tau2_full_flash_telecom_0046\results.json,,2026-07-09T22:52:17
tau2_full_flash,telecom,telecom,none,[mms_issue]airplane_mode_on|break_apn_mms_setting|break_app_both_permissions|data_mode_off|user_abroad_roaming_disabled_off[PERSONA:None],telecom_0046,46,11,pending,0,tau2_full_flash_telecom_0046,C:\Users\86132\Desktop\SafeDesk\benchmarks\tau2-bench\data\simulations\tau2_full_flash_telecom_0046\results.json,,2026-07-09T22:52:17
tau2_full_flash,telecom,telecom,none,[mms_issue]airplane_mode_on|bad_network_preference|bad_wifi_calling|break_apn_mms_setting|data_mode_off[PERSONA:Easy],telecom_0046,46,12,pending,0,tau2_full_flash_telecom_0046,C:\Users\86132\Desktop\SafeDesk\benchmarks\tau2-bench\data\simulations\tau2_full_flash_telecom_0046\results.json,,2026-07-09T22:52:17
tau2_full_flash,telecom,telecom,none,[mms_issue]airplane_mode_on|bad_network_preference|bad_wifi_calling|break_app_sms_permission|data_mode_off[PERSONA:Hard],telecom_0046,46,13,pending,0,tau2_full_flash_telecom_0046,C:\Users\86132\Desktop\SafeDesk\benchmarks\tau2-bench\data\simulations\tau2_full_flash_telecom_0046\results.json,,2026-07-09T22:52:17
tau2_full_flash,telecom,telecom,none,[mms_issue]airplane_mode_on|bad_network_preference|bad_wifi_calling|break_app_storage_permission|data_mode_off[PERSONA:None],telecom_0046,46,14,pending,0,tau2_full_flash_telecom_0046,C:\Users\86132\Desktop\SafeDesk\benchmarks\tau2-bench\data\simulations\tau2_full_flash_telecom_0046\results.json,,2026-07-09T22:52:17
tau2_full_flash,telecom,telecom,none,[mms_issue]airplane_mode_on|bad_network_preference|bad_wifi_calling|break_app_both_permissions|data_mode_off[PERSONA:Easy],telecom_0046,46,15,pending,0,tau2_full_flash_telecom_0046,C:\Users\86132\Desktop\SafeDesk\benchmarks\tau2-bench\data\simulations\tau2_full_flash_telecom_0046\results.json,,2026-07-09T22:52:17
tau2_full_flash,telecom,telecom,none,[mms_issue]airplane_mode_on|bad_network_preference|break_apn_mms_setting|break_app_sms_permission|data_mode_off[PERSONA:Hard],telecom_0046,46,16,pending,0,tau2_full_flash_telecom_0046,C:\Users\86132\Desktop\SafeDesk\benchmarks\tau2-bench\data\simulations\tau2_full_flash_telecom_0046\results.json,,2026-07-09T22:52:17
tau2_full_flash,telecom,telecom,none,[mms_issue]airplane_mode_on|bad_network_preference|break_apn_mms_setting|break_app_storage_permission|data_mode_off[PERSONA:None],telecom_0046,46,17,pending,0,tau2_full_flash_telecom_0046,C:\Users\86132\Desktop\SafeDesk\benchmarks\tau2-bench\data\simulations\tau2_full_flash_telecom_0046\results.json,,2026-07-09T22:52:17
tau2_full_flash,telecom,telecom,none,[mms_issue]airplane_mode_on|bad_network_preference|break_apn_mms_setting|break_app_both_permissions|data_mode_off[PERSONA:Easy],telecom_0046,46,18,pending,0,tau2_full_flash_telecom_0046,C:\Users\86132\Desktop\SafeDesk\benchmarks\tau2-bench\data\simulations\tau2_full_flash_telecom_0046\results.json,,2026-07-09T22:52:17
tau2_full_flash,telecom,telecom,none,[mms_issue]airplane_mode_on|bad_wifi_calling|break_apn_mms_setting|break_app_sms_permission|data_mode_off[PERSONA:Hard],telecom_0046,46,19,pending,0,tau2_full_flash_telecom_0046,C:\Users\86132\Desktop\SafeDesk\benchmarks\tau2-bench\data\simulations\tau2_full_flash_telecom_0046\results.json,,2026-07-09T22:52:17
tau2_full_flash,telecom,telecom,none,[mms_issue]airplane_mode_on|bad_wifi_calling|break_apn_mms_setting|break_app_storage_permission|data_mode_off[PERSONA:None],telecom_0046,46,20,pending,0,tau2_full_flash_telecom_0046,C:\Users\86132\Desktop\SafeDesk\benchmarks\tau2-bench\data\simulations\tau2_full_flash_telecom_0046\results.json,,2026-07-09T22:52:17
tau2_full_flash,telecom,telecom,none,[mms_issue]airplane_mode_on|bad_wifi_calling|break_apn_mms_setting|break_app_both_permissions|data_mode_off[PERSONA:Easy],telecom_0046,46,21,pending,0,tau2_full_flash_telecom_0046,C:\Users\86132\Desktop\SafeDesk\benchmarks\tau2-bench\data\simulations\tau2_full_flash_telecom_0046\results.json,,2026-07-09T22:52:17
tau2_full_flash,telecom,telecom,none,[mms_issue]airplane_mode_on|bad_network_preference|bad_wifi_calling|data_usage_exceeded|user_abroad_roaming_enabled_off[PERSONA:Hard],telecom_0046,46,22,pending,0,tau2_full_flash_telecom_0046,C:\Users\86132\Desktop\SafeDesk\benchmarks\tau2-bench\data\simulations\tau2_full_flash_telecom_0046\results.json,,2026-07-09T22:52:17
tau2_full_flash,telecom,telecom,none,[mms_issue]airplane_mode_on|bad_network_preference|break_apn_mms_setting|data_usage_exceeded|user_abroad_roaming_enabled_off[PERSONA:None],telecom_0046,46,23,pending,0,tau2_full_flash_telecom_0046,C:\Users\86132\Desktop\SafeDesk\benchmarks\tau2-bench\data\simulations\tau2_full_flash_telecom_0046\results.json,,2026-07-09T22:52:17
tau2_full_flash,telecom,telecom,none,[mms_issue]airplane_mode_on|bad_network_preference|break_app_sms_permission|data_usage_exceeded|user_abroad_roaming_enabled_off[PERSONA:Easy],telecom_0046,46,24,pending,0,tau2_full_flash_telecom_0046,C:\Users\86132\Desktop\SafeDesk\benchmarks\tau2-bench\data\simulations\tau2_full_flash_telecom_0046\results.json,,2026-07-09T22:52:17
tau2_full_flash,telecom,telecom,none,[mms_issue]airplane_mode_on|bad_network_preference|break_app_storage_permission|data_usage_exceeded|user_abroad_roaming_enabled_off[PERSONA:Hard],telecom_0047,47,0,pending,0,tau2_full_flash_telecom_0047,C:\Users\86132\Desktop\SafeDesk\benchmarks\tau2-bench\data\simulations\tau2_full_flash_telecom_0047\results.json,,2026-07-09T22:52:17
tau2_full_flash,telecom,telecom,none,[mms_issue]airplane_mode_on|bad_network_preference|break_app_both_permissions|data_usage_exceeded|user_abroad_roaming_enabled_off[PERSONA:None],telecom_0047,47,1,pending,0,tau2_full_flash_telecom_0047,C:\Users\86132\Desktop\SafeDesk\benchmarks\tau2-bench\data\simulations\tau2_full_flash_telecom_0047\results.json,,2026-07-09T22:52:17
tau2_full_flash,telecom,telecom,none,[mms_issue]airplane_mode_on|bad_wifi_calling|break_apn_mms_setting|data_usage_exceeded|user_abroad_roaming_enabled_off[PERSONA:Easy],telecom_0047,47,2,pending,0,tau2_full_flash_telecom_0047,C:\Users\86132\Desktop\SafeDesk\benchmarks\tau2-bench\data\simulations\tau2_full_flash_telecom_0047\results.json,,2026-07-09T22:52:17
tau2_full_flash,telecom,telecom,none,[mms_issue]airplane_mode_on|bad_wifi_calling|break_app_sms_permission|data_usage_exceeded|user_abroad_roaming_enabled_off[PERSONA:Hard],telecom_0047,47,3,pending,0,tau2_full_flash_telecom_0047,C:\Users\86132\Desktop\SafeDesk\benchmarks\tau2-bench\data\simulations\tau2_full_flash_telecom_0047\results.json,,2026-07-09T22:52:17
tau2_full_flash,telecom,telecom,none,[mms_issue]airplane_mode_on|bad_wifi_calling|break_app_storage_permission|data_usage_exceeded|user_abroad_roaming_enabled_off[PERSONA:None],telecom_0047,47,4,pending,0,tau2_full_flash_telecom_0047,C:\Users\86132\Desktop\SafeDesk\benchmarks\tau2-bench\data\simulations\tau2_full_flash_telecom_0047\results.json,,2026-07-09T22:52:17
tau2_full_flash,telecom,telecom,none,[mms_issue]airplane_mode_on|bad_wifi_calling|break_app_both_permissions|data_usage_exceeded|user_abroad_roaming_enabled_off[PERSONA:Easy],telecom_0047,47,5,pending,0,tau2_full_flash_telecom_0047,C:\Users\86132\Desktop\SafeDesk\benchmarks\tau2-bench\data\simulations\tau2_full_flash_telecom_0047\results.json,,2026-07-09T22:52:17
tau2_full_flash,telecom,telecom,none,[mms_issue]airplane_mode_on|break_apn_mms_setting|break_app_sms_permission|data_usage_exceeded|user_abroad_roaming_enabled_off[PERSONA:Hard],telecom_0047,47,6,pending,0,tau2_full_flash_telecom_0047,C:\Users\86132\Desktop\SafeDesk\benchmarks\tau2-bench\data\simulations\tau2_full_flash_telecom_0047\results.json,,2026-07-09T22:52:17
tau2_full_flash,telecom,telecom,none,[mms_issue]airplane_mode_on|break_apn_mms_setting|break_app_storage_permission|data_usage_exceeded|user_abroad_roaming_enabled_off[PERSONA:None],telecom_0047,47,7,pending,0,tau2_full_flash_telecom_0047,C:\Users\86132\Desktop\SafeDesk\benchmarks\tau2-bench\data\simulations\tau2_full_flash_telecom_0047\results.json,,2026-07-09T22:52:17
tau2_full_flash,telecom,telecom,none,[mms_issue]airplane_mode_on|break_apn_mms_setting|break_app_both_permissions|data_usage_exceeded|user_abroad_roaming_enabled_off[PERSONA:Easy],telecom_0047,47,8,pending,0,tau2_full_flash_telecom_0047,C:\Users\86132\Desktop\SafeDesk\benchmarks\tau2-bench\data\simulations\tau2_full_flash_telecom_0047\results.json,,2026-07-09T22:52:17
tau2_full_flash,telecom,telecom,none,[mms_issue]airplane_mode_on|bad_network_preference|bad_wifi_calling|data_usage_exceeded|user_abroad_roaming_disabled_on[PERSONA:Hard],telecom_0047,47,9,pending,0,tau2_full_flash_telecom_0047,C:\Users\86132\Desktop\SafeDesk\benchmarks\tau2-bench\data\simulations\tau2_full_flash_telecom_0047\results.json,,2026-07-09T22:52:17
tau2_full_flash,telecom,telecom,none,[mms_issue]airplane_mode_on|bad_network_preference|break_apn_mms_setting|data_usage_exceeded|user_abroad_roaming_disabled_on[PERSONA:None],telecom_0047,47,10,pending,0,tau2_full_flash_telecom_0047,C:\Users\86132\Desktop\SafeDesk\benchmarks\tau2-bench\data\simulations\tau2_full_flash_telecom_0047\results.json,,2026-07-09T22:52:17
tau2_full_flash,telecom,telecom,none,[mms_issue]airplane_mode_on|bad_network_preference|break_app_sms_permission|data_usage_exceeded|user_abroad_roaming_disabled_on[PERSONA:Easy],telecom_0047,47,11,pending,0,tau2_full_flash_telecom_0047,C:\Users\86132\Desktop\SafeDesk\benchmarks\tau2-bench\data\simulations\tau2_full_flash_telecom_0047\results.json,,2026-07-09T22:52:17
tau2_full_flash,telecom,telecom,none,[mms_issue]airplane_mode_on|bad_network_preference|break_app_storage_permission|data_usage_exceeded|user_abroad_roaming_disabled_on[PERSONA:Hard],telecom_0047,47,12,pending,0,tau2_full_flash_telecom_0047,C:\Users\86132\Desktop\SafeDesk\benchmarks\tau2-bench\data\simulations\tau2_full_flash_telecom_0047\results.json,,2026-07-09T22:52:17
tau2_full_flash,telecom,telecom,none,[mms_issue]airplane_mode_on|bad_network_preference|break_app_both_permissions|data_usage_exceeded|user_abroad_roaming_disabled_on[PERSONA:None],telecom_0047,47,13,pending,0,tau2_full_flash_telecom_0047,C:\Users\86132\Desktop\SafeDesk\benchmarks\tau2-bench\data\simulations\tau2_full_flash_telecom_0047\results.json,,2026-07-09T22:52:17
tau2_full_flash,telecom,telecom,none,[mms_issue]airplane_mode_on|bad_wifi_calling|break_apn_mms_setting|data_usage_exceeded|user_abroad_roaming_disabled_on[PERSONA:Easy],telecom_0047,47,14,pending,0,tau2_full_flash_telecom_0047,C:\Users\86132\Desktop\SafeDesk\benchmarks\tau2-bench\data\simulations\tau2_full_flash_telecom_0047\results.json,,2026-07-09T22:52:17
tau2_full_flash,telecom,telecom,none,[mms_issue]airplane_mode_on|bad_wifi_calling|break_app_sms_permission|data_usage_exceeded|user_abroad_roaming_disabled_on[PERSONA:Hard],telecom_0047,47,15,pending,0,tau2_full_flash_telecom_0047,C:\Users\86132\Desktop\SafeDesk\benchmarks\tau2-bench\data\simulations\tau2_full_flash_telecom_0047\results.json,,2026-07-09T22:52:17
tau2_full_flash,telecom,telecom,none,[mms_issue]airplane_mode_on|bad_wifi_calling|break_app_storage_permission|data_usage_exceeded|user_abroad_roaming_disabled_on[PERSONA:None],telecom_0047,47,16,pending,0,tau2_full_flash_telecom_0047,C:\Users\86132\Desktop\SafeDesk\benchmarks\tau2-bench\data\simulations\tau2_full_flash_telecom_0047\results.json,,2026-07-09T22:52:17
tau2_full_flash,telecom,telecom,none,[mms_issue]airplane_mode_on|bad_wifi_calling|break_app_both_permissions|data_usage_exceeded|user_abroad_roaming_disabled_on[PERSONA:Easy],telecom_0047,47,17,pending,0,tau2_full_flash_telecom_0047,C:\Users\86132\Desktop\SafeDesk\benchmarks\tau2-bench\data\simulations\tau2_full_flash_telecom_0047\results.json,,2026-07-09T22:52:17
tau2_full_flash,telecom,telecom,none,[mms_issue]airplane_mode_on|break_apn_mms_setting|break_app_sms_permission|data_usage_exceeded|user_abroad_roaming_disabled_on[PERSONA:Hard],telecom_0047,47,18,pending,0,tau2_full_flash_telecom_0047,C:\Users\86132\Desktop\SafeDesk\benchmarks\tau2-bench\data\simulations\tau2_full_flash_telecom_0047\results.json,,2026-07-09T22:52:17
tau2_full_flash,telecom,telecom,none,[mms_issue]airplane_mode_on|break_apn_mms_setting|break_app_storage_permission|data_usage_exceeded|user_abroad_roaming_disabled_on[PERSONA:None],telecom_0047,47,19,pending,0,tau2_full_flash_telecom_0047,C:\Users\86132\Desktop\SafeDesk\benchmarks\tau2-bench\data\simulations\tau2_full_flash_telecom_0047\results.json,,2026-07-09T22:52:17
tau2_full_flash,telecom,telecom,none,[mms_issue]airplane_mode_on|break_apn_mms_setting|break_app_both_permissions|data_usage_exceeded|user_abroad_roaming_disabled_on[PERSONA:Easy],telecom_0047,47,20,pending,0,tau2_full_flash_telecom_0047,C:\Users\86132\Desktop\SafeDesk\benchmarks\tau2-bench\data\simulations\tau2_full_flash_telecom_0047\results.json,,2026-07-09T22:52:17
tau2_full_flash,telecom,telecom,none,[mms_issue]airplane_mode_on|bad_network_preference|bad_wifi_calling|data_usage_exceeded|user_abroad_roaming_disabled_off[PERSONA:Hard],telecom_0047,47,21,pending,0,tau2_full_flash_telecom_0047,C:\Users\86132\Desktop\SafeDesk\benchmarks\tau2-bench\data\simulations\tau2_full_flash_telecom_0047\results.json,,2026-07-09T22:52:17
tau2_full_flash,telecom,telecom,none,[mms_issue]airplane_mode_on|bad_network_preference|break_apn_mms_setting|data_usage_exceeded|user_abroad_roaming_disabled_off[PERSONA:None],telecom_0047,47,22,pending,0,tau2_full_flash_telecom_0047,C:\Users\86132\Desktop\SafeDesk\benchmarks\tau2-bench\data\simulations\tau2_full_flash_telecom_0047\results.json,,2026-07-09T22:52:17
tau2_full_flash,telecom,telecom,none,[mms_issue]airplane_mode_on|bad_network_preference|break_app_sms_permission|data_usage_exceeded|user_abroad_roaming_disabled_off[PERSONA:Easy],telecom_0047,47,23,pending,0,tau2_full_flash_telecom_0047,C:\Users\86132\Desktop\SafeDesk\benchmarks\tau2-bench\data\simulations\tau2_full_flash_telecom_0047\results.json,,2026-07-09T22:52:17
tau2_full_flash,telecom,telecom,none,[mms_issue]airplane_mode_on|bad_network_preference|break_app_storage_permission|data_usage_exceeded|user_abroad_roaming_disabled_off[PERSONA:Hard],telecom_0047,47,24,pending,0,tau2_full_flash_telecom_0047,C:\Users\86132\Desktop\SafeDesk\benchmarks\tau2-bench\data\simulations\tau2_full_flash_telecom_0047\results.json,,2026-07-09T22:52:17
tau2_full_flash,telecom,telecom,none,[mms_issue]airplane_mode_on|bad_network_preference|break_app_both_permissions|data_usage_exceeded|user_abroad_roaming_disabled_off[PERSONA:None],telecom_0048,48,0,pending,0,tau2_full_flash_telecom_0048,C:\Users\86132\Desktop\SafeDesk\benchmarks\tau2-bench\data\simulations\tau2_full_flash_telecom_0048\results.json,,2026-07-09T22:52:17
tau2_full_flash,telecom,telecom,none,[mms_issue]airplane_mode_on|bad_wifi_calling|break_apn_mms_setting|data_usage_exceeded|user_abroad_roaming_disabled_off[PERSONA:Easy],telecom_0048,48,1,pending,0,tau2_full_flash_telecom_0048,C:\Users\86132\Desktop\SafeDesk\benchmarks\tau2-bench\data\simulations\tau2_full_flash_telecom_0048\results.json,,2026-07-09T22:52:17
tau2_full_flash,telecom,telecom,none,[mms_issue]airplane_mode_on|bad_wifi_calling|break_app_sms_permission|data_usage_exceeded|user_abroad_roaming_disabled_off[PERSONA:Hard],telecom_0048,48,2,pending,0,tau2_full_flash_telecom_0048,C:\Users\86132\Desktop\SafeDesk\benchmarks\tau2-bench\data\simulations\tau2_full_flash_telecom_0048\results.json,,2026-07-09T22:52:17
tau2_full_flash,telecom,telecom,none,[mms_issue]airplane_mode_on|bad_wifi_calling|break_app_storage_permission|data_usage_exceeded|user_abroad_roaming_disabled_off[PERSONA:None],telecom_0048,48,3,pending,0,tau2_full_flash_telecom_0048,C:\Users\86132\Desktop\SafeDesk\benchmarks\tau2-bench\data\simulations\tau2_full_flash_telecom_0048\results.json,,2026-07-09T22:52:17
tau2_full_flash,telecom,telecom,none,[mms_issue]airplane_mode_on|bad_wifi_calling|break_app_both_permissions|data_usage_exceeded|user_abroad_roaming_disabled_off[PERSONA:Easy],telecom_0048,48,4,pending,0,tau2_full_flash_telecom_0048,C:\Users\86132\Desktop\SafeDesk\benchmarks\tau2-bench\data\simulations\tau2_full_flash_telecom_0048\results.json,,2026-07-09T22:52:17
tau2_full_flash,telecom,telecom,none,[mms_issue]airplane_mode_on|break_apn_mms_setting|break_app_sms_permission|data_usage_exceeded|user_abroad_roaming_disabled_off[PERSONA:Hard],telecom_0048,48,5,pending,0,tau2_full_flash_telecom_0048,C:\Users\86132\Desktop\SafeDesk\benchmarks\tau2-bench\data\simulations\tau2_full_flash_telecom_0048\results.json,,2026-07-09T22:52:17
tau2_full_flash,telecom,telecom,none,[mms_issue]airplane_mode_on|break_apn_mms_setting|break_app_storage_permission|data_usage_exceeded|user_abroad_roaming_disabled_off[PERSONA:None],telecom_0048,48,6,pending,0,tau2_full_flash_telecom_0048,C:\Users\86132\Desktop\SafeDesk\benchmarks\tau2-bench\data\simulations\tau2_full_flash_telecom_0048\results.json,,2026-07-09T22:52:17
tau2_full_flash,telecom,telecom,none,[mms_issue]airplane_mode_on|break_apn_mms_setting|break_app_both_permissions|data_usage_exceeded|user_abroad_roaming_disabled_off[PERSONA:Easy],telecom_0048,48,7,pending,0,tau2_full_flash_telecom_0048,C:\Users\86132\Desktop\SafeDesk\benchmarks\tau2-bench\data\simulations\tau2_full_flash_telecom_0048\results.json,,2026-07-09T22:52:17
tau2_full_flash,telecom,telecom,none,[mms_issue]airplane_mode_on|bad_network_preference|bad_wifi_calling|break_apn_mms_setting|data_usage_exceeded[PERSONA:Hard],telecom_0048,48,8,pending,0,tau2_full_flash_telecom_0048,C:\Users\86132\Desktop\SafeDesk\benchmarks\tau2-bench\data\simulations\tau2_full_flash_telecom_0048\results.json,,2026-07-09T22:52:17
tau2_full_flash,telecom,telecom,none,[mms_issue]airplane_mode_on|bad_network_preference|bad_wifi_calling|break_app_sms_permission|data_usage_exceeded[PERSONA:None],telecom_0048,48,9,pending,0,tau2_full_flash_telecom_0048,C:\Users\86132\Desktop\SafeDesk\benchmarks\tau2-bench\data\simulations\tau2_full_flash_telecom_0048\results.json,,2026-07-09T22:52:17
tau2_full_flash,telecom,telecom,none,[mms_issue]airplane_mode_on|bad_network_preference|bad_wifi_calling|break_app_storage_permission|data_usage_exceeded[PERSONA:Easy],telecom_0048,48,10,pending,0,tau2_full_flash_telecom_0048,C:\Users\86132\Desktop\SafeDesk\benchmarks\tau2-bench\data\simulations\tau2_full_flash_telecom_0048\results.json,,2026-07-09T22:52:17
tau2_full_flash,telecom,telecom,none,[mms_issue]airplane_mode_on|bad_network_preference|bad_wifi_calling|break_app_both_permissions|data_usage_exceeded[PERSONA:Hard],telecom_0048,48,11,pending,0,tau2_full_flash_telecom_0048,C:\Users\86132\Desktop\SafeDesk\benchmarks\tau2-bench\data\simulations\tau2_full_flash_telecom_0048\results.json,,2026-07-09T22:52:17
tau2_full_flash,telecom,telecom,none,[mms_issue]airplane_mode_on|bad_network_preference|break_apn_mms_setting|break_app_sms_permission|data_usage_exceeded[PERSONA:None],telecom_0048,48,12,pending,0,tau2_full_flash_telecom_0048,C:\Users\86132\Desktop\SafeDesk\benchmarks\tau2-bench\data\simulations\tau2_full_flash_telecom_0048\results.json,,2026-07-09T22:52:17
tau2_full_flash,telecom,telecom,none,[mms_issue]airplane_mode_on|bad_network_preference|break_apn_mms_setting|break_app_storage_permission|data_usage_exceeded[PERSONA:Easy],telecom_0048,48,13,pending,0,tau2_full_flash_telecom_0048,C:\Users\86132\Desktop\SafeDesk\benchmarks\tau2-bench\data\simulations\tau2_full_flash_telecom_0048\results.json,,2026-07-09T22:52:17
tau2_full_flash,telecom,telecom,none,[mms_issue]airplane_mode_on|bad_network_preference|break_apn_mms_setting|break_app_both_permissions|data_usage_exceeded[PERSONA:Hard],telecom_0048,48,14,pending,0,tau2_full_flash_telecom_0048,C:\Users\86132\Desktop\SafeDesk\benchmarks\tau2-bench\data\simulations\tau2_full_flash_telecom_0048\results.json,,2026-07-09T22:52:17
tau2_full_flash,telecom,telecom,none,[mms_issue]airplane_mode_on|bad_wifi_calling|break_apn_mms_setting|break_app_sms_permission|data_usage_exceeded[PERSONA:None],telecom_0048,48,15,pending,0,tau2_full_flash_telecom_0048,C:\Users\86132\Desktop\SafeDesk\benchmarks\tau2-bench\data\simulations\tau2_full_flash_telecom_0048\results.json,,2026-07-09T22:52:17
tau2_full_flash,telecom,telecom,none,[mms_issue]airplane_mode_on|bad_wifi_calling|break_apn_mms_setting|break_app_storage_permission|data_usage_exceeded[PERSONA:Easy],telecom_0048,48,16,pending,0,tau2_full_flash_telecom_0048,C:\Users\86132\Desktop\SafeDesk\benchmarks\tau2-bench\data\simulations\tau2_full_flash_telecom_0048\results.json,,2026-07-09T22:52:17
tau2_full_flash,telecom,telecom,none,[mms_issue]airplane_mode_on|bad_wifi_calling|break_apn_mms_setting|break_app_both_permissions|data_usage_exceeded[PERSONA:Hard],telecom_0048,48,17,pending,0,tau2_full_flash_telecom_0048,C:\Users\86132\Desktop\SafeDesk\benchmarks\tau2-bench\data\simulations\tau2_full_flash_telecom_0048\results.json,,2026-07-09T22:52:17
tau2_full_flash,telecom,telecom,none,[mms_issue]airplane_mode_on|bad_network_preference|bad_wifi_calling|break_apn_mms_setting|user_abroad_roaming_enabled_off[PERSONA:Easy],telecom_0048,48,18,pending,0,tau2_full_flash_telecom_0048,C:\Users\86132\Desktop\SafeDesk\benchmarks\tau2-bench\data\simulations\tau2_full_flash_telecom_0048\results.json,,2026-07-09T22:52:17
tau2_full_flash,telecom,telecom,none,[mms_issue]airplane_mode_on|bad_network_preference|bad_wifi_calling|break_app_sms_permission|user_abroad_roaming_enabled_off[PERSONA:Hard],telecom_0048,48,19,pending,0,tau2_full_flash_telecom_0048,C:\Users\86132\Desktop\SafeDesk\benchmarks\tau2-bench\data\simulations\tau2_full_flash_telecom_0048\results.json,,2026-07-09T22:52:17
tau2_full_flash,telecom,telecom,none,[mms_issue]airplane_mode_on|bad_network_preference|bad_wifi_calling|break_app_storage_permission|user_abroad_roaming_enabled_off[PERSONA:None],telecom_0048,48,20,pending,0,tau2_full_flash_telecom_0048,C:\Users\86132\Desktop\SafeDesk\benchmarks\tau2-bench\data\simulations\tau2_full_flash_telecom_0048\results.json,,2026-07-09T22:52:17
tau2_full_flash,telecom,telecom,none,[mms_issue]airplane_mode_on|bad_network_preference|bad_wifi_calling|break_app_both_permissions|user_abroad_roaming_enabled_off[PERSONA:Easy],telecom_0048,48,21,pending,0,tau2_full_flash_telecom_0048,C:\Users\86132\Desktop\SafeDesk\benchmarks\tau2-bench\data\simulations\tau2_full_flash_telecom_0048\results.json,,2026-07-09T22:52:17
tau2_full_flash,telecom,telecom,none,[mms_issue]airplane_mode_on|bad_network_preference|break_apn_mms_setting|break_app_sms_permission|user_abroad_roaming_enabled_off[PERSONA:Hard],telecom_0048,48,22,pending,0,tau2_full_flash_telecom_0048,C:\Users\86132\Desktop\SafeDesk\benchmarks\tau2-bench\data\simulations\tau2_full_flash_telecom_0048\results.json,,2026-07-09T22:52:17
tau2_full_flash,telecom,telecom,none,[mms_issue]airplane_mode_on|bad_network_preference|break_apn_mms_setting|break_app_storage_permission|user_abroad_roaming_enabled_off[PERSONA:None],telecom_0048,48,23,pending,0,tau2_full_flash_telecom_0048,C:\Users\86132\Desktop\SafeDesk\benchmarks\tau2-bench\data\simulations\tau2_full_flash_telecom_0048\results.json,,2026-07-09T22:52:17
tau2_full_flash,telecom,telecom,none,[mms_issue]airplane_mode_on|bad_network_preference|break_apn_mms_setting|break_app_both_permissions|user_abroad_roaming_enabled_off[PERSONA:Easy],telecom_0048,48,24,pending,0,tau2_full_flash_telecom_0048,C:\Users\86132\Desktop\SafeDesk\benchmarks\tau2-bench\data\simulations\tau2_full_flash_telecom_0048\results.json,,2026-07-09T22:52:17
tau2_full_flash,telecom,telecom,none,[mms_issue]airplane_mode_on|bad_wifi_calling|break_apn_mms_setting|break_app_sms_permission|user_abroad_roaming_enabled_off[PERSONA:Hard],telecom_0049,49,0,pending,0,tau2_full_flash_telecom_0049,C:\Users\86132\Desktop\SafeDesk\benchmarks\tau2-bench\data\simulations\tau2_full_flash_telecom_0049\results.json,,2026-07-09T22:52:17
tau2_full_flash,telecom,telecom,none,[mms_issue]airplane_mode_on|bad_wifi_calling|break_apn_mms_setting|break_app_storage_permission|user_abroad_roaming_enabled_off[PERSONA:None],telecom_0049,49,1,pending,0,tau2_full_flash_telecom_0049,C:\Users\86132\Desktop\SafeDesk\benchmarks\tau2-bench\data\simulations\tau2_full_flash_telecom_0049\results.json,,2026-07-09T22:52:17
tau2_full_flash,telecom,telecom,none,[mms_issue]airplane_mode_on|bad_wifi_calling|break_apn_mms_setting|break_app_both_permissions|user_abroad_roaming_enabled_off[PERSONA:Easy],telecom_0049,49,2,pending,0,tau2_full_flash_telecom_0049,C:\Users\86132\Desktop\SafeDesk\benchmarks\tau2-bench\data\simulations\tau2_full_flash_telecom_0049\results.json,,2026-07-09T22:52:17
tau2_full_flash,telecom,telecom,none,[mms_issue]airplane_mode_on|bad_network_preference|bad_wifi_calling|break_apn_mms_setting|user_abroad_roaming_disabled_on[PERSONA:Hard],telecom_0049,49,3,pending,0,tau2_full_flash_telecom_0049,C:\Users\86132\Desktop\SafeDesk\benchmarks\tau2-bench\data\simulations\tau2_full_flash_telecom_0049\results.json,,2026-07-09T22:52:17
tau2_full_flash,telecom,telecom,none,[mms_issue]airplane_mode_on|bad_network_preference|bad_wifi_calling|break_app_sms_permission|user_abroad_roaming_disabled_on[PERSONA:None],telecom_0049,49,4,pending,0,tau2_full_flash_telecom_0049,C:\Users\86132\Desktop\SafeDesk\benchmarks\tau2-bench\data\simulations\tau2_full_flash_telecom_0049\results.json,,2026-07-09T22:52:17
tau2_full_flash,telecom,telecom,none,[mms_issue]airplane_mode_on|bad_network_preference|bad_wifi_calling|break_app_storage_permission|user_abroad_roaming_disabled_on[PERSONA:Easy],telecom_0049,49,5,pending,0,tau2_full_flash_telecom_0049,C:\Users\86132\Desktop\SafeDesk\benchmarks\tau2-bench\data\simulations\tau2_full_flash_telecom_0049\results.json,,2026-07-09T22:52:17
tau2_full_flash,telecom,telecom,none,[mms_issue]airplane_mode_on|bad_network_preference|bad_wifi_calling|break_app_both_permissions|user_abroad_roaming_disabled_on[PERSONA:Hard],telecom_0049,49,6,pending,0,tau2_full_flash_telecom_0049,C:\Users\86132\Desktop\SafeDesk\benchmarks\tau2-bench\data\simulations\tau2_full_flash_telecom_0049\results.json,,2026-07-09T22:52:17
tau2_full_flash,telecom,telecom,none,[mms_issue]airplane_mode_on|bad_network_preference|break_apn_mms_setting|break_app_sms_permission|user_abroad_roaming_disabled_on[PERSONA:None],telecom_0049,49,7,pending,0,tau2_full_flash_telecom_0049,C:\Users\86132\Desktop\SafeDesk\benchmarks\tau2-bench\data\simulations\tau2_full_flash_telecom_0049\results.json,,2026-07-09T22:52:17
tau2_full_flash,telecom,telecom,none,[mms_issue]airplane_mode_on|bad_network_preference|break_apn_mms_setting|break_app_storage_permission|user_abroad_roaming_disabled_on[PERSONA:Easy],telecom_0049,49,8,pending,0,tau2_full_flash_telecom_0049,C:\Users\86132\Desktop\SafeDesk\benchmarks\tau2-bench\data\simulations\tau2_full_flash_telecom_0049\results.json,,2026-07-09T22:52:17
tau2_full_flash,telecom,telecom,none,[mms_issue]airplane_mode_on|bad_network_preference|break_apn_mms_setting|break_app_both_permissions|user_abroad_roaming_disabled_on[PERSONA:Hard],telecom_0049,49,9,pending,0,tau2_full_flash_telecom_0049,C:\Users\86132\Desktop\SafeDesk\benchmarks\tau2-bench\data\simulations\tau2_full_flash_telecom_0049\results.json,,2026-07-09T22:52:17
tau2_full_flash,telecom,telecom,none,[mms_issue]airplane_mode_on|bad_wifi_calling|break_apn_mms_setting|break_app_sms_permission|user_abroad_roaming_disabled_on[PERSONA:None],telecom_0049,49,10,pending,0,tau2_full_flash_telecom_0049,C:\Users\86132\Desktop\SafeDesk\benchmarks\tau2-bench\data\simulations\tau2_full_flash_telecom_0049\results.json,,2026-07-09T22:52:17
tau2_full_flash,telecom,telecom,none,[mms_issue]airplane_mode_on|bad_wifi_calling|break_apn_mms_setting|break_app_storage_permission|user_abroad_roaming_disabled_on[PERSONA:Easy],telecom_0049,49,11,pending,0,tau2_full_flash_telecom_0049,C:\Users\86132\Desktop\SafeDesk\benchmarks\tau2-bench\data\simulations\tau2_full_flash_telecom_0049\results.json,,2026-07-09T22:52:17
tau2_full_flash,telecom,telecom,none,[mms_issue]airplane_mode_on|bad_wifi_calling|break_apn_mms_setting|break_app_both_permissions|user_abroad_roaming_disabled_on[PERSONA:Hard],telecom_0049,49,12,pending,0,tau2_full_flash_telecom_0049,C:\Users\86132\Desktop\SafeDesk\benchmarks\tau2-bench\data\simulations\tau2_full_flash_telecom_0049\results.json,,2026-07-09T22:52:17
tau2_full_flash,telecom,telecom,none,[mms_issue]airplane_mode_on|bad_network_preference|bad_wifi_calling|break_apn_mms_setting|user_abroad_roaming_disabled_off[PERSONA:None],telecom_0049,49,13,pending,0,tau2_full_flash_telecom_0049,C:\Users\86132\Desktop\SafeDesk\benchmarks\tau2-bench\data\simulations\tau2_full_flash_telecom_0049\results.json,,2026-07-09T22:52:17
tau2_full_flash,telecom,telecom,none,[mms_issue]airplane_mode_on|bad_network_preference|bad_wifi_calling|break_app_sms_permission|user_abroad_roaming_disabled_off[PERSONA:Easy],telecom_0049,49,14,pending,0,tau2_full_flash_telecom_0049,C:\Users\86132\Desktop\SafeDesk\benchmarks\tau2-bench\data\simulations\tau2_full_flash_telecom_0049\results.json,,2026-07-09T22:52:17
tau2_full_flash,telecom,telecom,none,[mms_issue]airplane_mode_on|bad_network_preference|bad_wifi_calling|break_app_storage_permission|user_abroad_roaming_disabled_off[PERSONA:Hard],telecom_0049,49,15,pending,0,tau2_full_flash_telecom_0049,C:\Users\86132\Desktop\SafeDesk\benchmarks\tau2-bench\data\simulations\tau2_full_flash_telecom_0049\results.json,,2026-07-09T22:52:17
tau2_full_flash,telecom,telecom,none,[mms_issue]airplane_mode_on|bad_network_preference|bad_wifi_calling|break_app_both_permissions|user_abroad_roaming_disabled_off[PERSONA:None],telecom_0049,49,16,pending,0,tau2_full_flash_telecom_0049,C:\Users\86132\Desktop\SafeDesk\benchmarks\tau2-bench\data\simulations\tau2_full_flash_telecom_0049\results.json,,2026-07-09T22:52:17
tau2_full_flash,telecom,telecom,none,[mms_issue]airplane_mode_on|bad_network_preference|break_apn_mms_setting|break_app_sms_permission|user_abroad_roaming_disabled_off[PERSONA:Easy],telecom_0049,49,17,pending,0,tau2_full_flash_telecom_0049,C:\Users\86132\Desktop\SafeDesk\benchmarks\tau2-bench\data\simulations\tau2_full_flash_telecom_0049\results.json,,2026-07-09T22:52:17
tau2_full_flash,telecom,telecom,none,[mms_issue]airplane_mode_on|bad_network_preference|break_apn_mms_setting|break_app_storage_permission|user_abroad_roaming_disabled_off[PERSONA:Hard],telecom_0049,49,18,pending,0,tau2_full_flash_telecom_0049,C:\Users\86132\Desktop\SafeDesk\benchmarks\tau2-bench\data\simulations\tau2_full_flash_telecom_0049\results.json,,2026-07-09T22:52:17
tau2_full_flash,telecom,telecom,none,[mms_issue]airplane_mode_on|bad_network_preference|break_apn_mms_setting|break_app_both_permissions|user_abroad_roaming_disabled_off[PERSONA:None],telecom_0049,49,19,pending,0,tau2_full_flash_telecom_0049,C:\Users\86132\Desktop\SafeDesk\benchmarks\tau2-bench\data\simulations\tau2_full_flash_telecom_0049\results.json,,2026-07-09T22:52:17
tau2_full_flash,telecom,telecom,none,[mms_issue]airplane_mode_on|bad_wifi_calling|break_apn_mms_setting|break_app_sms_permission|user_abroad_roaming_disabled_off[PERSONA:Easy],telecom_0049,49,20,pending,0,tau2_full_flash_telecom_0049,C:\Users\86132\Desktop\SafeDesk\benchmarks\tau2-bench\data\simulations\tau2_full_flash_telecom_0049\results.json,,2026-07-09T22:52:17
tau2_full_flash,telecom,telecom,none,[mms_issue]airplane_mode_on|bad_wifi_calling|break_apn_mms_setting|break_app_storage_permission|user_abroad_roaming_disabled_off[PERSONA:Hard],telecom_0049,49,21,pending,0,tau2_full_flash_telecom_0049,C:\Users\86132\Desktop\SafeDesk\benchmarks\tau2-bench\data\simulations\tau2_full_flash_telecom_0049\results.json,,2026-07-09T22:52:17
tau2_full_flash,telecom,telecom,none,[mms_issue]airplane_mode_on|bad_wifi_calling|break_apn_mms_setting|break_app_both_permissions|user_abroad_roaming_disabled_off[PERSONA:None],telecom_0049,49,22,pending,0,tau2_full_flash_telecom_0049,C:\Users\86132\Desktop\SafeDesk\benchmarks\tau2-bench\data\simulations\tau2_full_flash_telecom_0049\results.json,,2026-07-09T22:52:17
tau2_full_flash,telecom,telecom,none,[mms_issue]airplane_mode_on|bad_network_preference|bad_wifi_calling|break_apn_mms_setting|break_app_sms_permission[PERSONA:Easy],telecom_0049,49,23,pending,0,tau2_full_flash_telecom_0049,C:\Users\86132\Desktop\SafeDesk\benchmarks\tau2-bench\data\simulations\tau2_full_flash_telecom_0049\results.json,,2026-07-09T22:52:17
tau2_full_flash,telecom,telecom,none,[mms_issue]airplane_mode_on|bad_network_preference|bad_wifi_calling|break_apn_mms_setting|break_app_storage_permission[PERSONA:Hard],telecom_0049,49,24,pending,0,tau2_full_flash_telecom_0049,C:\Users\86132\Desktop\SafeDesk\benchmarks\tau2-bench\data\simulations\tau2_full_flash_telecom_0049\results.json,,2026-07-09T22:52:17
tau2_full_flash,telecom,telecom,none,[mms_issue]airplane_mode_on|bad_network_preference|bad_wifi_calling|break_apn_mms_setting|break_app_both_permissions[PERSONA:None],telecom_0050,50,0,pending,0,tau2_full_flash_telecom_0050,C:\Users\86132\Desktop\SafeDesk\benchmarks\tau2-bench\data\simulations\tau2_full_flash_telecom_0050\results.json,,2026-07-09T22:52:17
tau2_full_flash,telecom,telecom,none,[mms_issue]bad_network_preference|data_mode_off|data_usage_exceeded|unseat_sim_card|user_abroad_roaming_enabled_off[PERSONA:Easy],telecom_0050,50,1,pending,0,tau2_full_flash_telecom_0050,C:\Users\86132\Desktop\SafeDesk\benchmarks\tau2-bench\data\simulations\tau2_full_flash_telecom_0050\results.json,,2026-07-09T22:52:17
tau2_full_flash,telecom,telecom,none,[mms_issue]bad_wifi_calling|data_mode_off|data_usage_exceeded|unseat_sim_card|user_abroad_roaming_enabled_off[PERSONA:Hard],telecom_0050,50,2,pending,0,tau2_full_flash_telecom_0050,C:\Users\86132\Desktop\SafeDesk\benchmarks\tau2-bench\data\simulations\tau2_full_flash_telecom_0050\results.json,,2026-07-09T22:52:17
tau2_full_flash,telecom,telecom,none,[mms_issue]break_apn_mms_setting|data_mode_off|data_usage_exceeded|unseat_sim_card|user_abroad_roaming_enabled_off[PERSONA:None],telecom_0050,50,3,pending,0,tau2_full_flash_telecom_0050,C:\Users\86132\Desktop\SafeDesk\benchmarks\tau2-bench\data\simulations\tau2_full_flash_telecom_0050\results.json,,2026-07-09T22:52:17
tau2_full_flash,telecom,telecom,none,[mms_issue]break_app_sms_permission|data_mode_off|data_usage_exceeded|unseat_sim_card|user_abroad_roaming_enabled_off[PERSONA:Easy],telecom_0050,50,4,pending,0,tau2_full_flash_telecom_0050,C:\Users\86132\Desktop\SafeDesk\benchmarks\tau2-bench\data\simulations\tau2_full_flash_telecom_0050\results.json,,2026-07-09T22:52:17
tau2_full_flash,telecom,telecom,none,[mms_issue]break_app_storage_permission|data_mode_off|data_usage_exceeded|unseat_sim_card|user_abroad_roaming_enabled_off[PERSONA:Hard],telecom_0050,50,5,pending,0,tau2_full_flash_telecom_0050,C:\Users\86132\Desktop\SafeDesk\benchmarks\tau2-bench\data\simulations\tau2_full_flash_telecom_0050\results.json,,2026-07-09T22:52:17
tau2_full_flash,telecom,telecom,none,[mms_issue]break_app_both_permissions|data_mode_off|data_usage_exceeded|unseat_sim_card|user_abroad_roaming_enabled_off[PERSONA:None],telecom_0050,50,6,pending,0,tau2_full_flash_telecom_0050,C:\Users\86132\Desktop\SafeDesk\benchmarks\tau2-bench\data\simulations\tau2_full_flash_telecom_0050\results.json,,2026-07-09T22:52:17
tau2_full_flash,telecom,telecom,none,[mms_issue]bad_network_preference|data_mode_off|data_usage_exceeded|unseat_sim_card|user_abroad_roaming_disabled_on[PERSONA:Easy],telecom_0050,50,7,pending,0,tau2_full_flash_telecom_0050,C:\Users\86132\Desktop\SafeDesk\benchmarks\tau2-bench\data\simulations\tau2_full_flash_telecom_0050\results.json,,2026-07-09T22:52:17
tau2_full_flash,telecom,telecom,none,[mms_issue]bad_wifi_calling|data_mode_off|data_usage_exceeded|unseat_sim_card|user_abroad_roaming_disabled_on[PERSONA:Hard],telecom_0050,50,8,pending,0,tau2_full_flash_telecom_0050,C:\Users\86132\Desktop\SafeDesk\benchmarks\tau2-bench\data\simulations\tau2_full_flash_telecom_0050\results.json,,2026-07-09T22:52:17
tau2_full_flash,telecom,telecom,none,[mms_issue]break_apn_mms_setting|data_mode_off|data_usage_exceeded|unseat_sim_card|user_abroad_roaming_disabled_on[PERSONA:None],telecom_0050,50,9,pending,0,tau2_full_flash_telecom_0050,C:\Users\86132\Desktop\SafeDesk\benchmarks\tau2-bench\data\simulations\tau2_full_flash_telecom_0050\results.json,,2026-07-09T22:52:17
tau2_full_flash,telecom,telecom,none,[mms_issue]break_app_sms_permission|data_mode_off|data_usage_exceeded|unseat_sim_card|user_abroad_roaming_disabled_on[PERSONA:Easy],telecom_0050,50,10,pending,0,tau2_full_flash_telecom_0050,C:\Users\86132\Desktop\SafeDesk\benchmarks\tau2-bench\data\simulations\tau2_full_flash_telecom_0050\results.json,,2026-07-09T22:52:17
tau2_full_flash,telecom,telecom,none,[mms_issue]break_app_storage_permission|data_mode_off|data_usage_exceeded|unseat_sim_card|user_abroad_roaming_disabled_on[PERSONA:Hard],telecom_0050,50,11,pending,0,tau2_full_flash_telecom_0050,C:\Users\86132\Desktop\SafeDesk\benchmarks\tau2-bench\data\simulations\tau2_full_flash_telecom_0050\results.json,,2026-07-09T22:52:17
tau2_full_flash,telecom,telecom,none,[mms_issue]break_app_both_permissions|data_mode_off|data_usage_exceeded|unseat_sim_card|user_abroad_roaming_disabled_on[PERSONA:None],telecom_0050,50,12,pending,0,tau2_full_flash_telecom_0050,C:\Users\86132\Desktop\SafeDesk\benchmarks\tau2-bench\data\simulations\tau2_full_flash_telecom_0050\results.json,,2026-07-09T22:52:17
tau2_full_flash,telecom,telecom,none,[mms_issue]bad_network_preference|data_mode_off|data_usage_exceeded|unseat_sim_card|user_abroad_roaming_disabled_off[PERSONA:Easy],telecom_0050,50,13,pending,0,tau2_full_flash_telecom_0050,C:\Users\86132\Desktop\SafeDesk\benchmarks\tau2-bench\data\simulations\tau2_full_flash_telecom_0050\results.json,,2026-07-09T22:52:17
tau2_full_flash,telecom,telecom,none,[mms_issue]bad_wifi_calling|data_mode_off|data_usage_exceeded|unseat_sim_card|user_abroad_roaming_disabled_off[PERSONA:Hard],telecom_0050,50,14,pending,0,tau2_full_flash_telecom_0050,C:\Users\86132\Desktop\SafeDesk\benchmarks\tau2-bench\data\simulations\tau2_full_flash_telecom_0050\results.json,,2026-07-09T22:52:17
tau2_full_flash,telecom,telecom,none,[mms_issue]break_apn_mms_setting|data_mode_off|data_usage_exceeded|unseat_sim_card|user_abroad_roaming_disabled_off[PERSONA:None],telecom_0050,50,15,pending,0,tau2_full_flash_telecom_0050,C:\Users\86132\Desktop\SafeDesk\benchmarks\tau2-bench\data\simulations\tau2_full_flash_telecom_0050\results.json,,2026-07-09T22:52:17
tau2_full_flash,telecom,telecom,none,[mms_issue]break_app_sms_permission|data_mode_off|data_usage_exceeded|unseat_sim_card|user_abroad_roaming_disabled_off[PERSONA:Easy],telecom_0050,50,16,pending,0,tau2_full_flash_telecom_0050,C:\Users\86132\Desktop\SafeDesk\benchmarks\tau2-bench\data\simulations\tau2_full_flash_telecom_0050\results.json,,2026-07-09T22:52:17
tau2_full_flash,telecom,telecom,none,[mms_issue]break_app_storage_permission|data_mode_off|data_usage_exceeded|unseat_sim_card|user_abroad_roaming_disabled_off[PERSONA:Hard],telecom_0050,50,17,pending,0,tau2_full_flash_telecom_0050,C:\Users\86132\Desktop\SafeDesk\benchmarks\tau2-bench\data\simulations\tau2_full_flash_telecom_0050\results.json,,2026-07-09T22:52:17
tau2_full_flash,telecom,telecom,none,[mms_issue]break_app_both_permissions|data_mode_off|data_usage_exceeded|unseat_sim_card|user_abroad_roaming_disabled_off[PERSONA:None],telecom_0050,50,18,pending,0,tau2_full_flash_telecom_0050,C:\Users\86132\Desktop\SafeDesk\benchmarks\tau2-bench\data\simulations\tau2_full_flash_telecom_0050\results.json,,2026-07-09T22:52:17
tau2_full_flash,telecom,telecom,none,[mms_issue]bad_network_preference|bad_wifi_calling|data_mode_off|data_usage_exceeded|unseat_sim_card[PERSONA:Easy],telecom_0050,50,19,pending,0,tau2_full_flash_telecom_0050,C:\Users\86132\Desktop\SafeDesk\benchmarks\tau2-bench\data\simulations\tau2_full_flash_telecom_0050\results.json,,2026-07-09T22:52:17
tau2_full_flash,telecom,telecom,none,[mms_issue]bad_network_preference|break_apn_mms_setting|data_mode_off|data_usage_exceeded|unseat_sim_card[PERSONA:Hard],telecom_0050,50,20,pending,0,tau2_full_flash_telecom_0050,C:\Users\86132\Desktop\SafeDesk\benchmarks\tau2-bench\data\simulations\tau2_full_flash_telecom_0050\results.json,,2026-07-09T22:52:17
tau2_full_flash,telecom,telecom,none,[mms_issue]bad_network_preference|break_app_sms_permission|data_mode_off|data_usage_exceeded|unseat_sim_card[PERSONA:None],telecom_0050,50,21,pending,0,tau2_full_flash_telecom_0050,C:\Users\86132\Desktop\SafeDesk\benchmarks\tau2-bench\data\simulations\tau2_full_flash_telecom_0050\results.json,,2026-07-09T22:52:17
tau2_full_flash,telecom,telecom,none,[mms_issue]bad_network_preference|break_app_storage_permission|data_mode_off|data_usage_exceeded|unseat_sim_card[PERSONA:Easy],telecom_0050,50,22,pending,0,tau2_full_flash_telecom_0050,C:\Users\86132\Desktop\SafeDesk\benchmarks\tau2-bench\data\simulations\tau2_full_flash_telecom_0050\results.json,,2026-07-09T22:52:17
tau2_full_flash,telecom,telecom,none,[mms_issue]bad_network_preference|break_app_both_permissions|data_mode_off|data_usage_exceeded|unseat_sim_card[PERSONA:Hard],telecom_0050,50,23,pending,0,tau2_full_flash_telecom_0050,C:\Users\86132\Desktop\SafeDesk\benchmarks\tau2-bench\data\simulations\tau2_full_flash_telecom_0050\results.json,,2026-07-09T22:52:17
tau2_full_flash,telecom,telecom,none,[mms_issue]bad_wifi_calling|break_apn_mms_setting|data_mode_off|data_usage_exceeded|unseat_sim_card[PERSONA:None],telecom_0050,50,24,pending,0,tau2_full_flash_telecom_0050,C:\Users\86132\Desktop\SafeDesk\benchmarks\tau2-bench\data\simulations\tau2_full_flash_telecom_0050\results.json,,2026-07-09T22:52:17
tau2_full_flash,telecom,telecom,none,[mms_issue]bad_wifi_calling|break_app_sms_permission|data_mode_off|data_usage_exceeded|unseat_sim_card[PERSONA:Easy],telecom_0051,51,0,pending,0,tau2_full_flash_telecom_0051,C:\Users\86132\Desktop\SafeDesk\benchmarks\tau2-bench\data\simulations\tau2_full_flash_telecom_0051\results.json,,2026-07-09T22:52:17
tau2_full_flash,telecom,telecom,none,[mms_issue]bad_wifi_calling|break_app_storage_permission|data_mode_off|data_usage_exceeded|unseat_sim_card[PERSONA:Hard],telecom_0051,51,1,pending,0,tau2_full_flash_telecom_0051,C:\Users\86132\Desktop\SafeDesk\benchmarks\tau2-bench\data\simulations\tau2_full_flash_telecom_0051\results.json,,2026-07-09T22:52:17
tau2_full_flash,telecom,telecom,none,[mms_issue]bad_wifi_calling|break_app_both_permissions|data_mode_off|data_usage_exceeded|unseat_sim_card[PERSONA:None],telecom_0051,51,2,pending,0,tau2_full_flash_telecom_0051,C:\Users\86132\Desktop\SafeDesk\benchmarks\tau2-bench\data\simulations\tau2_full_flash_telecom_0051\results.json,,2026-07-09T22:52:17
tau2_full_flash,telecom,telecom,none,[mms_issue]break_apn_mms_setting|break_app_sms_permission|data_mode_off|data_usage_exceeded|unseat_sim_card[PERSONA:Easy],telecom_0051,51,3,pending,0,tau2_full_flash_telecom_0051,C:\Users\86132\Desktop\SafeDesk\benchmarks\tau2-bench\data\simulations\tau2_full_flash_telecom_0051\results.json,,2026-07-09T22:52:17
tau2_full_flash,telecom,telecom,none,[mms_issue]break_apn_mms_setting|break_app_storage_permission|data_mode_off|data_usage_exceeded|unseat_sim_card[PERSONA:Hard],telecom_0051,51,4,pending,0,tau2_full_flash_telecom_0051,C:\Users\86132\Desktop\SafeDesk\benchmarks\tau2-bench\data\simulations\tau2_full_flash_telecom_0051\results.json,,2026-07-09T22:52:17
tau2_full_flash,telecom,telecom,none,[mms_issue]break_apn_mms_setting|break_app_both_permissions|data_mode_off|data_usage_exceeded|unseat_sim_card[PERSONA:None],telecom_0051,51,5,pending,0,tau2_full_flash_telecom_0051,C:\Users\86132\Desktop\SafeDesk\benchmarks\tau2-bench\data\simulations\tau2_full_flash_telecom_0051\results.json,,2026-07-09T22:52:17
tau2_full_flash,telecom,telecom,none,[mms_issue]bad_network_preference|bad_wifi_calling|data_mode_off|unseat_sim_card|user_abroad_roaming_enabled_off[PERSONA:Easy],telecom_0051,51,6,pending,0,tau2_full_flash_telecom_0051,C:\Users\86132\Desktop\SafeDesk\benchmarks\tau2-bench\data\simulations\tau2_full_flash_telecom_0051\results.json,,2026-07-09T22:52:17
tau2_full_flash,telecom,telecom,none,[mms_issue]bad_network_preference|break_apn_mms_setting|data_mode_off|unseat_sim_card|user_abroad_roaming_enabled_off[PERSONA:Hard],telecom_0051,51,7,pending,0,tau2_full_flash_telecom_0051,C:\Users\86132\Desktop\SafeDesk\benchmarks\tau2-bench\data\simulations\tau2_full_flash_telecom_0051\results.json,,2026-07-09T22:52:17
tau2_full_flash,telecom,telecom,none,[mms_issue]bad_network_preference|break_app_sms_permission|data_mode_off|unseat_sim_card|user_abroad_roaming_enabled_off[PERSONA:None],telecom_0051,51,8,pending,0,tau2_full_flash_telecom_0051,C:\Users\86132\Desktop\SafeDesk\benchmarks\tau2-bench\data\simulations\tau2_full_flash_telecom_0051\results.json,,2026-07-09T22:52:17
tau2_full_flash,telecom,telecom,none,[mms_issue]bad_network_preference|break_app_storage_permission|data_mode_off|unseat_sim_card|user_abroad_roaming_enabled_off[PERSONA:Easy],telecom_0051,51,9,pending,0,tau2_full_flash_telecom_0051,C:\Users\86132\Desktop\SafeDesk\benchmarks\tau2-bench\data\simulations\tau2_full_flash_telecom_0051\results.json,,2026-07-09T22:52:17
tau2_full_flash,telecom,telecom,none,[mms_issue]bad_network_preference|break_app_both_permissions|data_mode_off|unseat_sim_card|user_abroad_roaming_enabled_off[PERSONA:Hard],telecom_0051,51,10,pending,0,tau2_full_flash_telecom_0051,C:\Users\86132\Desktop\SafeDesk\benchmarks\tau2-bench\data\simulations\tau2_full_flash_telecom_0051\results.json,,2026-07-09T22:52:17
tau2_full_flash,telecom,telecom,none,[mms_issue]bad_wifi_calling|break_apn_mms_setting|data_mode_off|unseat_sim_card|user_abroad_roaming_enabled_off[PERSONA:None],telecom_0051,51,11,pending,0,tau2_full_flash_telecom_0051,C:\Users\86132\Desktop\SafeDesk\benchmarks\tau2-bench\data\simulations\tau2_full_flash_telecom_0051\results.json,,2026-07-09T22:52:17
tau2_full_flash,telecom,telecom,none,[mms_issue]bad_wifi_calling|break_app_sms_permission|data_mode_off|unseat_sim_card|user_abroad_roaming_enabled_off[PERSONA:Easy],telecom_0051,51,12,pending,0,tau2_full_flash_telecom_0051,C:\Users\86132\Desktop\SafeDesk\benchmarks\tau2-bench\data\simulations\tau2_full_flash_telecom_0051\results.json,,2026-07-09T22:52:17
tau2_full_flash,telecom,telecom,none,[mms_issue]bad_wifi_calling|break_app_storage_permission|data_mode_off|unseat_sim_card|user_abroad_roaming_enabled_off[PERSONA:Hard],telecom_0051,51,13,pending,0,tau2_full_flash_telecom_0051,C:\Users\86132\Desktop\SafeDesk\benchmarks\tau2-bench\data\simulations\tau2_full_flash_telecom_0051\results.json,,2026-07-09T22:52:17
tau2_full_flash,telecom,telecom,none,[mms_issue]bad_wifi_calling|break_app_both_permissions|data_mode_off|unseat_sim_card|user_abroad_roaming_enabled_off[PERSONA:None],telecom_0051,51,14,pending,0,tau2_full_flash_telecom_0051,C:\Users\86132\Desktop\SafeDesk\benchmarks\tau2-bench\data\simulations\tau2_full_flash_telecom_0051\results.json,,2026-07-09T22:52:17
tau2_full_flash,telecom,telecom,none,[mms_issue]break_apn_mms_setting|break_app_sms_permission|data_mode_off|unseat_sim_card|user_abroad_roaming_enabled_off[PERSONA:Easy],telecom_0051,51,15,pending,0,tau2_full_flash_telecom_0051,C:\Users\86132\Desktop\SafeDesk\benchmarks\tau2-bench\data\simulations\tau2_full_flash_telecom_0051\results.json,,2026-07-09T22:52:17
tau2_full_flash,telecom,telecom,none,[mms_issue]break_apn_mms_setting|break_app_storage_permission|data_mode_off|unseat_sim_card|user_abroad_roaming_enabled_off[PERSONA:Hard],telecom_0051,51,16,pending,0,tau2_full_flash_telecom_0051,C:\Users\86132\Desktop\SafeDesk\benchmarks\tau2-bench\data\simulations\tau2_full_flash_telecom_0051\results.json,,2026-07-09T22:52:17
tau2_full_flash,telecom,telecom,none,[mms_issue]break_apn_mms_setting|break_app_both_permissions|data_mode_off|unseat_sim_card|user_abroad_roaming_enabled_off[PERSONA:None],telecom_0051,51,17,pending,0,tau2_full_flash_telecom_0051,C:\Users\86132\Desktop\SafeDesk\benchmarks\tau2-bench\data\simulations\tau2_full_flash_telecom_0051\results.json,,2026-07-09T22:52:17
tau2_full_flash,telecom,telecom,none,[mms_issue]bad_network_preference|bad_wifi_calling|data_mode_off|unseat_sim_card|user_abroad_roaming_disabled_on[PERSONA:Easy],telecom_0051,51,18,pending,0,tau2_full_flash_telecom_0051,C:\Users\86132\Desktop\SafeDesk\benchmarks\tau2-bench\data\simulations\tau2_full_flash_telecom_0051\results.json,,2026-07-09T22:52:17
tau2_full_flash,telecom,telecom,none,[mms_issue]bad_network_preference|break_apn_mms_setting|data_mode_off|unseat_sim_card|user_abroad_roaming_disabled_on[PERSONA:Hard],telecom_0051,51,19,pending,0,tau2_full_flash_telecom_0051,C:\Users\86132\Desktop\SafeDesk\benchmarks\tau2-bench\data\simulations\tau2_full_flash_telecom_0051\results.json,,2026-07-09T22:52:17
tau2_full_flash,telecom,telecom,none,[mms_issue]bad_network_preference|break_app_sms_permission|data_mode_off|unseat_sim_card|user_abroad_roaming_disabled_on[PERSONA:None],telecom_0051,51,20,pending,0,tau2_full_flash_telecom_0051,C:\Users\86132\Desktop\SafeDesk\benchmarks\tau2-bench\data\simulations\tau2_full_flash_telecom_0051\results.json,,2026-07-09T22:52:17
tau2_full_flash,telecom,telecom,none,[mms_issue]bad_network_preference|break_app_storage_permission|data_mode_off|unseat_sim_card|user_abroad_roaming_disabled_on[PERSONA:Easy],telecom_0051,51,21,pending,0,tau2_full_flash_telecom_0051,C:\Users\86132\Desktop\SafeDesk\benchmarks\tau2-bench\data\simulations\tau2_full_flash_telecom_0051\results.json,,2026-07-09T22:52:17
tau2_full_flash,telecom,telecom,none,[mms_issue]bad_network_preference|break_app_both_permissions|data_mode_off|unseat_sim_card|user_abroad_roaming_disabled_on[PERSONA:Hard],telecom_0051,51,22,pending,0,tau2_full_flash_telecom_0051,C:\Users\86132\Desktop\SafeDesk\benchmarks\tau2-bench\data\simulations\tau2_full_flash_telecom_0051\results.json,,2026-07-09T22:52:17
tau2_full_flash,telecom,telecom,none,[mms_issue]bad_wifi_calling|break_apn_mms_setting|data_mode_off|unseat_sim_card|user_abroad_roaming_disabled_on[PERSONA:None],telecom_0051,51,23,pending,0,tau2_full_flash_telecom_0051,C:\Users\86132\Desktop\SafeDesk\benchmarks\tau2-bench\data\simulations\tau2_full_flash_telecom_0051\results.json,,2026-07-09T22:52:17
tau2_full_flash,telecom,telecom,none,[mms_issue]bad_wifi_calling|break_app_sms_permission|data_mode_off|unseat_sim_card|user_abroad_roaming_disabled_on[PERSONA:Easy],telecom_0051,51,24,pending,0,tau2_full_flash_telecom_0051,C:\Users\86132\Desktop\SafeDesk\benchmarks\tau2-bench\data\simulations\tau2_full_flash_telecom_0051\results.json,,2026-07-09T22:52:17
tau2_full_flash,telecom,telecom,none,[mms_issue]bad_wifi_calling|break_app_storage_permission|data_mode_off|unseat_sim_card|user_abroad_roaming_disabled_on[PERSONA:Hard],telecom_0052,52,0,pending,0,tau2_full_flash_telecom_0052,C:\Users\86132\Desktop\SafeDesk\benchmarks\tau2-bench\data\simulations\tau2_full_flash_telecom_0052\results.json,,2026-07-09T22:52:17
tau2_full_flash,telecom,telecom,none,[mms_issue]bad_wifi_calling|break_app_both_permissions|data_mode_off|unseat_sim_card|user_abroad_roaming_disabled_on[PERSONA:None],telecom_0052,52,1,pending,0,tau2_full_flash_telecom_0052,C:\Users\86132\Desktop\SafeDesk\benchmarks\tau2-bench\data\simulations\tau2_full_flash_telecom_0052\results.json,,2026-07-09T22:52:17
tau2_full_flash,telecom,telecom,none,[mms_issue]break_apn_mms_setting|break_app_sms_permission|data_mode_off|unseat_sim_card|user_abroad_roaming_disabled_on[PERSONA:Easy],telecom_0052,52,2,pending,0,tau2_full_flash_telecom_0052,C:\Users\86132\Desktop\SafeDesk\benchmarks\tau2-bench\data\simulations\tau2_full_flash_telecom_0052\results.json,,2026-07-09T22:52:17
tau2_full_flash,telecom,telecom,none,[mms_issue]break_apn_mms_setting|break_app_storage_permission|data_mode_off|unseat_sim_card|user_abroad_roaming_disabled_on[PERSONA:Hard],telecom_0052,52,3,pending,0,tau2_full_flash_telecom_0052,C:\Users\86132\Desktop\SafeDesk\benchmarks\tau2-bench\data\simulations\tau2_full_flash_telecom_0052\results.json,,2026-07-09T22:52:17
tau2_full_flash,telecom,telecom,none,[mms_issue]break_apn_mms_setting|break_app_both_permissions|data_mode_off|unseat_sim_card|user_abroad_roaming_disabled_on[PERSONA:None],telecom_0052,52,4,pending,0,tau2_full_flash_telecom_0052,C:\Users\86132\Desktop\SafeDesk\benchmarks\tau2-bench\data\simulations\tau2_full_flash_telecom_0052\results.json,,2026-07-09T22:52:17
tau2_full_flash,telecom,telecom,none,[mms_issue]bad_network_preference|bad_wifi_calling|data_mode_off|unseat_sim_card|user_abroad_roaming_disabled_off[PERSONA:Easy],telecom_0052,52,5,pending,0,tau2_full_flash_telecom_0052,C:\Users\86132\Desktop\SafeDesk\benchmarks\tau2-bench\data\simulations\tau2_full_flash_telecom_0052\results.json,,2026-07-09T22:52:17
tau2_full_flash,telecom,telecom,none,[mms_issue]bad_network_preference|break_apn_mms_setting|data_mode_off|unseat_sim_card|user_abroad_roaming_disabled_off[PERSONA:Hard],telecom_0052,52,6,pending,0,tau2_full_flash_telecom_0052,C:\Users\86132\Desktop\SafeDesk\benchmarks\tau2-bench\data\simulations\tau2_full_flash_telecom_0052\results.json,,2026-07-09T22:52:17
tau2_full_flash,telecom,telecom,none,[mms_issue]bad_network_preference|break_app_sms_permission|data_mode_off|unseat_sim_card|user_abroad_roaming_disabled_off[PERSONA:None],telecom_0052,52,7,pending,0,tau2_full_flash_telecom_0052,C:\Users\86132\Desktop\SafeDesk\benchmarks\tau2-bench\data\simulations\tau2_full_flash_telecom_0052\results.json,,2026-07-09T22:52:17
tau2_full_flash,telecom,telecom,none,[mms_issue]bad_network_preference|break_app_storage_permission|data_mode_off|unseat_sim_card|user_abroad_roaming_disabled_off[PERSONA:Easy],telecom_0052,52,8,pending,0,tau2_full_flash_telecom_0052,C:\Users\86132\Desktop\SafeDesk\benchmarks\tau2-bench\data\simulations\tau2_full_flash_telecom_0052\results.json,,2026-07-09T22:52:17
tau2_full_flash,telecom,telecom,none,[mms_issue]bad_network_preference|break_app_both_permissions|data_mode_off|unseat_sim_card|user_abroad_roaming_disabled_off[PERSONA:Hard],telecom_0052,52,9,pending,0,tau2_full_flash_telecom_0052,C:\Users\86132\Desktop\SafeDesk\benchmarks\tau2-bench\data\simulations\tau2_full_flash_telecom_0052\results.json,,2026-07-09T22:52:17
tau2_full_flash,telecom,telecom,none,[mms_issue]bad_wifi_calling|break_apn_mms_setting|data_mode_off|unseat_sim_card|user_abroad_roaming_disabled_off[PERSONA:None],telecom_0052,52,10,pending,0,tau2_full_flash_telecom_0052,C:\Users\86132\Desktop\SafeDesk\benchmarks\tau2-bench\data\simulations\tau2_full_flash_telecom_0052\results.json,,2026-07-09T22:52:17
tau2_full_flash,telecom,telecom,none,[mms_issue]bad_wifi_calling|break_app_sms_permission|data_mode_off|unseat_sim_card|user_abroad_roaming_disabled_off[PERSONA:Easy],telecom_0052,52,11,pending,0,tau2_full_flash_telecom_0052,C:\Users\86132\Desktop\SafeDesk\benchmarks\tau2-bench\data\simulations\tau2_full_flash_telecom_0052\results.json,,2026-07-09T22:52:17
tau2_full_flash,telecom,telecom,none,[mms_issue]bad_wifi_calling|break_app_storage_permission|data_mode_off|unseat_sim_card|user_abroad_roaming_disabled_off[PERSONA:Hard],telecom_0052,52,12,pending,0,tau2_full_flash_telecom_0052,C:\Users\86132\Desktop\SafeDesk\benchmarks\tau2-bench\data\simulations\tau2_full_flash_telecom_0052\results.json,,2026-07-09T22:52:17
tau2_full_flash,telecom,telecom,none,[mms_issue]bad_wifi_calling|break_app_both_permissions|data_mode_off|unseat_sim_card|user_abroad_roaming_disabled_off[PERSONA:None],telecom_0052,52,13,pending,0,tau2_full_flash_telecom_0052,C:\Users\86132\Desktop\SafeDesk\benchmarks\tau2-bench\data\simulations\tau2_full_flash_telecom_0052\results.json,,2026-07-09T22:52:17
tau2_full_flash,telecom,telecom,none,[mms_issue]break_apn_mms_setting|break_app_sms_permission|data_mode_off|unseat_sim_card|user_abroad_roaming_disabled_off[PERSONA:Easy],telecom_0052,52,14,pending,0,tau2_full_flash_telecom_0052,C:\Users\86132\Desktop\SafeDesk\benchmarks\tau2-bench\data\simulations\tau2_full_flash_telecom_0052\results.json,,2026-07-09T22:52:17
tau2_full_flash,telecom,telecom,none,[mms_issue]break_apn_mms_setting|break_app_storage_permission|data_mode_off|unseat_sim_card|user_abroad_roaming_disabled_off[PERSONA:Hard],telecom_0052,52,15,pending,0,tau2_full_flash_telecom_0052,C:\Users\86132\Desktop\SafeDesk\benchmarks\tau2-bench\data\simulations\tau2_full_flash_telecom_0052\results.json,,2026-07-09T22:52:17
tau2_full_flash,telecom,telecom,none,[mms_issue]break_apn_mms_setting|break_app_both_permissions|data_mode_off|unseat_sim_card|user_abroad_roaming_disabled_off[PERSONA:None],telecom_0052,52,16,pending,0,tau2_full_flash_telecom_0052,C:\Users\86132\Desktop\SafeDesk\benchmarks\tau2-bench\data\simulations\tau2_full_flash_telecom_0052\results.json,,2026-07-09T22:52:17
tau2_full_flash,telecom,telecom,none,[mms_issue]bad_network_preference|bad_wifi_calling|break_apn_mms_setting|data_mode_off|unseat_sim_card[PERSONA:Easy],telecom_0052,52,17,pending,0,tau2_full_flash_telecom_0052,C:\Users\86132\Desktop\SafeDesk\benchmarks\tau2-bench\data\simulations\tau2_full_flash_telecom_0052\results.json,,2026-07-09T22:52:17
tau2_full_flash,telecom,telecom,none,[mms_issue]bad_network_preference|bad_wifi_calling|break_app_sms_permission|data_mode_off|unseat_sim_card[PERSONA:Hard],telecom_0052,52,18,pending,0,tau2_full_flash_telecom_0052,C:\Users\86132\Desktop\SafeDesk\benchmarks\tau2-bench\data\simulations\tau2_full_flash_telecom_0052\results.json,,2026-07-09T22:52:17
tau2_full_flash,telecom,telecom,none,[mms_issue]bad_network_preference|bad_wifi_calling|break_app_storage_permission|data_mode_off|unseat_sim_card[PERSONA:None],telecom_0052,52,19,pending,0,tau2_full_flash_telecom_0052,C:\Users\86132\Desktop\SafeDesk\benchmarks\tau2-bench\data\simulations\tau2_full_flash_telecom_0052\results.json,,2026-07-09T22:52:17
tau2_full_flash,telecom,telecom,none,[mms_issue]bad_network_preference|bad_wifi_calling|break_app_both_permissions|data_mode_off|unseat_sim_card[PERSONA:Easy],telecom_0052,52,20,pending,0,tau2_full_flash_telecom_0052,C:\Users\86132\Desktop\SafeDesk\benchmarks\tau2-bench\data\simulations\tau2_full_flash_telecom_0052\results.json,,2026-07-09T22:52:17
tau2_full_flash,telecom,telecom,none,[mms_issue]bad_network_preference|break_apn_mms_setting|break_app_sms_permission|data_mode_off|unseat_sim_card[PERSONA:Hard],telecom_0052,52,21,pending,0,tau2_full_flash_telecom_0052,C:\Users\86132\Desktop\SafeDesk\benchmarks\tau2-bench\data\simulations\tau2_full_flash_telecom_0052\results.json,,2026-07-09T22:52:17
tau2_full_flash,telecom,telecom,none,[mms_issue]bad_network_preference|break_apn_mms_setting|break_app_storage_permission|data_mode_off|unseat_sim_card[PERSONA:None],telecom_0052,52,22,pending,0,tau2_full_flash_telecom_0052,C:\Users\86132\Desktop\SafeDesk\benchmarks\tau2-bench\data\simulations\tau2_full_flash_telecom_0052\results.json,,2026-07-09T22:52:17
tau2_full_flash,telecom,telecom,none,[mms_issue]bad_network_preference|break_apn_mms_setting|break_app_both_permissions|data_mode_off|unseat_sim_card[PERSONA:Easy],telecom_0052,52,23,pending,0,tau2_full_flash_telecom_0052,C:\Users\86132\Desktop\SafeDesk\benchmarks\tau2-bench\data\simulations\tau2_full_flash_telecom_0052\results.json,,2026-07-09T22:52:17
tau2_full_flash,telecom,telecom,none,[mms_issue]bad_wifi_calling|break_apn_mms_setting|break_app_sms_permission|data_mode_off|unseat_sim_card[PERSONA:Hard],telecom_0052,52,24,pending,0,tau2_full_flash_telecom_0052,C:\Users\86132\Desktop\SafeDesk\benchmarks\tau2-bench\data\simulations\tau2_full_flash_telecom_0052\results.json,,2026-07-09T22:52:17
tau2_full_flash,telecom,telecom,none,[mms_issue]bad_wifi_calling|break_apn_mms_setting|break_app_storage_permission|data_mode_off|unseat_sim_card[PERSONA:None],telecom_0053,53,0,pending,0,tau2_full_flash_telecom_0053,C:\Users\86132\Desktop\SafeDesk\benchmarks\tau2-bench\data\simulations\tau2_full_flash_telecom_0053\results.json,,2026-07-09T22:52:17
tau2_full_flash,telecom,telecom,none,[mms_issue]bad_wifi_calling|break_apn_mms_setting|break_app_both_permissions|data_mode_off|unseat_sim_card[PERSONA:Easy],telecom_0053,53,1,pending,0,tau2_full_flash_telecom_0053,C:\Users\86132\Desktop\SafeDesk\benchmarks\tau2-bench\data\simulations\tau2_full_flash_telecom_0053\results.json,,2026-07-09T22:52:17
tau2_full_flash,telecom,telecom,none,[mms_issue]bad_network_preference|bad_wifi_calling|data_usage_exceeded|unseat_sim_card|user_abroad_roaming_enabled_off[PERSONA:Hard],telecom_0053,53,2,pending,0,tau2_full_flash_telecom_0053,C:\Users\86132\Desktop\SafeDesk\benchmarks\tau2-bench\data\simulations\tau2_full_flash_telecom_0053\results.json,,2026-07-09T22:52:17
tau2_full_flash,telecom,telecom,none,[mms_issue]bad_network_preference|break_apn_mms_setting|data_usage_exceeded|unseat_sim_card|user_abroad_roaming_enabled_off[PERSONA:None],telecom_0053,53,3,pending,0,tau2_full_flash_telecom_0053,C:\Users\86132\Desktop\SafeDesk\benchmarks\tau2-bench\data\simulations\tau2_full_flash_telecom_0053\results.json,,2026-07-09T22:52:17
tau2_full_flash,telecom,telecom,none,[mms_issue]bad_network_preference|break_app_sms_permission|data_usage_exceeded|unseat_sim_card|user_abroad_roaming_enabled_off[PERSONA:Easy],telecom_0053,53,4,pending,0,tau2_full_flash_telecom_0053,C:\Users\86132\Desktop\SafeDesk\benchmarks\tau2-bench\data\simulations\tau2_full_flash_telecom_0053\results.json,,2026-07-09T22:52:17
tau2_full_flash,telecom,telecom,none,[mms_issue]bad_network_preference|break_app_storage_permission|data_usage_exceeded|unseat_sim_card|user_abroad_roaming_enabled_off[PERSONA:Hard],telecom_0053,53,5,pending,0,tau2_full_flash_telecom_0053,C:\Users\86132\Desktop\SafeDesk\benchmarks\tau2-bench\data\simulations\tau2_full_flash_telecom_0053\results.json,,2026-07-09T22:52:17
tau2_full_flash,telecom,telecom,none,[mms_issue]bad_network_preference|break_app_both_permissions|data_usage_exceeded|unseat_sim_card|user_abroad_roaming_enabled_off[PERSONA:None],telecom_0053,53,6,pending,0,tau2_full_flash_telecom_0053,C:\Users\86132\Desktop\SafeDesk\benchmarks\tau2-bench\data\simulations\tau2_full_flash_telecom_0053\results.json,,2026-07-09T22:52:17
tau2_full_flash,telecom,telecom,none,[mms_issue]bad_wifi_calling|break_apn_mms_setting|data_usage_exceeded|unseat_sim_card|user_abroad_roaming_enabled_off[PERSONA:Easy],telecom_0053,53,7,pending,0,tau2_full_flash_telecom_0053,C:\Users\86132\Desktop\SafeDesk\benchmarks\tau2-bench\data\simulations\tau2_full_flash_telecom_0053\results.json,,2026-07-09T22:52:17
tau2_full_flash,telecom,telecom,none,[mms_issue]bad_wifi_calling|break_app_sms_permission|data_usage_exceeded|unseat_sim_card|user_abroad_roaming_enabled_off[PERSONA:Hard],telecom_0053,53,8,pending,0,tau2_full_flash_telecom_0053,C:\Users\86132\Desktop\SafeDesk\benchmarks\tau2-bench\data\simulations\tau2_full_flash_telecom_0053\results.json,,2026-07-09T22:52:17
tau2_full_flash,telecom,telecom,none,[mms_issue]bad_wifi_calling|break_app_storage_permission|data_usage_exceeded|unseat_sim_card|user_abroad_roaming_enabled_off[PERSONA:None],telecom_0053,53,9,pending,0,tau2_full_flash_telecom_0053,C:\Users\86132\Desktop\SafeDesk\benchmarks\tau2-bench\data\simulations\tau2_full_flash_telecom_0053\results.json,,2026-07-09T22:52:17
tau2_full_flash,telecom,telecom,none,[mms_issue]bad_wifi_calling|break_app_both_permissions|data_usage_exceeded|unseat_sim_card|user_abroad_roaming_enabled_off[PERSONA:Easy],telecom_0053,53,10,pending,0,tau2_full_flash_telecom_0053,C:\Users\86132\Desktop\SafeDesk\benchmarks\tau2-bench\data\simulations\tau2_full_flash_telecom_0053\results.json,,2026-07-09T22:52:17
tau2_full_flash,telecom,telecom,none,[mms_issue]break_apn_mms_setting|break_app_sms_permission|data_usage_exceeded|unseat_sim_card|user_abroad_roaming_enabled_off[PERSONA:Hard],telecom_0053,53,11,pending,0,tau2_full_flash_telecom_0053,C:\Users\86132\Desktop\SafeDesk\benchmarks\tau2-bench\data\simulations\tau2_full_flash_telecom_0053\results.json,,2026-07-09T22:52:17
tau2_full_flash,telecom,telecom,none,[mms_issue]break_apn_mms_setting|break_app_storage_permission|data_usage_exceeded|unseat_sim_card|user_abroad_roaming_enabled_off[PERSONA:None],telecom_0053,53,12,pending,0,tau2_full_flash_telecom_0053,C:\Users\86132\Desktop\SafeDesk\benchmarks\tau2-bench\data\simulations\tau2_full_flash_telecom_0053\results.json,,2026-07-09T22:52:17
tau2_full_flash,telecom,telecom,none,[mms_issue]break_apn_mms_setting|break_app_both_permissions|data_usage_exceeded|unseat_sim_card|user_abroad_roaming_enabled_off[PERSONA:Easy],telecom_0053,53,13,pending,0,tau2_full_flash_telecom_0053,C:\Users\86132\Desktop\SafeDesk\benchmarks\tau2-bench\data\simulations\tau2_full_flash_telecom_0053\results.json,,2026-07-09T22:52:17
tau2_full_flash,telecom,telecom,none,[mms_issue]bad_network_preference|bad_wifi_calling|data_usage_exceeded|unseat_sim_card|user_abroad_roaming_disabled_on[PERSONA:Hard],telecom_0053,53,14,pending,0,tau2_full_flash_telecom_0053,C:\Users\86132\Desktop\SafeDesk\benchmarks\tau2-bench\data\simulations\tau2_full_flash_telecom_0053\results.json,,2026-07-09T22:52:17
tau2_full_flash,telecom,telecom,none,[mms_issue]bad_network_preference|break_apn_mms_setting|data_usage_exceeded|unseat_sim_card|user_abroad_roaming_disabled_on[PERSONA:None],telecom_0053,53,15,pending,0,tau2_full_flash_telecom_0053,C:\Users\86132\Desktop\SafeDesk\benchmarks\tau2-bench\data\simulations\tau2_full_flash_telecom_0053\results.json,,2026-07-09T22:52:17
tau2_full_flash,telecom,telecom,none,[mms_issue]bad_network_preference|break_app_sms_permission|data_usage_exceeded|unseat_sim_card|user_abroad_roaming_disabled_on[PERSONA:Easy],telecom_0053,53,16,pending,0,tau2_full_flash_telecom_0053,C:\Users\86132\Desktop\SafeDesk\benchmarks\tau2-bench\data\simulations\tau2_full_flash_telecom_0053\results.json,,2026-07-09T22:52:17
tau2_full_flash,telecom,telecom,none,[mms_issue]bad_network_preference|break_app_storage_permission|data_usage_exceeded|unseat_sim_card|user_abroad_roaming_disabled_on[PERSONA:Hard],telecom_0053,53,17,pending,0,tau2_full_flash_telecom_0053,C:\Users\86132\Desktop\SafeDesk\benchmarks\tau2-bench\data\simulations\tau2_full_flash_telecom_0053\results.json,,2026-07-09T22:52:17
tau2_full_flash,telecom,telecom,none,[mms_issue]bad_network_preference|break_app_both_permissions|data_usage_exceeded|unseat_sim_card|user_abroad_roaming_disabled_on[PERSONA:None],telecom_0053,53,18,pending,0,tau2_full_flash_telecom_0053,C:\Users\86132\Desktop\SafeDesk\benchmarks\tau2-bench\data\simulations\tau2_full_flash_telecom_0053\results.json,,2026-07-09T22:52:17
tau2_full_flash,telecom,telecom,none,[mms_issue]bad_wifi_calling|break_apn_mms_setting|data_usage_exceeded|unseat_sim_card|user_abroad_roaming_disabled_on[PERSONA:Easy],telecom_0053,53,19,pending,0,tau2_full_flash_telecom_0053,C:\Users\86132\Desktop\SafeDesk\benchmarks\tau2-bench\data\simulations\tau2_full_flash_telecom_0053\results.json,,2026-07-09T22:52:17
tau2_full_flash,telecom,telecom,none,[mms_issue]bad_wifi_calling|break_app_sms_permission|data_usage_exceeded|unseat_sim_card|user_abroad_roaming_disabled_on[PERSONA:Hard],telecom_0053,53,20,pending,0,tau2_full_flash_telecom_0053,C:\Users\86132\Desktop\SafeDesk\benchmarks\tau2-bench\data\simulations\tau2_full_flash_telecom_0053\results.json,,2026-07-09T22:52:17
tau2_full_flash,telecom,telecom,none,[mms_issue]bad_wifi_calling|break_app_storage_permission|data_usage_exceeded|unseat_sim_card|user_abroad_roaming_disabled_on[PERSONA:None],telecom_0053,53,21,pending,0,tau2_full_flash_telecom_0053,C:\Users\86132\Desktop\SafeDesk\benchmarks\tau2-bench\data\simulations\tau2_full_flash_telecom_0053\results.json,,2026-07-09T22:52:17
tau2_full_flash,telecom,telecom,none,[mms_issue]bad_wifi_calling|break_app_both_permissions|data_usage_exceeded|unseat_sim_card|user_abroad_roaming_disabled_on[PERSONA:Easy],telecom_0053,53,22,pending,0,tau2_full_flash_telecom_0053,C:\Users\86132\Desktop\SafeDesk\benchmarks\tau2-bench\data\simulations\tau2_full_flash_telecom_0053\results.json,,2026-07-09T22:52:17
tau2_full_flash,telecom,telecom,none,[mms_issue]break_apn_mms_setting|break_app_sms_permission|data_usage_exceeded|unseat_sim_card|user_abroad_roaming_disabled_on[PERSONA:Hard],telecom_0053,53,23,pending,0,tau2_full_flash_telecom_0053,C:\Users\86132\Desktop\SafeDesk\benchmarks\tau2-bench\data\simulations\tau2_full_flash_telecom_0053\results.json,,2026-07-09T22:52:17
tau2_full_flash,telecom,telecom,none,[mms_issue]break_apn_mms_setting|break_app_storage_permission|data_usage_exceeded|unseat_sim_card|user_abroad_roaming_disabled_on[PERSONA:None],telecom_0053,53,24,pending,0,tau2_full_flash_telecom_0053,C:\Users\86132\Desktop\SafeDesk\benchmarks\tau2-bench\data\simulations\tau2_full_flash_telecom_0053\results.json,,2026-07-09T22:52:17
tau2_full_flash,telecom,telecom,none,[mms_issue]break_apn_mms_setting|break_app_both_permissions|data_usage_exceeded|unseat_sim_card|user_abroad_roaming_disabled_on[PERSONA:Easy],telecom_0054,54,0,pending,0,tau2_full_flash_telecom_0054,C:\Users\86132\Desktop\SafeDesk\benchmarks\tau2-bench\data\simulations\tau2_full_flash_telecom_0054\results.json,,2026-07-09T22:52:17
tau2_full_flash,telecom,telecom,none,[mms_issue]bad_network_preference|bad_wifi_calling|data_usage_exceeded|unseat_sim_card|user_abroad_roaming_disabled_off[PERSONA:Hard],telecom_0054,54,1,pending,0,tau2_full_flash_telecom_0054,C:\Users\86132\Desktop\SafeDesk\benchmarks\tau2-bench\data\simulations\tau2_full_flash_telecom_0054\results.json,,2026-07-09T22:52:17
tau2_full_flash,telecom,telecom,none,[mms_issue]bad_network_preference|break_apn_mms_setting|data_usage_exceeded|unseat_sim_card|user_abroad_roaming_disabled_off[PERSONA:None],telecom_0054,54,2,pending,0,tau2_full_flash_telecom_0054,C:\Users\86132\Desktop\SafeDesk\benchmarks\tau2-bench\data\simulations\tau2_full_flash_telecom_0054\results.json,,2026-07-09T22:52:17
tau2_full_flash,telecom,telecom,none,[mms_issue]bad_network_preference|break_app_sms_permission|data_usage_exceeded|unseat_sim_card|user_abroad_roaming_disabled_off[PERSONA:Easy],telecom_0054,54,3,pending,0,tau2_full_flash_telecom_0054,C:\Users\86132\Desktop\SafeDesk\benchmarks\tau2-bench\data\simulations\tau2_full_flash_telecom_0054\results.json,,2026-07-09T22:52:17
tau2_full_flash,telecom,telecom,none,[mms_issue]bad_network_preference|break_app_storage_permission|data_usage_exceeded|unseat_sim_card|user_abroad_roaming_disabled_off[PERSONA:Hard],telecom_0054,54,4,pending,0,tau2_full_flash_telecom_0054,C:\Users\86132\Desktop\SafeDesk\benchmarks\tau2-bench\data\simulations\tau2_full_flash_telecom_0054\results.json,,2026-07-09T22:52:17
tau2_full_flash,telecom,telecom,none,[mms_issue]bad_network_preference|break_app_both_permissions|data_usage_exceeded|unseat_sim_card|user_abroad_roaming_disabled_off[PERSONA:None],telecom_0054,54,5,pending,0,tau2_full_flash_telecom_0054,C:\Users\86132\Desktop\SafeDesk\benchmarks\tau2-bench\data\simulations\tau2_full_flash_telecom_0054\results.json,,2026-07-09T22:52:17
tau2_full_flash,telecom,telecom,none,[mms_issue]bad_wifi_calling|break_apn_mms_setting|data_usage_exceeded|unseat_sim_card|user_abroad_roaming_disabled_off[PERSONA:Easy],telecom_0054,54,6,pending,0,tau2_full_flash_telecom_0054,C:\Users\86132\Desktop\SafeDesk\benchmarks\tau2-bench\data\simulations\tau2_full_flash_telecom_0054\results.json,,2026-07-09T22:52:17
tau2_full_flash,telecom,telecom,none,[mms_issue]bad_wifi_calling|break_app_sms_permission|data_usage_exceeded|unseat_sim_card|user_abroad_roaming_disabled_off[PERSONA:Hard],telecom_0054,54,7,pending,0,tau2_full_flash_telecom_0054,C:\Users\86132\Desktop\SafeDesk\benchmarks\tau2-bench\data\simulations\tau2_full_flash_telecom_0054\results.json,,2026-07-09T22:52:17
tau2_full_flash,telecom,telecom,none,[mms_issue]bad_wifi_calling|break_app_storage_permission|data_usage_exceeded|unseat_sim_card|user_abroad_roaming_disabled_off[PERSONA:None],telecom_0054,54,8,pending,0,tau2_full_flash_telecom_0054,C:\Users\86132\Desktop\SafeDesk\benchmarks\tau2-bench\data\simulations\tau2_full_flash_telecom_0054\results.json,,2026-07-09T22:52:17
tau2_full_flash,telecom,telecom,none,[mms_issue]bad_wifi_calling|break_app_both_permissions|data_usage_exceeded|unseat_sim_card|user_abroad_roaming_disabled_off[PERSONA:Easy],telecom_0054,54,9,pending,0,tau2_full_flash_telecom_0054,C:\Users\86132\Desktop\SafeDesk\benchmarks\tau2-bench\data\simulations\tau2_full_flash_telecom_0054\results.json,,2026-07-09T22:52:17
tau2_full_flash,telecom,telecom,none,[mms_issue]break_apn_mms_setting|break_app_sms_permission|data_usage_exceeded|unseat_sim_card|user_abroad_roaming_disabled_off[PERSONA:Hard],telecom_0054,54,10,pending,0,tau2_full_flash_telecom_0054,C:\Users\86132\Desktop\SafeDesk\benchmarks\tau2-bench\data\simulations\tau2_full_flash_telecom_0054\results.json,,2026-07-09T22:52:17
tau2_full_flash,telecom,telecom,none,[mms_issue]break_apn_mms_setting|break_app_storage_permission|data_usage_exceeded|unseat_sim_card|user_abroad_roaming_disabled_off[PERSONA:None],telecom_0054,54,11,pending,0,tau2_full_flash_telecom_0054,C:\Users\86132\Desktop\SafeDesk\benchmarks\tau2-bench\data\simulations\tau2_full_flash_telecom_0054\results.json,,2026-07-09T22:52:17
tau2_full_flash,telecom,telecom,none,[mms_issue]break_apn_mms_setting|break_app_both_permissions|data_usage_exceeded|unseat_sim_card|user_abroad_roaming_disabled_off[PERSONA:Easy],telecom_0054,54,12,pending,0,tau2_full_flash_telecom_0054,C:\Users\86132\Desktop\SafeDesk\benchmarks\tau2-bench\data\simulations\tau2_full_flash_telecom_0054\results.json,,2026-07-09T22:52:17
tau2_full_flash,telecom,telecom,none,[mms_issue]bad_network_preference|bad_wifi_calling|break_apn_mms_setting|data_usage_exceeded|unseat_sim_card[PERSONA:Hard],telecom_0054,54,13,pending,0,tau2_full_flash_telecom_0054,C:\Users\86132\Desktop\SafeDesk\benchmarks\tau2-bench\data\simulations\tau2_full_flash_telecom_0054\results.json,,2026-07-09T22:52:17
tau2_full_flash,telecom,telecom,none,[mms_issue]bad_network_preference|bad_wifi_calling|break_app_sms_permission|data_usage_exceeded|unseat_sim_card[PERSONA:None],telecom_0054,54,14,pending,0,tau2_full_flash_telecom_0054,C:\Users\86132\Desktop\SafeDesk\benchmarks\tau2-bench\data\simulations\tau2_full_flash_telecom_0054\results.json,,2026-07-09T22:52:17
tau2_full_flash,telecom,telecom,none,[mms_issue]bad_network_preference|bad_wifi_calling|break_app_storage_permission|data_usage_exceeded|unseat_sim_card[PERSONA:Easy],telecom_0054,54,15,pending,0,tau2_full_flash_telecom_0054,C:\Users\86132\Desktop\SafeDesk\benchmarks\tau2-bench\data\simulations\tau2_full_flash_telecom_0054\results.json,,2026-07-09T22:52:17
tau2_full_flash,telecom,telecom,none,[mms_issue]bad_network_preference|bad_wifi_calling|break_app_both_permissions|data_usage_exceeded|unseat_sim_card[PERSONA:Hard],telecom_0054,54,16,pending,0,tau2_full_flash_telecom_0054,C:\Users\86132\Desktop\SafeDesk\benchmarks\tau2-bench\data\simulations\tau2_full_flash_telecom_0054\results.json,,2026-07-09T22:52:17
tau2_full_flash,telecom,telecom,none,[mms_issue]bad_network_preference|break_apn_mms_setting|break_app_sms_permission|data_usage_exceeded|unseat_sim_card[PERSONA:None],telecom_0054,54,17,pending,0,tau2_full_flash_telecom_0054,C:\Users\86132\Desktop\SafeDesk\benchmarks\tau2-bench\data\simulations\tau2_full_flash_telecom_0054\results.json,,2026-07-09T22:52:17
tau2_full_flash,telecom,telecom,none,[mms_issue]bad_network_preference|break_apn_mms_setting|break_app_storage_permission|data_usage_exceeded|unseat_sim_card[PERSONA:Easy],telecom_0054,54,18,pending,0,tau2_full_flash_telecom_0054,C:\Users\86132\Desktop\SafeDesk\benchmarks\tau2-bench\data\simulations\tau2_full_flash_telecom_0054\results.json,,2026-07-09T22:52:17
tau2_full_flash,telecom,telecom,none,[mms_issue]bad_network_preference|break_apn_mms_setting|break_app_both_permissions|data_usage_exceeded|unseat_sim_card[PERSONA:Hard],telecom_0054,54,19,pending,0,tau2_full_flash_telecom_0054,C:\Users\86132\Desktop\SafeDesk\benchmarks\tau2-bench\data\simulations\tau2_full_flash_telecom_0054\results.json,,2026-07-09T22:52:17
tau2_full_flash,telecom,telecom,none,[mms_issue]bad_wifi_calling|break_apn_mms_setting|break_app_sms_permission|data_usage_exceeded|unseat_sim_card[PERSONA:None],telecom_0054,54,20,pending,0,tau2_full_flash_telecom_0054,C:\Users\86132\Desktop\SafeDesk\benchmarks\tau2-bench\data\simulations\tau2_full_flash_telecom_0054\results.json,,2026-07-09T22:52:17
tau2_full_flash,telecom,telecom,none,[mms_issue]bad_wifi_calling|break_apn_mms_setting|break_app_storage_permission|data_usage_exceeded|unseat_sim_card[PERSONA:Easy],telecom_0054,54,21,pending,0,tau2_full_flash_telecom_0054,C:\Users\86132\Desktop\SafeDesk\benchmarks\tau2-bench\data\simulations\tau2_full_flash_telecom_0054\results.json,,2026-07-09T22:52:17
tau2_full_flash,telecom,telecom,none,[mms_issue]bad_wifi_calling|break_apn_mms_setting|break_app_both_permissions|data_usage_exceeded|unseat_sim_card[PERSONA:Hard],telecom_0054,54,22,pending,0,tau2_full_flash_telecom_0054,C:\Users\86132\Desktop\SafeDesk\benchmarks\tau2-bench\data\simulations\tau2_full_flash_telecom_0054\results.json,,2026-07-09T22:52:17
tau2_full_flash,telecom,telecom,none,[mms_issue]bad_network_preference|bad_wifi_calling|break_apn_mms_setting|unseat_sim_card|user_abroad_roaming_enabled_off[PERSONA:Easy],telecom_0054,54,23,pending,0,tau2_full_flash_telecom_0054,C:\Users\86132\Desktop\SafeDesk\benchmarks\tau2-bench\data\simulations\tau2_full_flash_telecom_0054\results.json,,2026-07-09T22:52:17
tau2_full_flash,telecom,telecom,none,[mms_issue]bad_network_preference|bad_wifi_calling|break_app_sms_permission|unseat_sim_card|user_abroad_roaming_enabled_off[PERSONA:Hard],telecom_0054,54,24,pending,0,tau2_full_flash_telecom_0054,C:\Users\86132\Desktop\SafeDesk\benchmarks\tau2-bench\data\simulations\tau2_full_flash_telecom_0054\results.json,,2026-07-09T22:52:17
tau2_full_flash,telecom,telecom,none,[mms_issue]bad_network_preference|bad_wifi_calling|break_app_storage_permission|unseat_sim_card|user_abroad_roaming_enabled_off[PERSONA:None],telecom_0055,55,0,pending,0,tau2_full_flash_telecom_0055,C:\Users\86132\Desktop\SafeDesk\benchmarks\tau2-bench\data\simulations\tau2_full_flash_telecom_0055\results.json,,2026-07-09T22:52:17
tau2_full_flash,telecom,telecom,none,[mms_issue]bad_network_preference|bad_wifi_calling|break_app_both_permissions|unseat_sim_card|user_abroad_roaming_enabled_off[PERSONA:Easy],telecom_0055,55,1,pending,0,tau2_full_flash_telecom_0055,C:\Users\86132\Desktop\SafeDesk\benchmarks\tau2-bench\data\simulations\tau2_full_flash_telecom_0055\results.json,,2026-07-09T22:52:17
tau2_full_flash,telecom,telecom,none,[mms_issue]bad_network_preference|break_apn_mms_setting|break_app_sms_permission|unseat_sim_card|user_abroad_roaming_enabled_off[PERSONA:Hard],telecom_0055,55,2,pending,0,tau2_full_flash_telecom_0055,C:\Users\86132\Desktop\SafeDesk\benchmarks\tau2-bench\data\simulations\tau2_full_flash_telecom_0055\results.json,,2026-07-09T22:52:17
tau2_full_flash,telecom,telecom,none,[mms_issue]bad_network_preference|break_apn_mms_setting|break_app_storage_permission|unseat_sim_card|user_abroad_roaming_enabled_off[PERSONA:None],telecom_0055,55,3,pending,0,tau2_full_flash_telecom_0055,C:\Users\86132\Desktop\SafeDesk\benchmarks\tau2-bench\data\simulations\tau2_full_flash_telecom_0055\results.json,,2026-07-09T22:52:17
tau2_full_flash,telecom,telecom,none,[mms_issue]bad_network_preference|break_apn_mms_setting|break_app_both_permissions|unseat_sim_card|user_abroad_roaming_enabled_off[PERSONA:Easy],telecom_0055,55,4,pending,0,tau2_full_flash_telecom_0055,C:\Users\86132\Desktop\SafeDesk\benchmarks\tau2-bench\data\simulations\tau2_full_flash_telecom_0055\results.json,,2026-07-09T22:52:17
tau2_full_flash,telecom,telecom,none,[mms_issue]bad_wifi_calling|break_apn_mms_setting|break_app_sms_permission|unseat_sim_card|user_abroad_roaming_enabled_off[PERSONA:Hard],telecom_0055,55,5,pending,0,tau2_full_flash_telecom_0055,C:\Users\86132\Desktop\SafeDesk\benchmarks\tau2-bench\data\simulations\tau2_full_flash_telecom_0055\results.json,,2026-07-09T22:52:17
tau2_full_flash,telecom,telecom,none,[mms_issue]bad_wifi_calling|break_apn_mms_setting|break_app_storage_permission|unseat_sim_card|user_abroad_roaming_enabled_off[PERSONA:None],telecom_0055,55,6,pending,0,tau2_full_flash_telecom_0055,C:\Users\86132\Desktop\SafeDesk\benchmarks\tau2-bench\data\simulations\tau2_full_flash_telecom_0055\results.json,,2026-07-09T22:52:17
tau2_full_flash,telecom,telecom,none,[mms_issue]bad_wifi_calling|break_apn_mms_setting|break_app_both_permissions|unseat_sim_card|user_abroad_roaming_enabled_off[PERSONA:Easy],telecom_0055,55,7,pending,0,tau2_full_flash_telecom_0055,C:\Users\86132\Desktop\SafeDesk\benchmarks\tau2-bench\data\simulations\tau2_full_flash_telecom_0055\results.json,,2026-07-09T22:52:17
tau2_full_flash,telecom,telecom,none,[mms_issue]bad_network_preference|bad_wifi_calling|break_apn_mms_setting|unseat_sim_card|user_abroad_roaming_disabled_on[PERSONA:Hard],telecom_0055,55,8,pending,0,tau2_full_flash_telecom_0055,C:\Users\86132\Desktop\SafeDesk\benchmarks\tau2-bench\data\simulations\tau2_full_flash_telecom_0055\results.json,,2026-07-09T22:52:17
tau2_full_flash,telecom,telecom,none,[mms_issue]bad_network_preference|bad_wifi_calling|break_app_sms_permission|unseat_sim_card|user_abroad_roaming_disabled_on[PERSONA:None],telecom_0055,55,9,pending,0,tau2_full_flash_telecom_0055,C:\Users\86132\Desktop\SafeDesk\benchmarks\tau2-bench\data\simulations\tau2_full_flash_telecom_0055\results.json,,2026-07-09T22:52:17
tau2_full_flash,telecom,telecom,none,[mms_issue]bad_network_preference|bad_wifi_calling|break_app_storage_permission|unseat_sim_card|user_abroad_roaming_disabled_on[PERSONA:Easy],telecom_0055,55,10,pending,0,tau2_full_flash_telecom_0055,C:\Users\86132\Desktop\SafeDesk\benchmarks\tau2-bench\data\simulations\tau2_full_flash_telecom_0055\results.json,,2026-07-09T22:52:17
tau2_full_flash,telecom,telecom,none,[mms_issue]bad_network_preference|bad_wifi_calling|break_app_both_permissions|unseat_sim_card|user_abroad_roaming_disabled_on[PERSONA:Hard],telecom_0055,55,11,pending,0,tau2_full_flash_telecom_0055,C:\Users\86132\Desktop\SafeDesk\benchmarks\tau2-bench\data\simulations\tau2_full_flash_telecom_0055\results.json,,2026-07-09T22:52:17
tau2_full_flash,telecom,telecom,none,[mms_issue]bad_network_preference|break_apn_mms_setting|break_app_sms_permission|unseat_sim_card|user_abroad_roaming_disabled_on[PERSONA:None],telecom_0055,55,12,pending,0,tau2_full_flash_telecom_0055,C:\Users\86132\Desktop\SafeDesk\benchmarks\tau2-bench\data\simulations\tau2_full_flash_telecom_0055\results.json,,2026-07-09T22:52:17
tau2_full_flash,telecom,telecom,none,[mms_issue]bad_network_preference|break_apn_mms_setting|break_app_storage_permission|unseat_sim_card|user_abroad_roaming_disabled_on[PERSONA:Easy],telecom_0055,55,13,pending,0,tau2_full_flash_telecom_0055,C:\Users\86132\Desktop\SafeDesk\benchmarks\tau2-bench\data\simulations\tau2_full_flash_telecom_0055\results.json,,2026-07-09T22:52:17
tau2_full_flash,telecom,telecom,none,[mms_issue]bad_network_preference|break_apn_mms_setting|break_app_both_permissions|unseat_sim_card|user_abroad_roaming_disabled_on[PERSONA:Hard],telecom_0055,55,14,pending,0,tau2_full_flash_telecom_0055,C:\Users\86132\Desktop\SafeDesk\benchmarks\tau2-bench\data\simulations\tau2_full_flash_telecom_0055\results.json,,2026-07-09T22:52:17
tau2_full_flash,telecom,telecom,none,[mms_issue]bad_wifi_calling|break_apn_mms_setting|break_app_sms_permission|unseat_sim_card|user_abroad_roaming_disabled_on[PERSONA:None],telecom_0055,55,15,pending,0,tau2_full_flash_telecom_0055,C:\Users\86132\Desktop\SafeDesk\benchmarks\tau2-bench\data\simulations\tau2_full_flash_telecom_0055\results.json,,2026-07-09T22:52:17
tau2_full_flash,telecom,telecom,none,[mms_issue]bad_wifi_calling|break_apn_mms_setting|break_app_storage_permission|unseat_sim_card|user_abroad_roaming_disabled_on[PERSONA:Easy],telecom_0055,55,16,pending,0,tau2_full_flash_telecom_0055,C:\Users\86132\Desktop\SafeDesk\benchmarks\tau2-bench\data\simulations\tau2_full_flash_telecom_0055\results.json,,2026-07-09T22:52:17
tau2_full_flash,telecom,telecom,none,[mms_issue]bad_wifi_calling|break_apn_mms_setting|break_app_both_permissions|unseat_sim_card|user_abroad_roaming_disabled_on[PERSONA:Hard],telecom_0055,55,17,pending,0,tau2_full_flash_telecom_0055,C:\Users\86132\Desktop\SafeDesk\benchmarks\tau2-bench\data\simulations\tau2_full_flash_telecom_0055\results.json,,2026-07-09T22:52:17
tau2_full_flash,telecom,telecom,none,[mms_issue]bad_network_preference|bad_wifi_calling|break_apn_mms_setting|unseat_sim_card|user_abroad_roaming_disabled_off[PERSONA:None],telecom_0055,55,18,pending,0,tau2_full_flash_telecom_0055,C:\Users\86132\Desktop\SafeDesk\benchmarks\tau2-bench\data\simulations\tau2_full_flash_telecom_0055\results.json,,2026-07-09T22:52:17
tau2_full_flash,telecom,telecom,none,[mms_issue]bad_network_preference|bad_wifi_calling|break_app_sms_permission|unseat_sim_card|user_abroad_roaming_disabled_off[PERSONA:Easy],telecom_0055,55,19,pending,0,tau2_full_flash_telecom_0055,C:\Users\86132\Desktop\SafeDesk\benchmarks\tau2-bench\data\simulations\tau2_full_flash_telecom_0055\results.json,,2026-07-09T22:52:17
tau2_full_flash,telecom,telecom,none,[mms_issue]bad_network_preference|bad_wifi_calling|break_app_storage_permission|unseat_sim_card|user_abroad_roaming_disabled_off[PERSONA:Hard],telecom_0055,55,20,pending,0,tau2_full_flash_telecom_0055,C:\Users\86132\Desktop\SafeDesk\benchmarks\tau2-bench\data\simulations\tau2_full_flash_telecom_0055\results.json,,2026-07-09T22:52:17
tau2_full_flash,telecom,telecom,none,[mms_issue]bad_network_preference|bad_wifi_calling|break_app_both_permissions|unseat_sim_card|user_abroad_roaming_disabled_off[PERSONA:None],telecom_0055,55,21,pending,0,tau2_full_flash_telecom_0055,C:\Users\86132\Desktop\SafeDesk\benchmarks\tau2-bench\data\simulations\tau2_full_flash_telecom_0055\results.json,,2026-07-09T22:52:17
tau2_full_flash,telecom,telecom,none,[mms_issue]bad_network_preference|break_apn_mms_setting|break_app_sms_permission|unseat_sim_card|user_abroad_roaming_disabled_off[PERSONA:Easy],telecom_0055,55,22,pending,0,tau2_full_flash_telecom_0055,C:\Users\86132\Desktop\SafeDesk\benchmarks\tau2-bench\data\simulations\tau2_full_flash_telecom_0055\results.json,,2026-07-09T22:52:17
tau2_full_flash,telecom,telecom,none,[mms_issue]bad_network_preference|break_apn_mms_setting|break_app_storage_permission|unseat_sim_card|user_abroad_roaming_disabled_off[PERSONA:Hard],telecom_0055,55,23,pending,0,tau2_full_flash_telecom_0055,C:\Users\86132\Desktop\SafeDesk\benchmarks\tau2-bench\data\simulations\tau2_full_flash_telecom_0055\results.json,,2026-07-09T22:52:17
tau2_full_flash,telecom,telecom,none,[mms_issue]bad_network_preference|break_apn_mms_setting|break_app_both_permissions|unseat_sim_card|user_abroad_roaming_disabled_off[PERSONA:None],telecom_0055,55,24,pending,0,tau2_full_flash_telecom_0055,C:\Users\86132\Desktop\SafeDesk\benchmarks\tau2-bench\data\simulations\tau2_full_flash_telecom_0055\results.json,,2026-07-09T22:52:17
tau2_full_flash,telecom,telecom,none,[mms_issue]bad_wifi_calling|break_apn_mms_setting|break_app_sms_permission|unseat_sim_card|user_abroad_roaming_disabled_off[PERSONA:Easy],telecom_0056,56,0,pending,0,tau2_full_flash_telecom_0056,C:\Users\86132\Desktop\SafeDesk\benchmarks\tau2-bench\data\simulations\tau2_full_flash_telecom_0056\results.json,,2026-07-09T22:52:17
tau2_full_flash,telecom,telecom,none,[mms_issue]bad_wifi_calling|break_apn_mms_setting|break_app_storage_permission|unseat_sim_card|user_abroad_roaming_disabled_off[PERSONA:Hard],telecom_0056,56,1,pending,0,tau2_full_flash_telecom_0056,C:\Users\86132\Desktop\SafeDesk\benchmarks\tau2-bench\data\simulations\tau2_full_flash_telecom_0056\results.json,,2026-07-09T22:52:17
tau2_full_flash,telecom,telecom,none,[mms_issue]bad_wifi_calling|break_apn_mms_setting|break_app_both_permissions|unseat_sim_card|user_abroad_roaming_disabled_off[PERSONA:None],telecom_0056,56,2,pending,0,tau2_full_flash_telecom_0056,C:\Users\86132\Desktop\SafeDesk\benchmarks\tau2-bench\data\simulations\tau2_full_flash_telecom_0056\results.json,,2026-07-09T22:52:17
tau2_full_flash,telecom,telecom,none,[mms_issue]bad_network_preference|bad_wifi_calling|break_apn_mms_setting|break_app_sms_permission|unseat_sim_card[PERSONA:Easy],telecom_0056,56,3,pending,0,tau2_full_flash_telecom_0056,C:\Users\86132\Desktop\SafeDesk\benchmarks\tau2-bench\data\simulations\tau2_full_flash_telecom_0056\results.json,,2026-07-09T22:52:17
tau2_full_flash,telecom,telecom,none,[mms_issue]bad_network_preference|bad_wifi_calling|break_apn_mms_setting|break_app_storage_permission|unseat_sim_card[PERSONA:Hard],telecom_0056,56,4,pending,0,tau2_full_flash_telecom_0056,C:\Users\86132\Desktop\SafeDesk\benchmarks\tau2-bench\data\simulations\tau2_full_flash_telecom_0056\results.json,,2026-07-09T22:52:17
tau2_full_flash,telecom,telecom,none,[mms_issue]bad_network_preference|bad_wifi_calling|break_apn_mms_setting|break_app_both_permissions|unseat_sim_card[PERSONA:None],telecom_0056,56,5,pending,0,tau2_full_flash_telecom_0056,C:\Users\86132\Desktop\SafeDesk\benchmarks\tau2-bench\data\simulations\tau2_full_flash_telecom_0056\results.json,,2026-07-09T22:52:17
tau2_full_flash,telecom,telecom,none,[mms_issue]bad_network_preference|bad_wifi_calling|data_mode_off|data_usage_exceeded|user_abroad_roaming_enabled_off[PERSONA:Easy],telecom_0056,56,6,pending,0,tau2_full_flash_telecom_0056,C:\Users\86132\Desktop\SafeDesk\benchmarks\tau2-bench\data\simulations\tau2_full_flash_telecom_0056\results.json,,2026-07-09T22:52:17
tau2_full_flash,telecom,telecom,none,[mms_issue]bad_network_preference|break_apn_mms_setting|data_mode_off|data_usage_exceeded|user_abroad_roaming_enabled_off[PERSONA:Hard],telecom_0056,56,7,pending,0,tau2_full_flash_telecom_0056,C:\Users\86132\Desktop\SafeDesk\benchmarks\tau2-bench\data\simulations\tau2_full_flash_telecom_0056\results.json,,2026-07-09T22:52:17
tau2_full_flash,telecom,telecom,none,[mms_issue]bad_network_preference|break_app_sms_permission|data_mode_off|data_usage_exceeded|user_abroad_roaming_enabled_off[PERSONA:None],telecom_0056,56,8,pending,0,tau2_full_flash_telecom_0056,C:\Users\86132\Desktop\SafeDesk\benchmarks\tau2-bench\data\simulations\tau2_full_flash_telecom_0056\results.json,,2026-07-09T22:52:17
tau2_full_flash,telecom,telecom,none,[mms_issue]bad_network_preference|break_app_storage_permission|data_mode_off|data_usage_exceeded|user_abroad_roaming_enabled_off[PERSONA:Easy],telecom_0056,56,9,pending,0,tau2_full_flash_telecom_0056,C:\Users\86132\Desktop\SafeDesk\benchmarks\tau2-bench\data\simulations\tau2_full_flash_telecom_0056\results.json,,2026-07-09T22:52:17
tau2_full_flash,telecom,telecom,none,[mms_issue]bad_network_preference|break_app_both_permissions|data_mode_off|data_usage_exceeded|user_abroad_roaming_enabled_off[PERSONA:Hard],telecom_0056,56,10,pending,0,tau2_full_flash_telecom_0056,C:\Users\86132\Desktop\SafeDesk\benchmarks\tau2-bench\data\simulations\tau2_full_flash_telecom_0056\results.json,,2026-07-09T22:52:17
tau2_full_flash,telecom,telecom,none,[mms_issue]bad_wifi_calling|break_apn_mms_setting|data_mode_off|data_usage_exceeded|user_abroad_roaming_enabled_off[PERSONA:None],telecom_0056,56,11,pending,0,tau2_full_flash_telecom_0056,C:\Users\86132\Desktop\SafeDesk\benchmarks\tau2-bench\data\simulations\tau2_full_flash_telecom_0056\results.json,,2026-07-09T22:52:17
tau2_full_flash,telecom,telecom,none,[mms_issue]bad_wifi_calling|break_app_sms_permission|data_mode_off|data_usage_exceeded|user_abroad_roaming_enabled_off[PERSONA:Easy],telecom_0056,56,12,pending,0,tau2_full_flash_telecom_0056,C:\Users\86132\Desktop\SafeDesk\benchmarks\tau2-bench\data\simulations\tau2_full_flash_telecom_0056\results.json,,2026-07-09T22:52:17
tau2_full_flash,telecom,telecom,none,[mms_issue]bad_wifi_calling|break_app_storage_permission|data_mode_off|data_usage_exceeded|user_abroad_roaming_enabled_off[PERSONA:Hard],telecom_0056,56,13,pending,0,tau2_full_flash_telecom_0056,C:\Users\86132\Desktop\SafeDesk\benchmarks\tau2-bench\data\simulations\tau2_full_flash_telecom_0056\results.json,,2026-07-09T22:52:17
tau2_full_flash,telecom,telecom,none,[mms_issue]bad_wifi_calling|break_app_both_permissions|data_mode_off|data_usage_exceeded|user_abroad_roaming_enabled_off[PERSONA:None],telecom_0056,56,14,pending,0,tau2_full_flash_telecom_0056,C:\Users\86132\Desktop\SafeDesk\benchmarks\tau2-bench\data\simulations\tau2_full_flash_telecom_0056\results.json,,2026-07-09T22:52:17
tau2_full_flash,telecom,telecom,none,[mms_issue]break_apn_mms_setting|break_app_sms_permission|data_mode_off|data_usage_exceeded|user_abroad_roaming_enabled_off[PERSONA:Easy],telecom_0056,56,15,pending,0,tau2_full_flash_telecom_0056,C:\Users\86132\Desktop\SafeDesk\benchmarks\tau2-bench\data\simulations\tau2_full_flash_telecom_0056\results.json,,2026-07-09T22:52:17
tau2_full_flash,telecom,telecom,none,[mms_issue]break_apn_mms_setting|break_app_storage_permission|data_mode_off|data_usage_exceeded|user_abroad_roaming_enabled_off[PERSONA:Hard],telecom_0056,56,16,pending,0,tau2_full_flash_telecom_0056,C:\Users\86132\Desktop\SafeDesk\benchmarks\tau2-bench\data\simulations\tau2_full_flash_telecom_0056\results.json,,2026-07-09T22:52:17
tau2_full_flash,telecom,telecom,none,[mms_issue]break_apn_mms_setting|break_app_both_permissions|data_mode_off|data_usage_exceeded|user_abroad_roaming_enabled_off[PERSONA:None],telecom_0056,56,17,pending,0,tau2_full_flash_telecom_0056,C:\Users\86132\Desktop\SafeDesk\benchmarks\tau2-bench\data\simulations\tau2_full_flash_telecom_0056\results.json,,2026-07-09T22:52:17
tau2_full_flash,telecom,telecom,none,[mms_issue]bad_network_preference|bad_wifi_calling|data_mode_off|data_usage_exceeded|user_abroad_roaming_disabled_on[PERSONA:Easy],telecom_0056,56,18,pending,0,tau2_full_flash_telecom_0056,C:\Users\86132\Desktop\SafeDesk\benchmarks\tau2-bench\data\simulations\tau2_full_flash_telecom_0056\results.json,,2026-07-09T22:52:17
tau2_full_flash,telecom,telecom,none,[mms_issue]bad_network_preference|break_apn_mms_setting|data_mode_off|data_usage_exceeded|user_abroad_roaming_disabled_on[PERSONA:Hard],telecom_0056,56,19,pending,0,tau2_full_flash_telecom_0056,C:\Users\86132\Desktop\SafeDesk\benchmarks\tau2-bench\data\simulations\tau2_full_flash_telecom_0056\results.json,,2026-07-09T22:52:17
tau2_full_flash,telecom,telecom,none,[mms_issue]bad_network_preference|break_app_sms_permission|data_mode_off|data_usage_exceeded|user_abroad_roaming_disabled_on[PERSONA:None],telecom_0056,56,20,pending,0,tau2_full_flash_telecom_0056,C:\Users\86132\Desktop\SafeDesk\benchmarks\tau2-bench\data\simulations\tau2_full_flash_telecom_0056\results.json,,2026-07-09T22:52:17
tau2_full_flash,telecom,telecom,none,[mms_issue]bad_network_preference|break_app_storage_permission|data_mode_off|data_usage_exceeded|user_abroad_roaming_disabled_on[PERSONA:Easy],telecom_0056,56,21,pending,0,tau2_full_flash_telecom_0056,C:\Users\86132\Desktop\SafeDesk\benchmarks\tau2-bench\data\simulations\tau2_full_flash_telecom_0056\results.json,,2026-07-09T22:52:17
tau2_full_flash,telecom,telecom,none,[mms_issue]bad_network_preference|break_app_both_permissions|data_mode_off|data_usage_exceeded|user_abroad_roaming_disabled_on[PERSONA:Hard],telecom_0056,56,22,pending,0,tau2_full_flash_telecom_0056,C:\Users\86132\Desktop\SafeDesk\benchmarks\tau2-bench\data\simulations\tau2_full_flash_telecom_0056\results.json,,2026-07-09T22:52:17
tau2_full_flash,telecom,telecom,none,[mms_issue]bad_wifi_calling|break_apn_mms_setting|data_mode_off|data_usage_exceeded|user_abroad_roaming_disabled_on[PERSONA:None],telecom_0056,56,23,pending,0,tau2_full_flash_telecom_0056,C:\Users\86132\Desktop\SafeDesk\benchmarks\tau2-bench\data\simulations\tau2_full_flash_telecom_0056\results.json,,2026-07-09T22:52:17
tau2_full_flash,telecom,telecom,none,[mms_issue]bad_wifi_calling|break_app_sms_permission|data_mode_off|data_usage_exceeded|user_abroad_roaming_disabled_on[PERSONA:Easy],telecom_0056,56,24,pending,0,tau2_full_flash_telecom_0056,C:\Users\86132\Desktop\SafeDesk\benchmarks\tau2-bench\data\simulations\tau2_full_flash_telecom_0056\results.json,,2026-07-09T22:52:17
tau2_full_flash,telecom,telecom,none,[mms_issue]bad_wifi_calling|break_app_storage_permission|data_mode_off|data_usage_exceeded|user_abroad_roaming_disabled_on[PERSONA:Hard],telecom_0057,57,0,pending,0,tau2_full_flash_telecom_0057,C:\Users\86132\Desktop\SafeDesk\benchmarks\tau2-bench\data\simulations\tau2_full_flash_telecom_0057\results.json,,2026-07-09T22:52:17
tau2_full_flash,telecom,telecom,none,[mms_issue]bad_wifi_calling|break_app_both_permissions|data_mode_off|data_usage_exceeded|user_abroad_roaming_disabled_on[PERSONA:None],telecom_0057,57,1,pending,0,tau2_full_flash_telecom_0057,C:\Users\86132\Desktop\SafeDesk\benchmarks\tau2-bench\data\simulations\tau2_full_flash_telecom_0057\results.json,,2026-07-09T22:52:17
tau2_full_flash,telecom,telecom,none,[mms_issue]break_apn_mms_setting|break_app_sms_permission|data_mode_off|data_usage_exceeded|user_abroad_roaming_disabled_on[PERSONA:Easy],telecom_0057,57,2,pending,0,tau2_full_flash_telecom_0057,C:\Users\86132\Desktop\SafeDesk\benchmarks\tau2-bench\data\simulations\tau2_full_flash_telecom_0057\results.json,,2026-07-09T22:52:17
tau2_full_flash,telecom,telecom,none,[mms_issue]break_apn_mms_setting|break_app_storage_permission|data_mode_off|data_usage_exceeded|user_abroad_roaming_disabled_on[PERSONA:Hard],telecom_0057,57,3,pending,0,tau2_full_flash_telecom_0057,C:\Users\86132\Desktop\SafeDesk\benchmarks\tau2-bench\data\simulations\tau2_full_flash_telecom_0057\results.json,,2026-07-09T22:52:17
tau2_full_flash,telecom,telecom,none,[mms_issue]break_apn_mms_setting|break_app_both_permissions|data_mode_off|data_usage_exceeded|user_abroad_roaming_disabled_on[PERSONA:None],telecom_0057,57,4,pending,0,tau2_full_flash_telecom_0057,C:\Users\86132\Desktop\SafeDesk\benchmarks\tau2-bench\data\simulations\tau2_full_flash_telecom_0057\results.json,,2026-07-09T22:52:17
tau2_full_flash,telecom,telecom,none,[mms_issue]bad_network_preference|bad_wifi_calling|data_mode_off|data_usage_exceeded|user_abroad_roaming_disabled_off[PERSONA:Easy],telecom_0057,57,5,pending,0,tau2_full_flash_telecom_0057,C:\Users\86132\Desktop\SafeDesk\benchmarks\tau2-bench\data\simulations\tau2_full_flash_telecom_0057\results.json,,2026-07-09T22:52:17
tau2_full_flash,telecom,telecom,none,[mms_issue]bad_network_preference|break_apn_mms_setting|data_mode_off|data_usage_exceeded|user_abroad_roaming_disabled_off[PERSONA:Hard],telecom_0057,57,6,pending,0,tau2_full_flash_telecom_0057,C:\Users\86132\Desktop\SafeDesk\benchmarks\tau2-bench\data\simulations\tau2_full_flash_telecom_0057\results.json,,2026-07-09T22:52:17
tau2_full_flash,telecom,telecom,none,[mms_issue]bad_network_preference|break_app_sms_permission|data_mode_off|data_usage_exceeded|user_abroad_roaming_disabled_off[PERSONA:None],telecom_0057,57,7,pending,0,tau2_full_flash_telecom_0057,C:\Users\86132\Desktop\SafeDesk\benchmarks\tau2-bench\data\simulations\tau2_full_flash_telecom_0057\results.json,,2026-07-09T22:52:17
tau2_full_flash,telecom,telecom,none,[mms_issue]bad_network_preference|break_app_storage_permission|data_mode_off|data_usage_exceeded|user_abroad_roaming_disabled_off[PERSONA:Easy],telecom_0057,57,8,pending,0,tau2_full_flash_telecom_0057,C:\Users\86132\Desktop\SafeDesk\benchmarks\tau2-bench\data\simulations\tau2_full_flash_telecom_0057\results.json,,2026-07-09T22:52:17
tau2_full_flash,telecom,telecom,none,[mms_issue]bad_network_preference|break_app_both_permissions|data_mode_off|data_usage_exceeded|user_abroad_roaming_disabled_off[PERSONA:Hard],telecom_0057,57,9,pending,0,tau2_full_flash_telecom_0057,C:\Users\86132\Desktop\SafeDesk\benchmarks\tau2-bench\data\simulations\tau2_full_flash_telecom_0057\results.json,,2026-07-09T22:52:17
tau2_full_flash,telecom,telecom,none,[mms_issue]bad_wifi_calling|break_apn_mms_setting|data_mode_off|data_usage_exceeded|user_abroad_roaming_disabled_off[PERSONA:None],telecom_0057,57,10,pending,0,tau2_full_flash_telecom_0057,C:\Users\86132\Desktop\SafeDesk\benchmarks\tau2-bench\data\simulations\tau2_full_flash_telecom_0057\results.json,,2026-07-09T22:52:17
tau2_full_flash,telecom,telecom,none,[mms_issue]bad_wifi_calling|break_app_sms_permission|data_mode_off|data_usage_exceeded|user_abroad_roaming_disabled_off[PERSONA:Easy],telecom_0057,57,11,pending,0,tau2_full_flash_telecom_0057,C:\Users\86132\Desktop\SafeDesk\benchmarks\tau2-bench\data\simulations\tau2_full_flash_telecom_0057\results.json,,2026-07-09T22:52:17
tau2_full_flash,telecom,telecom,none,[mms_issue]bad_wifi_calling|break_app_storage_permission|data_mode_off|data_usage_exceeded|user_abroad_roaming_disabled_off[PERSONA:Hard],telecom_0057,57,12,pending,0,tau2_full_flash_telecom_0057,C:\Users\86132\Desktop\SafeDesk\benchmarks\tau2-bench\data\simulations\tau2_full_flash_telecom_0057\results.json,,2026-07-09T22:52:17
tau2_full_flash,telecom,telecom,none,[mms_issue]bad_wifi_calling|break_app_both_permissions|data_mode_off|data_usage_exceeded|user_abroad_roaming_disabled_off[PERSONA:None],telecom_0057,57,13,pending,0,tau2_full_flash_telecom_0057,C:\Users\86132\Desktop\SafeDesk\benchmarks\tau2-bench\data\simulations\tau2_full_flash_telecom_0057\results.json,,2026-07-09T22:52:17
tau2_full_flash,telecom,telecom,none,[mms_issue]break_apn_mms_setting|break_app_sms_permission|data_mode_off|data_usage_exceeded|user_abroad_roaming_disabled_off[PERSONA:Easy],telecom_0057,57,14,pending,0,tau2_full_flash_telecom_0057,C:\Users\86132\Desktop\SafeDesk\benchmarks\tau2-bench\data\simulations\tau2_full_flash_telecom_0057\results.json,,2026-07-09T22:52:17
tau2_full_flash,telecom,telecom,none,[mms_issue]break_apn_mms_setting|break_app_storage_permission|data_mode_off|data_usage_exceeded|user_abroad_roaming_disabled_off[PERSONA:Hard],telecom_0057,57,15,pending,0,tau2_full_flash_telecom_0057,C:\Users\86132\Desktop\SafeDesk\benchmarks\tau2-bench\data\simulations\tau2_full_flash_telecom_0057\results.json,,2026-07-09T22:52:17
tau2_full_flash,telecom,telecom,none,[mms_issue]break_apn_mms_setting|break_app_both_permissions|data_mode_off|data_usage_exceeded|user_abroad_roaming_disabled_off[PERSONA:None],telecom_0057,57,16,pending,0,tau2_full_flash_telecom_0057,C:\Users\86132\Desktop\SafeDesk\benchmarks\tau2-bench\data\simulations\tau2_full_flash_telecom_0057\results.json,,2026-07-09T22:52:17
tau2_full_flash,telecom,telecom,none,[mms_issue]bad_network_preference|bad_wifi_calling|break_apn_mms_setting|data_mode_off|data_usage_exceeded[PERSONA:Easy],telecom_0057,57,17,pending,0,tau2_full_flash_telecom_0057,C:\Users\86132\Desktop\SafeDesk\benchmarks\tau2-bench\data\simulations\tau2_full_flash_telecom_0057\results.json,,2026-07-09T22:52:17
tau2_full_flash,telecom,telecom,none,[mms_issue]bad_network_preference|bad_wifi_calling|break_app_sms_permission|data_mode_off|data_usage_exceeded[PERSONA:Hard],telecom_0057,57,18,pending,0,tau2_full_flash_telecom_0057,C:\Users\86132\Desktop\SafeDesk\benchmarks\tau2-bench\data\simulations\tau2_full_flash_telecom_0057\results.json,,2026-07-09T22:52:17
tau2_full_flash,telecom,telecom,none,[mms_issue]bad_network_preference|bad_wifi_calling|break_app_storage_permission|data_mode_off|data_usage_exceeded[PERSONA:None],telecom_0057,57,19,pending,0,tau2_full_flash_telecom_0057,C:\Users\86132\Desktop\SafeDesk\benchmarks\tau2-bench\data\simulations\tau2_full_flash_telecom_0057\results.json,,2026-07-09T22:52:17
tau2_full_flash,telecom,telecom,none,[mms_issue]bad_network_preference|bad_wifi_calling|break_app_both_permissions|data_mode_off|data_usage_exceeded[PERSONA:Easy],telecom_0057,57,20,pending,0,tau2_full_flash_telecom_0057,C:\Users\86132\Desktop\SafeDesk\benchmarks\tau2-bench\data\simulations\tau2_full_flash_telecom_0057\results.json,,2026-07-09T22:52:17
tau2_full_flash,telecom,telecom,none,[mms_issue]bad_network_preference|break_apn_mms_setting|break_app_sms_permission|data_mode_off|data_usage_exceeded[PERSONA:Hard],telecom_0057,57,21,pending,0,tau2_full_flash_telecom_0057,C:\Users\86132\Desktop\SafeDesk\benchmarks\tau2-bench\data\simulations\tau2_full_flash_telecom_0057\results.json,,2026-07-09T22:52:17
tau2_full_flash,telecom,telecom,none,[mms_issue]bad_network_preference|break_apn_mms_setting|break_app_storage_permission|data_mode_off|data_usage_exceeded[PERSONA:None],telecom_0057,57,22,pending,0,tau2_full_flash_telecom_0057,C:\Users\86132\Desktop\SafeDesk\benchmarks\tau2-bench\data\simulations\tau2_full_flash_telecom_0057\results.json,,2026-07-09T22:52:17
tau2_full_flash,telecom,telecom,none,[mms_issue]bad_network_preference|break_apn_mms_setting|break_app_both_permissions|data_mode_off|data_usage_exceeded[PERSONA:Easy],telecom_0057,57,23,pending,0,tau2_full_flash_telecom_0057,C:\Users\86132\Desktop\SafeDesk\benchmarks\tau2-bench\data\simulations\tau2_full_flash_telecom_0057\results.json,,2026-07-09T22:52:17
tau2_full_flash,telecom,telecom,none,[mms_issue]bad_wifi_calling|break_apn_mms_setting|break_app_sms_permission|data_mode_off|data_usage_exceeded[PERSONA:Hard],telecom_0057,57,24,pending,0,tau2_full_flash_telecom_0057,C:\Users\86132\Desktop\SafeDesk\benchmarks\tau2-bench\data\simulations\tau2_full_flash_telecom_0057\results.json,,2026-07-09T22:52:17
tau2_full_flash,telecom,telecom,none,[mms_issue]bad_wifi_calling|break_apn_mms_setting|break_app_storage_permission|data_mode_off|data_usage_exceeded[PERSONA:None],telecom_0058,58,0,pending,0,tau2_full_flash_telecom_0058,C:\Users\86132\Desktop\SafeDesk\benchmarks\tau2-bench\data\simulations\tau2_full_flash_telecom_0058\results.json,,2026-07-09T22:52:17
tau2_full_flash,telecom,telecom,none,[mms_issue]bad_wifi_calling|break_apn_mms_setting|break_app_both_permissions|data_mode_off|data_usage_exceeded[PERSONA:Easy],telecom_0058,58,1,pending,0,tau2_full_flash_telecom_0058,C:\Users\86132\Desktop\SafeDesk\benchmarks\tau2-bench\data\simulations\tau2_full_flash_telecom_0058\results.json,,2026-07-09T22:52:17
tau2_full_flash,telecom,telecom,none,[mms_issue]bad_network_preference|bad_wifi_calling|break_apn_mms_setting|data_mode_off|user_abroad_roaming_enabled_off[PERSONA:None],telecom_0058,58,2,pending,0,tau2_full_flash_telecom_0058,C:\Users\86132\Desktop\SafeDesk\benchmarks\tau2-bench\data\simulations\tau2_full_flash_telecom_0058\results.json,,2026-07-09T22:52:17
tau2_full_flash,telecom,telecom,none,[mms_issue]bad_network_preference|bad_wifi_calling|break_app_sms_permission|data_mode_off|user_abroad_roaming_enabled_off[PERSONA:Easy],telecom_0058,58,3,pending,0,tau2_full_flash_telecom_0058,C:\Users\86132\Desktop\SafeDesk\benchmarks\tau2-bench\data\simulations\tau2_full_flash_telecom_0058\results.json,,2026-07-09T22:52:17
tau2_full_flash,telecom,telecom,none,[mms_issue]bad_network_preference|bad_wifi_calling|break_app_storage_permission|data_mode_off|user_abroad_roaming_enabled_off[PERSONA:Hard],telecom_0058,58,4,pending,0,tau2_full_flash_telecom_0058,C:\Users\86132\Desktop\SafeDesk\benchmarks\tau2-bench\data\simulations\tau2_full_flash_telecom_0058\results.json,,2026-07-09T22:52:17
tau2_full_flash,telecom,telecom,none,[mms_issue]bad_network_preference|bad_wifi_calling|break_app_both_permissions|data_mode_off|user_abroad_roaming_enabled_off[PERSONA:None],telecom_0058,58,5,pending,0,tau2_full_flash_telecom_0058,C:\Users\86132\Desktop\SafeDesk\benchmarks\tau2-bench\data\simulations\tau2_full_flash_telecom_0058\results.json,,2026-07-09T22:52:17
tau2_full_flash,telecom,telecom,none,[mms_issue]bad_network_preference|break_apn_mms_setting|break_app_sms_permission|data_mode_off|user_abroad_roaming_enabled_off[PERSONA:Easy],telecom_0058,58,6,pending,0,tau2_full_flash_telecom_0058,C:\Users\86132\Desktop\SafeDesk\benchmarks\tau2-bench\data\simulations\tau2_full_flash_telecom_0058\results.json,,2026-07-09T22:52:17
tau2_full_flash,telecom,telecom,none,[mms_issue]bad_network_preference|break_apn_mms_setting|break_app_storage_permission|data_mode_off|user_abroad_roaming_enabled_off[PERSONA:Hard],telecom_0058,58,7,pending,0,tau2_full_flash_telecom_0058,C:\Users\86132\Desktop\SafeDesk\benchmarks\tau2-bench\data\simulations\tau2_full_flash_telecom_0058\results.json,,2026-07-09T22:52:17
tau2_full_flash,telecom,telecom,none,[mms_issue]bad_network_preference|break_apn_mms_setting|break_app_both_permissions|data_mode_off|user_abroad_roaming_enabled_off[PERSONA:None],telecom_0058,58,8,pending,0,tau2_full_flash_telecom_0058,C:\Users\86132\Desktop\SafeDesk\benchmarks\tau2-bench\data\simulations\tau2_full_flash_telecom_0058\results.json,,2026-07-09T22:52:17
tau2_full_flash,telecom,telecom,none,[mms_issue]bad_wifi_calling|break_apn_mms_setting|break_app_sms_permission|data_mode_off|user_abroad_roaming_enabled_off[PERSONA:Easy],telecom_0058,58,9,pending,0,tau2_full_flash_telecom_0058,C:\Users\86132\Desktop\SafeDesk\benchmarks\tau2-bench\data\simulations\tau2_full_flash_telecom_0058\results.json,,2026-07-09T22:52:17
tau2_full_flash,telecom,telecom,none,[mms_issue]bad_wifi_calling|break_apn_mms_setting|break_app_storage_permission|data_mode_off|user_abroad_roaming_enabled_off[PERSONA:Hard],telecom_0058,58,10,pending,0,tau2_full_flash_telecom_0058,C:\Users\86132\Desktop\SafeDesk\benchmarks\tau2-bench\data\simulations\tau2_full_flash_telecom_0058\results.json,,2026-07-09T22:52:17
tau2_full_flash,telecom,telecom,none,[mms_issue]bad_wifi_calling|break_apn_mms_setting|break_app_both_permissions|data_mode_off|user_abroad_roaming_enabled_off[PERSONA:None],telecom_0058,58,11,pending,0,tau2_full_flash_telecom_0058,C:\Users\86132\Desktop\SafeDesk\benchmarks\tau2-bench\data\simulations\tau2_full_flash_telecom_0058\results.json,,2026-07-09T22:52:17
tau2_full_flash,telecom,telecom,none,[mms_issue]bad_network_preference|bad_wifi_calling|break_apn_mms_setting|data_mode_off|user_abroad_roaming_disabled_on[PERSONA:Easy],telecom_0058,58,12,pending,0,tau2_full_flash_telecom_0058,C:\Users\86132\Desktop\SafeDesk\benchmarks\tau2-bench\data\simulations\tau2_full_flash_telecom_0058\results.json,,2026-07-09T22:52:17
tau2_full_flash,telecom,telecom,none,[mms_issue]bad_network_preference|bad_wifi_calling|break_app_sms_permission|data_mode_off|user_abroad_roaming_disabled_on[PERSONA:Hard],telecom_0058,58,13,pending,0,tau2_full_flash_telecom_0058,C:\Users\86132\Desktop\SafeDesk\benchmarks\tau2-bench\data\simulations\tau2_full_flash_telecom_0058\results.json,,2026-07-09T22:52:17
tau2_full_flash,telecom,telecom,none,[mms_issue]bad_network_preference|bad_wifi_calling|break_app_storage_permission|data_mode_off|user_abroad_roaming_disabled_on[PERSONA:None],telecom_0058,58,14,pending,0,tau2_full_flash_telecom_0058,C:\Users\86132\Desktop\SafeDesk\benchmarks\tau2-bench\data\simulations\tau2_full_flash_telecom_0058\results.json,,2026-07-09T22:52:17
tau2_full_flash,telecom,telecom,none,[mms_issue]bad_network_preference|bad_wifi_calling|break_app_both_permissions|data_mode_off|user_abroad_roaming_disabled_on[PERSONA:Easy],telecom_0058,58,15,pending,0,tau2_full_flash_telecom_0058,C:\Users\86132\Desktop\SafeDesk\benchmarks\tau2-bench\data\simulations\tau2_full_flash_telecom_0058\results.json,,2026-07-09T22:52:17
tau2_full_flash,telecom,telecom,none,[mms_issue]bad_network_preference|break_apn_mms_setting|break_app_sms_permission|data_mode_off|user_abroad_roaming_disabled_on[PERSONA:Hard],telecom_0058,58,16,pending,0,tau2_full_flash_telecom_0058,C:\Users\86132\Desktop\SafeDesk\benchmarks\tau2-bench\data\simulations\tau2_full_flash_telecom_0058\results.json,,2026-07-09T22:52:17
tau2_full_flash,telecom,telecom,none,[mms_issue]bad_network_preference|break_apn_mms_setting|break_app_storage_permission|data_mode_off|user_abroad_roaming_disabled_on[PERSONA:None],telecom_0058,58,17,pending,0,tau2_full_flash_telecom_0058,C:\Users\86132\Desktop\SafeDesk\benchmarks\tau2-bench\data\simulations\tau2_full_flash_telecom_0058\results.json,,2026-07-09T22:52:17
tau2_full_flash,telecom,telecom,none,[mms_issue]bad_network_preference|break_apn_mms_setting|break_app_both_permissions|data_mode_off|user_abroad_roaming_disabled_on[PERSONA:Easy],telecom_0058,58,18,pending,0,tau2_full_flash_telecom_0058,C:\Users\86132\Desktop\SafeDesk\benchmarks\tau2-bench\data\simulations\tau2_full_flash_telecom_0058\results.json,,2026-07-09T22:52:17
tau2_full_flash,telecom,telecom,none,[mms_issue]bad_wifi_calling|break_apn_mms_setting|break_app_sms_permission|data_mode_off|user_abroad_roaming_disabled_on[PERSONA:Hard],telecom_0058,58,19,pending,0,tau2_full_flash_telecom_0058,C:\Users\86132\Desktop\SafeDesk\benchmarks\tau2-bench\data\simulations\tau2_full_flash_telecom_0058\results.json,,2026-07-09T22:52:17
tau2_full_flash,telecom,telecom,none,[mms_issue]bad_wifi_calling|break_apn_mms_setting|break_app_storage_permission|data_mode_off|user_abroad_roaming_disabled_on[PERSONA:None],telecom_0058,58,20,pending,0,tau2_full_flash_telecom_0058,C:\Users\86132\Desktop\SafeDesk\benchmarks\tau2-bench\data\simulations\tau2_full_flash_telecom_0058\results.json,,2026-07-09T22:52:17
tau2_full_flash,telecom,telecom,none,[mms_issue]bad_wifi_calling|break_apn_mms_setting|break_app_both_permissions|data_mode_off|user_abroad_roaming_disabled_on[PERSONA:Easy],telecom_0058,58,21,pending,0,tau2_full_flash_telecom_0058,C:\Users\86132\Desktop\SafeDesk\benchmarks\tau2-bench\data\simulations\tau2_full_flash_telecom_0058\results.json,,2026-07-09T22:52:17
tau2_full_flash,telecom,telecom,none,[mms_issue]bad_network_preference|bad_wifi_calling|break_apn_mms_setting|data_mode_off|user_abroad_roaming_disabled_off[PERSONA:Hard],telecom_0058,58,22,pending,0,tau2_full_flash_telecom_0058,C:\Users\86132\Desktop\SafeDesk\benchmarks\tau2-bench\data\simulations\tau2_full_flash_telecom_0058\results.json,,2026-07-09T22:52:17
tau2_full_flash,telecom,telecom,none,[mms_issue]bad_network_preference|bad_wifi_calling|break_app_sms_permission|data_mode_off|user_abroad_roaming_disabled_off[PERSONA:None],telecom_0058,58,23,pending,0,tau2_full_flash_telecom_0058,C:\Users\86132\Desktop\SafeDesk\benchmarks\tau2-bench\data\simulations\tau2_full_flash_telecom_0058\results.json,,2026-07-09T22:52:17
tau2_full_flash,telecom,telecom,none,[mms_issue]bad_network_preference|bad_wifi_calling|break_app_storage_permission|data_mode_off|user_abroad_roaming_disabled_off[PERSONA:Easy],telecom_0058,58,24,pending,0,tau2_full_flash_telecom_0058,C:\Users\86132\Desktop\SafeDesk\benchmarks\tau2-bench\data\simulations\tau2_full_flash_telecom_0058\results.json,,2026-07-09T22:52:17
tau2_full_flash,telecom,telecom,none,[mms_issue]bad_network_preference|bad_wifi_calling|break_app_both_permissions|data_mode_off|user_abroad_roaming_disabled_off[PERSONA:Hard],telecom_0059,59,0,pending,0,tau2_full_flash_telecom_0059,C:\Users\86132\Desktop\SafeDesk\benchmarks\tau2-bench\data\simulations\tau2_full_flash_telecom_0059\results.json,,2026-07-09T22:52:17
tau2_full_flash,telecom,telecom,none,[mms_issue]bad_network_preference|break_apn_mms_setting|break_app_sms_permission|data_mode_off|user_abroad_roaming_disabled_off[PERSONA:None],telecom_0059,59,1,pending,0,tau2_full_flash_telecom_0059,C:\Users\86132\Desktop\SafeDesk\benchmarks\tau2-bench\data\simulations\tau2_full_flash_telecom_0059\results.json,,2026-07-09T22:52:17
tau2_full_flash,telecom,telecom,none,[mms_issue]bad_network_preference|break_apn_mms_setting|break_app_storage_permission|data_mode_off|user_abroad_roaming_disabled_off[PERSONA:Easy],telecom_0059,59,2,pending,0,tau2_full_flash_telecom_0059,C:\Users\86132\Desktop\SafeDesk\benchmarks\tau2-bench\data\simulations\tau2_full_flash_telecom_0059\results.json,,2026-07-09T22:52:17
tau2_full_flash,telecom,telecom,none,[mms_issue]bad_network_preference|break_apn_mms_setting|break_app_both_permissions|data_mode_off|user_abroad_roaming_disabled_off[PERSONA:Hard],telecom_0059,59,3,pending,0,tau2_full_flash_telecom_0059,C:\Users\86132\Desktop\SafeDesk\benchmarks\tau2-bench\data\simulations\tau2_full_flash_telecom_0059\results.json,,2026-07-09T22:52:17
tau2_full_flash,telecom,telecom,none,[mms_issue]bad_wifi_calling|break_apn_mms_setting|break_app_sms_permission|data_mode_off|user_abroad_roaming_disabled_off[PERSONA:None],telecom_0059,59,4,pending,0,tau2_full_flash_telecom_0059,C:\Users\86132\Desktop\SafeDesk\benchmarks\tau2-bench\data\simulations\tau2_full_flash_telecom_0059\results.json,,2026-07-09T22:52:17
tau2_full_flash,telecom,telecom,none,[mms_issue]bad_wifi_calling|break_apn_mms_setting|break_app_storage_permission|data_mode_off|user_abroad_roaming_disabled_off[PERSONA:Easy],telecom_0059,59,5,pending,0,tau2_full_flash_telecom_0059,C:\Users\86132\Desktop\SafeDesk\benchmarks\tau2-bench\data\simulations\tau2_full_flash_telecom_0059\results.json,,2026-07-09T22:52:17
tau2_full_flash,telecom,telecom,none,[mms_issue]bad_wifi_calling|break_apn_mms_setting|break_app_both_permissions|data_mode_off|user_abroad_roaming_disabled_off[PERSONA:Hard],telecom_0059,59,6,pending,0,tau2_full_flash_telecom_0059,C:\Users\86132\Desktop\SafeDesk\benchmarks\tau2-bench\data\simulations\tau2_full_flash_telecom_0059\results.json,,2026-07-09T22:52:17
tau2_full_flash,telecom,telecom,none,[mms_issue]bad_network_preference|bad_wifi_calling|break_apn_mms_setting|break_app_sms_permission|data_mode_off[PERSONA:None],telecom_0059,59,7,pending,0,tau2_full_flash_telecom_0059,C:\Users\86132\Desktop\SafeDesk\benchmarks\tau2-bench\data\simulations\tau2_full_flash_telecom_0059\results.json,,2026-07-09T22:52:17
tau2_full_flash,telecom,telecom,none,[mms_issue]bad_network_preference|bad_wifi_calling|break_apn_mms_setting|break_app_storage_permission|data_mode_off[PERSONA:Easy],telecom_0059,59,8,pending,0,tau2_full_flash_telecom_0059,C:\Users\86132\Desktop\SafeDesk\benchmarks\tau2-bench\data\simulations\tau2_full_flash_telecom_0059\results.json,,2026-07-09T22:52:17
tau2_full_flash,telecom,telecom,none,[mms_issue]bad_network_preference|bad_wifi_calling|break_apn_mms_setting|break_app_both_permissions|data_mode_off[PERSONA:Hard],telecom_0059,59,9,pending,0,tau2_full_flash_telecom_0059,C:\Users\86132\Desktop\SafeDesk\benchmarks\tau2-bench\data\simulations\tau2_full_flash_telecom_0059\results.json,,2026-07-09T22:52:17
tau2_full_flash,telecom,telecom,none,[mms_issue]bad_network_preference|bad_wifi_calling|break_apn_mms_setting|data_usage_exceeded|user_abroad_roaming_enabled_off[PERSONA:None],telecom_0059,59,10,pending,0,tau2_full_flash_telecom_0059,C:\Users\86132\Desktop\SafeDesk\benchmarks\tau2-bench\data\simulations\tau2_full_flash_telecom_0059\results.json,,2026-07-09T22:52:17
tau2_full_flash,telecom,telecom,none,[mms_issue]bad_network_preference|bad_wifi_calling|break_app_sms_permission|data_usage_exceeded|user_abroad_roaming_enabled_off[PERSONA:Easy],telecom_0059,59,11,pending,0,tau2_full_flash_telecom_0059,C:\Users\86132\Desktop\SafeDesk\benchmarks\tau2-bench\data\simulations\tau2_full_flash_telecom_0059\results.json,,2026-07-09T22:52:17
tau2_full_flash,telecom,telecom,none,[mms_issue]bad_network_preference|bad_wifi_calling|break_app_storage_permission|data_usage_exceeded|user_abroad_roaming_enabled_off[PERSONA:Hard],telecom_0059,59,12,pending,0,tau2_full_flash_telecom_0059,C:\Users\86132\Desktop\SafeDesk\benchmarks\tau2-bench\data\simulations\tau2_full_flash_telecom_0059\results.json,,2026-07-09T22:52:17
tau2_full_flash,telecom,telecom,none,[mms_issue]bad_network_preference|bad_wifi_calling|break_app_both_permissions|data_usage_exceeded|user_abroad_roaming_enabled_off[PERSONA:None],telecom_0059,59,13,pending,0,tau2_full_flash_telecom_0059,C:\Users\86132\Desktop\SafeDesk\benchmarks\tau2-bench\data\simulations\tau2_full_flash_telecom_0059\results.json,,2026-07-09T22:52:17
tau2_full_flash,telecom,telecom,none,[mms_issue]bad_network_preference|break_apn_mms_setting|break_app_sms_permission|data_usage_exceeded|user_abroad_roaming_enabled_off[PERSONA:Easy],telecom_0059,59,14,pending,0,tau2_full_flash_telecom_0059,C:\Users\86132\Desktop\SafeDesk\benchmarks\tau2-bench\data\simulations\tau2_full_flash_telecom_0059\results.json,,2026-07-09T22:52:17
tau2_full_flash,telecom,telecom,none,[mms_issue]bad_network_preference|break_apn_mms_setting|break_app_storage_permission|data_usage_exceeded|user_abroad_roaming_enabled_off[PERSONA:Hard],telecom_0059,59,15,pending,0,tau2_full_flash_telecom_0059,C:\Users\86132\Desktop\SafeDesk\benchmarks\tau2-bench\data\simulations\tau2_full_flash_telecom_0059\results.json,,2026-07-09T22:52:17
tau2_full_flash,telecom,telecom,none,[mms_issue]bad_network_preference|break_apn_mms_setting|break_app_both_permissions|data_usage_exceeded|user_abroad_roaming_enabled_off[PERSONA:None],telecom_0059,59,16,pending,0,tau2_full_flash_telecom_0059,C:\Users\86132\Desktop\SafeDesk\benchmarks\tau2-bench\data\simulations\tau2_full_flash_telecom_0059\results.json,,2026-07-09T22:52:17
tau2_full_flash,telecom,telecom,none,[mms_issue]bad_wifi_calling|break_apn_mms_setting|break_app_sms_permission|data_usage_exceeded|user_abroad_roaming_enabled_off[PERSONA:Easy],telecom_0059,59,17,pending,0,tau2_full_flash_telecom_0059,C:\Users\86132\Desktop\SafeDesk\benchmarks\tau2-bench\data\simulations\tau2_full_flash_telecom_0059\results.json,,2026-07-09T22:52:17
tau2_full_flash,telecom,telecom,none,[mms_issue]bad_wifi_calling|break_apn_mms_setting|break_app_storage_permission|data_usage_exceeded|user_abroad_roaming_enabled_off[PERSONA:Hard],telecom_0059,59,18,pending,0,tau2_full_flash_telecom_0059,C:\Users\86132\Desktop\SafeDesk\benchmarks\tau2-bench\data\simulations\tau2_full_flash_telecom_0059\results.json,,2026-07-09T22:52:17
tau2_full_flash,telecom,telecom,none,[mms_issue]bad_wifi_calling|break_apn_mms_setting|break_app_both_permissions|data_usage_exceeded|user_abroad_roaming_enabled_off[PERSONA:None],telecom_0059,59,19,pending,0,tau2_full_flash_telecom_0059,C:\Users\86132\Desktop\SafeDesk\benchmarks\tau2-bench\data\simulations\tau2_full_flash_telecom_0059\results.json,,2026-07-09T22:52:17
tau2_full_flash,telecom,telecom,none,[mms_issue]bad_network_preference|bad_wifi_calling|break_apn_mms_setting|data_usage_exceeded|user_abroad_roaming_disabled_on[PERSONA:Easy],telecom_0059,59,20,pending,0,tau2_full_flash_telecom_0059,C:\Users\86132\Desktop\SafeDesk\benchmarks\tau2-bench\data\simulations\tau2_full_flash_telecom_0059\results.json,,2026-07-09T22:52:17
tau2_full_flash,telecom,telecom,none,[mms_issue]bad_network_preference|bad_wifi_calling|break_app_sms_permission|data_usage_exceeded|user_abroad_roaming_disabled_on[PERSONA:Hard],telecom_0059,59,21,pending,0,tau2_full_flash_telecom_0059,C:\Users\86132\Desktop\SafeDesk\benchmarks\tau2-bench\data\simulations\tau2_full_flash_telecom_0059\results.json,,2026-07-09T22:52:17
tau2_full_flash,telecom,telecom,none,[mms_issue]bad_network_preference|bad_wifi_calling|break_app_storage_permission|data_usage_exceeded|user_abroad_roaming_disabled_on[PERSONA:None],telecom_0059,59,22,pending,0,tau2_full_flash_telecom_0059,C:\Users\86132\Desktop\SafeDesk\benchmarks\tau2-bench\data\simulations\tau2_full_flash_telecom_0059\results.json,,2026-07-09T22:52:17
tau2_full_flash,telecom,telecom,none,[mms_issue]bad_network_preference|bad_wifi_calling|break_app_both_permissions|data_usage_exceeded|user_abroad_roaming_disabled_on[PERSONA:Easy],telecom_0059,59,23,pending,0,tau2_full_flash_telecom_0059,C:\Users\86132\Desktop\SafeDesk\benchmarks\tau2-bench\data\simulations\tau2_full_flash_telecom_0059\results.json,,2026-07-09T22:52:17
tau2_full_flash,telecom,telecom,none,[mms_issue]bad_network_preference|break_apn_mms_setting|break_app_sms_permission|data_usage_exceeded|user_abroad_roaming_disabled_on[PERSONA:Hard],telecom_0059,59,24,pending,0,tau2_full_flash_telecom_0059,C:\Users\86132\Desktop\SafeDesk\benchmarks\tau2-bench\data\simulations\tau2_full_flash_telecom_0059\results.json,,2026-07-09T22:52:17
tau2_full_flash,telecom,telecom,none,[mms_issue]bad_network_preference|break_apn_mms_setting|break_app_storage_permission|data_usage_exceeded|user_abroad_roaming_disabled_on[PERSONA:None],telecom_0060,60,0,pending,0,tau2_full_flash_telecom_0060,C:\Users\86132\Desktop\SafeDesk\benchmarks\tau2-bench\data\simulations\tau2_full_flash_telecom_0060\results.json,,2026-07-09T22:52:17
tau2_full_flash,telecom,telecom,none,[mms_issue]bad_network_preference|break_apn_mms_setting|break_app_both_permissions|data_usage_exceeded|user_abroad_roaming_disabled_on[PERSONA:Easy],telecom_0060,60,1,pending,0,tau2_full_flash_telecom_0060,C:\Users\86132\Desktop\SafeDesk\benchmarks\tau2-bench\data\simulations\tau2_full_flash_telecom_0060\results.json,,2026-07-09T22:52:17
tau2_full_flash,telecom,telecom,none,[mms_issue]bad_wifi_calling|break_apn_mms_setting|break_app_sms_permission|data_usage_exceeded|user_abroad_roaming_disabled_on[PERSONA:Hard],telecom_0060,60,2,pending,0,tau2_full_flash_telecom_0060,C:\Users\86132\Desktop\SafeDesk\benchmarks\tau2-bench\data\simulations\tau2_full_flash_telecom_0060\results.json,,2026-07-09T22:52:17
tau2_full_flash,telecom,telecom,none,[mms_issue]bad_wifi_calling|break_apn_mms_setting|break_app_storage_permission|data_usage_exceeded|user_abroad_roaming_disabled_on[PERSONA:None],telecom_0060,60,3,pending,0,tau2_full_flash_telecom_0060,C:\Users\86132\Desktop\SafeDesk\benchmarks\tau2-bench\data\simulations\tau2_full_flash_telecom_0060\results.json,,2026-07-09T22:52:17
tau2_full_flash,telecom,telecom,none,[mms_issue]bad_wifi_calling|break_apn_mms_setting|break_app_both_permissions|data_usage_exceeded|user_abroad_roaming_disabled_on[PERSONA:Easy],telecom_0060,60,4,pending,0,tau2_full_flash_telecom_0060,C:\Users\86132\Desktop\SafeDesk\benchmarks\tau2-bench\data\simulations\tau2_full_flash_telecom_0060\results.json,,2026-07-09T22:52:17
tau2_full_flash,telecom,telecom,none,[mms_issue]bad_network_preference|bad_wifi_calling|break_apn_mms_setting|data_usage_exceeded|user_abroad_roaming_disabled_off[PERSONA:Hard],telecom_0060,60,5,pending,0,tau2_full_flash_telecom_0060,C:\Users\86132\Desktop\SafeDesk\benchmarks\tau2-bench\data\simulations\tau2_full_flash_telecom_0060\results.json,,2026-07-09T22:52:17
tau2_full_flash,telecom,telecom,none,[mms_issue]bad_network_preference|bad_wifi_calling|break_app_sms_permission|data_usage_exceeded|user_abroad_roaming_disabled_off[PERSONA:None],telecom_0060,60,6,pending,0,tau2_full_flash_telecom_0060,C:\Users\86132\Desktop\SafeDesk\benchmarks\tau2-bench\data\simulations\tau2_full_flash_telecom_0060\results.json,,2026-07-09T22:52:17
tau2_full_flash,telecom,telecom,none,[mms_issue]bad_network_preference|bad_wifi_calling|break_app_storage_permission|data_usage_exceeded|user_abroad_roaming_disabled_off[PERSONA:Easy],telecom_0060,60,7,pending,0,tau2_full_flash_telecom_0060,C:\Users\86132\Desktop\SafeDesk\benchmarks\tau2-bench\data\simulations\tau2_full_flash_telecom_0060\results.json,,2026-07-09T22:52:17
tau2_full_flash,telecom,telecom,none,[mms_issue]bad_network_preference|bad_wifi_calling|break_app_both_permissions|data_usage_exceeded|user_abroad_roaming_disabled_off[PERSONA:Hard],telecom_0060,60,8,pending,0,tau2_full_flash_telecom_0060,C:\Users\86132\Desktop\SafeDesk\benchmarks\tau2-bench\data\simulations\tau2_full_flash_telecom_0060\results.json,,2026-07-09T22:52:17
tau2_full_flash,telecom,telecom,none,[mms_issue]bad_network_preference|break_apn_mms_setting|break_app_sms_permission|data_usage_exceeded|user_abroad_roaming_disabled_off[PERSONA:None],telecom_0060,60,9,pending,0,tau2_full_flash_telecom_0060,C:\Users\86132\Desktop\SafeDesk\benchmarks\tau2-bench\data\simulations\tau2_full_flash_telecom_0060\results.json,,2026-07-09T22:52:17
tau2_full_flash,telecom,telecom,none,[mms_issue]bad_network_preference|break_apn_mms_setting|break_app_storage_permission|data_usage_exceeded|user_abroad_roaming_disabled_off[PERSONA:Easy],telecom_0060,60,10,pending,0,tau2_full_flash_telecom_0060,C:\Users\86132\Desktop\SafeDesk\benchmarks\tau2-bench\data\simulations\tau2_full_flash_telecom_0060\results.json,,2026-07-09T22:52:17
tau2_full_flash,telecom,telecom,none,[mms_issue]bad_network_preference|break_apn_mms_setting|break_app_both_permissions|data_usage_exceeded|user_abroad_roaming_disabled_off[PERSONA:Hard],telecom_0060,60,11,pending,0,tau2_full_flash_telecom_0060,C:\Users\86132\Desktop\SafeDesk\benchmarks\tau2-bench\data\simulations\tau2_full_flash_telecom_0060\results.json,,2026-07-09T22:52:17
tau2_full_flash,telecom,telecom,none,[mms_issue]bad_wifi_calling|break_apn_mms_setting|break_app_sms_permission|data_usage_exceeded|user_abroad_roaming_disabled_off[PERSONA:None],telecom_0060,60,12,pending,0,tau2_full_flash_telecom_0060,C:\Users\86132\Desktop\SafeDesk\benchmarks\tau2-bench\data\simulations\tau2_full_flash_telecom_0060\results.json,,2026-07-09T22:52:17
tau2_full_flash,telecom,telecom,none,[mms_issue]bad_wifi_calling|break_apn_mms_setting|break_app_storage_permission|data_usage_exceeded|user_abroad_roaming_disabled_off[PERSONA:Easy],telecom_0060,60,13,pending,0,tau2_full_flash_telecom_0060,C:\Users\86132\Desktop\SafeDesk\benchmarks\tau2-bench\data\simulations\tau2_full_flash_telecom_0060\results.json,,2026-07-09T22:52:17
tau2_full_flash,telecom,telecom,none,[mms_issue]bad_wifi_calling|break_apn_mms_setting|break_app_both_permissions|data_usage_exceeded|user_abroad_roaming_disabled_off[PERSONA:Hard],telecom_0060,60,14,pending,0,tau2_full_flash_telecom_0060,C:\Users\86132\Desktop\SafeDesk\benchmarks\tau2-bench\data\simulations\tau2_full_flash_telecom_0060\results.json,,2026-07-09T22:52:17
tau2_full_flash,telecom,telecom,none,[mms_issue]bad_network_preference|bad_wifi_calling|break_apn_mms_setting|break_app_sms_permission|data_usage_exceeded[PERSONA:None],telecom_0060,60,15,pending,0,tau2_full_flash_telecom_0060,C:\Users\86132\Desktop\SafeDesk\benchmarks\tau2-bench\data\simulations\tau2_full_flash_telecom_0060\results.json,,2026-07-09T22:52:17
tau2_full_flash,telecom,telecom,none,[mms_issue]bad_network_preference|bad_wifi_calling|break_apn_mms_setting|break_app_storage_permission|data_usage_exceeded[PERSONA:Easy],telecom_0060,60,16,pending,0,tau2_full_flash_telecom_0060,C:\Users\86132\Desktop\SafeDesk\benchmarks\tau2-bench\data\simulations\tau2_full_flash_telecom_0060\results.json,,2026-07-09T22:52:17
tau2_full_flash,telecom,telecom,none,[mms_issue]bad_network_preference|bad_wifi_calling|break_apn_mms_setting|break_app_both_permissions|data_usage_exceeded[PERSONA:Hard],telecom_0060,60,17,pending,0,tau2_full_flash_telecom_0060,C:\Users\86132\Desktop\SafeDesk\benchmarks\tau2-bench\data\simulations\tau2_full_flash_telecom_0060\results.json,,2026-07-09T22:52:17
tau2_full_flash,telecom,telecom,none,[mms_issue]bad_network_preference|bad_wifi_calling|break_apn_mms_setting|break_app_sms_permission|user_abroad_roaming_enabled_off[PERSONA:None],telecom_0060,60,18,pending,0,tau2_full_flash_telecom_0060,C:\Users\86132\Desktop\SafeDesk\benchmarks\tau2-bench\data\simulations\tau2_full_flash_telecom_0060\results.json,,2026-07-09T22:52:17
tau2_full_flash,telecom,telecom,none,[mms_issue]bad_network_preference|bad_wifi_calling|break_apn_mms_setting|break_app_storage_permission|user_abroad_roaming_enabled_off[PERSONA:Easy],telecom_0060,60,19,pending,0,tau2_full_flash_telecom_0060,C:\Users\86132\Desktop\SafeDesk\benchmarks\tau2-bench\data\simulations\tau2_full_flash_telecom_0060\results.json,,2026-07-09T22:52:17
tau2_full_flash,telecom,telecom,none,[mms_issue]bad_network_preference|bad_wifi_calling|break_apn_mms_setting|break_app_both_permissions|user_abroad_roaming_enabled_off[PERSONA:Hard],telecom_0060,60,20,pending,0,tau2_full_flash_telecom_0060,C:\Users\86132\Desktop\SafeDesk\benchmarks\tau2-bench\data\simulations\tau2_full_flash_telecom_0060\results.json,,2026-07-09T22:52:17
tau2_full_flash,telecom,telecom,none,[mms_issue]bad_network_preference|bad_wifi_calling|break_apn_mms_setting|break_app_sms_permission|user_abroad_roaming_disabled_on[PERSONA:None],telecom_0060,60,21,pending,0,tau2_full_flash_telecom_0060,C:\Users\86132\Desktop\SafeDesk\benchmarks\tau2-bench\data\simulations\tau2_full_flash_telecom_0060\results.json,,2026-07-09T22:52:17
tau2_full_flash,telecom,telecom,none,[mms_issue]bad_network_preference|bad_wifi_calling|break_apn_mms_setting|break_app_storage_permission|user_abroad_roaming_disabled_on[PERSONA:Easy],telecom_0060,60,22,pending,0,tau2_full_flash_telecom_0060,C:\Users\86132\Desktop\SafeDesk\benchmarks\tau2-bench\data\simulations\tau2_full_flash_telecom_0060\results.json,,2026-07-09T22:52:17
tau2_full_flash,telecom,telecom,none,[mms_issue]bad_network_preference|bad_wifi_calling|break_apn_mms_setting|break_app_both_permissions|user_abroad_roaming_disabled_on[PERSONA:Hard],telecom_0060,60,23,pending,0,tau2_full_flash_telecom_0060,C:\Users\86132\Desktop\SafeDesk\benchmarks\tau2-bench\data\simulations\tau2_full_flash_telecom_0060\results.json,,2026-07-09T22:52:17
tau2_full_flash,telecom,telecom,none,[mms_issue]bad_network_preference|bad_wifi_calling|break_apn_mms_setting|break_app_sms_permission|user_abroad_roaming_disabled_off[PERSONA:None],telecom_0060,60,24,pending,0,tau2_full_flash_telecom_0060,C:\Users\86132\Desktop\SafeDesk\benchmarks\tau2-bench\data\simulations\tau2_full_flash_telecom_0060\results.json,,2026-07-09T22:52:17
tau2_full_flash,telecom,telecom,none,[mms_issue]bad_network_preference|bad_wifi_calling|break_apn_mms_setting|break_app_storage_permission|user_abroad_roaming_disabled_off[PERSONA:Easy],telecom_0061,61,0,pending,0,tau2_full_flash_telecom_0061,C:\Users\86132\Desktop\SafeDesk\benchmarks\tau2-bench\data\simulations\tau2_full_flash_telecom_0061\results.json,,2026-07-09T22:52:17
tau2_full_flash,telecom,telecom,none,[mms_issue]bad_network_preference|bad_wifi_calling|break_apn_mms_setting|break_app_both_permissions|user_abroad_roaming_disabled_off[PERSONA:Hard],telecom_0061,61,1,pending,0,tau2_full_flash_telecom_0061,C:\Users\86132\Desktop\SafeDesk\benchmarks\tau2-bench\data\simulations\tau2_full_flash_telecom_0061\results.json,,2026-07-09T22:52:17
tau2_full_flash,telecom,telecom,none,[mms_issue]airplane_mode_on|bad_network_preference|data_mode_off|data_usage_exceeded|unseat_sim_card|user_abroad_roaming_enabled_off[PERSONA:None],telecom_0061,61,2,pending,0,tau2_full_flash_telecom_0061,C:\Users\86132\Desktop\SafeDesk\benchmarks\tau2-bench\data\simulations\tau2_full_flash_telecom_0061\results.json,,2026-07-09T22:52:17
tau2_full_flash,telecom,telecom,none,[mms_issue]airplane_mode_on|bad_wifi_calling|data_mode_off|data_usage_exceeded|unseat_sim_card|user_abroad_roaming_enabled_off[PERSONA:Easy],telecom_0061,61,3,pending,0,tau2_full_flash_telecom_0061,C:\Users\86132\Desktop\SafeDesk\benchmarks\tau2-bench\data\simulations\tau2_full_flash_telecom_0061\results.json,,2026-07-09T22:52:17
tau2_full_flash,telecom,telecom,none,[mms_issue]airplane_mode_on|break_apn_mms_setting|data_mode_off|data_usage_exceeded|unseat_sim_card|user_abroad_roaming_enabled_off[PERSONA:Hard],telecom_0061,61,4,pending,0,tau2_full_flash_telecom_0061,C:\Users\86132\Desktop\SafeDesk\benchmarks\tau2-bench\data\simulations\tau2_full_flash_telecom_0061\results.json,,2026-07-09T22:52:17
tau2_full_flash,telecom,telecom,none,[mms_issue]airplane_mode_on|break_app_sms_permission|data_mode_off|data_usage_exceeded|unseat_sim_card|user_abroad_roaming_enabled_off[PERSONA:None],telecom_0061,61,5,pending,0,tau2_full_flash_telecom_0061,C:\Users\86132\Desktop\SafeDesk\benchmarks\tau2-bench\data\simulations\tau2_full_flash_telecom_0061\results.json,,2026-07-09T22:52:17
tau2_full_flash,telecom,telecom,none,[mms_issue]airplane_mode_on|break_app_storage_permission|data_mode_off|data_usage_exceeded|unseat_sim_card|user_abroad_roaming_enabled_off[PERSONA:Easy],telecom_0061,61,6,pending,0,tau2_full_flash_telecom_0061,C:\Users\86132\Desktop\SafeDesk\benchmarks\tau2-bench\data\simulations\tau2_full_flash_telecom_0061\results.json,,2026-07-09T22:52:17
tau2_full_flash,telecom,telecom,none,[mms_issue]airplane_mode_on|break_app_both_permissions|data_mode_off|data_usage_exceeded|unseat_sim_card|user_abroad_roaming_enabled_off[PERSONA:Hard],telecom_0061,61,7,pending,0,tau2_full_flash_telecom_0061,C:\Users\86132\Desktop\SafeDesk\benchmarks\tau2-bench\data\simulations\tau2_full_flash_telecom_0061\results.json,,2026-07-09T22:52:17
tau2_full_flash,telecom,telecom,none,[mms_issue]airplane_mode_on|bad_network_preference|data_mode_off|data_usage_exceeded|unseat_sim_card|user_abroad_roaming_disabled_on[PERSONA:None],telecom_0061,61,8,pending,0,tau2_full_flash_telecom_0061,C:\Users\86132\Desktop\SafeDesk\benchmarks\tau2-bench\data\simulations\tau2_full_flash_telecom_0061\results.json,,2026-07-09T22:52:17
tau2_full_flash,telecom,telecom,none,[mms_issue]airplane_mode_on|bad_wifi_calling|data_mode_off|data_usage_exceeded|unseat_sim_card|user_abroad_roaming_disabled_on[PERSONA:Easy],telecom_0061,61,9,pending,0,tau2_full_flash_telecom_0061,C:\Users\86132\Desktop\SafeDesk\benchmarks\tau2-bench\data\simulations\tau2_full_flash_telecom_0061\results.json,,2026-07-09T22:52:17
tau2_full_flash,telecom,telecom,none,[mms_issue]airplane_mode_on|break_apn_mms_setting|data_mode_off|data_usage_exceeded|unseat_sim_card|user_abroad_roaming_disabled_on[PERSONA:Hard],telecom_0061,61,10,pending,0,tau2_full_flash_telecom_0061,C:\Users\86132\Desktop\SafeDesk\benchmarks\tau2-bench\data\simulations\tau2_full_flash_telecom_0061\results.json,,2026-07-09T22:52:17
tau2_full_flash,telecom,telecom,none,[mms_issue]airplane_mode_on|break_app_sms_permission|data_mode_off|data_usage_exceeded|unseat_sim_card|user_abroad_roaming_disabled_on[PERSONA:None],telecom_0061,61,11,pending,0,tau2_full_flash_telecom_0061,C:\Users\86132\Desktop\SafeDesk\benchmarks\tau2-bench\data\simulations\tau2_full_flash_telecom_0061\results.json,,2026-07-09T22:52:17
tau2_full_flash,telecom,telecom,none,[mms_issue]airplane_mode_on|break_app_storage_permission|data_mode_off|data_usage_exceeded|unseat_sim_card|user_abroad_roaming_disabled_on[PERSONA:Easy],telecom_0061,61,12,pending,0,tau2_full_flash_telecom_0061,C:\Users\86132\Desktop\SafeDesk\benchmarks\tau2-bench\data\simulations\tau2_full_flash_telecom_0061\results.json,,2026-07-09T22:52:17
tau2_full_flash,telecom,telecom,none,[mms_issue]airplane_mode_on|break_app_both_permissions|data_mode_off|data_usage_exceeded|unseat_sim_card|user_abroad_roaming_disabled_on[PERSONA:Hard],telecom_0061,61,13,pending,0,tau2_full_flash_telecom_0061,C:\Users\86132\Desktop\SafeDesk\benchmarks\tau2-bench\data\simulations\tau2_full_flash_telecom_0061\results.json,,2026-07-09T22:52:17
tau2_full_flash,telecom,telecom,none,[mms_issue]airplane_mode_on|bad_network_preference|data_mode_off|data_usage_exceeded|unseat_sim_card|user_abroad_roaming_disabled_off[PERSONA:None],telecom_0061,61,14,pending,0,tau2_full_flash_telecom_0061,C:\Users\86132\Desktop\SafeDesk\benchmarks\tau2-bench\data\simulations\tau2_full_flash_telecom_0061\results.json,,2026-07-09T22:52:17
tau2_full_flash,telecom,telecom,none,[mms_issue]airplane_mode_on|bad_wifi_calling|data_mode_off|data_usage_exceeded|unseat_sim_card|user_abroad_roaming_disabled_off[PERSONA:Easy],telecom_0061,61,15,pending,0,tau2_full_flash_telecom_0061,C:\Users\86132\Desktop\SafeDesk\benchmarks\tau2-bench\data\simulations\tau2_full_flash_telecom_0061\results.json,,2026-07-09T22:52:17
tau2_full_flash,telecom,telecom,none,[mms_issue]airplane_mode_on|break_apn_mms_setting|data_mode_off|data_usage_exceeded|unseat_sim_card|user_abroad_roaming_disabled_off[PERSONA:Hard],telecom_0061,61,16,pending,0,tau2_full_flash_telecom_0061,C:\Users\86132\Desktop\SafeDesk\benchmarks\tau2-bench\data\simulations\tau2_full_flash_telecom_0061\results.json,,2026-07-09T22:52:17
tau2_full_flash,telecom,telecom,none,[mms_issue]airplane_mode_on|break_app_sms_permission|data_mode_off|data_usage_exceeded|unseat_sim_card|user_abroad_roaming_disabled_off[PERSONA:None],telecom_0061,61,17,pending,0,tau2_full_flash_telecom_0061,C:\Users\86132\Desktop\SafeDesk\benchmarks\tau2-bench\data\simulations\tau2_full_flash_telecom_0061\results.json,,2026-07-09T22:52:17
tau2_full_flash,telecom,telecom,none,[mms_issue]airplane_mode_on|break_app_storage_permission|data_mode_off|data_usage_exceeded|unseat_sim_card|user_abroad_roaming_disabled_off[PERSONA:Easy],telecom_0061,61,18,pending,0,tau2_full_flash_telecom_0061,C:\Users\86132\Desktop\SafeDesk\benchmarks\tau2-bench\data\simulations\tau2_full_flash_telecom_0061\results.json,,2026-07-09T22:52:17
tau2_full_flash,telecom,telecom,none,[mms_issue]airplane_mode_on|break_app_both_permissions|data_mode_off|data_usage_exceeded|unseat_sim_card|user_abroad_roaming_disabled_off[PERSONA:Hard],telecom_0061,61,19,pending,0,tau2_full_flash_telecom_0061,C:\Users\86132\Desktop\SafeDesk\benchmarks\tau2-bench\data\simulations\tau2_full_flash_telecom_0061\results.json,,2026-07-09T22:52:17
tau2_full_flash,telecom,telecom,none,[mms_issue]airplane_mode_on|bad_network_preference|bad_wifi_calling|data_mode_off|data_usage_exceeded|unseat_sim_card[PERSONA:None],telecom_0061,61,20,pending,0,tau2_full_flash_telecom_0061,C:\Users\86132\Desktop\SafeDesk\benchmarks\tau2-bench\data\simulations\tau2_full_flash_telecom_0061\results.json,,2026-07-09T22:52:17
tau2_full_flash,telecom,telecom,none,[mms_issue]airplane_mode_on|bad_network_preference|break_apn_mms_setting|data_mode_off|data_usage_exceeded|unseat_sim_card[PERSONA:Easy],telecom_0061,61,21,pending,0,tau2_full_flash_telecom_0061,C:\Users\86132\Desktop\SafeDesk\benchmarks\tau2-bench\data\simulations\tau2_full_flash_telecom_0061\results.json,,2026-07-09T22:52:17
tau2_full_flash,telecom,telecom,none,[mms_issue]airplane_mode_on|bad_network_preference|break_app_sms_permission|data_mode_off|data_usage_exceeded|unseat_sim_card[PERSONA:Hard],telecom_0061,61,22,pending,0,tau2_full_flash_telecom_0061,C:\Users\86132\Desktop\SafeDesk\benchmarks\tau2-bench\data\simulations\tau2_full_flash_telecom_0061\results.json,,2026-07-09T22:52:17
tau2_full_flash,telecom,telecom,none,[mms_issue]airplane_mode_on|bad_network_preference|break_app_storage_permission|data_mode_off|data_usage_exceeded|unseat_sim_card[PERSONA:None],telecom_0061,61,23,pending,0,tau2_full_flash_telecom_0061,C:\Users\86132\Desktop\SafeDesk\benchmarks\tau2-bench\data\simulations\tau2_full_flash_telecom_0061\results.json,,2026-07-09T22:52:17
tau2_full_flash,telecom,telecom,none,[mms_issue]airplane_mode_on|bad_network_preference|break_app_both_permissions|data_mode_off|data_usage_exceeded|unseat_sim_card[PERSONA:Easy],telecom_0061,61,24,pending,0,tau2_full_flash_telecom_0061,C:\Users\86132\Desktop\SafeDesk\benchmarks\tau2-bench\data\simulations\tau2_full_flash_telecom_0061\results.json,,2026-07-09T22:52:17
tau2_full_flash,telecom,telecom,none,[mms_issue]airplane_mode_on|bad_wifi_calling|break_apn_mms_setting|data_mode_off|data_usage_exceeded|unseat_sim_card[PERSONA:Hard],telecom_0062,62,0,pending,0,tau2_full_flash_telecom_0062,C:\Users\86132\Desktop\SafeDesk\benchmarks\tau2-bench\data\simulations\tau2_full_flash_telecom_0062\results.json,,2026-07-09T22:52:17
tau2_full_flash,telecom,telecom,none,[mms_issue]airplane_mode_on|bad_wifi_calling|break_app_sms_permission|data_mode_off|data_usage_exceeded|unseat_sim_card[PERSONA:None],telecom_0062,62,1,pending,0,tau2_full_flash_telecom_0062,C:\Users\86132\Desktop\SafeDesk\benchmarks\tau2-bench\data\simulations\tau2_full_flash_telecom_0062\results.json,,2026-07-09T22:52:17
tau2_full_flash,telecom,telecom,none,[mms_issue]airplane_mode_on|bad_wifi_calling|break_app_storage_permission|data_mode_off|data_usage_exceeded|unseat_sim_card[PERSONA:Easy],telecom_0062,62,2,pending,0,tau2_full_flash_telecom_0062,C:\Users\86132\Desktop\SafeDesk\benchmarks\tau2-bench\data\simulations\tau2_full_flash_telecom_0062\results.json,,2026-07-09T22:52:17
tau2_full_flash,telecom,telecom,none,[mms_issue]airplane_mode_on|bad_wifi_calling|break_app_both_permissions|data_mode_off|data_usage_exceeded|unseat_sim_card[PERSONA:Hard],telecom_0062,62,3,pending,0,tau2_full_flash_telecom_0062,C:\Users\86132\Desktop\SafeDesk\benchmarks\tau2-bench\data\simulations\tau2_full_flash_telecom_0062\results.json,,2026-07-09T22:52:17
tau2_full_flash,telecom,telecom,none,[mms_issue]airplane_mode_on|break_apn_mms_setting|break_app_sms_permission|data_mode_off|data_usage_exceeded|unseat_sim_card[PERSONA:None],telecom_0062,62,4,pending,0,tau2_full_flash_telecom_0062,C:\Users\86132\Desktop\SafeDesk\benchmarks\tau2-bench\data\simulations\tau2_full_flash_telecom_0062\results.json,,2026-07-09T22:52:17
tau2_full_flash,telecom,telecom,none,[mms_issue]airplane_mode_on|break_apn_mms_setting|break_app_storage_permission|data_mode_off|data_usage_exceeded|unseat_sim_card[PERSONA:Easy],telecom_0062,62,5,pending,0,tau2_full_flash_telecom_0062,C:\Users\86132\Desktop\SafeDesk\benchmarks\tau2-bench\data\simulations\tau2_full_flash_telecom_0062\results.json,,2026-07-09T22:52:17
tau2_full_flash,telecom,telecom,none,[mms_issue]airplane_mode_on|break_apn_mms_setting|break_app_both_permissions|data_mode_off|data_usage_exceeded|unseat_sim_card[PERSONA:Hard],telecom_0062,62,6,pending,0,tau2_full_flash_telecom_0062,C:\Users\86132\Desktop\SafeDesk\benchmarks\tau2-bench\data\simulations\tau2_full_flash_telecom_0062\results.json,,2026-07-09T22:52:17
tau2_full_flash,telecom,telecom,none,[mms_issue]airplane_mode_on|bad_network_preference|bad_wifi_calling|data_mode_off|unseat_sim_card|user_abroad_roaming_enabled_off[PERSONA:None],telecom_0062,62,7,pending,0,tau2_full_flash_telecom_0062,C:\Users\86132\Desktop\SafeDesk\benchmarks\tau2-bench\data\simulations\tau2_full_flash_telecom_0062\results.json,,2026-07-09T22:52:17
tau2_full_flash,telecom,telecom,none,[mms_issue]airplane_mode_on|bad_network_preference|break_apn_mms_setting|data_mode_off|unseat_sim_card|user_abroad_roaming_enabled_off[PERSONA:Easy],telecom_0062,62,8,pending,0,tau2_full_flash_telecom_0062,C:\Users\86132\Desktop\SafeDesk\benchmarks\tau2-bench\data\simulations\tau2_full_flash_telecom_0062\results.json,,2026-07-09T22:52:17
tau2_full_flash,telecom,telecom,none,[mms_issue]airplane_mode_on|bad_network_preference|break_app_sms_permission|data_mode_off|unseat_sim_card|user_abroad_roaming_enabled_off[PERSONA:Hard],telecom_0062,62,9,pending,0,tau2_full_flash_telecom_0062,C:\Users\86132\Desktop\SafeDesk\benchmarks\tau2-bench\data\simulations\tau2_full_flash_telecom_0062\results.json,,2026-07-09T22:52:17
tau2_full_flash,telecom,telecom,none,[mms_issue]airplane_mode_on|bad_network_preference|break_app_storage_permission|data_mode_off|unseat_sim_card|user_abroad_roaming_enabled_off[PERSONA:None],telecom_0062,62,10,pending,0,tau2_full_flash_telecom_0062,C:\Users\86132\Desktop\SafeDesk\benchmarks\tau2-bench\data\simulations\tau2_full_flash_telecom_0062\results.json,,2026-07-09T22:52:17
tau2_full_flash,telecom,telecom,none,[mms_issue]airplane_mode_on|bad_network_preference|break_app_both_permissions|data_mode_off|unseat_sim_card|user_abroad_roaming_enabled_off[PERSONA:Easy],telecom_0062,62,11,pending,0,tau2_full_flash_telecom_0062,C:\Users\86132\Desktop\SafeDesk\benchmarks\tau2-bench\data\simulations\tau2_full_flash_telecom_0062\results.json,,2026-07-09T22:52:17
tau2_full_flash,telecom,telecom,none,[mms_issue]airplane_mode_on|bad_wifi_calling|break_apn_mms_setting|data_mode_off|unseat_sim_card|user_abroad_roaming_enabled_off[PERSONA:Hard],telecom_0062,62,12,pending,0,tau2_full_flash_telecom_0062,C:\Users\86132\Desktop\SafeDesk\benchmarks\tau2-bench\data\simulations\tau2_full_flash_telecom_0062\results.json,,2026-07-09T22:52:17
tau2_full_flash,telecom,telecom,none,[mms_issue]airplane_mode_on|bad_wifi_calling|break_app_sms_permission|data_mode_off|unseat_sim_card|user_abroad_roaming_enabled_off[PERSONA:None],telecom_0062,62,13,pending,0,tau2_full_flash_telecom_0062,C:\Users\86132\Desktop\SafeDesk\benchmarks\tau2-bench\data\simulations\tau2_full_flash_telecom_0062\results.json,,2026-07-09T22:52:17
tau2_full_flash,telecom,telecom,none,[mms_issue]airplane_mode_on|bad_wifi_calling|break_app_storage_permission|data_mode_off|unseat_sim_card|user_abroad_roaming_enabled_off[PERSONA:Easy],telecom_0062,62,14,pending,0,tau2_full_flash_telecom_0062,C:\Users\86132\Desktop\SafeDesk\benchmarks\tau2-bench\data\simulations\tau2_full_flash_telecom_0062\results.json,,2026-07-09T22:52:17
tau2_full_flash,telecom,telecom,none,[mms_issue]airplane_mode_on|bad_wifi_calling|break_app_both_permissions|data_mode_off|unseat_sim_card|user_abroad_roaming_enabled_off[PERSONA:Hard],telecom_0062,62,15,pending,0,tau2_full_flash_telecom_0062,C:\Users\86132\Desktop\SafeDesk\benchmarks\tau2-bench\data\simulations\tau2_full_flash_telecom_0062\results.json,,2026-07-09T22:52:17
tau2_full_flash,telecom,telecom,none,[mms_issue]airplane_mode_on|break_apn_mms_setting|break_app_sms_permission|data_mode_off|unseat_sim_card|user_abroad_roaming_enabled_off[PERSONA:None],telecom_0062,62,16,pending,0,tau2_full_flash_telecom_0062,C:\Users\86132\Desktop\SafeDesk\benchmarks\tau2-bench\data\simulations\tau2_full_flash_telecom_0062\results.json,,2026-07-09T22:52:17
tau2_full_flash,telecom,telecom,none,[mms_issue]airplane_mode_on|break_apn_mms_setting|break_app_storage_permission|data_mode_off|unseat_sim_card|user_abroad_roaming_enabled_off[PERSONA:Easy],telecom_0062,62,17,pending,0,tau2_full_flash_telecom_0062,C:\Users\86132\Desktop\SafeDesk\benchmarks\tau2-bench\data\simulations\tau2_full_flash_telecom_0062\results.json,,2026-07-09T22:52:17
tau2_full_flash,telecom,telecom,none,[mms_issue]airplane_mode_on|break_apn_mms_setting|break_app_both_permissions|data_mode_off|unseat_sim_card|user_abroad_roaming_enabled_off[PERSONA:Hard],telecom_0062,62,18,pending,0,tau2_full_flash_telecom_0062,C:\Users\86132\Desktop\SafeDesk\benchmarks\tau2-bench\data\simulations\tau2_full_flash_telecom_0062\results.json,,2026-07-09T22:52:17
tau2_full_flash,telecom,telecom,none,[mms_issue]airplane_mode_on|bad_network_preference|bad_wifi_calling|data_mode_off|unseat_sim_card|user_abroad_roaming_disabled_on[PERSONA:None],telecom_0062,62,19,pending,0,tau2_full_flash_telecom_0062,C:\Users\86132\Desktop\SafeDesk\benchmarks\tau2-bench\data\simulations\tau2_full_flash_telecom_0062\results.json,,2026-07-09T22:52:17
tau2_full_flash,telecom,telecom,none,[mms_issue]airplane_mode_on|bad_network_preference|break_apn_mms_setting|data_mode_off|unseat_sim_card|user_abroad_roaming_disabled_on[PERSONA:Easy],telecom_0062,62,20,pending,0,tau2_full_flash_telecom_0062,C:\Users\86132\Desktop\SafeDesk\benchmarks\tau2-bench\data\simulations\tau2_full_flash_telecom_0062\results.json,,2026-07-09T22:52:17
tau2_full_flash,telecom,telecom,none,[mms_issue]airplane_mode_on|bad_network_preference|break_app_sms_permission|data_mode_off|unseat_sim_card|user_abroad_roaming_disabled_on[PERSONA:Hard],telecom_0062,62,21,pending,0,tau2_full_flash_telecom_0062,C:\Users\86132\Desktop\SafeDesk\benchmarks\tau2-bench\data\simulations\tau2_full_flash_telecom_0062\results.json,,2026-07-09T22:52:17
tau2_full_flash,telecom,telecom,none,[mms_issue]airplane_mode_on|bad_network_preference|break_app_storage_permission|data_mode_off|unseat_sim_card|user_abroad_roaming_disabled_on[PERSONA:None],telecom_0062,62,22,pending,0,tau2_full_flash_telecom_0062,C:\Users\86132\Desktop\SafeDesk\benchmarks\tau2-bench\data\simulations\tau2_full_flash_telecom_0062\results.json,,2026-07-09T22:52:17
tau2_full_flash,telecom,telecom,none,[mms_issue]airplane_mode_on|bad_network_preference|break_app_both_permissions|data_mode_off|unseat_sim_card|user_abroad_roaming_disabled_on[PERSONA:Easy],telecom_0062,62,23,pending,0,tau2_full_flash_telecom_0062,C:\Users\86132\Desktop\SafeDesk\benchmarks\tau2-bench\data\simulations\tau2_full_flash_telecom_0062\results.json,,2026-07-09T22:52:17
tau2_full_flash,telecom,telecom,none,[mms_issue]airplane_mode_on|bad_wifi_calling|break_apn_mms_setting|data_mode_off|unseat_sim_card|user_abroad_roaming_disabled_on[PERSONA:Hard],telecom_0062,62,24,pending,0,tau2_full_flash_telecom_0062,C:\Users\86132\Desktop\SafeDesk\benchmarks\tau2-bench\data\simulations\tau2_full_flash_telecom_0062\results.json,,2026-07-09T22:52:17
tau2_full_flash,telecom,telecom,none,[mms_issue]airplane_mode_on|bad_wifi_calling|break_app_sms_permission|data_mode_off|unseat_sim_card|user_abroad_roaming_disabled_on[PERSONA:None],telecom_0063,63,0,pending,0,tau2_full_flash_telecom_0063,C:\Users\86132\Desktop\SafeDesk\benchmarks\tau2-bench\data\simulations\tau2_full_flash_telecom_0063\results.json,,2026-07-09T22:52:17
tau2_full_flash,telecom,telecom,none,[mms_issue]airplane_mode_on|bad_wifi_calling|break_app_storage_permission|data_mode_off|unseat_sim_card|user_abroad_roaming_disabled_on[PERSONA:Easy],telecom_0063,63,1,pending,0,tau2_full_flash_telecom_0063,C:\Users\86132\Desktop\SafeDesk\benchmarks\tau2-bench\data\simulations\tau2_full_flash_telecom_0063\results.json,,2026-07-09T22:52:17
tau2_full_flash,telecom,telecom,none,[mms_issue]airplane_mode_on|bad_wifi_calling|break_app_both_permissions|data_mode_off|unseat_sim_card|user_abroad_roaming_disabled_on[PERSONA:Hard],telecom_0063,63,2,pending,0,tau2_full_flash_telecom_0063,C:\Users\86132\Desktop\SafeDesk\benchmarks\tau2-bench\data\simulations\tau2_full_flash_telecom_0063\results.json,,2026-07-09T22:52:17
tau2_full_flash,telecom,telecom,none,[mms_issue]airplane_mode_on|break_apn_mms_setting|break_app_sms_permission|data_mode_off|unseat_sim_card|user_abroad_roaming_disabled_on[PERSONA:None],telecom_0063,63,3,pending,0,tau2_full_flash_telecom_0063,C:\Users\86132\Desktop\SafeDesk\benchmarks\tau2-bench\data\simulations\tau2_full_flash_telecom_0063\results.json,,2026-07-09T22:52:17
tau2_full_flash,telecom,telecom,none,[mms_issue]airplane_mode_on|break_apn_mms_setting|break_app_storage_permission|data_mode_off|unseat_sim_card|user_abroad_roaming_disabled_on[PERSONA:Easy],telecom_0063,63,4,pending,0,tau2_full_flash_telecom_0063,C:\Users\86132\Desktop\SafeDesk\benchmarks\tau2-bench\data\simulations\tau2_full_flash_telecom_0063\results.json,,2026-07-09T22:52:17
tau2_full_flash,telecom,telecom,none,[mms_issue]airplane_mode_on|break_apn_mms_setting|break_app_both_permissions|data_mode_off|unseat_sim_card|user_abroad_roaming_disabled_on[PERSONA:Hard],telecom_0063,63,5,pending,0,tau2_full_flash_telecom_0063,C:\Users\86132\Desktop\SafeDesk\benchmarks\tau2-bench\data\simulations\tau2_full_flash_telecom_0063\results.json,,2026-07-09T22:52:17
tau2_full_flash,telecom,telecom,none,[mms_issue]airplane_mode_on|bad_network_preference|bad_wifi_calling|data_mode_off|unseat_sim_card|user_abroad_roaming_disabled_off[PERSONA:None],telecom_0063,63,6,pending,0,tau2_full_flash_telecom_0063,C:\Users\86132\Desktop\SafeDesk\benchmarks\tau2-bench\data\simulations\tau2_full_flash_telecom_0063\results.json,,2026-07-09T22:52:17
tau2_full_flash,telecom,telecom,none,[mms_issue]airplane_mode_on|bad_network_preference|break_apn_mms_setting|data_mode_off|unseat_sim_card|user_abroad_roaming_disabled_off[PERSONA:Easy],telecom_0063,63,7,pending,0,tau2_full_flash_telecom_0063,C:\Users\86132\Desktop\SafeDesk\benchmarks\tau2-bench\data\simulations\tau2_full_flash_telecom_0063\results.json,,2026-07-09T22:52:17
tau2_full_flash,telecom,telecom,none,[mms_issue]airplane_mode_on|bad_network_preference|break_app_sms_permission|data_mode_off|unseat_sim_card|user_abroad_roaming_disabled_off[PERSONA:Hard],telecom_0063,63,8,pending,0,tau2_full_flash_telecom_0063,C:\Users\86132\Desktop\SafeDesk\benchmarks\tau2-bench\data\simulations\tau2_full_flash_telecom_0063\results.json,,2026-07-09T22:52:17
tau2_full_flash,telecom,telecom,none,[mms_issue]airplane_mode_on|bad_network_preference|break_app_storage_permission|data_mode_off|unseat_sim_card|user_abroad_roaming_disabled_off[PERSONA:None],telecom_0063,63,9,pending,0,tau2_full_flash_telecom_0063,C:\Users\86132\Desktop\SafeDesk\benchmarks\tau2-bench\data\simulations\tau2_full_flash_telecom_0063\results.json,,2026-07-09T22:52:17
tau2_full_flash,telecom,telecom,none,[mms_issue]airplane_mode_on|bad_network_preference|break_app_both_permissions|data_mode_off|unseat_sim_card|user_abroad_roaming_disabled_off[PERSONA:Easy],telecom_0063,63,10,pending,0,tau2_full_flash_telecom_0063,C:\Users\86132\Desktop\SafeDesk\benchmarks\tau2-bench\data\simulations\tau2_full_flash_telecom_0063\results.json,,2026-07-09T22:52:17
tau2_full_flash,telecom,telecom,none,[mms_issue]airplane_mode_on|bad_wifi_calling|break_apn_mms_setting|data_mode_off|unseat_sim_card|user_abroad_roaming_disabled_off[PERSONA:Hard],telecom_0063,63,11,pending,0,tau2_full_flash_telecom_0063,C:\Users\86132\Desktop\SafeDesk\benchmarks\tau2-bench\data\simulations\tau2_full_flash_telecom_0063\results.json,,2026-07-09T22:52:17
tau2_full_flash,telecom,telecom,none,[mms_issue]airplane_mode_on|bad_wifi_calling|break_app_sms_permission|data_mode_off|unseat_sim_card|user_abroad_roaming_disabled_off[PERSONA:None],telecom_0063,63,12,pending,0,tau2_full_flash_telecom_0063,C:\Users\86132\Desktop\SafeDesk\benchmarks\tau2-bench\data\simulations\tau2_full_flash_telecom_0063\results.json,,2026-07-09T22:52:17
tau2_full_flash,telecom,telecom,none,[mms_issue]airplane_mode_on|bad_wifi_calling|break_app_storage_permission|data_mode_off|unseat_sim_card|user_abroad_roaming_disabled_off[PERSONA:Easy],telecom_0063,63,13,pending,0,tau2_full_flash_telecom_0063,C:\Users\86132\Desktop\SafeDesk\benchmarks\tau2-bench\data\simulations\tau2_full_flash_telecom_0063\results.json,,2026-07-09T22:52:17
tau2_full_flash,telecom,telecom,none,[mms_issue]airplane_mode_on|bad_wifi_calling|break_app_both_permissions|data_mode_off|unseat_sim_card|user_abroad_roaming_disabled_off[PERSONA:Hard],telecom_0063,63,14,pending,0,tau2_full_flash_telecom_0063,C:\Users\86132\Desktop\SafeDesk\benchmarks\tau2-bench\data\simulations\tau2_full_flash_telecom_0063\results.json,,2026-07-09T22:52:17
tau2_full_flash,telecom,telecom,none,[mms_issue]airplane_mode_on|break_apn_mms_setting|break_app_sms_permission|data_mode_off|unseat_sim_card|user_abroad_roaming_disabled_off[PERSONA:None],telecom_0063,63,15,pending,0,tau2_full_flash_telecom_0063,C:\Users\86132\Desktop\SafeDesk\benchmarks\tau2-bench\data\simulations\tau2_full_flash_telecom_0063\results.json,,2026-07-09T22:52:17
tau2_full_flash,telecom,telecom,none,[mms_issue]airplane_mode_on|break_apn_mms_setting|break_app_storage_permission|data_mode_off|unseat_sim_card|user_abroad_roaming_disabled_off[PERSONA:Easy],telecom_0063,63,16,pending,0,tau2_full_flash_telecom_0063,C:\Users\86132\Desktop\SafeDesk\benchmarks\tau2-bench\data\simulations\tau2_full_flash_telecom_0063\results.json,,2026-07-09T22:52:17
tau2_full_flash,telecom,telecom,none,[mms_issue]airplane_mode_on|break_apn_mms_setting|break_app_both_permissions|data_mode_off|unseat_sim_card|user_abroad_roaming_disabled_off[PERSONA:Hard],telecom_0063,63,17,pending,0,tau2_full_flash_telecom_0063,C:\Users\86132\Desktop\SafeDesk\benchmarks\tau2-bench\data\simulations\tau2_full_flash_telecom_0063\results.json,,2026-07-09T22:52:17
tau2_full_flash,telecom,telecom,none,[mms_issue]airplane_mode_on|bad_network_preference|bad_wifi_calling|break_apn_mms_setting|data_mode_off|unseat_sim_card[PERSONA:None],telecom_0063,63,18,pending,0,tau2_full_flash_telecom_0063,C:\Users\86132\Desktop\SafeDesk\benchmarks\tau2-bench\data\simulations\tau2_full_flash_telecom_0063\results.json,,2026-07-09T22:52:17
tau2_full_flash,telecom,telecom,none,[mms_issue]airplane_mode_on|bad_network_preference|bad_wifi_calling|break_app_sms_permission|data_mode_off|unseat_sim_card[PERSONA:Easy],telecom_0063,63,19,pending,0,tau2_full_flash_telecom_0063,C:\Users\86132\Desktop\SafeDesk\benchmarks\tau2-bench\data\simulations\tau2_full_flash_telecom_0063\results.json,,2026-07-09T22:52:17
tau2_full_flash,telecom,telecom,none,[mms_issue]airplane_mode_on|bad_network_preference|bad_wifi_calling|break_app_storage_permission|data_mode_off|unseat_sim_card[PERSONA:Hard],telecom_0063,63,20,pending,0,tau2_full_flash_telecom_0063,C:\Users\86132\Desktop\SafeDesk\benchmarks\tau2-bench\data\simulations\tau2_full_flash_telecom_0063\results.json,,2026-07-09T22:52:17
tau2_full_flash,telecom,telecom,none,[mms_issue]airplane_mode_on|bad_network_preference|bad_wifi_calling|break_app_both_permissions|data_mode_off|unseat_sim_card[PERSONA:None],telecom_0063,63,21,pending,0,tau2_full_flash_telecom_0063,C:\Users\86132\Desktop\SafeDesk\benchmarks\tau2-bench\data\simulations\tau2_full_flash_telecom_0063\results.json,,2026-07-09T22:52:17
tau2_full_flash,telecom,telecom,none,[mms_issue]airplane_mode_on|bad_network_preference|break_apn_mms_setting|break_app_sms_permission|data_mode_off|unseat_sim_card[PERSONA:Easy],telecom_0063,63,22,pending,0,tau2_full_flash_telecom_0063,C:\Users\86132\Desktop\SafeDesk\benchmarks\tau2-bench\data\simulations\tau2_full_flash_telecom_0063\results.json,,2026-07-09T22:52:17
tau2_full_flash,telecom,telecom,none,[mms_issue]airplane_mode_on|bad_network_preference|break_apn_mms_setting|break_app_storage_permission|data_mode_off|unseat_sim_card[PERSONA:Hard],telecom_0063,63,23,pending,0,tau2_full_flash_telecom_0063,C:\Users\86132\Desktop\SafeDesk\benchmarks\tau2-bench\data\simulations\tau2_full_flash_telecom_0063\results.json,,2026-07-09T22:52:17
tau2_full_flash,telecom,telecom,none,[mms_issue]airplane_mode_on|bad_network_preference|break_apn_mms_setting|break_app_both_permissions|data_mode_off|unseat_sim_card[PERSONA:None],telecom_0063,63,24,pending,0,tau2_full_flash_telecom_0063,C:\Users\86132\Desktop\SafeDesk\benchmarks\tau2-bench\data\simulations\tau2_full_flash_telecom_0063\results.json,,2026-07-09T22:52:17
tau2_full_flash,telecom,telecom,none,[mms_issue]airplane_mode_on|bad_wifi_calling|break_apn_mms_setting|break_app_sms_permission|data_mode_off|unseat_sim_card[PERSONA:Easy],telecom_0064,64,0,pending,0,tau2_full_flash_telecom_0064,C:\Users\86132\Desktop\SafeDesk\benchmarks\tau2-bench\data\simulations\tau2_full_flash_telecom_0064\results.json,,2026-07-09T22:52:17
tau2_full_flash,telecom,telecom,none,[mms_issue]airplane_mode_on|bad_wifi_calling|break_apn_mms_setting|break_app_storage_permission|data_mode_off|unseat_sim_card[PERSONA:Hard],telecom_0064,64,1,pending,0,tau2_full_flash_telecom_0064,C:\Users\86132\Desktop\SafeDesk\benchmarks\tau2-bench\data\simulations\tau2_full_flash_telecom_0064\results.json,,2026-07-09T22:52:17
tau2_full_flash,telecom,telecom,none,[mms_issue]airplane_mode_on|bad_wifi_calling|break_apn_mms_setting|break_app_both_permissions|data_mode_off|unseat_sim_card[PERSONA:None],telecom_0064,64,2,pending,0,tau2_full_flash_telecom_0064,C:\Users\86132\Desktop\SafeDesk\benchmarks\tau2-bench\data\simulations\tau2_full_flash_telecom_0064\results.json,,2026-07-09T22:52:17
tau2_full_flash,telecom,telecom,none,[mms_issue]airplane_mode_on|bad_network_preference|bad_wifi_calling|data_usage_exceeded|unseat_sim_card|user_abroad_roaming_enabled_off[PERSONA:Easy],telecom_0064,64,3,pending,0,tau2_full_flash_telecom_0064,C:\Users\86132\Desktop\SafeDesk\benchmarks\tau2-bench\data\simulations\tau2_full_flash_telecom_0064\results.json,,2026-07-09T22:52:17
tau2_full_flash,telecom,telecom,none,[mms_issue]airplane_mode_on|bad_network_preference|break_apn_mms_setting|data_usage_exceeded|unseat_sim_card|user_abroad_roaming_enabled_off[PERSONA:Hard],telecom_0064,64,4,pending,0,tau2_full_flash_telecom_0064,C:\Users\86132\Desktop\SafeDesk\benchmarks\tau2-bench\data\simulations\tau2_full_flash_telecom_0064\results.json,,2026-07-09T22:52:17
tau2_full_flash,telecom,telecom,none,[mms_issue]airplane_mode_on|bad_network_preference|break_app_sms_permission|data_usage_exceeded|unseat_sim_card|user_abroad_roaming_enabled_off[PERSONA:None],telecom_0064,64,5,pending,0,tau2_full_flash_telecom_0064,C:\Users\86132\Desktop\SafeDesk\benchmarks\tau2-bench\data\simulations\tau2_full_flash_telecom_0064\results.json,,2026-07-09T22:52:17
tau2_full_flash,telecom,telecom,none,[mms_issue]airplane_mode_on|bad_network_preference|break_app_storage_permission|data_usage_exceeded|unseat_sim_card|user_abroad_roaming_enabled_off[PERSONA:Easy],telecom_0064,64,6,pending,0,tau2_full_flash_telecom_0064,C:\Users\86132\Desktop\SafeDesk\benchmarks\tau2-bench\data\simulations\tau2_full_flash_telecom_0064\results.json,,2026-07-09T22:52:17
tau2_full_flash,telecom,telecom,none,[mms_issue]airplane_mode_on|bad_network_preference|break_app_both_permissions|data_usage_exceeded|unseat_sim_card|user_abroad_roaming_enabled_off[PERSONA:Hard],telecom_0064,64,7,pending,0,tau2_full_flash_telecom_0064,C:\Users\86132\Desktop\SafeDesk\benchmarks\tau2-bench\data\simulations\tau2_full_flash_telecom_0064\results.json,,2026-07-09T22:52:17
tau2_full_flash,telecom,telecom,none,[mms_issue]airplane_mode_on|bad_wifi_calling|break_apn_mms_setting|data_usage_exceeded|unseat_sim_card|user_abroad_roaming_enabled_off[PERSONA:None],telecom_0064,64,8,pending,0,tau2_full_flash_telecom_0064,C:\Users\86132\Desktop\SafeDesk\benchmarks\tau2-bench\data\simulations\tau2_full_flash_telecom_0064\results.json,,2026-07-09T22:52:17
tau2_full_flash,telecom,telecom,none,[mms_issue]airplane_mode_on|bad_wifi_calling|break_app_sms_permission|data_usage_exceeded|unseat_sim_card|user_abroad_roaming_enabled_off[PERSONA:Easy],telecom_0064,64,9,pending,0,tau2_full_flash_telecom_0064,C:\Users\86132\Desktop\SafeDesk\benchmarks\tau2-bench\data\simulations\tau2_full_flash_telecom_0064\results.json,,2026-07-09T22:52:17
tau2_full_flash,telecom,telecom,none,[mms_issue]airplane_mode_on|bad_wifi_calling|break_app_storage_permission|data_usage_exceeded|unseat_sim_card|user_abroad_roaming_enabled_off[PERSONA:Hard],telecom_0064,64,10,pending,0,tau2_full_flash_telecom_0064,C:\Users\86132\Desktop\SafeDesk\benchmarks\tau2-bench\data\simulations\tau2_full_flash_telecom_0064\results.json,,2026-07-09T22:52:17
tau2_full_flash,telecom,telecom,none,[mms_issue]airplane_mode_on|bad_wifi_calling|break_app_both_permissions|data_usage_exceeded|unseat_sim_card|user_abroad_roaming_enabled_off[PERSONA:None],telecom_0064,64,11,pending,0,tau2_full_flash_telecom_0064,C:\Users\86132\Desktop\SafeDesk\benchmarks\tau2-bench\data\simulations\tau2_full_flash_telecom_0064\results.json,,2026-07-09T22:52:17
tau2_full_flash,telecom,telecom,none,[mms_issue]airplane_mode_on|break_apn_mms_setting|break_app_sms_permission|data_usage_exceeded|unseat_sim_card|user_abroad_roaming_enabled_off[PERSONA:Easy],telecom_0064,64,12,pending,0,tau2_full_flash_telecom_0064,C:\Users\86132\Desktop\SafeDesk\benchmarks\tau2-bench\data\simulations\tau2_full_flash_telecom_0064\results.json,,2026-07-09T22:52:17
tau2_full_flash,telecom,telecom,none,[mms_issue]airplane_mode_on|break_apn_mms_setting|break_app_storage_permission|data_usage_exceeded|unseat_sim_card|user_abroad_roaming_enabled_off[PERSONA:Hard],telecom_0064,64,13,pending,0,tau2_full_flash_telecom_0064,C:\Users\86132\Desktop\SafeDesk\benchmarks\tau2-bench\data\simulations\tau2_full_flash_telecom_0064\results.json,,2026-07-09T22:52:17
tau2_full_flash,telecom,telecom,none,[mms_issue]airplane_mode_on|break_apn_mms_setting|break_app_both_permissions|data_usage_exceeded|unseat_sim_card|user_abroad_roaming_enabled_off[PERSONA:None],telecom_0064,64,14,pending,0,tau2_full_flash_telecom_0064,C:\Users\86132\Desktop\SafeDesk\benchmarks\tau2-bench\data\simulations\tau2_full_flash_telecom_0064\results.json,,2026-07-09T22:52:17
tau2_full_flash,telecom,telecom,none,[mms_issue]airplane_mode_on|bad_network_preference|bad_wifi_calling|data_usage_exceeded|unseat_sim_card|user_abroad_roaming_disabled_on[PERSONA:Easy],telecom_0064,64,15,pending,0,tau2_full_flash_telecom_0064,C:\Users\86132\Desktop\SafeDesk\benchmarks\tau2-bench\data\simulations\tau2_full_flash_telecom_0064\results.json,,2026-07-09T22:52:17
tau2_full_flash,telecom,telecom,none,[mms_issue]airplane_mode_on|bad_network_preference|break_apn_mms_setting|data_usage_exceeded|unseat_sim_card|user_abroad_roaming_disabled_on[PERSONA:Hard],telecom_0064,64,16,pending,0,tau2_full_flash_telecom_0064,C:\Users\86132\Desktop\SafeDesk\benchmarks\tau2-bench\data\simulations\tau2_full_flash_telecom_0064\results.json,,2026-07-09T22:52:17
tau2_full_flash,telecom,telecom,none,[mms_issue]airplane_mode_on|bad_network_preference|break_app_sms_permission|data_usage_exceeded|unseat_sim_card|user_abroad_roaming_disabled_on[PERSONA:None],telecom_0064,64,17,pending,0,tau2_full_flash_telecom_0064,C:\Users\86132\Desktop\SafeDesk\benchmarks\tau2-bench\data\simulations\tau2_full_flash_telecom_0064\results.json,,2026-07-09T22:52:17
tau2_full_flash,telecom,telecom,none,[mms_issue]airplane_mode_on|bad_network_preference|break_app_storage_permission|data_usage_exceeded|unseat_sim_card|user_abroad_roaming_disabled_on[PERSONA:Easy],telecom_0064,64,18,pending,0,tau2_full_flash_telecom_0064,C:\Users\86132\Desktop\SafeDesk\benchmarks\tau2-bench\data\simulations\tau2_full_flash_telecom_0064\results.json,,2026-07-09T22:52:17
tau2_full_flash,telecom,telecom,none,[mms_issue]airplane_mode_on|bad_network_preference|break_app_both_permissions|data_usage_exceeded|unseat_sim_card|user_abroad_roaming_disabled_on[PERSONA:Hard],telecom_0064,64,19,pending,0,tau2_full_flash_telecom_0064,C:\Users\86132\Desktop\SafeDesk\benchmarks\tau2-bench\data\simulations\tau2_full_flash_telecom_0064\results.json,,2026-07-09T22:52:17
tau2_full_flash,telecom,telecom,none,[mms_issue]airplane_mode_on|bad_wifi_calling|break_apn_mms_setting|data_usage_exceeded|unseat_sim_card|user_abroad_roaming_disabled_on[PERSONA:None],telecom_0064,64,20,pending,0,tau2_full_flash_telecom_0064,C:\Users\86132\Desktop\SafeDesk\benchmarks\tau2-bench\data\simulations\tau2_full_flash_telecom_0064\results.json,,2026-07-09T22:52:17
tau2_full_flash,telecom,telecom,none,[mms_issue]airplane_mode_on|bad_wifi_calling|break_app_sms_permission|data_usage_exceeded|unseat_sim_card|user_abroad_roaming_disabled_on[PERSONA:Easy],telecom_0064,64,21,pending,0,tau2_full_flash_telecom_0064,C:\Users\86132\Desktop\SafeDesk\benchmarks\tau2-bench\data\simulations\tau2_full_flash_telecom_0064\results.json,,2026-07-09T22:52:17
tau2_full_flash,telecom,telecom,none,[mms_issue]airplane_mode_on|bad_wifi_calling|break_app_storage_permission|data_usage_exceeded|unseat_sim_card|user_abroad_roaming_disabled_on[PERSONA:Hard],telecom_0064,64,22,pending,0,tau2_full_flash_telecom_0064,C:\Users\86132\Desktop\SafeDesk\benchmarks\tau2-bench\data\simulations\tau2_full_flash_telecom_0064\results.json,,2026-07-09T22:52:17
tau2_full_flash,telecom,telecom,none,[mms_issue]airplane_mode_on|bad_wifi_calling|break_app_both_permissions|data_usage_exceeded|unseat_sim_card|user_abroad_roaming_disabled_on[PERSONA:None],telecom_0064,64,23,pending,0,tau2_full_flash_telecom_0064,C:\Users\86132\Desktop\SafeDesk\benchmarks\tau2-bench\data\simulations\tau2_full_flash_telecom_0064\results.json,,2026-07-09T22:52:17
tau2_full_flash,telecom,telecom,none,[mms_issue]airplane_mode_on|break_apn_mms_setting|break_app_sms_permission|data_usage_exceeded|unseat_sim_card|user_abroad_roaming_disabled_on[PERSONA:Easy],telecom_0064,64,24,pending,0,tau2_full_flash_telecom_0064,C:\Users\86132\Desktop\SafeDesk\benchmarks\tau2-bench\data\simulations\tau2_full_flash_telecom_0064\results.json,,2026-07-09T22:52:17
tau2_full_flash,telecom,telecom,none,[mms_issue]airplane_mode_on|break_apn_mms_setting|break_app_storage_permission|data_usage_exceeded|unseat_sim_card|user_abroad_roaming_disabled_on[PERSONA:Hard],telecom_0065,65,0,pending,0,tau2_full_flash_telecom_0065,C:\Users\86132\Desktop\SafeDesk\benchmarks\tau2-bench\data\simulations\tau2_full_flash_telecom_0065\results.json,,2026-07-09T22:52:17
tau2_full_flash,telecom,telecom,none,[mms_issue]airplane_mode_on|break_apn_mms_setting|break_app_both_permissions|data_usage_exceeded|unseat_sim_card|user_abroad_roaming_disabled_on[PERSONA:None],telecom_0065,65,1,pending,0,tau2_full_flash_telecom_0065,C:\Users\86132\Desktop\SafeDesk\benchmarks\tau2-bench\data\simulations\tau2_full_flash_telecom_0065\results.json,,2026-07-09T22:52:17
tau2_full_flash,telecom,telecom,none,[mms_issue]airplane_mode_on|bad_network_preference|bad_wifi_calling|data_usage_exceeded|unseat_sim_card|user_abroad_roaming_disabled_off[PERSONA:Easy],telecom_0065,65,2,pending,0,tau2_full_flash_telecom_0065,C:\Users\86132\Desktop\SafeDesk\benchmarks\tau2-bench\data\simulations\tau2_full_flash_telecom_0065\results.json,,2026-07-09T22:52:17
tau2_full_flash,telecom,telecom,none,[mms_issue]airplane_mode_on|bad_network_preference|break_apn_mms_setting|data_usage_exceeded|unseat_sim_card|user_abroad_roaming_disabled_off[PERSONA:Hard],telecom_0065,65,3,pending,0,tau2_full_flash_telecom_0065,C:\Users\86132\Desktop\SafeDesk\benchmarks\tau2-bench\data\simulations\tau2_full_flash_telecom_0065\results.json,,2026-07-09T22:52:17
tau2_full_flash,telecom,telecom,none,[mms_issue]airplane_mode_on|bad_network_preference|break_app_sms_permission|data_usage_exceeded|unseat_sim_card|user_abroad_roaming_disabled_off[PERSONA:None],telecom_0065,65,4,pending,0,tau2_full_flash_telecom_0065,C:\Users\86132\Desktop\SafeDesk\benchmarks\tau2-bench\data\simulations\tau2_full_flash_telecom_0065\results.json,,2026-07-09T22:52:17
tau2_full_flash,telecom,telecom,none,[mms_issue]airplane_mode_on|bad_network_preference|break_app_storage_permission|data_usage_exceeded|unseat_sim_card|user_abroad_roaming_disabled_off[PERSONA:Easy],telecom_0065,65,5,pending,0,tau2_full_flash_telecom_0065,C:\Users\86132\Desktop\SafeDesk\benchmarks\tau2-bench\data\simulations\tau2_full_flash_telecom_0065\results.json,,2026-07-09T22:52:17
tau2_full_flash,telecom,telecom,none,[mms_issue]airplane_mode_on|bad_network_preference|break_app_both_permissions|data_usage_exceeded|unseat_sim_card|user_abroad_roaming_disabled_off[PERSONA:Hard],telecom_0065,65,6,pending,0,tau2_full_flash_telecom_0065,C:\Users\86132\Desktop\SafeDesk\benchmarks\tau2-bench\data\simulations\tau2_full_flash_telecom_0065\results.json,,2026-07-09T22:52:17
tau2_full_flash,telecom,telecom,none,[mms_issue]airplane_mode_on|bad_wifi_calling|break_apn_mms_setting|data_usage_exceeded|unseat_sim_card|user_abroad_roaming_disabled_off[PERSONA:None],telecom_0065,65,7,pending,0,tau2_full_flash_telecom_0065,C:\Users\86132\Desktop\SafeDesk\benchmarks\tau2-bench\data\simulations\tau2_full_flash_telecom_0065\results.json,,2026-07-09T22:52:17
tau2_full_flash,telecom,telecom,none,[mms_issue]airplane_mode_on|bad_wifi_calling|break_app_sms_permission|data_usage_exceeded|unseat_sim_card|user_abroad_roaming_disabled_off[PERSONA:Easy],telecom_0065,65,8,pending,0,tau2_full_flash_telecom_0065,C:\Users\86132\Desktop\SafeDesk\benchmarks\tau2-bench\data\simulations\tau2_full_flash_telecom_0065\results.json,,2026-07-09T22:52:17
tau2_full_flash,telecom,telecom,none,[mms_issue]airplane_mode_on|bad_wifi_calling|break_app_storage_permission|data_usage_exceeded|unseat_sim_card|user_abroad_roaming_disabled_off[PERSONA:Hard],telecom_0065,65,9,pending,0,tau2_full_flash_telecom_0065,C:\Users\86132\Desktop\SafeDesk\benchmarks\tau2-bench\data\simulations\tau2_full_flash_telecom_0065\results.json,,2026-07-09T22:52:17
tau2_full_flash,telecom,telecom,none,[mms_issue]airplane_mode_on|bad_wifi_calling|break_app_both_permissions|data_usage_exceeded|unseat_sim_card|user_abroad_roaming_disabled_off[PERSONA:None],telecom_0065,65,10,pending,0,tau2_full_flash_telecom_0065,C:\Users\86132\Desktop\SafeDesk\benchmarks\tau2-bench\data\simulations\tau2_full_flash_telecom_0065\results.json,,2026-07-09T22:52:17
tau2_full_flash,telecom,telecom,none,[mms_issue]airplane_mode_on|break_apn_mms_setting|break_app_sms_permission|data_usage_exceeded|unseat_sim_card|user_abroad_roaming_disabled_off[PERSONA:Easy],telecom_0065,65,11,pending,0,tau2_full_flash_telecom_0065,C:\Users\86132\Desktop\SafeDesk\benchmarks\tau2-bench\data\simulations\tau2_full_flash_telecom_0065\results.json,,2026-07-09T22:52:17
tau2_full_flash,telecom,telecom,none,[mms_issue]airplane_mode_on|break_apn_mms_setting|break_app_storage_permission|data_usage_exceeded|unseat_sim_card|user_abroad_roaming_disabled_off[PERSONA:Hard],telecom_0065,65,12,pending,0,tau2_full_flash_telecom_0065,C:\Users\86132\Desktop\SafeDesk\benchmarks\tau2-bench\data\simulations\tau2_full_flash_telecom_0065\results.json,,2026-07-09T22:52:17
tau2_full_flash,telecom,telecom,none,[mms_issue]airplane_mode_on|break_apn_mms_setting|break_app_both_permissions|data_usage_exceeded|unseat_sim_card|user_abroad_roaming_disabled_off[PERSONA:None],telecom_0065,65,13,pending,0,tau2_full_flash_telecom_0065,C:\Users\86132\Desktop\SafeDesk\benchmarks\tau2-bench\data\simulations\tau2_full_flash_telecom_0065\results.json,,2026-07-09T22:52:17
tau2_full_flash,telecom,telecom,none,[mms_issue]airplane_mode_on|bad_network_preference|bad_wifi_calling|break_apn_mms_setting|data_usage_exceeded|unseat_sim_card[PERSONA:Easy],telecom_0065,65,14,pending,0,tau2_full_flash_telecom_0065,C:\Users\86132\Desktop\SafeDesk\benchmarks\tau2-bench\data\simulations\tau2_full_flash_telecom_0065\results.json,,2026-07-09T22:52:17
tau2_full_flash,telecom,telecom,none,[mms_issue]airplane_mode_on|bad_network_preference|bad_wifi_calling|break_app_sms_permission|data_usage_exceeded|unseat_sim_card[PERSONA:Hard],telecom_0065,65,15,pending,0,tau2_full_flash_telecom_0065,C:\Users\86132\Desktop\SafeDesk\benchmarks\tau2-bench\data\simulations\tau2_full_flash_telecom_0065\results.json,,2026-07-09T22:52:17
tau2_full_flash,telecom,telecom,none,[mms_issue]airplane_mode_on|bad_network_preference|bad_wifi_calling|break_app_storage_permission|data_usage_exceeded|unseat_sim_card[PERSONA:None],telecom_0065,65,16,pending,0,tau2_full_flash_telecom_0065,C:\Users\86132\Desktop\SafeDesk\benchmarks\tau2-bench\data\simulations\tau2_full_flash_telecom_0065\results.json,,2026-07-09T22:52:17
tau2_full_flash,telecom,telecom,none,[mms_issue]airplane_mode_on|bad_network_preference|bad_wifi_calling|break_app_both_permissions|data_usage_exceeded|unseat_sim_card[PERSONA:Easy],telecom_0065,65,17,pending,0,tau2_full_flash_telecom_0065,C:\Users\86132\Desktop\SafeDesk\benchmarks\tau2-bench\data\simulations\tau2_full_flash_telecom_0065\results.json,,2026-07-09T22:52:17
tau2_full_flash,telecom,telecom,none,[mms_issue]airplane_mode_on|bad_network_preference|break_apn_mms_setting|break_app_sms_permission|data_usage_exceeded|unseat_sim_card[PERSONA:Hard],telecom_0065,65,18,pending,0,tau2_full_flash_telecom_0065,C:\Users\86132\Desktop\SafeDesk\benchmarks\tau2-bench\data\simulations\tau2_full_flash_telecom_0065\results.json,,2026-07-09T22:52:17
tau2_full_flash,telecom,telecom,none,[mms_issue]airplane_mode_on|bad_network_preference|break_apn_mms_setting|break_app_storage_permission|data_usage_exceeded|unseat_sim_card[PERSONA:None],telecom_0065,65,19,pending,0,tau2_full_flash_telecom_0065,C:\Users\86132\Desktop\SafeDesk\benchmarks\tau2-bench\data\simulations\tau2_full_flash_telecom_0065\results.json,,2026-07-09T22:52:17
tau2_full_flash,telecom,telecom,none,[mms_issue]airplane_mode_on|bad_network_preference|break_apn_mms_setting|break_app_both_permissions|data_usage_exceeded|unseat_sim_card[PERSONA:Easy],telecom_0065,65,20,pending,0,tau2_full_flash_telecom_0065,C:\Users\86132\Desktop\SafeDesk\benchmarks\tau2-bench\data\simulations\tau2_full_flash_telecom_0065\results.json,,2026-07-09T22:52:17
tau2_full_flash,telecom,telecom,none,[mms_issue]airplane_mode_on|bad_wifi_calling|break_apn_mms_setting|break_app_sms_permission|data_usage_exceeded|unseat_sim_card[PERSONA:Hard],telecom_0065,65,21,pending,0,tau2_full_flash_telecom_0065,C:\Users\86132\Desktop\SafeDesk\benchmarks\tau2-bench\data\simulations\tau2_full_flash_telecom_0065\results.json,,2026-07-09T22:52:17
tau2_full_flash,telecom,telecom,none,[mms_issue]airplane_mode_on|bad_wifi_calling|break_apn_mms_setting|break_app_storage_permission|data_usage_exceeded|unseat_sim_card[PERSONA:None],telecom_0065,65,22,pending,0,tau2_full_flash_telecom_0065,C:\Users\86132\Desktop\SafeDesk\benchmarks\tau2-bench\data\simulations\tau2_full_flash_telecom_0065\results.json,,2026-07-09T22:52:17
tau2_full_flash,telecom,telecom,none,[mms_issue]airplane_mode_on|bad_wifi_calling|break_apn_mms_setting|break_app_both_permissions|data_usage_exceeded|unseat_sim_card[PERSONA:Easy],telecom_0065,65,23,pending,0,tau2_full_flash_telecom_0065,C:\Users\86132\Desktop\SafeDesk\benchmarks\tau2-bench\data\simulations\tau2_full_flash_telecom_0065\results.json,,2026-07-09T22:52:17
tau2_full_flash,telecom,telecom,none,[mms_issue]airplane_mode_on|bad_network_preference|bad_wifi_calling|break_apn_mms_setting|unseat_sim_card|user_abroad_roaming_enabled_off[PERSONA:None],telecom_0065,65,24,pending,0,tau2_full_flash_telecom_0065,C:\Users\86132\Desktop\SafeDesk\benchmarks\tau2-bench\data\simulations\tau2_full_flash_telecom_0065\results.json,,2026-07-09T22:52:17
tau2_full_flash,telecom,telecom,none,[mms_issue]airplane_mode_on|bad_network_preference|bad_wifi_calling|break_app_sms_permission|unseat_sim_card|user_abroad_roaming_enabled_off[PERSONA:Easy],telecom_0066,66,0,pending,0,tau2_full_flash_telecom_0066,C:\Users\86132\Desktop\SafeDesk\benchmarks\tau2-bench\data\simulations\tau2_full_flash_telecom_0066\results.json,,2026-07-09T22:52:17
tau2_full_flash,telecom,telecom,none,[mms_issue]airplane_mode_on|bad_network_preference|bad_wifi_calling|break_app_storage_permission|unseat_sim_card|user_abroad_roaming_enabled_off[PERSONA:Hard],telecom_0066,66,1,pending,0,tau2_full_flash_telecom_0066,C:\Users\86132\Desktop\SafeDesk\benchmarks\tau2-bench\data\simulations\tau2_full_flash_telecom_0066\results.json,,2026-07-09T22:52:17
tau2_full_flash,telecom,telecom,none,[mms_issue]airplane_mode_on|bad_network_preference|bad_wifi_calling|break_app_both_permissions|unseat_sim_card|user_abroad_roaming_enabled_off[PERSONA:None],telecom_0066,66,2,pending,0,tau2_full_flash_telecom_0066,C:\Users\86132\Desktop\SafeDesk\benchmarks\tau2-bench\data\simulations\tau2_full_flash_telecom_0066\results.json,,2026-07-09T22:52:17
tau2_full_flash,telecom,telecom,none,[mms_issue]airplane_mode_on|bad_network_preference|break_apn_mms_setting|break_app_sms_permission|unseat_sim_card|user_abroad_roaming_enabled_off[PERSONA:Easy],telecom_0066,66,3,pending,0,tau2_full_flash_telecom_0066,C:\Users\86132\Desktop\SafeDesk\benchmarks\tau2-bench\data\simulations\tau2_full_flash_telecom_0066\results.json,,2026-07-09T22:52:17
tau2_full_flash,telecom,telecom,none,[mms_issue]airplane_mode_on|bad_network_preference|break_apn_mms_setting|break_app_storage_permission|unseat_sim_card|user_abroad_roaming_enabled_off[PERSONA:Hard],telecom_0066,66,4,pending,0,tau2_full_flash_telecom_0066,C:\Users\86132\Desktop\SafeDesk\benchmarks\tau2-bench\data\simulations\tau2_full_flash_telecom_0066\results.json,,2026-07-09T22:52:17
tau2_full_flash,telecom,telecom,none,[mms_issue]airplane_mode_on|bad_network_preference|break_apn_mms_setting|break_app_both_permissions|unseat_sim_card|user_abroad_roaming_enabled_off[PERSONA:None],telecom_0066,66,5,pending,0,tau2_full_flash_telecom_0066,C:\Users\86132\Desktop\SafeDesk\benchmarks\tau2-bench\data\simulations\tau2_full_flash_telecom_0066\results.json,,2026-07-09T22:52:17
tau2_full_flash,telecom,telecom,none,[mms_issue]airplane_mode_on|bad_wifi_calling|break_apn_mms_setting|break_app_sms_permission|unseat_sim_card|user_abroad_roaming_enabled_off[PERSONA:Easy],telecom_0066,66,6,pending,0,tau2_full_flash_telecom_0066,C:\Users\86132\Desktop\SafeDesk\benchmarks\tau2-bench\data\simulations\tau2_full_flash_telecom_0066\results.json,,2026-07-09T22:52:17
tau2_full_flash,telecom,telecom,none,[mms_issue]airplane_mode_on|bad_wifi_calling|break_apn_mms_setting|break_app_storage_permission|unseat_sim_card|user_abroad_roaming_enabled_off[PERSONA:Hard],telecom_0066,66,7,pending,0,tau2_full_flash_telecom_0066,C:\Users\86132\Desktop\SafeDesk\benchmarks\tau2-bench\data\simulations\tau2_full_flash_telecom_0066\results.json,,2026-07-09T22:52:17
tau2_full_flash,telecom,telecom,none,[mms_issue]airplane_mode_on|bad_wifi_calling|break_apn_mms_setting|break_app_both_permissions|unseat_sim_card|user_abroad_roaming_enabled_off[PERSONA:None],telecom_0066,66,8,pending,0,tau2_full_flash_telecom_0066,C:\Users\86132\Desktop\SafeDesk\benchmarks\tau2-bench\data\simulations\tau2_full_flash_telecom_0066\results.json,,2026-07-09T22:52:17
tau2_full_flash,telecom,telecom,none,[mms_issue]airplane_mode_on|bad_network_preference|bad_wifi_calling|break_apn_mms_setting|unseat_sim_card|user_abroad_roaming_disabled_on[PERSONA:Easy],telecom_0066,66,9,pending,0,tau2_full_flash_telecom_0066,C:\Users\86132\Desktop\SafeDesk\benchmarks\tau2-bench\data\simulations\tau2_full_flash_telecom_0066\results.json,,2026-07-09T22:52:17
tau2_full_flash,telecom,telecom,none,[mms_issue]airplane_mode_on|bad_network_preference|bad_wifi_calling|break_app_sms_permission|unseat_sim_card|user_abroad_roaming_disabled_on[PERSONA:Hard],telecom_0066,66,10,pending,0,tau2_full_flash_telecom_0066,C:\Users\86132\Desktop\SafeDesk\benchmarks\tau2-bench\data\simulations\tau2_full_flash_telecom_0066\results.json,,2026-07-09T22:52:17
tau2_full_flash,telecom,telecom,none,[mms_issue]airplane_mode_on|bad_network_preference|bad_wifi_calling|break_app_storage_permission|unseat_sim_card|user_abroad_roaming_disabled_on[PERSONA:None],telecom_0066,66,11,pending,0,tau2_full_flash_telecom_0066,C:\Users\86132\Desktop\SafeDesk\benchmarks\tau2-bench\data\simulations\tau2_full_flash_telecom_0066\results.json,,2026-07-09T22:52:17
tau2_full_flash,telecom,telecom,none,[mms_issue]airplane_mode_on|bad_network_preference|bad_wifi_calling|break_app_both_permissions|unseat_sim_card|user_abroad_roaming_disabled_on[PERSONA:Easy],telecom_0066,66,12,pending,0,tau2_full_flash_telecom_0066,C:\Users\86132\Desktop\SafeDesk\benchmarks\tau2-bench\data\simulations\tau2_full_flash_telecom_0066\results.json,,2026-07-09T22:52:17
tau2_full_flash,telecom,telecom,none,[mms_issue]airplane_mode_on|bad_network_preference|break_apn_mms_setting|break_app_sms_permission|unseat_sim_card|user_abroad_roaming_disabled_on[PERSONA:Hard],telecom_0066,66,13,pending,0,tau2_full_flash_telecom_0066,C:\Users\86132\Desktop\SafeDesk\benchmarks\tau2-bench\data\simulations\tau2_full_flash_telecom_0066\results.json,,2026-07-09T22:52:17
tau2_full_flash,telecom,telecom,none,[mms_issue]airplane_mode_on|bad_network_preference|break_apn_mms_setting|break_app_storage_permission|unseat_sim_card|user_abroad_roaming_disabled_on[PERSONA:None],telecom_0066,66,14,pending,0,tau2_full_flash_telecom_0066,C:\Users\86132\Desktop\SafeDesk\benchmarks\tau2-bench\data\simulations\tau2_full_flash_telecom_0066\results.json,,2026-07-09T22:52:17
tau2_full_flash,telecom,telecom,none,[mms_issue]airplane_mode_on|bad_network_preference|break_apn_mms_setting|break_app_both_permissions|unseat_sim_card|user_abroad_roaming_disabled_on[PERSONA:Easy],telecom_0066,66,15,pending,0,tau2_full_flash_telecom_0066,C:\Users\86132\Desktop\SafeDesk\benchmarks\tau2-bench\data\simulations\tau2_full_flash_telecom_0066\results.json,,2026-07-09T22:52:17
tau2_full_flash,telecom,telecom,none,[mms_issue]airplane_mode_on|bad_wifi_calling|break_apn_mms_setting|break_app_sms_permission|unseat_sim_card|user_abroad_roaming_disabled_on[PERSONA:Hard],telecom_0066,66,16,pending,0,tau2_full_flash_telecom_0066,C:\Users\86132\Desktop\SafeDesk\benchmarks\tau2-bench\data\simulations\tau2_full_flash_telecom_0066\results.json,,2026-07-09T22:52:17
tau2_full_flash,telecom,telecom,none,[mms_issue]airplane_mode_on|bad_wifi_calling|break_apn_mms_setting|break_app_storage_permission|unseat_sim_card|user_abroad_roaming_disabled_on[PERSONA:None],telecom_0066,66,17,pending,0,tau2_full_flash_telecom_0066,C:\Users\86132\Desktop\SafeDesk\benchmarks\tau2-bench\data\simulations\tau2_full_flash_telecom_0066\results.json,,2026-07-09T22:52:17
tau2_full_flash,telecom,telecom,none,[mms_issue]airplane_mode_on|bad_wifi_calling|break_apn_mms_setting|break_app_both_permissions|unseat_sim_card|user_abroad_roaming_disabled_on[PERSONA:Easy],telecom_0066,66,18,pending,0,tau2_full_flash_telecom_0066,C:\Users\86132\Desktop\SafeDesk\benchmarks\tau2-bench\data\simulations\tau2_full_flash_telecom_0066\results.json,,2026-07-09T22:52:17
tau2_full_flash,telecom,telecom,none,[mms_issue]airplane_mode_on|bad_network_preference|bad_wifi_calling|break_apn_mms_setting|unseat_sim_card|user_abroad_roaming_disabled_off[PERSONA:Hard],telecom_0066,66,19,pending,0,tau2_full_flash_telecom_0066,C:\Users\86132\Desktop\SafeDesk\benchmarks\tau2-bench\data\simulations\tau2_full_flash_telecom_0066\results.json,,2026-07-09T22:52:17
tau2_full_flash,telecom,telecom,none,[mms_issue]airplane_mode_on|bad_network_preference|bad_wifi_calling|break_app_sms_permission|unseat_sim_card|user_abroad_roaming_disabled_off[PERSONA:None],telecom_0066,66,20,pending,0,tau2_full_flash_telecom_0066,C:\Users\86132\Desktop\SafeDesk\benchmarks\tau2-bench\data\simulations\tau2_full_flash_telecom_0066\results.json,,2026-07-09T22:52:17
tau2_full_flash,telecom,telecom,none,[mms_issue]airplane_mode_on|bad_network_preference|bad_wifi_calling|break_app_storage_permission|unseat_sim_card|user_abroad_roaming_disabled_off[PERSONA:Easy],telecom_0066,66,21,pending,0,tau2_full_flash_telecom_0066,C:\Users\86132\Desktop\SafeDesk\benchmarks\tau2-bench\data\simulations\tau2_full_flash_telecom_0066\results.json,,2026-07-09T22:52:17
tau2_full_flash,telecom,telecom,none,[mms_issue]airplane_mode_on|bad_network_preference|bad_wifi_calling|break_app_both_permissions|unseat_sim_card|user_abroad_roaming_disabled_off[PERSONA:Hard],telecom_0066,66,22,pending,0,tau2_full_flash_telecom_0066,C:\Users\86132\Desktop\SafeDesk\benchmarks\tau2-bench\data\simulations\tau2_full_flash_telecom_0066\results.json,,2026-07-09T22:52:17
tau2_full_flash,telecom,telecom,none,[mms_issue]airplane_mode_on|bad_network_preference|break_apn_mms_setting|break_app_sms_permission|unseat_sim_card|user_abroad_roaming_disabled_off[PERSONA:None],telecom_0066,66,23,pending,0,tau2_full_flash_telecom_0066,C:\Users\86132\Desktop\SafeDesk\benchmarks\tau2-bench\data\simulations\tau2_full_flash_telecom_0066\results.json,,2026-07-09T22:52:17
tau2_full_flash,telecom,telecom,none,[mms_issue]airplane_mode_on|bad_network_preference|break_apn_mms_setting|break_app_storage_permission|unseat_sim_card|user_abroad_roaming_disabled_off[PERSONA:Easy],telecom_0066,66,24,pending,0,tau2_full_flash_telecom_0066,C:\Users\86132\Desktop\SafeDesk\benchmarks\tau2-bench\data\simulations\tau2_full_flash_telecom_0066\results.json,,2026-07-09T22:52:17
tau2_full_flash,telecom,telecom,none,[mms_issue]airplane_mode_on|bad_network_preference|break_apn_mms_setting|break_app_both_permissions|unseat_sim_card|user_abroad_roaming_disabled_off[PERSONA:Hard],telecom_0067,67,0,pending,0,tau2_full_flash_telecom_0067,C:\Users\86132\Desktop\SafeDesk\benchmarks\tau2-bench\data\simulations\tau2_full_flash_telecom_0067\results.json,,2026-07-09T22:52:17
tau2_full_flash,telecom,telecom,none,[mms_issue]airplane_mode_on|bad_wifi_calling|break_apn_mms_setting|break_app_sms_permission|unseat_sim_card|user_abroad_roaming_disabled_off[PERSONA:None],telecom_0067,67,1,pending,0,tau2_full_flash_telecom_0067,C:\Users\86132\Desktop\SafeDesk\benchmarks\tau2-bench\data\simulations\tau2_full_flash_telecom_0067\results.json,,2026-07-09T22:52:17
tau2_full_flash,telecom,telecom,none,[mms_issue]airplane_mode_on|bad_wifi_calling|break_apn_mms_setting|break_app_storage_permission|unseat_sim_card|user_abroad_roaming_disabled_off[PERSONA:Easy],telecom_0067,67,2,pending,0,tau2_full_flash_telecom_0067,C:\Users\86132\Desktop\SafeDesk\benchmarks\tau2-bench\data\simulations\tau2_full_flash_telecom_0067\results.json,,2026-07-09T22:52:17
tau2_full_flash,telecom,telecom,none,[mms_issue]airplane_mode_on|bad_wifi_calling|break_apn_mms_setting|break_app_both_permissions|unseat_sim_card|user_abroad_roaming_disabled_off[PERSONA:Hard],telecom_0067,67,3,pending,0,tau2_full_flash_telecom_0067,C:\Users\86132\Desktop\SafeDesk\benchmarks\tau2-bench\data\simulations\tau2_full_flash_telecom_0067\results.json,,2026-07-09T22:52:17
tau2_full_flash,telecom,telecom,none,[mms_issue]airplane_mode_on|bad_network_preference|bad_wifi_calling|break_apn_mms_setting|break_app_sms_permission|unseat_sim_card[PERSONA:None],telecom_0067,67,4,pending,0,tau2_full_flash_telecom_0067,C:\Users\86132\Desktop\SafeDesk\benchmarks\tau2-bench\data\simulations\tau2_full_flash_telecom_0067\results.json,,2026-07-09T22:52:17
tau2_full_flash,telecom,telecom,none,[mms_issue]airplane_mode_on|bad_network_preference|bad_wifi_calling|break_apn_mms_setting|break_app_storage_permission|unseat_sim_card[PERSONA:Easy],telecom_0067,67,5,pending,0,tau2_full_flash_telecom_0067,C:\Users\86132\Desktop\SafeDesk\benchmarks\tau2-bench\data\simulations\tau2_full_flash_telecom_0067\results.json,,2026-07-09T22:52:17
tau2_full_flash,telecom,telecom,none,[mms_issue]airplane_mode_on|bad_network_preference|bad_wifi_calling|break_apn_mms_setting|break_app_both_permissions|unseat_sim_card[PERSONA:Hard],telecom_0067,67,6,pending,0,tau2_full_flash_telecom_0067,C:\Users\86132\Desktop\SafeDesk\benchmarks\tau2-bench\data\simulations\tau2_full_flash_telecom_0067\results.json,,2026-07-09T22:52:17
tau2_full_flash,telecom,telecom,none,[mms_issue]airplane_mode_on|bad_network_preference|bad_wifi_calling|data_mode_off|data_usage_exceeded|user_abroad_roaming_enabled_off[PERSONA:None],telecom_0067,67,7,pending,0,tau2_full_flash_telecom_0067,C:\Users\86132\Desktop\SafeDesk\benchmarks\tau2-bench\data\simulations\tau2_full_flash_telecom_0067\results.json,,2026-07-09T22:52:17
tau2_full_flash,telecom,telecom,none,[mms_issue]airplane_mode_on|bad_network_preference|break_apn_mms_setting|data_mode_off|data_usage_exceeded|user_abroad_roaming_enabled_off[PERSONA:Easy],telecom_0067,67,8,pending,0,tau2_full_flash_telecom_0067,C:\Users\86132\Desktop\SafeDesk\benchmarks\tau2-bench\data\simulations\tau2_full_flash_telecom_0067\results.json,,2026-07-09T22:52:17
tau2_full_flash,telecom,telecom,none,[mms_issue]airplane_mode_on|bad_network_preference|break_app_sms_permission|data_mode_off|data_usage_exceeded|user_abroad_roaming_enabled_off[PERSONA:Hard],telecom_0067,67,9,pending,0,tau2_full_flash_telecom_0067,C:\Users\86132\Desktop\SafeDesk\benchmarks\tau2-bench\data\simulations\tau2_full_flash_telecom_0067\results.json,,2026-07-09T22:52:17
tau2_full_flash,telecom,telecom,none,[mms_issue]airplane_mode_on|bad_network_preference|break_app_storage_permission|data_mode_off|data_usage_exceeded|user_abroad_roaming_enabled_off[PERSONA:None],telecom_0067,67,10,pending,0,tau2_full_flash_telecom_0067,C:\Users\86132\Desktop\SafeDesk\benchmarks\tau2-bench\data\simulations\tau2_full_flash_telecom_0067\results.json,,2026-07-09T22:52:17
tau2_full_flash,telecom,telecom,none,[mms_issue]airplane_mode_on|bad_network_preference|break_app_both_permissions|data_mode_off|data_usage_exceeded|user_abroad_roaming_enabled_off[PERSONA:Easy],telecom_0067,67,11,pending,0,tau2_full_flash_telecom_0067,C:\Users\86132\Desktop\SafeDesk\benchmarks\tau2-bench\data\simulations\tau2_full_flash_telecom_0067\results.json,,2026-07-09T22:52:17
tau2_full_flash,telecom,telecom,none,[mms_issue]airplane_mode_on|bad_wifi_calling|break_apn_mms_setting|data_mode_off|data_usage_exceeded|user_abroad_roaming_enabled_off[PERSONA:Hard],telecom_0067,67,12,pending,0,tau2_full_flash_telecom_0067,C:\Users\86132\Desktop\SafeDesk\benchmarks\tau2-bench\data\simulations\tau2_full_flash_telecom_0067\results.json,,2026-07-09T22:52:17
tau2_full_flash,telecom,telecom,none,[mms_issue]airplane_mode_on|bad_wifi_calling|break_app_sms_permission|data_mode_off|data_usage_exceeded|user_abroad_roaming_enabled_off[PERSONA:None],telecom_0067,67,13,pending,0,tau2_full_flash_telecom_0067,C:\Users\86132\Desktop\SafeDesk\benchmarks\tau2-bench\data\simulations\tau2_full_flash_telecom_0067\results.json,,2026-07-09T22:52:17
tau2_full_flash,telecom,telecom,none,[mms_issue]airplane_mode_on|bad_wifi_calling|break_app_storage_permission|data_mode_off|data_usage_exceeded|user_abroad_roaming_enabled_off[PERSONA:Easy],telecom_0067,67,14,pending,0,tau2_full_flash_telecom_0067,C:\Users\86132\Desktop\SafeDesk\benchmarks\tau2-bench\data\simulations\tau2_full_flash_telecom_0067\results.json,,2026-07-09T22:52:17
tau2_full_flash,telecom,telecom,none,[mms_issue]airplane_mode_on|bad_wifi_calling|break_app_both_permissions|data_mode_off|data_usage_exceeded|user_abroad_roaming_enabled_off[PERSONA:Hard],telecom_0067,67,15,pending,0,tau2_full_flash_telecom_0067,C:\Users\86132\Desktop\SafeDesk\benchmarks\tau2-bench\data\simulations\tau2_full_flash_telecom_0067\results.json,,2026-07-09T22:52:17
tau2_full_flash,telecom,telecom,none,[mms_issue]airplane_mode_on|break_apn_mms_setting|break_app_sms_permission|data_mode_off|data_usage_exceeded|user_abroad_roaming_enabled_off[PERSONA:None],telecom_0067,67,16,pending,0,tau2_full_flash_telecom_0067,C:\Users\86132\Desktop\SafeDesk\benchmarks\tau2-bench\data\simulations\tau2_full_flash_telecom_0067\results.json,,2026-07-09T22:52:17
tau2_full_flash,telecom,telecom,none,[mms_issue]airplane_mode_on|break_apn_mms_setting|break_app_storage_permission|data_mode_off|data_usage_exceeded|user_abroad_roaming_enabled_off[PERSONA:Easy],telecom_0067,67,17,pending,0,tau2_full_flash_telecom_0067,C:\Users\86132\Desktop\SafeDesk\benchmarks\tau2-bench\data\simulations\tau2_full_flash_telecom_0067\results.json,,2026-07-09T22:52:17
tau2_full_flash,telecom,telecom,none,[mms_issue]airplane_mode_on|break_apn_mms_setting|break_app_both_permissions|data_mode_off|data_usage_exceeded|user_abroad_roaming_enabled_off[PERSONA:Hard],telecom_0067,67,18,pending,0,tau2_full_flash_telecom_0067,C:\Users\86132\Desktop\SafeDesk\benchmarks\tau2-bench\data\simulations\tau2_full_flash_telecom_0067\results.json,,2026-07-09T22:52:17
tau2_full_flash,telecom,telecom,none,[mms_issue]airplane_mode_on|bad_network_preference|bad_wifi_calling|data_mode_off|data_usage_exceeded|user_abroad_roaming_disabled_on[PERSONA:None],telecom_0067,67,19,pending,0,tau2_full_flash_telecom_0067,C:\Users\86132\Desktop\SafeDesk\benchmarks\tau2-bench\data\simulations\tau2_full_flash_telecom_0067\results.json,,2026-07-09T22:52:17
tau2_full_flash,telecom,telecom,none,[mms_issue]airplane_mode_on|bad_network_preference|break_apn_mms_setting|data_mode_off|data_usage_exceeded|user_abroad_roaming_disabled_on[PERSONA:Easy],telecom_0067,67,20,pending,0,tau2_full_flash_telecom_0067,C:\Users\86132\Desktop\SafeDesk\benchmarks\tau2-bench\data\simulations\tau2_full_flash_telecom_0067\results.json,,2026-07-09T22:52:17
tau2_full_flash,telecom,telecom,none,[mms_issue]airplane_mode_on|bad_network_preference|break_app_sms_permission|data_mode_off|data_usage_exceeded|user_abroad_roaming_disabled_on[PERSONA:Hard],telecom_0067,67,21,pending,0,tau2_full_flash_telecom_0067,C:\Users\86132\Desktop\SafeDesk\benchmarks\tau2-bench\data\simulations\tau2_full_flash_telecom_0067\results.json,,2026-07-09T22:52:17
tau2_full_flash,telecom,telecom,none,[mms_issue]airplane_mode_on|bad_network_preference|break_app_storage_permission|data_mode_off|data_usage_exceeded|user_abroad_roaming_disabled_on[PERSONA:None],telecom_0067,67,22,pending,0,tau2_full_flash_telecom_0067,C:\Users\86132\Desktop\SafeDesk\benchmarks\tau2-bench\data\simulations\tau2_full_flash_telecom_0067\results.json,,2026-07-09T22:52:17
tau2_full_flash,telecom,telecom,none,[mms_issue]airplane_mode_on|bad_network_preference|break_app_both_permissions|data_mode_off|data_usage_exceeded|user_abroad_roaming_disabled_on[PERSONA:Easy],telecom_0067,67,23,pending,0,tau2_full_flash_telecom_0067,C:\Users\86132\Desktop\SafeDesk\benchmarks\tau2-bench\data\simulations\tau2_full_flash_telecom_0067\results.json,,2026-07-09T22:52:17
tau2_full_flash,telecom,telecom,none,[mms_issue]airplane_mode_on|bad_wifi_calling|break_apn_mms_setting|data_mode_off|data_usage_exceeded|user_abroad_roaming_disabled_on[PERSONA:Hard],telecom_0067,67,24,pending,0,tau2_full_flash_telecom_0067,C:\Users\86132\Desktop\SafeDesk\benchmarks\tau2-bench\data\simulations\tau2_full_flash_telecom_0067\results.json,,2026-07-09T22:52:17
tau2_full_flash,telecom,telecom,none,[mms_issue]airplane_mode_on|bad_wifi_calling|break_app_sms_permission|data_mode_off|data_usage_exceeded|user_abroad_roaming_disabled_on[PERSONA:None],telecom_0068,68,0,pending,0,tau2_full_flash_telecom_0068,C:\Users\86132\Desktop\SafeDesk\benchmarks\tau2-bench\data\simulations\tau2_full_flash_telecom_0068\results.json,,2026-07-09T22:52:17
tau2_full_flash,telecom,telecom,none,[mms_issue]airplane_mode_on|bad_wifi_calling|break_app_storage_permission|data_mode_off|data_usage_exceeded|user_abroad_roaming_disabled_on[PERSONA:Easy],telecom_0068,68,1,pending,0,tau2_full_flash_telecom_0068,C:\Users\86132\Desktop\SafeDesk\benchmarks\tau2-bench\data\simulations\tau2_full_flash_telecom_0068\results.json,,2026-07-09T22:52:17
tau2_full_flash,telecom,telecom,none,[mms_issue]airplane_mode_on|bad_wifi_calling|break_app_both_permissions|data_mode_off|data_usage_exceeded|user_abroad_roaming_disabled_on[PERSONA:Hard],telecom_0068,68,2,pending,0,tau2_full_flash_telecom_0068,C:\Users\86132\Desktop\SafeDesk\benchmarks\tau2-bench\data\simulations\tau2_full_flash_telecom_0068\results.json,,2026-07-09T22:52:17
tau2_full_flash,telecom,telecom,none,[mms_issue]airplane_mode_on|break_apn_mms_setting|break_app_sms_permission|data_mode_off|data_usage_exceeded|user_abroad_roaming_disabled_on[PERSONA:None],telecom_0068,68,3,pending,0,tau2_full_flash_telecom_0068,C:\Users\86132\Desktop\SafeDesk\benchmarks\tau2-bench\data\simulations\tau2_full_flash_telecom_0068\results.json,,2026-07-09T22:52:17
tau2_full_flash,telecom,telecom,none,[mms_issue]airplane_mode_on|break_apn_mms_setting|break_app_storage_permission|data_mode_off|data_usage_exceeded|user_abroad_roaming_disabled_on[PERSONA:Easy],telecom_0068,68,4,pending,0,tau2_full_flash_telecom_0068,C:\Users\86132\Desktop\SafeDesk\benchmarks\tau2-bench\data\simulations\tau2_full_flash_telecom_0068\results.json,,2026-07-09T22:52:17
tau2_full_flash,telecom,telecom,none,[mms_issue]airplane_mode_on|break_apn_mms_setting|break_app_both_permissions|data_mode_off|data_usage_exceeded|user_abroad_roaming_disabled_on[PERSONA:Hard],telecom_0068,68,5,pending,0,tau2_full_flash_telecom_0068,C:\Users\86132\Desktop\SafeDesk\benchmarks\tau2-bench\data\simulations\tau2_full_flash_telecom_0068\results.json,,2026-07-09T22:52:17
tau2_full_flash,telecom,telecom,none,[mms_issue]airplane_mode_on|bad_network_preference|bad_wifi_calling|data_mode_off|data_usage_exceeded|user_abroad_roaming_disabled_off[PERSONA:None],telecom_0068,68,6,pending,0,tau2_full_flash_telecom_0068,C:\Users\86132\Desktop\SafeDesk\benchmarks\tau2-bench\data\simulations\tau2_full_flash_telecom_0068\results.json,,2026-07-09T22:52:17
tau2_full_flash,telecom,telecom,none,[mms_issue]airplane_mode_on|bad_network_preference|break_apn_mms_setting|data_mode_off|data_usage_exceeded|user_abroad_roaming_disabled_off[PERSONA:Easy],telecom_0068,68,7,pending,0,tau2_full_flash_telecom_0068,C:\Users\86132\Desktop\SafeDesk\benchmarks\tau2-bench\data\simulations\tau2_full_flash_telecom_0068\results.json,,2026-07-09T22:52:17
tau2_full_flash,telecom,telecom,none,[mms_issue]airplane_mode_on|bad_network_preference|break_app_sms_permission|data_mode_off|data_usage_exceeded|user_abroad_roaming_disabled_off[PERSONA:Hard],telecom_0068,68,8,pending,0,tau2_full_flash_telecom_0068,C:\Users\86132\Desktop\SafeDesk\benchmarks\tau2-bench\data\simulations\tau2_full_flash_telecom_0068\results.json,,2026-07-09T22:52:17
tau2_full_flash,telecom,telecom,none,[mms_issue]airplane_mode_on|bad_network_preference|break_app_storage_permission|data_mode_off|data_usage_exceeded|user_abroad_roaming_disabled_off[PERSONA:None],telecom_0068,68,9,pending,0,tau2_full_flash_telecom_0068,C:\Users\86132\Desktop\SafeDesk\benchmarks\tau2-bench\data\simulations\tau2_full_flash_telecom_0068\results.json,,2026-07-09T22:52:17
tau2_full_flash,telecom,telecom,none,[mms_issue]airplane_mode_on|bad_network_preference|break_app_both_permissions|data_mode_off|data_usage_exceeded|user_abroad_roaming_disabled_off[PERSONA:Easy],telecom_0068,68,10,pending,0,tau2_full_flash_telecom_0068,C:\Users\86132\Desktop\SafeDesk\benchmarks\tau2-bench\data\simulations\tau2_full_flash_telecom_0068\results.json,,2026-07-09T22:52:17
tau2_full_flash,telecom,telecom,none,[mms_issue]airplane_mode_on|bad_wifi_calling|break_apn_mms_setting|data_mode_off|data_usage_exceeded|user_abroad_roaming_disabled_off[PERSONA:Hard],telecom_0068,68,11,pending,0,tau2_full_flash_telecom_0068,C:\Users\86132\Desktop\SafeDesk\benchmarks\tau2-bench\data\simulations\tau2_full_flash_telecom_0068\results.json,,2026-07-09T22:52:17
tau2_full_flash,telecom,telecom,none,[mms_issue]airplane_mode_on|bad_wifi_calling|break_app_sms_permission|data_mode_off|data_usage_exceeded|user_abroad_roaming_disabled_off[PERSONA:None],telecom_0068,68,12,pending,0,tau2_full_flash_telecom_0068,C:\Users\86132\Desktop\SafeDesk\benchmarks\tau2-bench\data\simulations\tau2_full_flash_telecom_0068\results.json,,2026-07-09T22:52:17
tau2_full_flash,telecom,telecom,none,[mms_issue]airplane_mode_on|bad_wifi_calling|break_app_storage_permission|data_mode_off|data_usage_exceeded|user_abroad_roaming_disabled_off[PERSONA:Easy],telecom_0068,68,13,pending,0,tau2_full_flash_telecom_0068,C:\Users\86132\Desktop\SafeDesk\benchmarks\tau2-bench\data\simulations\tau2_full_flash_telecom_0068\results.json,,2026-07-09T22:52:17
tau2_full_flash,telecom,telecom,none,[mms_issue]airplane_mode_on|bad_wifi_calling|break_app_both_permissions|data_mode_off|data_usage_exceeded|user_abroad_roaming_disabled_off[PERSONA:Hard],telecom_0068,68,14,pending,0,tau2_full_flash_telecom_0068,C:\Users\86132\Desktop\SafeDesk\benchmarks\tau2-bench\data\simulations\tau2_full_flash_telecom_0068\results.json,,2026-07-09T22:52:17
tau2_full_flash,telecom,telecom,none,[mms_issue]airplane_mode_on|break_apn_mms_setting|break_app_sms_permission|data_mode_off|data_usage_exceeded|user_abroad_roaming_disabled_off[PERSONA:None],telecom_0068,68,15,pending,0,tau2_full_flash_telecom_0068,C:\Users\86132\Desktop\SafeDesk\benchmarks\tau2-bench\data\simulations\tau2_full_flash_telecom_0068\results.json,,2026-07-09T22:52:17
tau2_full_flash,telecom,telecom,none,[mms_issue]airplane_mode_on|break_apn_mms_setting|break_app_storage_permission|data_mode_off|data_usage_exceeded|user_abroad_roaming_disabled_off[PERSONA:Easy],telecom_0068,68,16,pending,0,tau2_full_flash_telecom_0068,C:\Users\86132\Desktop\SafeDesk\benchmarks\tau2-bench\data\simulations\tau2_full_flash_telecom_0068\results.json,,2026-07-09T22:52:17
tau2_full_flash,telecom,telecom,none,[mms_issue]airplane_mode_on|break_apn_mms_setting|break_app_both_permissions|data_mode_off|data_usage_exceeded|user_abroad_roaming_disabled_off[PERSONA:Hard],telecom_0068,68,17,pending,0,tau2_full_flash_telecom_0068,C:\Users\86132\Desktop\SafeDesk\benchmarks\tau2-bench\data\simulations\tau2_full_flash_telecom_0068\results.json,,2026-07-09T22:52:17
tau2_full_flash,telecom,telecom,none,[mms_issue]airplane_mode_on|bad_network_preference|bad_wifi_calling|break_apn_mms_setting|data_mode_off|data_usage_exceeded[PERSONA:None],telecom_0068,68,18,pending,0,tau2_full_flash_telecom_0068,C:\Users\86132\Desktop\SafeDesk\benchmarks\tau2-bench\data\simulations\tau2_full_flash_telecom_0068\results.json,,2026-07-09T22:52:17
tau2_full_flash,telecom,telecom,none,[mms_issue]airplane_mode_on|bad_network_preference|bad_wifi_calling|break_app_sms_permission|data_mode_off|data_usage_exceeded[PERSONA:Easy],telecom_0068,68,19,pending,0,tau2_full_flash_telecom_0068,C:\Users\86132\Desktop\SafeDesk\benchmarks\tau2-bench\data\simulations\tau2_full_flash_telecom_0068\results.json,,2026-07-09T22:52:17
tau2_full_flash,telecom,telecom,none,[mms_issue]airplane_mode_on|bad_network_preference|bad_wifi_calling|break_app_storage_permission|data_mode_off|data_usage_exceeded[PERSONA:Hard],telecom_0068,68,20,pending,0,tau2_full_flash_telecom_0068,C:\Users\86132\Desktop\SafeDesk\benchmarks\tau2-bench\data\simulations\tau2_full_flash_telecom_0068\results.json,,2026-07-09T22:52:17
tau2_full_flash,telecom,telecom,none,[mms_issue]airplane_mode_on|bad_network_preference|bad_wifi_calling|break_app_both_permissions|data_mode_off|data_usage_exceeded[PERSONA:None],telecom_0068,68,21,pending,0,tau2_full_flash_telecom_0068,C:\Users\86132\Desktop\SafeDesk\benchmarks\tau2-bench\data\simulations\tau2_full_flash_telecom_0068\results.json,,2026-07-09T22:52:17
tau2_full_flash,telecom,telecom,none,[mms_issue]airplane_mode_on|bad_network_preference|break_apn_mms_setting|break_app_sms_permission|data_mode_off|data_usage_exceeded[PERSONA:Easy],telecom_0068,68,22,pending,0,tau2_full_flash_telecom_0068,C:\Users\86132\Desktop\SafeDesk\benchmarks\tau2-bench\data\simulations\tau2_full_flash_telecom_0068\results.json,,2026-07-09T22:52:17
tau2_full_flash,telecom,telecom,none,[mms_issue]airplane_mode_on|bad_network_preference|break_apn_mms_setting|break_app_storage_permission|data_mode_off|data_usage_exceeded[PERSONA:Hard],telecom_0068,68,23,pending,0,tau2_full_flash_telecom_0068,C:\Users\86132\Desktop\SafeDesk\benchmarks\tau2-bench\data\simulations\tau2_full_flash_telecom_0068\results.json,,2026-07-09T22:52:17
tau2_full_flash,telecom,telecom,none,[mms_issue]airplane_mode_on|bad_network_preference|break_apn_mms_setting|break_app_both_permissions|data_mode_off|data_usage_exceeded[PERSONA:None],telecom_0068,68,24,pending,0,tau2_full_flash_telecom_0068,C:\Users\86132\Desktop\SafeDesk\benchmarks\tau2-bench\data\simulations\tau2_full_flash_telecom_0068\results.json,,2026-07-09T22:52:17
tau2_full_flash,telecom,telecom,none,[mms_issue]airplane_mode_on|bad_wifi_calling|break_apn_mms_setting|break_app_sms_permission|data_mode_off|data_usage_exceeded[PERSONA:Easy],telecom_0069,69,0,pending,0,tau2_full_flash_telecom_0069,C:\Users\86132\Desktop\SafeDesk\benchmarks\tau2-bench\data\simulations\tau2_full_flash_telecom_0069\results.json,,2026-07-09T22:52:17
tau2_full_flash,telecom,telecom,none,[mms_issue]airplane_mode_on|bad_wifi_calling|break_apn_mms_setting|break_app_storage_permission|data_mode_off|data_usage_exceeded[PERSONA:Hard],telecom_0069,69,1,pending,0,tau2_full_flash_telecom_0069,C:\Users\86132\Desktop\SafeDesk\benchmarks\tau2-bench\data\simulations\tau2_full_flash_telecom_0069\results.json,,2026-07-09T22:52:17
tau2_full_flash,telecom,telecom,none,[mms_issue]airplane_mode_on|bad_wifi_calling|break_apn_mms_setting|break_app_both_permissions|data_mode_off|data_usage_exceeded[PERSONA:None],telecom_0069,69,2,pending,0,tau2_full_flash_telecom_0069,C:\Users\86132\Desktop\SafeDesk\benchmarks\tau2-bench\data\simulations\tau2_full_flash_telecom_0069\results.json,,2026-07-09T22:52:17
tau2_full_flash,telecom,telecom,none,[mms_issue]airplane_mode_on|bad_network_preference|bad_wifi_calling|break_apn_mms_setting|data_mode_off|user_abroad_roaming_enabled_off[PERSONA:Hard],telecom_0069,69,3,pending,0,tau2_full_flash_telecom_0069,C:\Users\86132\Desktop\SafeDesk\benchmarks\tau2-bench\data\simulations\tau2_full_flash_telecom_0069\results.json,,2026-07-09T22:52:17
tau2_full_flash,telecom,telecom,none,[mms_issue]airplane_mode_on|bad_network_preference|bad_wifi_calling|break_app_sms_permission|data_mode_off|user_abroad_roaming_enabled_off[PERSONA:None],telecom_0069,69,4,pending,0,tau2_full_flash_telecom_0069,C:\Users\86132\Desktop\SafeDesk\benchmarks\tau2-bench\data\simulations\tau2_full_flash_telecom_0069\results.json,,2026-07-09T22:52:17
tau2_full_flash,telecom,telecom,none,[mms_issue]airplane_mode_on|bad_network_preference|bad_wifi_calling|break_app_storage_permission|data_mode_off|user_abroad_roaming_enabled_off[PERSONA:Easy],telecom_0069,69,5,pending,0,tau2_full_flash_telecom_0069,C:\Users\86132\Desktop\SafeDesk\benchmarks\tau2-bench\data\simulations\tau2_full_flash_telecom_0069\results.json,,2026-07-09T22:52:17
tau2_full_flash,telecom,telecom,none,[mms_issue]airplane_mode_on|bad_network_preference|bad_wifi_calling|break_app_both_permissions|data_mode_off|user_abroad_roaming_enabled_off[PERSONA:Hard],telecom_0069,69,6,pending,0,tau2_full_flash_telecom_0069,C:\Users\86132\Desktop\SafeDesk\benchmarks\tau2-bench\data\simulations\tau2_full_flash_telecom_0069\results.json,,2026-07-09T22:52:17
tau2_full_flash,telecom,telecom,none,[mms_issue]airplane_mode_on|bad_network_preference|break_apn_mms_setting|break_app_sms_permission|data_mode_off|user_abroad_roaming_enabled_off[PERSONA:None],telecom_0069,69,7,pending,0,tau2_full_flash_telecom_0069,C:\Users\86132\Desktop\SafeDesk\benchmarks\tau2-bench\data\simulations\tau2_full_flash_telecom_0069\results.json,,2026-07-09T22:52:17
tau2_full_flash,telecom,telecom,none,[mms_issue]airplane_mode_on|bad_network_preference|break_apn_mms_setting|break_app_storage_permission|data_mode_off|user_abroad_roaming_enabled_off[PERSONA:Easy],telecom_0069,69,8,pending,0,tau2_full_flash_telecom_0069,C:\Users\86132\Desktop\SafeDesk\benchmarks\tau2-bench\data\simulations\tau2_full_flash_telecom_0069\results.json,,2026-07-09T22:52:17
tau2_full_flash,telecom,telecom,none,[mms_issue]airplane_mode_on|bad_network_preference|break_apn_mms_setting|break_app_both_permissions|data_mode_off|user_abroad_roaming_enabled_off[PERSONA:Hard],telecom_0069,69,9,pending,0,tau2_full_flash_telecom_0069,C:\Users\86132\Desktop\SafeDesk\benchmarks\tau2-bench\data\simulations\tau2_full_flash_telecom_0069\results.json,,2026-07-09T22:52:17
tau2_full_flash,telecom,telecom,none,[mms_issue]airplane_mode_on|bad_wifi_calling|break_apn_mms_setting|break_app_sms_permission|data_mode_off|user_abroad_roaming_enabled_off[PERSONA:None],telecom_0069,69,10,pending,0,tau2_full_flash_telecom_0069,C:\Users\86132\Desktop\SafeDesk\benchmarks\tau2-bench\data\simulations\tau2_full_flash_telecom_0069\results.json,,2026-07-09T22:52:17
tau2_full_flash,telecom,telecom,none,[mms_issue]airplane_mode_on|bad_wifi_calling|break_apn_mms_setting|break_app_storage_permission|data_mode_off|user_abroad_roaming_enabled_off[PERSONA:Easy],telecom_0069,69,11,pending,0,tau2_full_flash_telecom_0069,C:\Users\86132\Desktop\SafeDesk\benchmarks\tau2-bench\data\simulations\tau2_full_flash_telecom_0069\results.json,,2026-07-09T22:52:17
tau2_full_flash,telecom,telecom,none,[mms_issue]airplane_mode_on|bad_wifi_calling|break_apn_mms_setting|break_app_both_permissions|data_mode_off|user_abroad_roaming_enabled_off[PERSONA:Hard],telecom_0069,69,12,pending,0,tau2_full_flash_telecom_0069,C:\Users\86132\Desktop\SafeDesk\benchmarks\tau2-bench\data\simulations\tau2_full_flash_telecom_0069\results.json,,2026-07-09T22:52:17
tau2_full_flash,telecom,telecom,none,[mms_issue]airplane_mode_on|bad_network_preference|bad_wifi_calling|break_apn_mms_setting|data_mode_off|user_abroad_roaming_disabled_on[PERSONA:None],telecom_0069,69,13,pending,0,tau2_full_flash_telecom_0069,C:\Users\86132\Desktop\SafeDesk\benchmarks\tau2-bench\data\simulations\tau2_full_flash_telecom_0069\results.json,,2026-07-09T22:52:17
tau2_full_flash,telecom,telecom,none,[mms_issue]airplane_mode_on|bad_network_preference|bad_wifi_calling|break_app_sms_permission|data_mode_off|user_abroad_roaming_disabled_on[PERSONA:Easy],telecom_0069,69,14,pending,0,tau2_full_flash_telecom_0069,C:\Users\86132\Desktop\SafeDesk\benchmarks\tau2-bench\data\simulations\tau2_full_flash_telecom_0069\results.json,,2026-07-09T22:52:17
tau2_full_flash,telecom,telecom,none,[mms_issue]airplane_mode_on|bad_network_preference|bad_wifi_calling|break_app_storage_permission|data_mode_off|user_abroad_roaming_disabled_on[PERSONA:Hard],telecom_0069,69,15,pending,0,tau2_full_flash_telecom_0069,C:\Users\86132\Desktop\SafeDesk\benchmarks\tau2-bench\data\simulations\tau2_full_flash_telecom_0069\results.json,,2026-07-09T22:52:17
tau2_full_flash,telecom,telecom,none,[mms_issue]airplane_mode_on|bad_network_preference|bad_wifi_calling|break_app_both_permissions|data_mode_off|user_abroad_roaming_disabled_on[PERSONA:None],telecom_0069,69,16,pending,0,tau2_full_flash_telecom_0069,C:\Users\86132\Desktop\SafeDesk\benchmarks\tau2-bench\data\simulations\tau2_full_flash_telecom_0069\results.json,,2026-07-09T22:52:17
tau2_full_flash,telecom,telecom,none,[mms_issue]airplane_mode_on|bad_network_preference|break_apn_mms_setting|break_app_sms_permission|data_mode_off|user_abroad_roaming_disabled_on[PERSONA:Easy],telecom_0069,69,17,pending,0,tau2_full_flash_telecom_0069,C:\Users\86132\Desktop\SafeDesk\benchmarks\tau2-bench\data\simulations\tau2_full_flash_telecom_0069\results.json,,2026-07-09T22:52:17
tau2_full_flash,telecom,telecom,none,[mms_issue]airplane_mode_on|bad_network_preference|break_apn_mms_setting|break_app_storage_permission|data_mode_off|user_abroad_roaming_disabled_on[PERSONA:Hard],telecom_0069,69,18,pending,0,tau2_full_flash_telecom_0069,C:\Users\86132\Desktop\SafeDesk\benchmarks\tau2-bench\data\simulations\tau2_full_flash_telecom_0069\results.json,,2026-07-09T22:52:17
tau2_full_flash,telecom,telecom,none,[mms_issue]airplane_mode_on|bad_network_preference|break_apn_mms_setting|break_app_both_permissions|data_mode_off|user_abroad_roaming_disabled_on[PERSONA:None],telecom_0069,69,19,pending,0,tau2_full_flash_telecom_0069,C:\Users\86132\Desktop\SafeDesk\benchmarks\tau2-bench\data\simulations\tau2_full_flash_telecom_0069\results.json,,2026-07-09T22:52:17
tau2_full_flash,telecom,telecom,none,[mms_issue]airplane_mode_on|bad_wifi_calling|break_apn_mms_setting|break_app_sms_permission|data_mode_off|user_abroad_roaming_disabled_on[PERSONA:Easy],telecom_0069,69,20,pending,0,tau2_full_flash_telecom_0069,C:\Users\86132\Desktop\SafeDesk\benchmarks\tau2-bench\data\simulations\tau2_full_flash_telecom_0069\results.json,,2026-07-09T22:52:17
tau2_full_flash,telecom,telecom,none,[mms_issue]airplane_mode_on|bad_wifi_calling|break_apn_mms_setting|break_app_storage_permission|data_mode_off|user_abroad_roaming_disabled_on[PERSONA:Hard],telecom_0069,69,21,pending,0,tau2_full_flash_telecom_0069,C:\Users\86132\Desktop\SafeDesk\benchmarks\tau2-bench\data\simulations\tau2_full_flash_telecom_0069\results.json,,2026-07-09T22:52:17
tau2_full_flash,telecom,telecom,none,[mms_issue]airplane_mode_on|bad_wifi_calling|break_apn_mms_setting|break_app_both_permissions|data_mode_off|user_abroad_roaming_disabled_on[PERSONA:None],telecom_0069,69,22,pending,0,tau2_full_flash_telecom_0069,C:\Users\86132\Desktop\SafeDesk\benchmarks\tau2-bench\data\simulations\tau2_full_flash_telecom_0069\results.json,,2026-07-09T22:52:17
tau2_full_flash,telecom,telecom,none,[mms_issue]airplane_mode_on|bad_network_preference|bad_wifi_calling|break_apn_mms_setting|data_mode_off|user_abroad_roaming_disabled_off[PERSONA:Easy],telecom_0069,69,23,pending,0,tau2_full_flash_telecom_0069,C:\Users\86132\Desktop\SafeDesk\benchmarks\tau2-bench\data\simulations\tau2_full_flash_telecom_0069\results.json,,2026-07-09T22:52:17
tau2_full_flash,telecom,telecom,none,[mms_issue]airplane_mode_on|bad_network_preference|bad_wifi_calling|break_app_sms_permission|data_mode_off|user_abroad_roaming_disabled_off[PERSONA:Hard],telecom_0069,69,24,pending,0,tau2_full_flash_telecom_0069,C:\Users\86132\Desktop\SafeDesk\benchmarks\tau2-bench\data\simulations\tau2_full_flash_telecom_0069\results.json,,2026-07-09T22:52:17
tau2_full_flash,telecom,telecom,none,[mms_issue]airplane_mode_on|bad_network_preference|bad_wifi_calling|break_app_storage_permission|data_mode_off|user_abroad_roaming_disabled_off[PERSONA:None],telecom_0070,70,0,pending,0,tau2_full_flash_telecom_0070,C:\Users\86132\Desktop\SafeDesk\benchmarks\tau2-bench\data\simulations\tau2_full_flash_telecom_0070\results.json,,2026-07-09T22:52:17
tau2_full_flash,telecom,telecom,none,[mms_issue]airplane_mode_on|bad_network_preference|bad_wifi_calling|break_app_both_permissions|data_mode_off|user_abroad_roaming_disabled_off[PERSONA:Easy],telecom_0070,70,1,pending,0,tau2_full_flash_telecom_0070,C:\Users\86132\Desktop\SafeDesk\benchmarks\tau2-bench\data\simulations\tau2_full_flash_telecom_0070\results.json,,2026-07-09T22:52:17
tau2_full_flash,telecom,telecom,none,[mms_issue]airplane_mode_on|bad_network_preference|break_apn_mms_setting|break_app_sms_permission|data_mode_off|user_abroad_roaming_disabled_off[PERSONA:Hard],telecom_0070,70,2,pending,0,tau2_full_flash_telecom_0070,C:\Users\86132\Desktop\SafeDesk\benchmarks\tau2-bench\data\simulations\tau2_full_flash_telecom_0070\results.json,,2026-07-09T22:52:17
tau2_full_flash,telecom,telecom,none,[mms_issue]airplane_mode_on|bad_network_preference|break_apn_mms_setting|break_app_storage_permission|data_mode_off|user_abroad_roaming_disabled_off[PERSONA:None],telecom_0070,70,3,pending,0,tau2_full_flash_telecom_0070,C:\Users\86132\Desktop\SafeDesk\benchmarks\tau2-bench\data\simulations\tau2_full_flash_telecom_0070\results.json,,2026-07-09T22:52:17
tau2_full_flash,telecom,telecom,none,[mms_issue]airplane_mode_on|bad_network_preference|break_apn_mms_setting|break_app_both_permissions|data_mode_off|user_abroad_roaming_disabled_off[PERSONA:Easy],telecom_0070,70,4,pending,0,tau2_full_flash_telecom_0070,C:\Users\86132\Desktop\SafeDesk\benchmarks\tau2-bench\data\simulations\tau2_full_flash_telecom_0070\results.json,,2026-07-09T22:52:17
tau2_full_flash,telecom,telecom,none,[mms_issue]airplane_mode_on|bad_wifi_calling|break_apn_mms_setting|break_app_sms_permission|data_mode_off|user_abroad_roaming_disabled_off[PERSONA:Hard],telecom_0070,70,5,pending,0,tau2_full_flash_telecom_0070,C:\Users\86132\Desktop\SafeDesk\benchmarks\tau2-bench\data\simulations\tau2_full_flash_telecom_0070\results.json,,2026-07-09T22:52:17
tau2_full_flash,telecom,telecom,none,[mms_issue]airplane_mode_on|bad_wifi_calling|break_apn_mms_setting|break_app_storage_permission|data_mode_off|user_abroad_roaming_disabled_off[PERSONA:None],telecom_0070,70,6,pending,0,tau2_full_flash_telecom_0070,C:\Users\86132\Desktop\SafeDesk\benchmarks\tau2-bench\data\simulations\tau2_full_flash_telecom_0070\results.json,,2026-07-09T22:52:17
tau2_full_flash,telecom,telecom,none,[mms_issue]airplane_mode_on|bad_wifi_calling|break_apn_mms_setting|break_app_both_permissions|data_mode_off|user_abroad_roaming_disabled_off[PERSONA:Easy],telecom_0070,70,7,pending,0,tau2_full_flash_telecom_0070,C:\Users\86132\Desktop\SafeDesk\benchmarks\tau2-bench\data\simulations\tau2_full_flash_telecom_0070\results.json,,2026-07-09T22:52:17
tau2_full_flash,telecom,telecom,none,[mms_issue]airplane_mode_on|bad_network_preference|bad_wifi_calling|break_apn_mms_setting|break_app_sms_permission|data_mode_off[PERSONA:Hard],telecom_0070,70,8,pending,0,tau2_full_flash_telecom_0070,C:\Users\86132\Desktop\SafeDesk\benchmarks\tau2-bench\data\simulations\tau2_full_flash_telecom_0070\results.json,,2026-07-09T22:52:17
tau2_full_flash,telecom,telecom,none,[mms_issue]airplane_mode_on|bad_network_preference|bad_wifi_calling|break_apn_mms_setting|break_app_storage_permission|data_mode_off[PERSONA:None],telecom_0070,70,9,pending,0,tau2_full_flash_telecom_0070,C:\Users\86132\Desktop\SafeDesk\benchmarks\tau2-bench\data\simulations\tau2_full_flash_telecom_0070\results.json,,2026-07-09T22:52:17
tau2_full_flash,telecom,telecom,none,[mms_issue]airplane_mode_on|bad_network_preference|bad_wifi_calling|break_apn_mms_setting|break_app_both_permissions|data_mode_off[PERSONA:Easy],telecom_0070,70,10,pending,0,tau2_full_flash_telecom_0070,C:\Users\86132\Desktop\SafeDesk\benchmarks\tau2-bench\data\simulations\tau2_full_flash_telecom_0070\results.json,,2026-07-09T22:52:17
tau2_full_flash,telecom,telecom,none,[mms_issue]airplane_mode_on|bad_network_preference|bad_wifi_calling|break_apn_mms_setting|data_usage_exceeded|user_abroad_roaming_enabled_off[PERSONA:Hard],telecom_0070,70,11,pending,0,tau2_full_flash_telecom_0070,C:\Users\86132\Desktop\SafeDesk\benchmarks\tau2-bench\data\simulations\tau2_full_flash_telecom_0070\results.json,,2026-07-09T22:52:17
tau2_full_flash,telecom,telecom,none,[mms_issue]airplane_mode_on|bad_network_preference|bad_wifi_calling|break_app_sms_permission|data_usage_exceeded|user_abroad_roaming_enabled_off[PERSONA:None],telecom_0070,70,12,pending,0,tau2_full_flash_telecom_0070,C:\Users\86132\Desktop\SafeDesk\benchmarks\tau2-bench\data\simulations\tau2_full_flash_telecom_0070\results.json,,2026-07-09T22:52:17
tau2_full_flash,telecom,telecom,none,[mms_issue]airplane_mode_on|bad_network_preference|bad_wifi_calling|break_app_storage_permission|data_usage_exceeded|user_abroad_roaming_enabled_off[PERSONA:Easy],telecom_0070,70,13,pending,0,tau2_full_flash_telecom_0070,C:\Users\86132\Desktop\SafeDesk\benchmarks\tau2-bench\data\simulations\tau2_full_flash_telecom_0070\results.json,,2026-07-09T22:52:17
tau2_full_flash,telecom,telecom,none,[mms_issue]airplane_mode_on|bad_network_preference|bad_wifi_calling|break_app_both_permissions|data_usage_exceeded|user_abroad_roaming_enabled_off[PERSONA:Hard],telecom_0070,70,14,pending,0,tau2_full_flash_telecom_0070,C:\Users\86132\Desktop\SafeDesk\benchmarks\tau2-bench\data\simulations\tau2_full_flash_telecom_0070\results.json,,2026-07-09T22:52:17
tau2_full_flash,telecom,telecom,none,[mms_issue]airplane_mode_on|bad_network_preference|break_apn_mms_setting|break_app_sms_permission|data_usage_exceeded|user_abroad_roaming_enabled_off[PERSONA:None],telecom_0070,70,15,pending,0,tau2_full_flash_telecom_0070,C:\Users\86132\Desktop\SafeDesk\benchmarks\tau2-bench\data\simulations\tau2_full_flash_telecom_0070\results.json,,2026-07-09T22:52:17
tau2_full_flash,telecom,telecom,none,[mms_issue]airplane_mode_on|bad_network_preference|break_apn_mms_setting|break_app_storage_permission|data_usage_exceeded|user_abroad_roaming_enabled_off[PERSONA:Easy],telecom_0070,70,16,pending,0,tau2_full_flash_telecom_0070,C:\Users\86132\Desktop\SafeDesk\benchmarks\tau2-bench\data\simulations\tau2_full_flash_telecom_0070\results.json,,2026-07-09T22:52:17
tau2_full_flash,telecom,telecom,none,[mms_issue]airplane_mode_on|bad_network_preference|break_apn_mms_setting|break_app_both_permissions|data_usage_exceeded|user_abroad_roaming_enabled_off[PERSONA:Hard],telecom_0070,70,17,pending,0,tau2_full_flash_telecom_0070,C:\Users\86132\Desktop\SafeDesk\benchmarks\tau2-bench\data\simulations\tau2_full_flash_telecom_0070\results.json,,2026-07-09T22:52:17
tau2_full_flash,telecom,telecom,none,[mms_issue]airplane_mode_on|bad_wifi_calling|break_apn_mms_setting|break_app_sms_permission|data_usage_exceeded|user_abroad_roaming_enabled_off[PERSONA:None],telecom_0070,70,18,pending,0,tau2_full_flash_telecom_0070,C:\Users\86132\Desktop\SafeDesk\benchmarks\tau2-bench\data\simulations\tau2_full_flash_telecom_0070\results.json,,2026-07-09T22:52:17
tau2_full_flash,telecom,telecom,none,[mms_issue]airplane_mode_on|bad_wifi_calling|break_apn_mms_setting|break_app_storage_permission|data_usage_exceeded|user_abroad_roaming_enabled_off[PERSONA:Easy],telecom_0070,70,19,pending,0,tau2_full_flash_telecom_0070,C:\Users\86132\Desktop\SafeDesk\benchmarks\tau2-bench\data\simulations\tau2_full_flash_telecom_0070\results.json,,2026-07-09T22:52:17
tau2_full_flash,telecom,telecom,none,[mms_issue]airplane_mode_on|bad_wifi_calling|break_apn_mms_setting|break_app_both_permissions|data_usage_exceeded|user_abroad_roaming_enabled_off[PERSONA:Hard],telecom_0070,70,20,pending,0,tau2_full_flash_telecom_0070,C:\Users\86132\Desktop\SafeDesk\benchmarks\tau2-bench\data\simulations\tau2_full_flash_telecom_0070\results.json,,2026-07-09T22:52:17
tau2_full_flash,telecom,telecom,none,[mms_issue]airplane_mode_on|bad_network_preference|bad_wifi_calling|break_apn_mms_setting|data_usage_exceeded|user_abroad_roaming_disabled_on[PERSONA:None],telecom_0070,70,21,pending,0,tau2_full_flash_telecom_0070,C:\Users\86132\Desktop\SafeDesk\benchmarks\tau2-bench\data\simulations\tau2_full_flash_telecom_0070\results.json,,2026-07-09T22:52:17
tau2_full_flash,telecom,telecom,none,[mms_issue]airplane_mode_on|bad_network_preference|bad_wifi_calling|break_app_sms_permission|data_usage_exceeded|user_abroad_roaming_disabled_on[PERSONA:Easy],telecom_0070,70,22,pending,0,tau2_full_flash_telecom_0070,C:\Users\86132\Desktop\SafeDesk\benchmarks\tau2-bench\data\simulations\tau2_full_flash_telecom_0070\results.json,,2026-07-09T22:52:17
tau2_full_flash,telecom,telecom,none,[mms_issue]airplane_mode_on|bad_network_preference|bad_wifi_calling|break_app_storage_permission|data_usage_exceeded|user_abroad_roaming_disabled_on[PERSONA:Hard],telecom_0070,70,23,pending,0,tau2_full_flash_telecom_0070,C:\Users\86132\Desktop\SafeDesk\benchmarks\tau2-bench\data\simulations\tau2_full_flash_telecom_0070\results.json,,2026-07-09T22:52:17
tau2_full_flash,telecom,telecom,none,[mms_issue]airplane_mode_on|bad_network_preference|bad_wifi_calling|break_app_both_permissions|data_usage_exceeded|user_abroad_roaming_disabled_on[PERSONA:None],telecom_0070,70,24,pending,0,tau2_full_flash_telecom_0070,C:\Users\86132\Desktop\SafeDesk\benchmarks\tau2-bench\data\simulations\tau2_full_flash_telecom_0070\results.json,,2026-07-09T22:52:17
tau2_full_flash,telecom,telecom,none,[mms_issue]airplane_mode_on|bad_network_preference|break_apn_mms_setting|break_app_sms_permission|data_usage_exceeded|user_abroad_roaming_disabled_on[PERSONA:Easy],telecom_0071,71,0,pending,0,tau2_full_flash_telecom_0071,C:\Users\86132\Desktop\SafeDesk\benchmarks\tau2-bench\data\simulations\tau2_full_flash_telecom_0071\results.json,,2026-07-09T22:52:17
tau2_full_flash,telecom,telecom,none,[mms_issue]airplane_mode_on|bad_network_preference|break_apn_mms_setting|break_app_storage_permission|data_usage_exceeded|user_abroad_roaming_disabled_on[PERSONA:Hard],telecom_0071,71,1,pending,0,tau2_full_flash_telecom_0071,C:\Users\86132\Desktop\SafeDesk\benchmarks\tau2-bench\data\simulations\tau2_full_flash_telecom_0071\results.json,,2026-07-09T22:52:17
tau2_full_flash,telecom,telecom,none,[mms_issue]airplane_mode_on|bad_network_preference|break_apn_mms_setting|break_app_both_permissions|data_usage_exceeded|user_abroad_roaming_disabled_on[PERSONA:None],telecom_0071,71,2,pending,0,tau2_full_flash_telecom_0071,C:\Users\86132\Desktop\SafeDesk\benchmarks\tau2-bench\data\simulations\tau2_full_flash_telecom_0071\results.json,,2026-07-09T22:52:17
tau2_full_flash,telecom,telecom,none,[mms_issue]airplane_mode_on|bad_wifi_calling|break_apn_mms_setting|break_app_sms_permission|data_usage_exceeded|user_abroad_roaming_disabled_on[PERSONA:Easy],telecom_0071,71,3,pending,0,tau2_full_flash_telecom_0071,C:\Users\86132\Desktop\SafeDesk\benchmarks\tau2-bench\data\simulations\tau2_full_flash_telecom_0071\results.json,,2026-07-09T22:52:17
tau2_full_flash,telecom,telecom,none,[mms_issue]airplane_mode_on|bad_wifi_calling|break_apn_mms_setting|break_app_storage_permission|data_usage_exceeded|user_abroad_roaming_disabled_on[PERSONA:Hard],telecom_0071,71,4,pending,0,tau2_full_flash_telecom_0071,C:\Users\86132\Desktop\SafeDesk\benchmarks\tau2-bench\data\simulations\tau2_full_flash_telecom_0071\results.json,,2026-07-09T22:52:17
tau2_full_flash,telecom,telecom,none,[mms_issue]airplane_mode_on|bad_wifi_calling|break_apn_mms_setting|break_app_both_permissions|data_usage_exceeded|user_abroad_roaming_disabled_on[PERSONA:None],telecom_0071,71,5,pending,0,tau2_full_flash_telecom_0071,C:\Users\86132\Desktop\SafeDesk\benchmarks\tau2-bench\data\simulations\tau2_full_flash_telecom_0071\results.json,,2026-07-09T22:52:17
tau2_full_flash,telecom,telecom,none,[mms_issue]airplane_mode_on|bad_network_preference|bad_wifi_calling|break_apn_mms_setting|data_usage_exceeded|user_abroad_roaming_disabled_off[PERSONA:Easy],telecom_0071,71,6,pending,0,tau2_full_flash_telecom_0071,C:\Users\86132\Desktop\SafeDesk\benchmarks\tau2-bench\data\simulations\tau2_full_flash_telecom_0071\results.json,,2026-07-09T22:52:17
tau2_full_flash,telecom,telecom,none,[mms_issue]airplane_mode_on|bad_network_preference|bad_wifi_calling|break_app_sms_permission|data_usage_exceeded|user_abroad_roaming_disabled_off[PERSONA:Hard],telecom_0071,71,7,pending,0,tau2_full_flash_telecom_0071,C:\Users\86132\Desktop\SafeDesk\benchmarks\tau2-bench\data\simulations\tau2_full_flash_telecom_0071\results.json,,2026-07-09T22:52:17
tau2_full_flash,telecom,telecom,none,[mms_issue]airplane_mode_on|bad_network_preference|bad_wifi_calling|break_app_storage_permission|data_usage_exceeded|user_abroad_roaming_disabled_off[PERSONA:None],telecom_0071,71,8,pending,0,tau2_full_flash_telecom_0071,C:\Users\86132\Desktop\SafeDesk\benchmarks\tau2-bench\data\simulations\tau2_full_flash_telecom_0071\results.json,,2026-07-09T22:52:17
tau2_full_flash,telecom,telecom,none,[mms_issue]airplane_mode_on|bad_network_preference|bad_wifi_calling|break_app_both_permissions|data_usage_exceeded|user_abroad_roaming_disabled_off[PERSONA:Easy],telecom_0071,71,9,pending,0,tau2_full_flash_telecom_0071,C:\Users\86132\Desktop\SafeDesk\benchmarks\tau2-bench\data\simulations\tau2_full_flash_telecom_0071\results.json,,2026-07-09T22:52:17
tau2_full_flash,telecom,telecom,none,[mms_issue]airplane_mode_on|bad_network_preference|break_apn_mms_setting|break_app_sms_permission|data_usage_exceeded|user_abroad_roaming_disabled_off[PERSONA:Hard],telecom_0071,71,10,pending,0,tau2_full_flash_telecom_0071,C:\Users\86132\Desktop\SafeDesk\benchmarks\tau2-bench\data\simulations\tau2_full_flash_telecom_0071\results.json,,2026-07-09T22:52:17
tau2_full_flash,telecom,telecom,none,[mms_issue]airplane_mode_on|bad_network_preference|break_apn_mms_setting|break_app_storage_permission|data_usage_exceeded|user_abroad_roaming_disabled_off[PERSONA:None],telecom_0071,71,11,pending,0,tau2_full_flash_telecom_0071,C:\Users\86132\Desktop\SafeDesk\benchmarks\tau2-bench\data\simulations\tau2_full_flash_telecom_0071\results.json,,2026-07-09T22:52:17
tau2_full_flash,telecom,telecom,none,[mms_issue]airplane_mode_on|bad_network_preference|break_apn_mms_setting|break_app_both_permissions|data_usage_exceeded|user_abroad_roaming_disabled_off[PERSONA:Easy],telecom_0071,71,12,pending,0,tau2_full_flash_telecom_0071,C:\Users\86132\Desktop\SafeDesk\benchmarks\tau2-bench\data\simulations\tau2_full_flash_telecom_0071\results.json,,2026-07-09T22:52:17
tau2_full_flash,telecom,telecom,none,[mms_issue]airplane_mode_on|bad_wifi_calling|break_apn_mms_setting|break_app_sms_permission|data_usage_exceeded|user_abroad_roaming_disabled_off[PERSONA:Hard],telecom_0071,71,13,pending,0,tau2_full_flash_telecom_0071,C:\Users\86132\Desktop\SafeDesk\benchmarks\tau2-bench\data\simulations\tau2_full_flash_telecom_0071\results.json,,2026-07-09T22:52:17
tau2_full_flash,telecom,telecom,none,[mms_issue]airplane_mode_on|bad_wifi_calling|break_apn_mms_setting|break_app_storage_permission|data_usage_exceeded|user_abroad_roaming_disabled_off[PERSONA:None],telecom_0071,71,14,pending,0,tau2_full_flash_telecom_0071,C:\Users\86132\Desktop\SafeDesk\benchmarks\tau2-bench\data\simulations\tau2_full_flash_telecom_0071\results.json,,2026-07-09T22:52:17
tau2_full_flash,telecom,telecom,none,[mms_issue]airplane_mode_on|bad_wifi_calling|break_apn_mms_setting|break_app_both_permissions|data_usage_exceeded|user_abroad_roaming_disabled_off[PERSONA:Easy],telecom_0071,71,15,pending,0,tau2_full_flash_telecom_0071,C:\Users\86132\Desktop\SafeDesk\benchmarks\tau2-bench\data\simulations\tau2_full_flash_telecom_0071\results.json,,2026-07-09T22:52:17
tau2_full_flash,telecom,telecom,none,[mms_issue]airplane_mode_on|bad_network_preference|bad_wifi_calling|break_apn_mms_setting|break_app_sms_permission|data_usage_exceeded[PERSONA:Hard],telecom_0071,71,16,pending,0,tau2_full_flash_telecom_0071,C:\Users\86132\Desktop\SafeDesk\benchmarks\tau2-bench\data\simulations\tau2_full_flash_telecom_0071\results.json,,2026-07-09T22:52:17
tau2_full_flash,telecom,telecom,none,[mms_issue]airplane_mode_on|bad_network_preference|bad_wifi_calling|break_apn_mms_setting|break_app_storage_permission|data_usage_exceeded[PERSONA:None],telecom_0071,71,17,pending,0,tau2_full_flash_telecom_0071,C:\Users\86132\Desktop\SafeDesk\benchmarks\tau2-bench\data\simulations\tau2_full_flash_telecom_0071\results.json,,2026-07-09T22:52:17
tau2_full_flash,telecom,telecom,none,[mms_issue]airplane_mode_on|bad_network_preference|bad_wifi_calling|break_apn_mms_setting|break_app_both_permissions|data_usage_exceeded[PERSONA:Easy],telecom_0071,71,18,pending,0,tau2_full_flash_telecom_0071,C:\Users\86132\Desktop\SafeDesk\benchmarks\tau2-bench\data\simulations\tau2_full_flash_telecom_0071\results.json,,2026-07-09T22:52:17
tau2_full_flash,telecom,telecom,none,[mms_issue]airplane_mode_on|bad_network_preference|bad_wifi_calling|break_apn_mms_setting|break_app_sms_permission|user_abroad_roaming_enabled_off[PERSONA:Hard],telecom_0071,71,19,pending,0,tau2_full_flash_telecom_0071,C:\Users\86132\Desktop\SafeDesk\benchmarks\tau2-bench\data\simulations\tau2_full_flash_telecom_0071\results.json,,2026-07-09T22:52:17
tau2_full_flash,telecom,telecom,none,[mms_issue]airplane_mode_on|bad_network_preference|bad_wifi_calling|break_apn_mms_setting|break_app_storage_permission|user_abroad_roaming_enabled_off[PERSONA:None],telecom_0071,71,20,pending,0,tau2_full_flash_telecom_0071,C:\Users\86132\Desktop\SafeDesk\benchmarks\tau2-bench\data\simulations\tau2_full_flash_telecom_0071\results.json,,2026-07-09T22:52:17
tau2_full_flash,telecom,telecom,none,[mms_issue]airplane_mode_on|bad_network_preference|bad_wifi_calling|break_apn_mms_setting|break_app_both_permissions|user_abroad_roaming_enabled_off[PERSONA:Easy],telecom_0071,71,21,pending,0,tau2_full_flash_telecom_0071,C:\Users\86132\Desktop\SafeDesk\benchmarks\tau2-bench\data\simulations\tau2_full_flash_telecom_0071\results.json,,2026-07-09T22:52:17
tau2_full_flash,telecom,telecom,none,[mms_issue]airplane_mode_on|bad_network_preference|bad_wifi_calling|break_apn_mms_setting|break_app_sms_permission|user_abroad_roaming_disabled_on[PERSONA:Hard],telecom_0071,71,22,pending,0,tau2_full_flash_telecom_0071,C:\Users\86132\Desktop\SafeDesk\benchmarks\tau2-bench\data\simulations\tau2_full_flash_telecom_0071\results.json,,2026-07-09T22:52:17
tau2_full_flash,telecom,telecom,none,[mms_issue]airplane_mode_on|bad_network_preference|bad_wifi_calling|break_apn_mms_setting|break_app_storage_permission|user_abroad_roaming_disabled_on[PERSONA:None],telecom_0071,71,23,pending,0,tau2_full_flash_telecom_0071,C:\Users\86132\Desktop\SafeDesk\benchmarks\tau2-bench\data\simulations\tau2_full_flash_telecom_0071\results.json,,2026-07-09T22:52:17
tau2_full_flash,telecom,telecom,none,[mms_issue]airplane_mode_on|bad_network_preference|bad_wifi_calling|break_apn_mms_setting|break_app_both_permissions|user_abroad_roaming_disabled_on[PERSONA:Easy],telecom_0071,71,24,pending,0,tau2_full_flash_telecom_0071,C:\Users\86132\Desktop\SafeDesk\benchmarks\tau2-bench\data\simulations\tau2_full_flash_telecom_0071\results.json,,2026-07-09T22:52:17
tau2_full_flash,telecom,telecom,none,[mms_issue]airplane_mode_on|bad_network_preference|bad_wifi_calling|break_apn_mms_setting|break_app_sms_permission|user_abroad_roaming_disabled_off[PERSONA:Hard],telecom_0072,72,0,pending,0,tau2_full_flash_telecom_0072,C:\Users\86132\Desktop\SafeDesk\benchmarks\tau2-bench\data\simulations\tau2_full_flash_telecom_0072\results.json,,2026-07-09T22:52:17
tau2_full_flash,telecom,telecom,none,[mms_issue]airplane_mode_on|bad_network_preference|bad_wifi_calling|break_apn_mms_setting|break_app_storage_permission|user_abroad_roaming_disabled_off[PERSONA:None],telecom_0072,72,1,pending,0,tau2_full_flash_telecom_0072,C:\Users\86132\Desktop\SafeDesk\benchmarks\tau2-bench\data\simulations\tau2_full_flash_telecom_0072\results.json,,2026-07-09T22:52:17
tau2_full_flash,telecom,telecom,none,[mms_issue]airplane_mode_on|bad_network_preference|bad_wifi_calling|break_apn_mms_setting|break_app_both_permissions|user_abroad_roaming_disabled_off[PERSONA:Easy],telecom_0072,72,2,pending,0,tau2_full_flash_telecom_0072,C:\Users\86132\Desktop\SafeDesk\benchmarks\tau2-bench\data\simulations\tau2_full_flash_telecom_0072\results.json,,2026-07-09T22:52:17
tau2_full_flash,telecom,telecom,none,[mms_issue]bad_network_preference|bad_wifi_calling|data_mode_off|data_usage_exceeded|unseat_sim_card|user_abroad_roaming_enabled_off[PERSONA:Hard],telecom_0072,72,3,pending,0,tau2_full_flash_telecom_0072,C:\Users\86132\Desktop\SafeDesk\benchmarks\tau2-bench\data\simulations\tau2_full_flash_telecom_0072\results.json,,2026-07-09T22:52:17
tau2_full_flash,telecom,telecom,none,[mms_issue]bad_network_preference|break_apn_mms_setting|data_mode_off|data_usage_exceeded|unseat_sim_card|user_abroad_roaming_enabled_off[PERSONA:None],telecom_0072,72,4,pending,0,tau2_full_flash_telecom_0072,C:\Users\86132\Desktop\SafeDesk\benchmarks\tau2-bench\data\simulations\tau2_full_flash_telecom_0072\results.json,,2026-07-09T22:52:17
tau2_full_flash,telecom,telecom,none,[mms_issue]bad_network_preference|break_app_sms_permission|data_mode_off|data_usage_exceeded|unseat_sim_card|user_abroad_roaming_enabled_off[PERSONA:Easy],telecom_0072,72,5,pending,0,tau2_full_flash_telecom_0072,C:\Users\86132\Desktop\SafeDesk\benchmarks\tau2-bench\data\simulations\tau2_full_flash_telecom_0072\results.json,,2026-07-09T22:52:17
tau2_full_flash,telecom,telecom,none,[mms_issue]bad_network_preference|break_app_storage_permission|data_mode_off|data_usage_exceeded|unseat_sim_card|user_abroad_roaming_enabled_off[PERSONA:Hard],telecom_0072,72,6,pending,0,tau2_full_flash_telecom_0072,C:\Users\86132\Desktop\SafeDesk\benchmarks\tau2-bench\data\simulations\tau2_full_flash_telecom_0072\results.json,,2026-07-09T22:52:17
tau2_full_flash,telecom,telecom,none,[mms_issue]bad_network_preference|break_app_both_permissions|data_mode_off|data_usage_exceeded|unseat_sim_card|user_abroad_roaming_enabled_off[PERSONA:None],telecom_0072,72,7,pending,0,tau2_full_flash_telecom_0072,C:\Users\86132\Desktop\SafeDesk\benchmarks\tau2-bench\data\simulations\tau2_full_flash_telecom_0072\results.json,,2026-07-09T22:52:17
tau2_full_flash,telecom,telecom,none,[mms_issue]bad_wifi_calling|break_apn_mms_setting|data_mode_off|data_usage_exceeded|unseat_sim_card|user_abroad_roaming_enabled_off[PERSONA:Easy],telecom_0072,72,8,pending,0,tau2_full_flash_telecom_0072,C:\Users\86132\Desktop\SafeDesk\benchmarks\tau2-bench\data\simulations\tau2_full_flash_telecom_0072\results.json,,2026-07-09T22:52:17
tau2_full_flash,telecom,telecom,none,[mms_issue]bad_wifi_calling|break_app_sms_permission|data_mode_off|data_usage_exceeded|unseat_sim_card|user_abroad_roaming_enabled_off[PERSONA:Hard],telecom_0072,72,9,pending,0,tau2_full_flash_telecom_0072,C:\Users\86132\Desktop\SafeDesk\benchmarks\tau2-bench\data\simulations\tau2_full_flash_telecom_0072\results.json,,2026-07-09T22:52:17
tau2_full_flash,telecom,telecom,none,[mms_issue]bad_wifi_calling|break_app_storage_permission|data_mode_off|data_usage_exceeded|unseat_sim_card|user_abroad_roaming_enabled_off[PERSONA:None],telecom_0072,72,10,pending,0,tau2_full_flash_telecom_0072,C:\Users\86132\Desktop\SafeDesk\benchmarks\tau2-bench\data\simulations\tau2_full_flash_telecom_0072\results.json,,2026-07-09T22:52:17
tau2_full_flash,telecom,telecom,none,[mms_issue]bad_wifi_calling|break_app_both_permissions|data_mode_off|data_usage_exceeded|unseat_sim_card|user_abroad_roaming_enabled_off[PERSONA:Easy],telecom_0072,72,11,pending,0,tau2_full_flash_telecom_0072,C:\Users\86132\Desktop\SafeDesk\benchmarks\tau2-bench\data\simulations\tau2_full_flash_telecom_0072\results.json,,2026-07-09T22:52:17
tau2_full_flash,telecom,telecom,none,[mms_issue]break_apn_mms_setting|break_app_sms_permission|data_mode_off|data_usage_exceeded|unseat_sim_card|user_abroad_roaming_enabled_off[PERSONA:Hard],telecom_0072,72,12,pending,0,tau2_full_flash_telecom_0072,C:\Users\86132\Desktop\SafeDesk\benchmarks\tau2-bench\data\simulations\tau2_full_flash_telecom_0072\results.json,,2026-07-09T22:52:17
tau2_full_flash,telecom,telecom,none,[mms_issue]break_apn_mms_setting|break_app_storage_permission|data_mode_off|data_usage_exceeded|unseat_sim_card|user_abroad_roaming_enabled_off[PERSONA:None],telecom_0072,72,13,pending,0,tau2_full_flash_telecom_0072,C:\Users\86132\Desktop\SafeDesk\benchmarks\tau2-bench\data\simulations\tau2_full_flash_telecom_0072\results.json,,2026-07-09T22:52:17
tau2_full_flash,telecom,telecom,none,[mms_issue]break_apn_mms_setting|break_app_both_permissions|data_mode_off|data_usage_exceeded|unseat_sim_card|user_abroad_roaming_enabled_off[PERSONA:Easy],telecom_0072,72,14,pending,0,tau2_full_flash_telecom_0072,C:\Users\86132\Desktop\SafeDesk\benchmarks\tau2-bench\data\simulations\tau2_full_flash_telecom_0072\results.json,,2026-07-09T22:52:17
tau2_full_flash,telecom,telecom,none,[mms_issue]bad_network_preference|bad_wifi_calling|data_mode_off|data_usage_exceeded|unseat_sim_card|user_abroad_roaming_disabled_on[PERSONA:Hard],telecom_0072,72,15,pending,0,tau2_full_flash_telecom_0072,C:\Users\86132\Desktop\SafeDesk\benchmarks\tau2-bench\data\simulations\tau2_full_flash_telecom_0072\results.json,,2026-07-09T22:52:17
tau2_full_flash,telecom,telecom,none,[mms_issue]bad_network_preference|break_apn_mms_setting|data_mode_off|data_usage_exceeded|unseat_sim_card|user_abroad_roaming_disabled_on[PERSONA:None],telecom_0072,72,16,pending,0,tau2_full_flash_telecom_0072,C:\Users\86132\Desktop\SafeDesk\benchmarks\tau2-bench\data\simulations\tau2_full_flash_telecom_0072\results.json,,2026-07-09T22:52:17
tau2_full_flash,telecom,telecom,none,[mms_issue]bad_network_preference|break_app_sms_permission|data_mode_off|data_usage_exceeded|unseat_sim_card|user_abroad_roaming_disabled_on[PERSONA:Easy],telecom_0072,72,17,pending,0,tau2_full_flash_telecom_0072,C:\Users\86132\Desktop\SafeDesk\benchmarks\tau2-bench\data\simulations\tau2_full_flash_telecom_0072\results.json,,2026-07-09T22:52:17
tau2_full_flash,telecom,telecom,none,[mms_issue]bad_network_preference|break_app_storage_permission|data_mode_off|data_usage_exceeded|unseat_sim_card|user_abroad_roaming_disabled_on[PERSONA:Hard],telecom_0072,72,18,pending,0,tau2_full_flash_telecom_0072,C:\Users\86132\Desktop\SafeDesk\benchmarks\tau2-bench\data\simulations\tau2_full_flash_telecom_0072\results.json,,2026-07-09T22:52:17
tau2_full_flash,telecom,telecom,none,[mms_issue]bad_network_preference|break_app_both_permissions|data_mode_off|data_usage_exceeded|unseat_sim_card|user_abroad_roaming_disabled_on[PERSONA:None],telecom_0072,72,19,pending,0,tau2_full_flash_telecom_0072,C:\Users\86132\Desktop\SafeDesk\benchmarks\tau2-bench\data\simulations\tau2_full_flash_telecom_0072\results.json,,2026-07-09T22:52:17
tau2_full_flash,telecom,telecom,none,[mms_issue]bad_wifi_calling|break_apn_mms_setting|data_mode_off|data_usage_exceeded|unseat_sim_card|user_abroad_roaming_disabled_on[PERSONA:Easy],telecom_0072,72,20,pending,0,tau2_full_flash_telecom_0072,C:\Users\86132\Desktop\SafeDesk\benchmarks\tau2-bench\data\simulations\tau2_full_flash_telecom_0072\results.json,,2026-07-09T22:52:17
tau2_full_flash,telecom,telecom,none,[mms_issue]bad_wifi_calling|break_app_sms_permission|data_mode_off|data_usage_exceeded|unseat_sim_card|user_abroad_roaming_disabled_on[PERSONA:Hard],telecom_0072,72,21,pending,0,tau2_full_flash_telecom_0072,C:\Users\86132\Desktop\SafeDesk\benchmarks\tau2-bench\data\simulations\tau2_full_flash_telecom_0072\results.json,,2026-07-09T22:52:17
tau2_full_flash,telecom,telecom,none,[mms_issue]bad_wifi_calling|break_app_storage_permission|data_mode_off|data_usage_exceeded|unseat_sim_card|user_abroad_roaming_disabled_on[PERSONA:None],telecom_0072,72,22,pending,0,tau2_full_flash_telecom_0072,C:\Users\86132\Desktop\SafeDesk\benchmarks\tau2-bench\data\simulations\tau2_full_flash_telecom_0072\results.json,,2026-07-09T22:52:17
tau2_full_flash,telecom,telecom,none,[mms_issue]bad_wifi_calling|break_app_both_permissions|data_mode_off|data_usage_exceeded|unseat_sim_card|user_abroad_roaming_disabled_on[PERSONA:Easy],telecom_0072,72,23,pending,0,tau2_full_flash_telecom_0072,C:\Users\86132\Desktop\SafeDesk\benchmarks\tau2-bench\data\simulations\tau2_full_flash_telecom_0072\results.json,,2026-07-09T22:52:17
tau2_full_flash,telecom,telecom,none,[mms_issue]break_apn_mms_setting|break_app_sms_permission|data_mode_off|data_usage_exceeded|unseat_sim_card|user_abroad_roaming_disabled_on[PERSONA:Hard],telecom_0072,72,24,pending,0,tau2_full_flash_telecom_0072,C:\Users\86132\Desktop\SafeDesk\benchmarks\tau2-bench\data\simulations\tau2_full_flash_telecom_0072\results.json,,2026-07-09T22:52:17
tau2_full_flash,telecom,telecom,none,[mms_issue]break_apn_mms_setting|break_app_storage_permission|data_mode_off|data_usage_exceeded|unseat_sim_card|user_abroad_roaming_disabled_on[PERSONA:None],telecom_0073,73,0,pending,0,tau2_full_flash_telecom_0073,C:\Users\86132\Desktop\SafeDesk\benchmarks\tau2-bench\data\simulations\tau2_full_flash_telecom_0073\results.json,,2026-07-09T22:52:17
tau2_full_flash,telecom,telecom,none,[mms_issue]break_apn_mms_setting|break_app_both_permissions|data_mode_off|data_usage_exceeded|unseat_sim_card|user_abroad_roaming_disabled_on[PERSONA:Easy],telecom_0073,73,1,pending,0,tau2_full_flash_telecom_0073,C:\Users\86132\Desktop\SafeDesk\benchmarks\tau2-bench\data\simulations\tau2_full_flash_telecom_0073\results.json,,2026-07-09T22:52:17
tau2_full_flash,telecom,telecom,none,[mms_issue]bad_network_preference|bad_wifi_calling|data_mode_off|data_usage_exceeded|unseat_sim_card|user_abroad_roaming_disabled_off[PERSONA:Hard],telecom_0073,73,2,pending,0,tau2_full_flash_telecom_0073,C:\Users\86132\Desktop\SafeDesk\benchmarks\tau2-bench\data\simulations\tau2_full_flash_telecom_0073\results.json,,2026-07-09T22:52:17
tau2_full_flash,telecom,telecom,none,[mms_issue]bad_network_preference|break_apn_mms_setting|data_mode_off|data_usage_exceeded|unseat_sim_card|user_abroad_roaming_disabled_off[PERSONA:None],telecom_0073,73,3,pending,0,tau2_full_flash_telecom_0073,C:\Users\86132\Desktop\SafeDesk\benchmarks\tau2-bench\data\simulations\tau2_full_flash_telecom_0073\results.json,,2026-07-09T22:52:17
tau2_full_flash,telecom,telecom,none,[mms_issue]bad_network_preference|break_app_sms_permission|data_mode_off|data_usage_exceeded|unseat_sim_card|user_abroad_roaming_disabled_off[PERSONA:Easy],telecom_0073,73,4,pending,0,tau2_full_flash_telecom_0073,C:\Users\86132\Desktop\SafeDesk\benchmarks\tau2-bench\data\simulations\tau2_full_flash_telecom_0073\results.json,,2026-07-09T22:52:17
tau2_full_flash,telecom,telecom,none,[mms_issue]bad_network_preference|break_app_storage_permission|data_mode_off|data_usage_exceeded|unseat_sim_card|user_abroad_roaming_disabled_off[PERSONA:Hard],telecom_0073,73,5,pending,0,tau2_full_flash_telecom_0073,C:\Users\86132\Desktop\SafeDesk\benchmarks\tau2-bench\data\simulations\tau2_full_flash_telecom_0073\results.json,,2026-07-09T22:52:17
tau2_full_flash,telecom,telecom,none,[mms_issue]bad_network_preference|break_app_both_permissions|data_mode_off|data_usage_exceeded|unseat_sim_card|user_abroad_roaming_disabled_off[PERSONA:None],telecom_0073,73,6,pending,0,tau2_full_flash_telecom_0073,C:\Users\86132\Desktop\SafeDesk\benchmarks\tau2-bench\data\simulations\tau2_full_flash_telecom_0073\results.json,,2026-07-09T22:52:17
tau2_full_flash,telecom,telecom,none,[mms_issue]bad_wifi_calling|break_apn_mms_setting|data_mode_off|data_usage_exceeded|unseat_sim_card|user_abroad_roaming_disabled_off[PERSONA:Easy],telecom_0073,73,7,pending,0,tau2_full_flash_telecom_0073,C:\Users\86132\Desktop\SafeDesk\benchmarks\tau2-bench\data\simulations\tau2_full_flash_telecom_0073\results.json,,2026-07-09T22:52:17
tau2_full_flash,telecom,telecom,none,[mms_issue]bad_wifi_calling|break_app_sms_permission|data_mode_off|data_usage_exceeded|unseat_sim_card|user_abroad_roaming_disabled_off[PERSONA:Hard],telecom_0073,73,8,pending,0,tau2_full_flash_telecom_0073,C:\Users\86132\Desktop\SafeDesk\benchmarks\tau2-bench\data\simulations\tau2_full_flash_telecom_0073\results.json,,2026-07-09T22:52:17
tau2_full_flash,telecom,telecom,none,[mms_issue]bad_wifi_calling|break_app_storage_permission|data_mode_off|data_usage_exceeded|unseat_sim_card|user_abroad_roaming_disabled_off[PERSONA:None],telecom_0073,73,9,pending,0,tau2_full_flash_telecom_0073,C:\Users\86132\Desktop\SafeDesk\benchmarks\tau2-bench\data\simulations\tau2_full_flash_telecom_0073\results.json,,2026-07-09T22:52:17
tau2_full_flash,telecom,telecom,none,[mms_issue]bad_wifi_calling|break_app_both_permissions|data_mode_off|data_usage_exceeded|unseat_sim_card|user_abroad_roaming_disabled_off[PERSONA:Easy],telecom_0073,73,10,pending,0,tau2_full_flash_telecom_0073,C:\Users\86132\Desktop\SafeDesk\benchmarks\tau2-bench\data\simulations\tau2_full_flash_telecom_0073\results.json,,2026-07-09T22:52:17
tau2_full_flash,telecom,telecom,none,[mms_issue]break_apn_mms_setting|break_app_sms_permission|data_mode_off|data_usage_exceeded|unseat_sim_card|user_abroad_roaming_disabled_off[PERSONA:Hard],telecom_0073,73,11,pending,0,tau2_full_flash_telecom_0073,C:\Users\86132\Desktop\SafeDesk\benchmarks\tau2-bench\data\simulations\tau2_full_flash_telecom_0073\results.json,,2026-07-09T22:52:17
tau2_full_flash,telecom,telecom,none,[mms_issue]break_apn_mms_setting|break_app_storage_permission|data_mode_off|data_usage_exceeded|unseat_sim_card|user_abroad_roaming_disabled_off[PERSONA:None],telecom_0073,73,12,pending,0,tau2_full_flash_telecom_0073,C:\Users\86132\Desktop\SafeDesk\benchmarks\tau2-bench\data\simulations\tau2_full_flash_telecom_0073\results.json,,2026-07-09T22:52:17
tau2_full_flash,telecom,telecom,none,[mms_issue]break_apn_mms_setting|break_app_both_permissions|data_mode_off|data_usage_exceeded|unseat_sim_card|user_abroad_roaming_disabled_off[PERSONA:Easy],telecom_0073,73,13,pending,0,tau2_full_flash_telecom_0073,C:\Users\86132\Desktop\SafeDesk\benchmarks\tau2-bench\data\simulations\tau2_full_flash_telecom_0073\results.json,,2026-07-09T22:52:17
tau2_full_flash,telecom,telecom,none,[mms_issue]bad_network_preference|bad_wifi_calling|break_apn_mms_setting|data_mode_off|data_usage_exceeded|unseat_sim_card[PERSONA:Hard],telecom_0073,73,14,pending,0,tau2_full_flash_telecom_0073,C:\Users\86132\Desktop\SafeDesk\benchmarks\tau2-bench\data\simulations\tau2_full_flash_telecom_0073\results.json,,2026-07-09T22:52:17
tau2_full_flash,telecom,telecom,none,[mms_issue]bad_network_preference|bad_wifi_calling|break_app_sms_permission|data_mode_off|data_usage_exceeded|unseat_sim_card[PERSONA:None],telecom_0073,73,15,pending,0,tau2_full_flash_telecom_0073,C:\Users\86132\Desktop\SafeDesk\benchmarks\tau2-bench\data\simulations\tau2_full_flash_telecom_0073\results.json,,2026-07-09T22:52:17
tau2_full_flash,telecom,telecom,none,[mms_issue]bad_network_preference|bad_wifi_calling|break_app_storage_permission|data_mode_off|data_usage_exceeded|unseat_sim_card[PERSONA:Easy],telecom_0073,73,16,pending,0,tau2_full_flash_telecom_0073,C:\Users\86132\Desktop\SafeDesk\benchmarks\tau2-bench\data\simulations\tau2_full_flash_telecom_0073\results.json,,2026-07-09T22:52:17
tau2_full_flash,telecom,telecom,none,[mms_issue]bad_network_preference|bad_wifi_calling|break_app_both_permissions|data_mode_off|data_usage_exceeded|unseat_sim_card[PERSONA:Hard],telecom_0073,73,17,pending,0,tau2_full_flash_telecom_0073,C:\Users\86132\Desktop\SafeDesk\benchmarks\tau2-bench\data\simulations\tau2_full_flash_telecom_0073\results.json,,2026-07-09T22:52:17
tau2_full_flash,telecom,telecom,none,[mms_issue]bad_network_preference|break_apn_mms_setting|break_app_sms_permission|data_mode_off|data_usage_exceeded|unseat_sim_card[PERSONA:None],telecom_0073,73,18,pending,0,tau2_full_flash_telecom_0073,C:\Users\86132\Desktop\SafeDesk\benchmarks\tau2-bench\data\simulations\tau2_full_flash_telecom_0073\results.json,,2026-07-09T22:52:17
tau2_full_flash,telecom,telecom,none,[mms_issue]bad_network_preference|break_apn_mms_setting|break_app_storage_permission|data_mode_off|data_usage_exceeded|unseat_sim_card[PERSONA:Easy],telecom_0073,73,19,pending,0,tau2_full_flash_telecom_0073,C:\Users\86132\Desktop\SafeDesk\benchmarks\tau2-bench\data\simulations\tau2_full_flash_telecom_0073\results.json,,2026-07-09T22:52:17
tau2_full_flash,telecom,telecom,none,[mms_issue]bad_network_preference|break_apn_mms_setting|break_app_both_permissions|data_mode_off|data_usage_exceeded|unseat_sim_card[PERSONA:Hard],telecom_0073,73,20,pending,0,tau2_full_flash_telecom_0073,C:\Users\86132\Desktop\SafeDesk\benchmarks\tau2-bench\data\simulations\tau2_full_flash_telecom_0073\results.json,,2026-07-09T22:52:17
tau2_full_flash,telecom,telecom,none,[mms_issue]bad_wifi_calling|break_apn_mms_setting|break_app_sms_permission|data_mode_off|data_usage_exceeded|unseat_sim_card[PERSONA:None],telecom_0073,73,21,pending,0,tau2_full_flash_telecom_0073,C:\Users\86132\Desktop\SafeDesk\benchmarks\tau2-bench\data\simulations\tau2_full_flash_telecom_0073\results.json,,2026-07-09T22:52:17
tau2_full_flash,telecom,telecom,none,[mms_issue]bad_wifi_calling|break_apn_mms_setting|break_app_storage_permission|data_mode_off|data_usage_exceeded|unseat_sim_card[PERSONA:Easy],telecom_0073,73,22,pending,0,tau2_full_flash_telecom_0073,C:\Users\86132\Desktop\SafeDesk\benchmarks\tau2-bench\data\simulations\tau2_full_flash_telecom_0073\results.json,,2026-07-09T22:52:17
tau2_full_flash,telecom,telecom,none,[mms_issue]bad_wifi_calling|break_apn_mms_setting|break_app_both_permissions|data_mode_off|data_usage_exceeded|unseat_sim_card[PERSONA:Hard],telecom_0073,73,23,pending,0,tau2_full_flash_telecom_0073,C:\Users\86132\Desktop\SafeDesk\benchmarks\tau2-bench\data\simulations\tau2_full_flash_telecom_0073\results.json,,2026-07-09T22:52:17
tau2_full_flash,telecom,telecom,none,[mms_issue]bad_network_preference|bad_wifi_calling|break_apn_mms_setting|data_mode_off|unseat_sim_card|user_abroad_roaming_enabled_off[PERSONA:Easy],telecom_0073,73,24,pending,0,tau2_full_flash_telecom_0073,C:\Users\86132\Desktop\SafeDesk\benchmarks\tau2-bench\data\simulations\tau2_full_flash_telecom_0073\results.json,,2026-07-09T22:52:17
tau2_full_flash,telecom,telecom,none,[mms_issue]bad_network_preference|bad_wifi_calling|break_app_sms_permission|data_mode_off|unseat_sim_card|user_abroad_roaming_enabled_off[PERSONA:Hard],telecom_0074,74,0,pending,0,tau2_full_flash_telecom_0074,C:\Users\86132\Desktop\SafeDesk\benchmarks\tau2-bench\data\simulations\tau2_full_flash_telecom_0074\results.json,,2026-07-09T22:52:17
tau2_full_flash,telecom,telecom,none,[mms_issue]bad_network_preference|bad_wifi_calling|break_app_storage_permission|data_mode_off|unseat_sim_card|user_abroad_roaming_enabled_off[PERSONA:None],telecom_0074,74,1,pending,0,tau2_full_flash_telecom_0074,C:\Users\86132\Desktop\SafeDesk\benchmarks\tau2-bench\data\simulations\tau2_full_flash_telecom_0074\results.json,,2026-07-09T22:52:17
tau2_full_flash,telecom,telecom,none,[mms_issue]bad_network_preference|bad_wifi_calling|break_app_both_permissions|data_mode_off|unseat_sim_card|user_abroad_roaming_enabled_off[PERSONA:Easy],telecom_0074,74,2,pending,0,tau2_full_flash_telecom_0074,C:\Users\86132\Desktop\SafeDesk\benchmarks\tau2-bench\data\simulations\tau2_full_flash_telecom_0074\results.json,,2026-07-09T22:52:17
tau2_full_flash,telecom,telecom,none,[mms_issue]bad_network_preference|break_apn_mms_setting|break_app_sms_permission|data_mode_off|unseat_sim_card|user_abroad_roaming_enabled_off[PERSONA:Hard],telecom_0074,74,3,pending,0,tau2_full_flash_telecom_0074,C:\Users\86132\Desktop\SafeDesk\benchmarks\tau2-bench\data\simulations\tau2_full_flash_telecom_0074\results.json,,2026-07-09T22:52:17
tau2_full_flash,telecom,telecom,none,[mms_issue]bad_network_preference|break_apn_mms_setting|break_app_storage_permission|data_mode_off|unseat_sim_card|user_abroad_roaming_enabled_off[PERSONA:None],telecom_0074,74,4,pending,0,tau2_full_flash_telecom_0074,C:\Users\86132\Desktop\SafeDesk\benchmarks\tau2-bench\data\simulations\tau2_full_flash_telecom_0074\results.json,,2026-07-09T22:52:17
tau2_full_flash,telecom,telecom,none,[mms_issue]bad_network_preference|break_apn_mms_setting|break_app_both_permissions|data_mode_off|unseat_sim_card|user_abroad_roaming_enabled_off[PERSONA:Easy],telecom_0074,74,5,pending,0,tau2_full_flash_telecom_0074,C:\Users\86132\Desktop\SafeDesk\benchmarks\tau2-bench\data\simulations\tau2_full_flash_telecom_0074\results.json,,2026-07-09T22:52:17
tau2_full_flash,telecom,telecom,none,[mms_issue]bad_wifi_calling|break_apn_mms_setting|break_app_sms_permission|data_mode_off|unseat_sim_card|user_abroad_roaming_enabled_off[PERSONA:Hard],telecom_0074,74,6,pending,0,tau2_full_flash_telecom_0074,C:\Users\86132\Desktop\SafeDesk\benchmarks\tau2-bench\data\simulations\tau2_full_flash_telecom_0074\results.json,,2026-07-09T22:52:17
tau2_full_flash,telecom,telecom,none,[mms_issue]bad_wifi_calling|break_apn_mms_setting|break_app_storage_permission|data_mode_off|unseat_sim_card|user_abroad_roaming_enabled_off[PERSONA:None],telecom_0074,74,7,pending,0,tau2_full_flash_telecom_0074,C:\Users\86132\Desktop\SafeDesk\benchmarks\tau2-bench\data\simulations\tau2_full_flash_telecom_0074\results.json,,2026-07-09T22:52:17
tau2_full_flash,telecom,telecom,none,[mms_issue]bad_wifi_calling|break_apn_mms_setting|break_app_both_permissions|data_mode_off|unseat_sim_card|user_abroad_roaming_enabled_off[PERSONA:Easy],telecom_0074,74,8,pending,0,tau2_full_flash_telecom_0074,C:\Users\86132\Desktop\SafeDesk\benchmarks\tau2-bench\data\simulations\tau2_full_flash_telecom_0074\results.json,,2026-07-09T22:52:17
tau2_full_flash,telecom,telecom,none,[mms_issue]bad_network_preference|bad_wifi_calling|break_apn_mms_setting|data_mode_off|unseat_sim_card|user_abroad_roaming_disabled_on[PERSONA:Hard],telecom_0074,74,9,pending,0,tau2_full_flash_telecom_0074,C:\Users\86132\Desktop\SafeDesk\benchmarks\tau2-bench\data\simulations\tau2_full_flash_telecom_0074\results.json,,2026-07-09T22:52:17
tau2_full_flash,telecom,telecom,none,[mms_issue]bad_network_preference|bad_wifi_calling|break_app_sms_permission|data_mode_off|unseat_sim_card|user_abroad_roaming_disabled_on[PERSONA:None],telecom_0074,74,10,pending,0,tau2_full_flash_telecom_0074,C:\Users\86132\Desktop\SafeDesk\benchmarks\tau2-bench\data\simulations\tau2_full_flash_telecom_0074\results.json,,2026-07-09T22:52:17
tau2_full_flash,telecom,telecom,none,[mms_issue]bad_network_preference|bad_wifi_calling|break_app_storage_permission|data_mode_off|unseat_sim_card|user_abroad_roaming_disabled_on[PERSONA:Easy],telecom_0074,74,11,pending,0,tau2_full_flash_telecom_0074,C:\Users\86132\Desktop\SafeDesk\benchmarks\tau2-bench\data\simulations\tau2_full_flash_telecom_0074\results.json,,2026-07-09T22:52:17
tau2_full_flash,telecom,telecom,none,[mms_issue]bad_network_preference|bad_wifi_calling|break_app_both_permissions|data_mode_off|unseat_sim_card|user_abroad_roaming_disabled_on[PERSONA:Hard],telecom_0074,74,12,pending,0,tau2_full_flash_telecom_0074,C:\Users\86132\Desktop\SafeDesk\benchmarks\tau2-bench\data\simulations\tau2_full_flash_telecom_0074\results.json,,2026-07-09T22:52:17
tau2_full_flash,telecom,telecom,none,[mms_issue]bad_network_preference|break_apn_mms_setting|break_app_sms_permission|data_mode_off|unseat_sim_card|user_abroad_roaming_disabled_on[PERSONA:None],telecom_0074,74,13,pending,0,tau2_full_flash_telecom_0074,C:\Users\86132\Desktop\SafeDesk\benchmarks\tau2-bench\data\simulations\tau2_full_flash_telecom_0074\results.json,,2026-07-09T22:52:17
tau2_full_flash,telecom,telecom,none,[mms_issue]bad_network_preference|break_apn_mms_setting|break_app_storage_permission|data_mode_off|unseat_sim_card|user_abroad_roaming_disabled_on[PERSONA:Easy],telecom_0074,74,14,pending,0,tau2_full_flash_telecom_0074,C:\Users\86132\Desktop\SafeDesk\benchmarks\tau2-bench\data\simulations\tau2_full_flash_telecom_0074\results.json,,2026-07-09T22:52:17
tau2_full_flash,telecom,telecom,none,[mms_issue]bad_network_preference|break_apn_mms_setting|break_app_both_permissions|data_mode_off|unseat_sim_card|user_abroad_roaming_disabled_on[PERSONA:Hard],telecom_0074,74,15,pending,0,tau2_full_flash_telecom_0074,C:\Users\86132\Desktop\SafeDesk\benchmarks\tau2-bench\data\simulations\tau2_full_flash_telecom_0074\results.json,,2026-07-09T22:52:17
tau2_full_flash,telecom,telecom,none,[mms_issue]bad_wifi_calling|break_apn_mms_setting|break_app_sms_permission|data_mode_off|unseat_sim_card|user_abroad_roaming_disabled_on[PERSONA:None],telecom_0074,74,16,pending,0,tau2_full_flash_telecom_0074,C:\Users\86132\Desktop\SafeDesk\benchmarks\tau2-bench\data\simulations\tau2_full_flash_telecom_0074\results.json,,2026-07-09T22:52:17
tau2_full_flash,telecom,telecom,none,[mms_issue]bad_wifi_calling|break_apn_mms_setting|break_app_storage_permission|data_mode_off|unseat_sim_card|user_abroad_roaming_disabled_on[PERSONA:Easy],telecom_0074,74,17,pending,0,tau2_full_flash_telecom_0074,C:\Users\86132\Desktop\SafeDesk\benchmarks\tau2-bench\data\simulations\tau2_full_flash_telecom_0074\results.json,,2026-07-09T22:52:17
tau2_full_flash,telecom,telecom,none,[mms_issue]bad_wifi_calling|break_apn_mms_setting|break_app_both_permissions|data_mode_off|unseat_sim_card|user_abroad_roaming_disabled_on[PERSONA:Hard],telecom_0074,74,18,pending,0,tau2_full_flash_telecom_0074,C:\Users\86132\Desktop\SafeDesk\benchmarks\tau2-bench\data\simulations\tau2_full_flash_telecom_0074\results.json,,2026-07-09T22:52:17
tau2_full_flash,telecom,telecom,none,[mms_issue]bad_network_preference|bad_wifi_calling|break_apn_mms_setting|data_mode_off|unseat_sim_card|user_abroad_roaming_disabled_off[PERSONA:None],telecom_0074,74,19,pending,0,tau2_full_flash_telecom_0074,C:\Users\86132\Desktop\SafeDesk\benchmarks\tau2-bench\data\simulations\tau2_full_flash_telecom_0074\results.json,,2026-07-09T22:52:17
tau2_full_flash,telecom,telecom,none,[mms_issue]bad_network_preference|bad_wifi_calling|break_app_sms_permission|data_mode_off|unseat_sim_card|user_abroad_roaming_disabled_off[PERSONA:Easy],telecom_0074,74,20,pending,0,tau2_full_flash_telecom_0074,C:\Users\86132\Desktop\SafeDesk\benchmarks\tau2-bench\data\simulations\tau2_full_flash_telecom_0074\results.json,,2026-07-09T22:52:17
tau2_full_flash,telecom,telecom,none,[mms_issue]bad_network_preference|bad_wifi_calling|break_app_storage_permission|data_mode_off|unseat_sim_card|user_abroad_roaming_disabled_off[PERSONA:Hard],telecom_0074,74,21,pending,0,tau2_full_flash_telecom_0074,C:\Users\86132\Desktop\SafeDesk\benchmarks\tau2-bench\data\simulations\tau2_full_flash_telecom_0074\results.json,,2026-07-09T22:52:17
tau2_full_flash,telecom,telecom,none,[mms_issue]bad_network_preference|bad_wifi_calling|break_app_both_permissions|data_mode_off|unseat_sim_card|user_abroad_roaming_disabled_off[PERSONA:None],telecom_0074,74,22,pending,0,tau2_full_flash_telecom_0074,C:\Users\86132\Desktop\SafeDesk\benchmarks\tau2-bench\data\simulations\tau2_full_flash_telecom_0074\results.json,,2026-07-09T22:52:17
tau2_full_flash,telecom,telecom,none,[mms_issue]bad_network_preference|break_apn_mms_setting|break_app_sms_permission|data_mode_off|unseat_sim_card|user_abroad_roaming_disabled_off[PERSONA:Easy],telecom_0074,74,23,pending,0,tau2_full_flash_telecom_0074,C:\Users\86132\Desktop\SafeDesk\benchmarks\tau2-bench\data\simulations\tau2_full_flash_telecom_0074\results.json,,2026-07-09T22:52:17
tau2_full_flash,telecom,telecom,none,[mms_issue]bad_network_preference|break_apn_mms_setting|break_app_storage_permission|data_mode_off|unseat_sim_card|user_abroad_roaming_disabled_off[PERSONA:Hard],telecom_0074,74,24,pending,0,tau2_full_flash_telecom_0074,C:\Users\86132\Desktop\SafeDesk\benchmarks\tau2-bench\data\simulations\tau2_full_flash_telecom_0074\results.json,,2026-07-09T22:52:17
tau2_full_flash,telecom,telecom,none,[mms_issue]bad_network_preference|break_apn_mms_setting|break_app_both_permissions|data_mode_off|unseat_sim_card|user_abroad_roaming_disabled_off[PERSONA:None],telecom_0075,75,0,pending,0,tau2_full_flash_telecom_0075,C:\Users\86132\Desktop\SafeDesk\benchmarks\tau2-bench\data\simulations\tau2_full_flash_telecom_0075\results.json,,2026-07-09T22:52:17
tau2_full_flash,telecom,telecom,none,[mms_issue]bad_wifi_calling|break_apn_mms_setting|break_app_sms_permission|data_mode_off|unseat_sim_card|user_abroad_roaming_disabled_off[PERSONA:Easy],telecom_0075,75,1,pending,0,tau2_full_flash_telecom_0075,C:\Users\86132\Desktop\SafeDesk\benchmarks\tau2-bench\data\simulations\tau2_full_flash_telecom_0075\results.json,,2026-07-09T22:52:17
tau2_full_flash,telecom,telecom,none,[mms_issue]bad_wifi_calling|break_apn_mms_setting|break_app_storage_permission|data_mode_off|unseat_sim_card|user_abroad_roaming_disabled_off[PERSONA:Hard],telecom_0075,75,2,pending,0,tau2_full_flash_telecom_0075,C:\Users\86132\Desktop\SafeDesk\benchmarks\tau2-bench\data\simulations\tau2_full_flash_telecom_0075\results.json,,2026-07-09T22:52:17
tau2_full_flash,telecom,telecom,none,[mms_issue]bad_wifi_calling|break_apn_mms_setting|break_app_both_permissions|data_mode_off|unseat_sim_card|user_abroad_roaming_disabled_off[PERSONA:None],telecom_0075,75,3,pending,0,tau2_full_flash_telecom_0075,C:\Users\86132\Desktop\SafeDesk\benchmarks\tau2-bench\data\simulations\tau2_full_flash_telecom_0075\results.json,,2026-07-09T22:52:17
tau2_full_flash,telecom,telecom,none,[mms_issue]bad_network_preference|bad_wifi_calling|break_apn_mms_setting|break_app_sms_permission|data_mode_off|unseat_sim_card[PERSONA:Easy],telecom_0075,75,4,pending,0,tau2_full_flash_telecom_0075,C:\Users\86132\Desktop\SafeDesk\benchmarks\tau2-bench\data\simulations\tau2_full_flash_telecom_0075\results.json,,2026-07-09T22:52:17
tau2_full_flash,telecom,telecom,none,[mms_issue]bad_network_preference|bad_wifi_calling|break_apn_mms_setting|break_app_storage_permission|data_mode_off|unseat_sim_card[PERSONA:Hard],telecom_0075,75,5,pending,0,tau2_full_flash_telecom_0075,C:\Users\86132\Desktop\SafeDesk\benchmarks\tau2-bench\data\simulations\tau2_full_flash_telecom_0075\results.json,,2026-07-09T22:52:17
tau2_full_flash,telecom,telecom,none,[mms_issue]bad_network_preference|bad_wifi_calling|break_apn_mms_setting|break_app_both_permissions|data_mode_off|unseat_sim_card[PERSONA:None],telecom_0075,75,6,pending,0,tau2_full_flash_telecom_0075,C:\Users\86132\Desktop\SafeDesk\benchmarks\tau2-bench\data\simulations\tau2_full_flash_telecom_0075\results.json,,2026-07-09T22:52:17
tau2_full_flash,telecom,telecom,none,[mms_issue]bad_network_preference|bad_wifi_calling|break_apn_mms_setting|data_usage_exceeded|unseat_sim_card|user_abroad_roaming_enabled_off[PERSONA:Easy],telecom_0075,75,7,pending,0,tau2_full_flash_telecom_0075,C:\Users\86132\Desktop\SafeDesk\benchmarks\tau2-bench\data\simulations\tau2_full_flash_telecom_0075\results.json,,2026-07-09T22:52:17
tau2_full_flash,telecom,telecom,none,[mms_issue]bad_network_preference|bad_wifi_calling|break_app_sms_permission|data_usage_exceeded|unseat_sim_card|user_abroad_roaming_enabled_off[PERSONA:Hard],telecom_0075,75,8,pending,0,tau2_full_flash_telecom_0075,C:\Users\86132\Desktop\SafeDesk\benchmarks\tau2-bench\data\simulations\tau2_full_flash_telecom_0075\results.json,,2026-07-09T22:52:17
tau2_full_flash,telecom,telecom,none,[mms_issue]bad_network_preference|bad_wifi_calling|break_app_storage_permission|data_usage_exceeded|unseat_sim_card|user_abroad_roaming_enabled_off[PERSONA:None],telecom_0075,75,9,pending,0,tau2_full_flash_telecom_0075,C:\Users\86132\Desktop\SafeDesk\benchmarks\tau2-bench\data\simulations\tau2_full_flash_telecom_0075\results.json,,2026-07-09T22:52:17
tau2_full_flash,telecom,telecom,none,[mms_issue]bad_network_preference|bad_wifi_calling|break_app_both_permissions|data_usage_exceeded|unseat_sim_card|user_abroad_roaming_enabled_off[PERSONA:Easy],telecom_0075,75,10,pending,0,tau2_full_flash_telecom_0075,C:\Users\86132\Desktop\SafeDesk\benchmarks\tau2-bench\data\simulations\tau2_full_flash_telecom_0075\results.json,,2026-07-09T22:52:17
tau2_full_flash,telecom,telecom,none,[mms_issue]bad_network_preference|break_apn_mms_setting|break_app_sms_permission|data_usage_exceeded|unseat_sim_card|user_abroad_roaming_enabled_off[PERSONA:Hard],telecom_0075,75,11,pending,0,tau2_full_flash_telecom_0075,C:\Users\86132\Desktop\SafeDesk\benchmarks\tau2-bench\data\simulations\tau2_full_flash_telecom_0075\results.json,,2026-07-09T22:52:17
tau2_full_flash,telecom,telecom,none,[mms_issue]bad_network_preference|break_apn_mms_setting|break_app_storage_permission|data_usage_exceeded|unseat_sim_card|user_abroad_roaming_enabled_off[PERSONA:None],telecom_0075,75,12,pending,0,tau2_full_flash_telecom_0075,C:\Users\86132\Desktop\SafeDesk\benchmarks\tau2-bench\data\simulations\tau2_full_flash_telecom_0075\results.json,,2026-07-09T22:52:17
tau2_full_flash,telecom,telecom,none,[mms_issue]bad_network_preference|break_apn_mms_setting|break_app_both_permissions|data_usage_exceeded|unseat_sim_card|user_abroad_roaming_enabled_off[PERSONA:Easy],telecom_0075,75,13,pending,0,tau2_full_flash_telecom_0075,C:\Users\86132\Desktop\SafeDesk\benchmarks\tau2-bench\data\simulations\tau2_full_flash_telecom_0075\results.json,,2026-07-09T22:52:17
tau2_full_flash,telecom,telecom,none,[mms_issue]bad_wifi_calling|break_apn_mms_setting|break_app_sms_permission|data_usage_exceeded|unseat_sim_card|user_abroad_roaming_enabled_off[PERSONA:Hard],telecom_0075,75,14,pending,0,tau2_full_flash_telecom_0075,C:\Users\86132\Desktop\SafeDesk\benchmarks\tau2-bench\data\simulations\tau2_full_flash_telecom_0075\results.json,,2026-07-09T22:52:17
tau2_full_flash,telecom,telecom,none,[mms_issue]bad_wifi_calling|break_apn_mms_setting|break_app_storage_permission|data_usage_exceeded|unseat_sim_card|user_abroad_roaming_enabled_off[PERSONA:None],telecom_0075,75,15,pending,0,tau2_full_flash_telecom_0075,C:\Users\86132\Desktop\SafeDesk\benchmarks\tau2-bench\data\simulations\tau2_full_flash_telecom_0075\results.json,,2026-07-09T22:52:17
tau2_full_flash,telecom,telecom,none,[mms_issue]bad_wifi_calling|break_apn_mms_setting|break_app_both_permissions|data_usage_exceeded|unseat_sim_card|user_abroad_roaming_enabled_off[PERSONA:Easy],telecom_0075,75,16,pending,0,tau2_full_flash_telecom_0075,C:\Users\86132\Desktop\SafeDesk\benchmarks\tau2-bench\data\simulations\tau2_full_flash_telecom_0075\results.json,,2026-07-09T22:52:17
tau2_full_flash,telecom,telecom,none,[mms_issue]bad_network_preference|bad_wifi_calling|break_apn_mms_setting|data_usage_exceeded|unseat_sim_card|user_abroad_roaming_disabled_on[PERSONA:Hard],telecom_0075,75,17,pending,0,tau2_full_flash_telecom_0075,C:\Users\86132\Desktop\SafeDesk\benchmarks\tau2-bench\data\simulations\tau2_full_flash_telecom_0075\results.json,,2026-07-09T22:52:17
tau2_full_flash,telecom,telecom,none,[mms_issue]bad_network_preference|bad_wifi_calling|break_app_sms_permission|data_usage_exceeded|unseat_sim_card|user_abroad_roaming_disabled_on[PERSONA:None],telecom_0075,75,18,pending,0,tau2_full_flash_telecom_0075,C:\Users\86132\Desktop\SafeDesk\benchmarks\tau2-bench\data\simulations\tau2_full_flash_telecom_0075\results.json,,2026-07-09T22:52:17
tau2_full_flash,telecom,telecom,none,[mms_issue]bad_network_preference|bad_wifi_calling|break_app_storage_permission|data_usage_exceeded|unseat_sim_card|user_abroad_roaming_disabled_on[PERSONA:Easy],telecom_0075,75,19,pending,0,tau2_full_flash_telecom_0075,C:\Users\86132\Desktop\SafeDesk\benchmarks\tau2-bench\data\simulations\tau2_full_flash_telecom_0075\results.json,,2026-07-09T22:52:17
tau2_full_flash,telecom,telecom,none,[mms_issue]bad_network_preference|bad_wifi_calling|break_app_both_permissions|data_usage_exceeded|unseat_sim_card|user_abroad_roaming_disabled_on[PERSONA:Hard],telecom_0075,75,20,pending,0,tau2_full_flash_telecom_0075,C:\Users\86132\Desktop\SafeDesk\benchmarks\tau2-bench\data\simulations\tau2_full_flash_telecom_0075\results.json,,2026-07-09T22:52:17
tau2_full_flash,telecom,telecom,none,[mms_issue]bad_network_preference|break_apn_mms_setting|break_app_sms_permission|data_usage_exceeded|unseat_sim_card|user_abroad_roaming_disabled_on[PERSONA:None],telecom_0075,75,21,pending,0,tau2_full_flash_telecom_0075,C:\Users\86132\Desktop\SafeDesk\benchmarks\tau2-bench\data\simulations\tau2_full_flash_telecom_0075\results.json,,2026-07-09T22:52:17
tau2_full_flash,telecom,telecom,none,[mms_issue]bad_network_preference|break_apn_mms_setting|break_app_storage_permission|data_usage_exceeded|unseat_sim_card|user_abroad_roaming_disabled_on[PERSONA:Easy],telecom_0075,75,22,pending,0,tau2_full_flash_telecom_0075,C:\Users\86132\Desktop\SafeDesk\benchmarks\tau2-bench\data\simulations\tau2_full_flash_telecom_0075\results.json,,2026-07-09T22:52:17
tau2_full_flash,telecom,telecom,none,[mms_issue]bad_network_preference|break_apn_mms_setting|break_app_both_permissions|data_usage_exceeded|unseat_sim_card|user_abroad_roaming_disabled_on[PERSONA:Hard],telecom_0075,75,23,pending,0,tau2_full_flash_telecom_0075,C:\Users\86132\Desktop\SafeDesk\benchmarks\tau2-bench\data\simulations\tau2_full_flash_telecom_0075\results.json,,2026-07-09T22:52:17
tau2_full_flash,telecom,telecom,none,[mms_issue]bad_wifi_calling|break_apn_mms_setting|break_app_sms_permission|data_usage_exceeded|unseat_sim_card|user_abroad_roaming_disabled_on[PERSONA:None],telecom_0075,75,24,pending,0,tau2_full_flash_telecom_0075,C:\Users\86132\Desktop\SafeDesk\benchmarks\tau2-bench\data\simulations\tau2_full_flash_telecom_0075\results.json,,2026-07-09T22:52:17
tau2_full_flash,telecom,telecom,none,[mms_issue]bad_wifi_calling|break_apn_mms_setting|break_app_storage_permission|data_usage_exceeded|unseat_sim_card|user_abroad_roaming_disabled_on[PERSONA:Easy],telecom_0076,76,0,pending,0,tau2_full_flash_telecom_0076,C:\Users\86132\Desktop\SafeDesk\benchmarks\tau2-bench\data\simulations\tau2_full_flash_telecom_0076\results.json,,2026-07-09T22:52:17
tau2_full_flash,telecom,telecom,none,[mms_issue]bad_wifi_calling|break_apn_mms_setting|break_app_both_permissions|data_usage_exceeded|unseat_sim_card|user_abroad_roaming_disabled_on[PERSONA:Hard],telecom_0076,76,1,pending,0,tau2_full_flash_telecom_0076,C:\Users\86132\Desktop\SafeDesk\benchmarks\tau2-bench\data\simulations\tau2_full_flash_telecom_0076\results.json,,2026-07-09T22:52:17
tau2_full_flash,telecom,telecom,none,[mms_issue]bad_network_preference|bad_wifi_calling|break_apn_mms_setting|data_usage_exceeded|unseat_sim_card|user_abroad_roaming_disabled_off[PERSONA:None],telecom_0076,76,2,pending,0,tau2_full_flash_telecom_0076,C:\Users\86132\Desktop\SafeDesk\benchmarks\tau2-bench\data\simulations\tau2_full_flash_telecom_0076\results.json,,2026-07-09T22:52:17
tau2_full_flash,telecom,telecom,none,[mms_issue]bad_network_preference|bad_wifi_calling|break_app_sms_permission|data_usage_exceeded|unseat_sim_card|user_abroad_roaming_disabled_off[PERSONA:Easy],telecom_0076,76,3,pending,0,tau2_full_flash_telecom_0076,C:\Users\86132\Desktop\SafeDesk\benchmarks\tau2-bench\data\simulations\tau2_full_flash_telecom_0076\results.json,,2026-07-09T22:52:17
tau2_full_flash,telecom,telecom,none,[mms_issue]bad_network_preference|bad_wifi_calling|break_app_storage_permission|data_usage_exceeded|unseat_sim_card|user_abroad_roaming_disabled_off[PERSONA:Hard],telecom_0076,76,4,pending,0,tau2_full_flash_telecom_0076,C:\Users\86132\Desktop\SafeDesk\benchmarks\tau2-bench\data\simulations\tau2_full_flash_telecom_0076\results.json,,2026-07-09T22:52:17
tau2_full_flash,telecom,telecom,none,[mms_issue]bad_network_preference|bad_wifi_calling|break_app_both_permissions|data_usage_exceeded|unseat_sim_card|user_abroad_roaming_disabled_off[PERSONA:None],telecom_0076,76,5,pending,0,tau2_full_flash_telecom_0076,C:\Users\86132\Desktop\SafeDesk\benchmarks\tau2-bench\data\simulations\tau2_full_flash_telecom_0076\results.json,,2026-07-09T22:52:17
tau2_full_flash,telecom,telecom,none,[mms_issue]bad_network_preference|break_apn_mms_setting|break_app_sms_permission|data_usage_exceeded|unseat_sim_card|user_abroad_roaming_disabled_off[PERSONA:Easy],telecom_0076,76,6,pending,0,tau2_full_flash_telecom_0076,C:\Users\86132\Desktop\SafeDesk\benchmarks\tau2-bench\data\simulations\tau2_full_flash_telecom_0076\results.json,,2026-07-09T22:52:17
tau2_full_flash,telecom,telecom,none,[mms_issue]bad_network_preference|break_apn_mms_setting|break_app_storage_permission|data_usage_exceeded|unseat_sim_card|user_abroad_roaming_disabled_off[PERSONA:Hard],telecom_0076,76,7,pending,0,tau2_full_flash_telecom_0076,C:\Users\86132\Desktop\SafeDesk\benchmarks\tau2-bench\data\simulations\tau2_full_flash_telecom_0076\results.json,,2026-07-09T22:52:17
tau2_full_flash,telecom,telecom,none,[mms_issue]bad_network_preference|break_apn_mms_setting|break_app_both_permissions|data_usage_exceeded|unseat_sim_card|user_abroad_roaming_disabled_off[PERSONA:None],telecom_0076,76,8,pending,0,tau2_full_flash_telecom_0076,C:\Users\86132\Desktop\SafeDesk\benchmarks\tau2-bench\data\simulations\tau2_full_flash_telecom_0076\results.json,,2026-07-09T22:52:17
tau2_full_flash,telecom,telecom,none,[mms_issue]bad_wifi_calling|break_apn_mms_setting|break_app_sms_permission|data_usage_exceeded|unseat_sim_card|user_abroad_roaming_disabled_off[PERSONA:Easy],telecom_0076,76,9,pending,0,tau2_full_flash_telecom_0076,C:\Users\86132\Desktop\SafeDesk\benchmarks\tau2-bench\data\simulations\tau2_full_flash_telecom_0076\results.json,,2026-07-09T22:52:17
tau2_full_flash,telecom,telecom,none,[mms_issue]bad_wifi_calling|break_apn_mms_setting|break_app_storage_permission|data_usage_exceeded|unseat_sim_card|user_abroad_roaming_disabled_off[PERSONA:Hard],telecom_0076,76,10,pending,0,tau2_full_flash_telecom_0076,C:\Users\86132\Desktop\SafeDesk\benchmarks\tau2-bench\data\simulations\tau2_full_flash_telecom_0076\results.json,,2026-07-09T22:52:17
tau2_full_flash,telecom,telecom,none,[mms_issue]bad_wifi_calling|break_apn_mms_setting|break_app_both_permissions|data_usage_exceeded|unseat_sim_card|user_abroad_roaming_disabled_off[PERSONA:None],telecom_0076,76,11,pending,0,tau2_full_flash_telecom_0076,C:\Users\86132\Desktop\SafeDesk\benchmarks\tau2-bench\data\simulations\tau2_full_flash_telecom_0076\results.json,,2026-07-09T22:52:17
tau2_full_flash,telecom,telecom,none,[mms_issue]bad_network_preference|bad_wifi_calling|break_apn_mms_setting|break_app_sms_permission|data_usage_exceeded|unseat_sim_card[PERSONA:Easy],telecom_0076,76,12,pending,0,tau2_full_flash_telecom_0076,C:\Users\86132\Desktop\SafeDesk\benchmarks\tau2-bench\data\simulations\tau2_full_flash_telecom_0076\results.json,,2026-07-09T22:52:17
tau2_full_flash,telecom,telecom,none,[mms_issue]bad_network_preference|bad_wifi_calling|break_apn_mms_setting|break_app_storage_permission|data_usage_exceeded|unseat_sim_card[PERSONA:Hard],telecom_0076,76,13,pending,0,tau2_full_flash_telecom_0076,C:\Users\86132\Desktop\SafeDesk\benchmarks\tau2-bench\data\simulations\tau2_full_flash_telecom_0076\results.json,,2026-07-09T22:52:17
tau2_full_flash,telecom,telecom,none,[mms_issue]bad_network_preference|bad_wifi_calling|break_apn_mms_setting|break_app_both_permissions|data_usage_exceeded|unseat_sim_card[PERSONA:None],telecom_0076,76,14,pending,0,tau2_full_flash_telecom_0076,C:\Users\86132\Desktop\SafeDesk\benchmarks\tau2-bench\data\simulations\tau2_full_flash_telecom_0076\results.json,,2026-07-09T22:52:17
tau2_full_flash,telecom,telecom,none,[mms_issue]bad_network_preference|bad_wifi_calling|break_apn_mms_setting|break_app_sms_permission|unseat_sim_card|user_abroad_roaming_enabled_off[PERSONA:Easy],telecom_0076,76,15,pending,0,tau2_full_flash_telecom_0076,C:\Users\86132\Desktop\SafeDesk\benchmarks\tau2-bench\data\simulations\tau2_full_flash_telecom_0076\results.json,,2026-07-09T22:52:17
tau2_full_flash,telecom,telecom,none,[mms_issue]bad_network_preference|bad_wifi_calling|break_apn_mms_setting|break_app_storage_permission|unseat_sim_card|user_abroad_roaming_enabled_off[PERSONA:Hard],telecom_0076,76,16,pending,0,tau2_full_flash_telecom_0076,C:\Users\86132\Desktop\SafeDesk\benchmarks\tau2-bench\data\simulations\tau2_full_flash_telecom_0076\results.json,,2026-07-09T22:52:17
tau2_full_flash,telecom,telecom,none,[mms_issue]bad_network_preference|bad_wifi_calling|break_apn_mms_setting|break_app_both_permissions|unseat_sim_card|user_abroad_roaming_enabled_off[PERSONA:None],telecom_0076,76,17,pending,0,tau2_full_flash_telecom_0076,C:\Users\86132\Desktop\SafeDesk\benchmarks\tau2-bench\data\simulations\tau2_full_flash_telecom_0076\results.json,,2026-07-09T22:52:17
tau2_full_flash,telecom,telecom,none,[mms_issue]bad_network_preference|bad_wifi_calling|break_apn_mms_setting|break_app_sms_permission|unseat_sim_card|user_abroad_roaming_disabled_on[PERSONA:Easy],telecom_0076,76,18,pending,0,tau2_full_flash_telecom_0076,C:\Users\86132\Desktop\SafeDesk\benchmarks\tau2-bench\data\simulations\tau2_full_flash_telecom_0076\results.json,,2026-07-09T22:52:17
tau2_full_flash,telecom,telecom,none,[mms_issue]bad_network_preference|bad_wifi_calling|break_apn_mms_setting|break_app_storage_permission|unseat_sim_card|user_abroad_roaming_disabled_on[PERSONA:Hard],telecom_0076,76,19,pending,0,tau2_full_flash_telecom_0076,C:\Users\86132\Desktop\SafeDesk\benchmarks\tau2-bench\data\simulations\tau2_full_flash_telecom_0076\results.json,,2026-07-09T22:52:17
tau2_full_flash,telecom,telecom,none,[mms_issue]bad_network_preference|bad_wifi_calling|break_apn_mms_setting|break_app_both_permissions|unseat_sim_card|user_abroad_roaming_disabled_on[PERSONA:None],telecom_0076,76,20,pending,0,tau2_full_flash_telecom_0076,C:\Users\86132\Desktop\SafeDesk\benchmarks\tau2-bench\data\simulations\tau2_full_flash_telecom_0076\results.json,,2026-07-09T22:52:17
tau2_full_flash,telecom,telecom,none,[mms_issue]bad_network_preference|bad_wifi_calling|break_apn_mms_setting|break_app_sms_permission|unseat_sim_card|user_abroad_roaming_disabled_off[PERSONA:Easy],telecom_0076,76,21,pending,0,tau2_full_flash_telecom_0076,C:\Users\86132\Desktop\SafeDesk\benchmarks\tau2-bench\data\simulations\tau2_full_flash_telecom_0076\results.json,,2026-07-09T22:52:17
tau2_full_flash,telecom,telecom,none,[mms_issue]bad_network_preference|bad_wifi_calling|break_apn_mms_setting|break_app_storage_permission|unseat_sim_card|user_abroad_roaming_disabled_off[PERSONA:Hard],telecom_0076,76,22,pending,0,tau2_full_flash_telecom_0076,C:\Users\86132\Desktop\SafeDesk\benchmarks\tau2-bench\data\simulations\tau2_full_flash_telecom_0076\results.json,,2026-07-09T22:52:17
tau2_full_flash,telecom,telecom,none,[mms_issue]bad_network_preference|bad_wifi_calling|break_apn_mms_setting|break_app_both_permissions|unseat_sim_card|user_abroad_roaming_disabled_off[PERSONA:None],telecom_0076,76,23,pending,0,tau2_full_flash_telecom_0076,C:\Users\86132\Desktop\SafeDesk\benchmarks\tau2-bench\data\simulations\tau2_full_flash_telecom_0076\results.json,,2026-07-09T22:52:17
tau2_full_flash,telecom,telecom,none,[mms_issue]bad_network_preference|bad_wifi_calling|break_apn_mms_setting|data_mode_off|data_usage_exceeded|user_abroad_roaming_enabled_off[PERSONA:Easy],telecom_0076,76,24,pending,0,tau2_full_flash_telecom_0076,C:\Users\86132\Desktop\SafeDesk\benchmarks\tau2-bench\data\simulations\tau2_full_flash_telecom_0076\results.json,,2026-07-09T22:52:17
tau2_full_flash,telecom,telecom,none,[mms_issue]bad_network_preference|bad_wifi_calling|break_app_sms_permission|data_mode_off|data_usage_exceeded|user_abroad_roaming_enabled_off[PERSONA:Hard],telecom_0077,77,0,pending,0,tau2_full_flash_telecom_0077,C:\Users\86132\Desktop\SafeDesk\benchmarks\tau2-bench\data\simulations\tau2_full_flash_telecom_0077\results.json,,2026-07-09T22:52:17
tau2_full_flash,telecom,telecom,none,[mms_issue]bad_network_preference|bad_wifi_calling|break_app_storage_permission|data_mode_off|data_usage_exceeded|user_abroad_roaming_enabled_off[PERSONA:None],telecom_0077,77,1,pending,0,tau2_full_flash_telecom_0077,C:\Users\86132\Desktop\SafeDesk\benchmarks\tau2-bench\data\simulations\tau2_full_flash_telecom_0077\results.json,,2026-07-09T22:52:17
tau2_full_flash,telecom,telecom,none,[mms_issue]bad_network_preference|bad_wifi_calling|break_app_both_permissions|data_mode_off|data_usage_exceeded|user_abroad_roaming_enabled_off[PERSONA:Easy],telecom_0077,77,2,pending,0,tau2_full_flash_telecom_0077,C:\Users\86132\Desktop\SafeDesk\benchmarks\tau2-bench\data\simulations\tau2_full_flash_telecom_0077\results.json,,2026-07-09T22:52:17
tau2_full_flash,telecom,telecom,none,[mms_issue]bad_network_preference|break_apn_mms_setting|break_app_sms_permission|data_mode_off|data_usage_exceeded|user_abroad_roaming_enabled_off[PERSONA:Hard],telecom_0077,77,3,pending,0,tau2_full_flash_telecom_0077,C:\Users\86132\Desktop\SafeDesk\benchmarks\tau2-bench\data\simulations\tau2_full_flash_telecom_0077\results.json,,2026-07-09T22:52:17
tau2_full_flash,telecom,telecom,none,[mms_issue]bad_network_preference|break_apn_mms_setting|break_app_storage_permission|data_mode_off|data_usage_exceeded|user_abroad_roaming_enabled_off[PERSONA:None],telecom_0077,77,4,pending,0,tau2_full_flash_telecom_0077,C:\Users\86132\Desktop\SafeDesk\benchmarks\tau2-bench\data\simulations\tau2_full_flash_telecom_0077\results.json,,2026-07-09T22:52:17
tau2_full_flash,telecom,telecom,none,[mms_issue]bad_network_preference|break_apn_mms_setting|break_app_both_permissions|data_mode_off|data_usage_exceeded|user_abroad_roaming_enabled_off[PERSONA:Easy],telecom_0077,77,5,pending,0,tau2_full_flash_telecom_0077,C:\Users\86132\Desktop\SafeDesk\benchmarks\tau2-bench\data\simulations\tau2_full_flash_telecom_0077\results.json,,2026-07-09T22:52:17
tau2_full_flash,telecom,telecom,none,[mms_issue]bad_wifi_calling|break_apn_mms_setting|break_app_sms_permission|data_mode_off|data_usage_exceeded|user_abroad_roaming_enabled_off[PERSONA:Hard],telecom_0077,77,6,pending,0,tau2_full_flash_telecom_0077,C:\Users\86132\Desktop\SafeDesk\benchmarks\tau2-bench\data\simulations\tau2_full_flash_telecom_0077\results.json,,2026-07-09T22:52:17
tau2_full_flash,telecom,telecom,none,[mms_issue]bad_wifi_calling|break_apn_mms_setting|break_app_storage_permission|data_mode_off|data_usage_exceeded|user_abroad_roaming_enabled_off[PERSONA:None],telecom_0077,77,7,pending,0,tau2_full_flash_telecom_0077,C:\Users\86132\Desktop\SafeDesk\benchmarks\tau2-bench\data\simulations\tau2_full_flash_telecom_0077\results.json,,2026-07-09T22:52:17
tau2_full_flash,telecom,telecom,none,[mms_issue]bad_wifi_calling|break_apn_mms_setting|break_app_both_permissions|data_mode_off|data_usage_exceeded|user_abroad_roaming_enabled_off[PERSONA:Easy],telecom_0077,77,8,pending,0,tau2_full_flash_telecom_0077,C:\Users\86132\Desktop\SafeDesk\benchmarks\tau2-bench\data\simulations\tau2_full_flash_telecom_0077\results.json,,2026-07-09T22:52:17
tau2_full_flash,telecom,telecom,none,[mms_issue]bad_network_preference|bad_wifi_calling|break_apn_mms_setting|data_mode_off|data_usage_exceeded|user_abroad_roaming_disabled_on[PERSONA:Hard],telecom_0077,77,9,pending,0,tau2_full_flash_telecom_0077,C:\Users\86132\Desktop\SafeDesk\benchmarks\tau2-bench\data\simulations\tau2_full_flash_telecom_0077\results.json,,2026-07-09T22:52:17
tau2_full_flash,telecom,telecom,none,[mms_issue]bad_network_preference|bad_wifi_calling|break_app_sms_permission|data_mode_off|data_usage_exceeded|user_abroad_roaming_disabled_on[PERSONA:None],telecom_0077,77,10,pending,0,tau2_full_flash_telecom_0077,C:\Users\86132\Desktop\SafeDesk\benchmarks\tau2-bench\data\simulations\tau2_full_flash_telecom_0077\results.json,,2026-07-09T22:52:17
tau2_full_flash,telecom,telecom,none,[mms_issue]bad_network_preference|bad_wifi_calling|break_app_storage_permission|data_mode_off|data_usage_exceeded|user_abroad_roaming_disabled_on[PERSONA:Easy],telecom_0077,77,11,pending,0,tau2_full_flash_telecom_0077,C:\Users\86132\Desktop\SafeDesk\benchmarks\tau2-bench\data\simulations\tau2_full_flash_telecom_0077\results.json,,2026-07-09T22:52:17
tau2_full_flash,telecom,telecom,none,[mms_issue]bad_network_preference|bad_wifi_calling|break_app_both_permissions|data_mode_off|data_usage_exceeded|user_abroad_roaming_disabled_on[PERSONA:Hard],telecom_0077,77,12,pending,0,tau2_full_flash_telecom_0077,C:\Users\86132\Desktop\SafeDesk\benchmarks\tau2-bench\data\simulations\tau2_full_flash_telecom_0077\results.json,,2026-07-09T22:52:17
tau2_full_flash,telecom,telecom,none,[mms_issue]bad_network_preference|break_apn_mms_setting|break_app_sms_permission|data_mode_off|data_usage_exceeded|user_abroad_roaming_disabled_on[PERSONA:None],telecom_0077,77,13,pending,0,tau2_full_flash_telecom_0077,C:\Users\86132\Desktop\SafeDesk\benchmarks\tau2-bench\data\simulations\tau2_full_flash_telecom_0077\results.json,,2026-07-09T22:52:17
tau2_full_flash,telecom,telecom,none,[mms_issue]bad_network_preference|break_apn_mms_setting|break_app_storage_permission|data_mode_off|data_usage_exceeded|user_abroad_roaming_disabled_on[PERSONA:Easy],telecom_0077,77,14,pending,0,tau2_full_flash_telecom_0077,C:\Users\86132\Desktop\SafeDesk\benchmarks\tau2-bench\data\simulations\tau2_full_flash_telecom_0077\results.json,,2026-07-09T22:52:17
tau2_full_flash,telecom,telecom,none,[mms_issue]bad_network_preference|break_apn_mms_setting|break_app_both_permissions|data_mode_off|data_usage_exceeded|user_abroad_roaming_disabled_on[PERSONA:Hard],telecom_0077,77,15,pending,0,tau2_full_flash_telecom_0077,C:\Users\86132\Desktop\SafeDesk\benchmarks\tau2-bench\data\simulations\tau2_full_flash_telecom_0077\results.json,,2026-07-09T22:52:17
tau2_full_flash,telecom,telecom,none,[mms_issue]bad_wifi_calling|break_apn_mms_setting|break_app_sms_permission|data_mode_off|data_usage_exceeded|user_abroad_roaming_disabled_on[PERSONA:None],telecom_0077,77,16,pending,0,tau2_full_flash_telecom_0077,C:\Users\86132\Desktop\SafeDesk\benchmarks\tau2-bench\data\simulations\tau2_full_flash_telecom_0077\results.json,,2026-07-09T22:52:17
tau2_full_flash,telecom,telecom,none,[mms_issue]bad_wifi_calling|break_apn_mms_setting|break_app_storage_permission|data_mode_off|data_usage_exceeded|user_abroad_roaming_disabled_on[PERSONA:Easy],telecom_0077,77,17,pending,0,tau2_full_flash_telecom_0077,C:\Users\86132\Desktop\SafeDesk\benchmarks\tau2-bench\data\simulations\tau2_full_flash_telecom_0077\results.json,,2026-07-09T22:52:17
tau2_full_flash,telecom,telecom,none,[mms_issue]bad_wifi_calling|break_apn_mms_setting|break_app_both_permissions|data_mode_off|data_usage_exceeded|user_abroad_roaming_disabled_on[PERSONA:Hard],telecom_0077,77,18,pending,0,tau2_full_flash_telecom_0077,C:\Users\86132\Desktop\SafeDesk\benchmarks\tau2-bench\data\simulations\tau2_full_flash_telecom_0077\results.json,,2026-07-09T22:52:17
tau2_full_flash,telecom,telecom,none,[mms_issue]bad_network_preference|bad_wifi_calling|break_apn_mms_setting|data_mode_off|data_usage_exceeded|user_abroad_roaming_disabled_off[PERSONA:None],telecom_0077,77,19,pending,0,tau2_full_flash_telecom_0077,C:\Users\86132\Desktop\SafeDesk\benchmarks\tau2-bench\data\simulations\tau2_full_flash_telecom_0077\results.json,,2026-07-09T22:52:17
tau2_full_flash,telecom,telecom,none,[mms_issue]bad_network_preference|bad_wifi_calling|break_app_sms_permission|data_mode_off|data_usage_exceeded|user_abroad_roaming_disabled_off[PERSONA:Easy],telecom_0077,77,20,pending,0,tau2_full_flash_telecom_0077,C:\Users\86132\Desktop\SafeDesk\benchmarks\tau2-bench\data\simulations\tau2_full_flash_telecom_0077\results.json,,2026-07-09T22:52:17
tau2_full_flash,telecom,telecom,none,[mms_issue]bad_network_preference|bad_wifi_calling|break_app_storage_permission|data_mode_off|data_usage_exceeded|user_abroad_roaming_disabled_off[PERSONA:Hard],telecom_0077,77,21,pending,0,tau2_full_flash_telecom_0077,C:\Users\86132\Desktop\SafeDesk\benchmarks\tau2-bench\data\simulations\tau2_full_flash_telecom_0077\results.json,,2026-07-09T22:52:17
tau2_full_flash,telecom,telecom,none,[mms_issue]bad_network_preference|bad_wifi_calling|break_app_both_permissions|data_mode_off|data_usage_exceeded|user_abroad_roaming_disabled_off[PERSONA:None],telecom_0077,77,22,pending,0,tau2_full_flash_telecom_0077,C:\Users\86132\Desktop\SafeDesk\benchmarks\tau2-bench\data\simulations\tau2_full_flash_telecom_0077\results.json,,2026-07-09T22:52:17
tau2_full_flash,telecom,telecom,none,[mms_issue]bad_network_preference|break_apn_mms_setting|break_app_sms_permission|data_mode_off|data_usage_exceeded|user_abroad_roaming_disabled_off[PERSONA:Easy],telecom_0077,77,23,pending,0,tau2_full_flash_telecom_0077,C:\Users\86132\Desktop\SafeDesk\benchmarks\tau2-bench\data\simulations\tau2_full_flash_telecom_0077\results.json,,2026-07-09T22:52:17
tau2_full_flash,telecom,telecom,none,[mms_issue]bad_network_preference|break_apn_mms_setting|break_app_storage_permission|data_mode_off|data_usage_exceeded|user_abroad_roaming_disabled_off[PERSONA:Hard],telecom_0077,77,24,pending,0,tau2_full_flash_telecom_0077,C:\Users\86132\Desktop\SafeDesk\benchmarks\tau2-bench\data\simulations\tau2_full_flash_telecom_0077\results.json,,2026-07-09T22:52:17
tau2_full_flash,telecom,telecom,none,[mms_issue]bad_network_preference|break_apn_mms_setting|break_app_both_permissions|data_mode_off|data_usage_exceeded|user_abroad_roaming_disabled_off[PERSONA:None],telecom_0078,78,0,pending,0,tau2_full_flash_telecom_0078,C:\Users\86132\Desktop\SafeDesk\benchmarks\tau2-bench\data\simulations\tau2_full_flash_telecom_0078\results.json,,2026-07-09T22:52:17
tau2_full_flash,telecom,telecom,none,[mms_issue]bad_wifi_calling|break_apn_mms_setting|break_app_sms_permission|data_mode_off|data_usage_exceeded|user_abroad_roaming_disabled_off[PERSONA:Easy],telecom_0078,78,1,pending,0,tau2_full_flash_telecom_0078,C:\Users\86132\Desktop\SafeDesk\benchmarks\tau2-bench\data\simulations\tau2_full_flash_telecom_0078\results.json,,2026-07-09T22:52:17
tau2_full_flash,telecom,telecom,none,[mms_issue]bad_wifi_calling|break_apn_mms_setting|break_app_storage_permission|data_mode_off|data_usage_exceeded|user_abroad_roaming_disabled_off[PERSONA:Hard],telecom_0078,78,2,pending,0,tau2_full_flash_telecom_0078,C:\Users\86132\Desktop\SafeDesk\benchmarks\tau2-bench\data\simulations\tau2_full_flash_telecom_0078\results.json,,2026-07-09T22:52:17
tau2_full_flash,telecom,telecom,none,[mms_issue]bad_wifi_calling|break_apn_mms_setting|break_app_both_permissions|data_mode_off|data_usage_exceeded|user_abroad_roaming_disabled_off[PERSONA:None],telecom_0078,78,3,pending,0,tau2_full_flash_telecom_0078,C:\Users\86132\Desktop\SafeDesk\benchmarks\tau2-bench\data\simulations\tau2_full_flash_telecom_0078\results.json,,2026-07-09T22:52:17
tau2_full_flash,telecom,telecom,none,[mms_issue]bad_network_preference|bad_wifi_calling|break_apn_mms_setting|break_app_sms_permission|data_mode_off|data_usage_exceeded[PERSONA:Easy],telecom_0078,78,4,pending,0,tau2_full_flash_telecom_0078,C:\Users\86132\Desktop\SafeDesk\benchmarks\tau2-bench\data\simulations\tau2_full_flash_telecom_0078\results.json,,2026-07-09T22:52:17
tau2_full_flash,telecom,telecom,none,[mms_issue]bad_network_preference|bad_wifi_calling|break_apn_mms_setting|break_app_storage_permission|data_mode_off|data_usage_exceeded[PERSONA:Hard],telecom_0078,78,5,pending,0,tau2_full_flash_telecom_0078,C:\Users\86132\Desktop\SafeDesk\benchmarks\tau2-bench\data\simulations\tau2_full_flash_telecom_0078\results.json,,2026-07-09T22:52:17
tau2_full_flash,telecom,telecom,none,[mms_issue]bad_network_preference|bad_wifi_calling|break_apn_mms_setting|break_app_both_permissions|data_mode_off|data_usage_exceeded[PERSONA:None],telecom_0078,78,6,pending,0,tau2_full_flash_telecom_0078,C:\Users\86132\Desktop\SafeDesk\benchmarks\tau2-bench\data\simulations\tau2_full_flash_telecom_0078\results.json,,2026-07-09T22:52:17
tau2_full_flash,telecom,telecom,none,[mms_issue]bad_network_preference|bad_wifi_calling|break_apn_mms_setting|break_app_sms_permission|data_mode_off|user_abroad_roaming_enabled_off[PERSONA:Easy],telecom_0078,78,7,pending,0,tau2_full_flash_telecom_0078,C:\Users\86132\Desktop\SafeDesk\benchmarks\tau2-bench\data\simulations\tau2_full_flash_telecom_0078\results.json,,2026-07-09T22:52:17
tau2_full_flash,telecom,telecom,none,[mms_issue]bad_network_preference|bad_wifi_calling|break_apn_mms_setting|break_app_storage_permission|data_mode_off|user_abroad_roaming_enabled_off[PERSONA:Hard],telecom_0078,78,8,pending,0,tau2_full_flash_telecom_0078,C:\Users\86132\Desktop\SafeDesk\benchmarks\tau2-bench\data\simulations\tau2_full_flash_telecom_0078\results.json,,2026-07-09T22:52:17
tau2_full_flash,telecom,telecom,none,[mms_issue]bad_network_preference|bad_wifi_calling|break_apn_mms_setting|break_app_both_permissions|data_mode_off|user_abroad_roaming_enabled_off[PERSONA:None],telecom_0078,78,9,pending,0,tau2_full_flash_telecom_0078,C:\Users\86132\Desktop\SafeDesk\benchmarks\tau2-bench\data\simulations\tau2_full_flash_telecom_0078\results.json,,2026-07-09T22:52:17
tau2_full_flash,telecom,telecom,none,[mms_issue]bad_network_preference|bad_wifi_calling|break_apn_mms_setting|break_app_sms_permission|data_mode_off|user_abroad_roaming_disabled_on[PERSONA:Easy],telecom_0078,78,10,pending,0,tau2_full_flash_telecom_0078,C:\Users\86132\Desktop\SafeDesk\benchmarks\tau2-bench\data\simulations\tau2_full_flash_telecom_0078\results.json,,2026-07-09T22:52:17
tau2_full_flash,telecom,telecom,none,[mms_issue]bad_network_preference|bad_wifi_calling|break_apn_mms_setting|break_app_storage_permission|data_mode_off|user_abroad_roaming_disabled_on[PERSONA:Hard],telecom_0078,78,11,pending,0,tau2_full_flash_telecom_0078,C:\Users\86132\Desktop\SafeDesk\benchmarks\tau2-bench\data\simulations\tau2_full_flash_telecom_0078\results.json,,2026-07-09T22:52:17
tau2_full_flash,telecom,telecom,none,[mms_issue]bad_network_preference|bad_wifi_calling|break_apn_mms_setting|break_app_both_permissions|data_mode_off|user_abroad_roaming_disabled_on[PERSONA:None],telecom_0078,78,12,pending,0,tau2_full_flash_telecom_0078,C:\Users\86132\Desktop\SafeDesk\benchmarks\tau2-bench\data\simulations\tau2_full_flash_telecom_0078\results.json,,2026-07-09T22:52:17
tau2_full_flash,telecom,telecom,none,[mms_issue]bad_network_preference|bad_wifi_calling|break_apn_mms_setting|break_app_sms_permission|data_mode_off|user_abroad_roaming_disabled_off[PERSONA:Easy],telecom_0078,78,13,pending,0,tau2_full_flash_telecom_0078,C:\Users\86132\Desktop\SafeDesk\benchmarks\tau2-bench\data\simulations\tau2_full_flash_telecom_0078\results.json,,2026-07-09T22:52:17
tau2_full_flash,telecom,telecom,none,[mms_issue]bad_network_preference|bad_wifi_calling|break_apn_mms_setting|break_app_storage_permission|data_mode_off|user_abroad_roaming_disabled_off[PERSONA:Hard],telecom_0078,78,14,pending,0,tau2_full_flash_telecom_0078,C:\Users\86132\Desktop\SafeDesk\benchmarks\tau2-bench\data\simulations\tau2_full_flash_telecom_0078\results.json,,2026-07-09T22:52:17
tau2_full_flash,telecom,telecom,none,[mms_issue]bad_network_preference|bad_wifi_calling|break_apn_mms_setting|break_app_both_permissions|data_mode_off|user_abroad_roaming_disabled_off[PERSONA:None],telecom_0078,78,15,pending,0,tau2_full_flash_telecom_0078,C:\Users\86132\Desktop\SafeDesk\benchmarks\tau2-bench\data\simulations\tau2_full_flash_telecom_0078\results.json,,2026-07-09T22:52:17
tau2_full_flash,telecom,telecom,none,[mms_issue]bad_network_preference|bad_wifi_calling|break_apn_mms_setting|break_app_sms_permission|data_usage_exceeded|user_abroad_roaming_enabled_off[PERSONA:Easy],telecom_0078,78,16,pending,0,tau2_full_flash_telecom_0078,C:\Users\86132\Desktop\SafeDesk\benchmarks\tau2-bench\data\simulations\tau2_full_flash_telecom_0078\results.json,,2026-07-09T22:52:17
tau2_full_flash,telecom,telecom,none,[mms_issue]bad_network_preference|bad_wifi_calling|break_apn_mms_setting|break_app_storage_permission|data_usage_exceeded|user_abroad_roaming_enabled_off[PERSONA:Hard],telecom_0078,78,17,pending,0,tau2_full_flash_telecom_0078,C:\Users\86132\Desktop\SafeDesk\benchmarks\tau2-bench\data\simulations\tau2_full_flash_telecom_0078\results.json,,2026-07-09T22:52:17
tau2_full_flash,telecom,telecom,none,[mms_issue]bad_network_preference|bad_wifi_calling|break_apn_mms_setting|break_app_both_permissions|data_usage_exceeded|user_abroad_roaming_enabled_off[PERSONA:None],telecom_0078,78,18,pending,0,tau2_full_flash_telecom_0078,C:\Users\86132\Desktop\SafeDesk\benchmarks\tau2-bench\data\simulations\tau2_full_flash_telecom_0078\results.json,,2026-07-09T22:52:17
tau2_full_flash,telecom,telecom,none,[mms_issue]bad_network_preference|bad_wifi_calling|break_apn_mms_setting|break_app_sms_permission|data_usage_exceeded|user_abroad_roaming_disabled_on[PERSONA:Easy],telecom_0078,78,19,pending,0,tau2_full_flash_telecom_0078,C:\Users\86132\Desktop\SafeDesk\benchmarks\tau2-bench\data\simulations\tau2_full_flash_telecom_0078\results.json,,2026-07-09T22:52:17
tau2_full_flash,telecom,telecom,none,[mms_issue]bad_network_preference|bad_wifi_calling|break_apn_mms_setting|break_app_storage_permission|data_usage_exceeded|user_abroad_roaming_disabled_on[PERSONA:Hard],telecom_0078,78,20,pending,0,tau2_full_flash_telecom_0078,C:\Users\86132\Desktop\SafeDesk\benchmarks\tau2-bench\data\simulations\tau2_full_flash_telecom_0078\results.json,,2026-07-09T22:52:17
tau2_full_flash,telecom,telecom,none,[mms_issue]bad_network_preference|bad_wifi_calling|break_apn_mms_setting|break_app_both_permissions|data_usage_exceeded|user_abroad_roaming_disabled_on[PERSONA:None],telecom_0078,78,21,pending,0,tau2_full_flash_telecom_0078,C:\Users\86132\Desktop\SafeDesk\benchmarks\tau2-bench\data\simulations\tau2_full_flash_telecom_0078\results.json,,2026-07-09T22:52:17
tau2_full_flash,telecom,telecom,none,[mms_issue]bad_network_preference|bad_wifi_calling|break_apn_mms_setting|break_app_sms_permission|data_usage_exceeded|user_abroad_roaming_disabled_off[PERSONA:Easy],telecom_0078,78,22,pending,0,tau2_full_flash_telecom_0078,C:\Users\86132\Desktop\SafeDesk\benchmarks\tau2-bench\data\simulations\tau2_full_flash_telecom_0078\results.json,,2026-07-09T22:52:17
tau2_full_flash,telecom,telecom,none,[mms_issue]bad_network_preference|bad_wifi_calling|break_apn_mms_setting|break_app_storage_permission|data_usage_exceeded|user_abroad_roaming_disabled_off[PERSONA:Hard],telecom_0078,78,23,pending,0,tau2_full_flash_telecom_0078,C:\Users\86132\Desktop\SafeDesk\benchmarks\tau2-bench\data\simulations\tau2_full_flash_telecom_0078\results.json,,2026-07-09T22:52:17
tau2_full_flash,telecom,telecom,none,[mms_issue]bad_network_preference|bad_wifi_calling|break_apn_mms_setting|break_app_both_permissions|data_usage_exceeded|user_abroad_roaming_disabled_off[PERSONA:None],telecom_0078,78,24,pending,0,tau2_full_flash_telecom_0078,C:\Users\86132\Desktop\SafeDesk\benchmarks\tau2-bench\data\simulations\tau2_full_flash_telecom_0078\results.json,,2026-07-09T22:52:17
tau2_full_flash,telecom,telecom,none,[mms_issue]airplane_mode_on|bad_network_preference|bad_wifi_calling|data_mode_off|data_usage_exceeded|unseat_sim_card|user_abroad_roaming_enabled_off[PERSONA:Easy],telecom_0079,79,0,pending,0,tau2_full_flash_telecom_0079,C:\Users\86132\Desktop\SafeDesk\benchmarks\tau2-bench\data\simulations\tau2_full_flash_telecom_0079\results.json,,2026-07-09T22:52:17
tau2_full_flash,telecom,telecom,none,[mms_issue]airplane_mode_on|bad_network_preference|break_apn_mms_setting|data_mode_off|data_usage_exceeded|unseat_sim_card|user_abroad_roaming_enabled_off[PERSONA:Hard],telecom_0079,79,1,pending,0,tau2_full_flash_telecom_0079,C:\Users\86132\Desktop\SafeDesk\benchmarks\tau2-bench\data\simulations\tau2_full_flash_telecom_0079\results.json,,2026-07-09T22:52:17
tau2_full_flash,telecom,telecom,none,[mms_issue]airplane_mode_on|bad_network_preference|break_app_sms_permission|data_mode_off|data_usage_exceeded|unseat_sim_card|user_abroad_roaming_enabled_off[PERSONA:None],telecom_0079,79,2,pending,0,tau2_full_flash_telecom_0079,C:\Users\86132\Desktop\SafeDesk\benchmarks\tau2-bench\data\simulations\tau2_full_flash_telecom_0079\results.json,,2026-07-09T22:52:17
tau2_full_flash,telecom,telecom,none,[mms_issue]airplane_mode_on|bad_network_preference|break_app_storage_permission|data_mode_off|data_usage_exceeded|unseat_sim_card|user_abroad_roaming_enabled_off[PERSONA:Easy],telecom_0079,79,3,pending,0,tau2_full_flash_telecom_0079,C:\Users\86132\Desktop\SafeDesk\benchmarks\tau2-bench\data\simulations\tau2_full_flash_telecom_0079\results.json,,2026-07-09T22:52:17
tau2_full_flash,telecom,telecom,none,[mms_issue]airplane_mode_on|bad_network_preference|break_app_both_permissions|data_mode_off|data_usage_exceeded|unseat_sim_card|user_abroad_roaming_enabled_off[PERSONA:Hard],telecom_0079,79,4,pending,0,tau2_full_flash_telecom_0079,C:\Users\86132\Desktop\SafeDesk\benchmarks\tau2-bench\data\simulations\tau2_full_flash_telecom_0079\results.json,,2026-07-09T22:52:17
tau2_full_flash,telecom,telecom,none,[mms_issue]airplane_mode_on|bad_wifi_calling|break_apn_mms_setting|data_mode_off|data_usage_exceeded|unseat_sim_card|user_abroad_roaming_enabled_off[PERSONA:None],telecom_0079,79,5,pending,0,tau2_full_flash_telecom_0079,C:\Users\86132\Desktop\SafeDesk\benchmarks\tau2-bench\data\simulations\tau2_full_flash_telecom_0079\results.json,,2026-07-09T22:52:17
tau2_full_flash,telecom,telecom,none,[mms_issue]airplane_mode_on|bad_wifi_calling|break_app_sms_permission|data_mode_off|data_usage_exceeded|unseat_sim_card|user_abroad_roaming_enabled_off[PERSONA:Easy],telecom_0079,79,6,pending,0,tau2_full_flash_telecom_0079,C:\Users\86132\Desktop\SafeDesk\benchmarks\tau2-bench\data\simulations\tau2_full_flash_telecom_0079\results.json,,2026-07-09T22:52:17
tau2_full_flash,telecom,telecom,none,[mms_issue]airplane_mode_on|bad_wifi_calling|break_app_storage_permission|data_mode_off|data_usage_exceeded|unseat_sim_card|user_abroad_roaming_enabled_off[PERSONA:Hard],telecom_0079,79,7,pending,0,tau2_full_flash_telecom_0079,C:\Users\86132\Desktop\SafeDesk\benchmarks\tau2-bench\data\simulations\tau2_full_flash_telecom_0079\results.json,,2026-07-09T22:52:17
tau2_full_flash,telecom,telecom,none,[mms_issue]airplane_mode_on|bad_wifi_calling|break_app_both_permissions|data_mode_off|data_usage_exceeded|unseat_sim_card|user_abroad_roaming_enabled_off[PERSONA:None],telecom_0079,79,8,pending,0,tau2_full_flash_telecom_0079,C:\Users\86132\Desktop\SafeDesk\benchmarks\tau2-bench\data\simulations\tau2_full_flash_telecom_0079\results.json,,2026-07-09T22:52:17
tau2_full_flash,telecom,telecom,none,[mms_issue]airplane_mode_on|break_apn_mms_setting|break_app_sms_permission|data_mode_off|data_usage_exceeded|unseat_sim_card|user_abroad_roaming_enabled_off[PERSONA:Easy],telecom_0079,79,9,pending,0,tau2_full_flash_telecom_0079,C:\Users\86132\Desktop\SafeDesk\benchmarks\tau2-bench\data\simulations\tau2_full_flash_telecom_0079\results.json,,2026-07-09T22:52:17
tau2_full_flash,telecom,telecom,none,[mms_issue]airplane_mode_on|break_apn_mms_setting|break_app_storage_permission|data_mode_off|data_usage_exceeded|unseat_sim_card|user_abroad_roaming_enabled_off[PERSONA:Hard],telecom_0079,79,10,pending,0,tau2_full_flash_telecom_0079,C:\Users\86132\Desktop\SafeDesk\benchmarks\tau2-bench\data\simulations\tau2_full_flash_telecom_0079\results.json,,2026-07-09T22:52:17
tau2_full_flash,telecom,telecom,none,[mms_issue]airplane_mode_on|break_apn_mms_setting|break_app_both_permissions|data_mode_off|data_usage_exceeded|unseat_sim_card|user_abroad_roaming_enabled_off[PERSONA:None],telecom_0079,79,11,pending,0,tau2_full_flash_telecom_0079,C:\Users\86132\Desktop\SafeDesk\benchmarks\tau2-bench\data\simulations\tau2_full_flash_telecom_0079\results.json,,2026-07-09T22:52:17
tau2_full_flash,telecom,telecom,none,[mms_issue]airplane_mode_on|bad_network_preference|bad_wifi_calling|data_mode_off|data_usage_exceeded|unseat_sim_card|user_abroad_roaming_disabled_on[PERSONA:Easy],telecom_0079,79,12,pending,0,tau2_full_flash_telecom_0079,C:\Users\86132\Desktop\SafeDesk\benchmarks\tau2-bench\data\simulations\tau2_full_flash_telecom_0079\results.json,,2026-07-09T22:52:17
tau2_full_flash,telecom,telecom,none,[mms_issue]airplane_mode_on|bad_network_preference|break_apn_mms_setting|data_mode_off|data_usage_exceeded|unseat_sim_card|user_abroad_roaming_disabled_on[PERSONA:Hard],telecom_0079,79,13,pending,0,tau2_full_flash_telecom_0079,C:\Users\86132\Desktop\SafeDesk\benchmarks\tau2-bench\data\simulations\tau2_full_flash_telecom_0079\results.json,,2026-07-09T22:52:17
tau2_full_flash,telecom,telecom,none,[mms_issue]airplane_mode_on|bad_network_preference|break_app_sms_permission|data_mode_off|data_usage_exceeded|unseat_sim_card|user_abroad_roaming_disabled_on[PERSONA:None],telecom_0079,79,14,pending,0,tau2_full_flash_telecom_0079,C:\Users\86132\Desktop\SafeDesk\benchmarks\tau2-bench\data\simulations\tau2_full_flash_telecom_0079\results.json,,2026-07-09T22:52:17
tau2_full_flash,telecom,telecom,none,[mms_issue]airplane_mode_on|bad_network_preference|break_app_storage_permission|data_mode_off|data_usage_exceeded|unseat_sim_card|user_abroad_roaming_disabled_on[PERSONA:Easy],telecom_0079,79,15,pending,0,tau2_full_flash_telecom_0079,C:\Users\86132\Desktop\SafeDesk\benchmarks\tau2-bench\data\simulations\tau2_full_flash_telecom_0079\results.json,,2026-07-09T22:52:17
tau2_full_flash,telecom,telecom,none,[mms_issue]airplane_mode_on|bad_network_preference|break_app_both_permissions|data_mode_off|data_usage_exceeded|unseat_sim_card|user_abroad_roaming_disabled_on[PERSONA:Hard],telecom_0079,79,16,pending,0,tau2_full_flash_telecom_0079,C:\Users\86132\Desktop\SafeDesk\benchmarks\tau2-bench\data\simulations\tau2_full_flash_telecom_0079\results.json,,2026-07-09T22:52:17
tau2_full_flash,telecom,telecom,none,[mms_issue]airplane_mode_on|bad_wifi_calling|break_apn_mms_setting|data_mode_off|data_usage_exceeded|unseat_sim_card|user_abroad_roaming_disabled_on[PERSONA:None],telecom_0079,79,17,pending,0,tau2_full_flash_telecom_0079,C:\Users\86132\Desktop\SafeDesk\benchmarks\tau2-bench\data\simulations\tau2_full_flash_telecom_0079\results.json,,2026-07-09T22:52:17
tau2_full_flash,telecom,telecom,none,[mms_issue]airplane_mode_on|bad_wifi_calling|break_app_sms_permission|data_mode_off|data_usage_exceeded|unseat_sim_card|user_abroad_roaming_disabled_on[PERSONA:Easy],telecom_0079,79,18,pending,0,tau2_full_flash_telecom_0079,C:\Users\86132\Desktop\SafeDesk\benchmarks\tau2-bench\data\simulations\tau2_full_flash_telecom_0079\results.json,,2026-07-09T22:52:17
tau2_full_flash,telecom,telecom,none,[mms_issue]airplane_mode_on|bad_wifi_calling|break_app_storage_permission|data_mode_off|data_usage_exceeded|unseat_sim_card|user_abroad_roaming_disabled_on[PERSONA:Hard],telecom_0079,79,19,pending,0,tau2_full_flash_telecom_0079,C:\Users\86132\Desktop\SafeDesk\benchmarks\tau2-bench\data\simulations\tau2_full_flash_telecom_0079\results.json,,2026-07-09T22:52:17
tau2_full_flash,telecom,telecom,none,[mms_issue]airplane_mode_on|bad_wifi_calling|break_app_both_permissions|data_mode_off|data_usage_exceeded|unseat_sim_card|user_abroad_roaming_disabled_on[PERSONA:None],telecom_0079,79,20,pending,0,tau2_full_flash_telecom_0079,C:\Users\86132\Desktop\SafeDesk\benchmarks\tau2-bench\data\simulations\tau2_full_flash_telecom_0079\results.json,,2026-07-09T22:52:17
tau2_full_flash,telecom,telecom,none,[mms_issue]airplane_mode_on|break_apn_mms_setting|break_app_sms_permission|data_mode_off|data_usage_exceeded|unseat_sim_card|user_abroad_roaming_disabled_on[PERSONA:Easy],telecom_0079,79,21,pending,0,tau2_full_flash_telecom_0079,C:\Users\86132\Desktop\SafeDesk\benchmarks\tau2-bench\data\simulations\tau2_full_flash_telecom_0079\results.json,,2026-07-09T22:52:17
tau2_full_flash,telecom,telecom,none,[mms_issue]airplane_mode_on|break_apn_mms_setting|break_app_storage_permission|data_mode_off|data_usage_exceeded|unseat_sim_card|user_abroad_roaming_disabled_on[PERSONA:Hard],telecom_0079,79,22,pending,0,tau2_full_flash_telecom_0079,C:\Users\86132\Desktop\SafeDesk\benchmarks\tau2-bench\data\simulations\tau2_full_flash_telecom_0079\results.json,,2026-07-09T22:52:17
tau2_full_flash,telecom,telecom,none,[mms_issue]airplane_mode_on|break_apn_mms_setting|break_app_both_permissions|data_mode_off|data_usage_exceeded|unseat_sim_card|user_abroad_roaming_disabled_on[PERSONA:None],telecom_0079,79,23,pending,0,tau2_full_flash_telecom_0079,C:\Users\86132\Desktop\SafeDesk\benchmarks\tau2-bench\data\simulations\tau2_full_flash_telecom_0079\results.json,,2026-07-09T22:52:17
tau2_full_flash,telecom,telecom,none,[mms_issue]airplane_mode_on|bad_network_preference|bad_wifi_calling|data_mode_off|data_usage_exceeded|unseat_sim_card|user_abroad_roaming_disabled_off[PERSONA:Easy],telecom_0079,79,24,pending,0,tau2_full_flash_telecom_0079,C:\Users\86132\Desktop\SafeDesk\benchmarks\tau2-bench\data\simulations\tau2_full_flash_telecom_0079\results.json,,2026-07-09T22:52:17
tau2_full_flash,telecom,telecom,none,[mms_issue]airplane_mode_on|bad_network_preference|break_apn_mms_setting|data_mode_off|data_usage_exceeded|unseat_sim_card|user_abroad_roaming_disabled_off[PERSONA:Hard],telecom_0080,80,0,pending,0,tau2_full_flash_telecom_0080,C:\Users\86132\Desktop\SafeDesk\benchmarks\tau2-bench\data\simulations\tau2_full_flash_telecom_0080\results.json,,2026-07-09T22:52:17
tau2_full_flash,telecom,telecom,none,[mms_issue]airplane_mode_on|bad_network_preference|break_app_sms_permission|data_mode_off|data_usage_exceeded|unseat_sim_card|user_abroad_roaming_disabled_off[PERSONA:None],telecom_0080,80,1,pending,0,tau2_full_flash_telecom_0080,C:\Users\86132\Desktop\SafeDesk\benchmarks\tau2-bench\data\simulations\tau2_full_flash_telecom_0080\results.json,,2026-07-09T22:52:17
tau2_full_flash,telecom,telecom,none,[mms_issue]airplane_mode_on|bad_network_preference|break_app_storage_permission|data_mode_off|data_usage_exceeded|unseat_sim_card|user_abroad_roaming_disabled_off[PERSONA:Easy],telecom_0080,80,2,pending,0,tau2_full_flash_telecom_0080,C:\Users\86132\Desktop\SafeDesk\benchmarks\tau2-bench\data\simulations\tau2_full_flash_telecom_0080\results.json,,2026-07-09T22:52:17
tau2_full_flash,telecom,telecom,none,[mms_issue]airplane_mode_on|bad_network_preference|break_app_both_permissions|data_mode_off|data_usage_exceeded|unseat_sim_card|user_abroad_roaming_disabled_off[PERSONA:Hard],telecom_0080,80,3,pending,0,tau2_full_flash_telecom_0080,C:\Users\86132\Desktop\SafeDesk\benchmarks\tau2-bench\data\simulations\tau2_full_flash_telecom_0080\results.json,,2026-07-09T22:52:17
tau2_full_flash,telecom,telecom,none,[mms_issue]airplane_mode_on|bad_wifi_calling|break_apn_mms_setting|data_mode_off|data_usage_exceeded|unseat_sim_card|user_abroad_roaming_disabled_off[PERSONA:None],telecom_0080,80,4,pending,0,tau2_full_flash_telecom_0080,C:\Users\86132\Desktop\SafeDesk\benchmarks\tau2-bench\data\simulations\tau2_full_flash_telecom_0080\results.json,,2026-07-09T22:52:17
tau2_full_flash,telecom,telecom,none,[mms_issue]airplane_mode_on|bad_wifi_calling|break_app_sms_permission|data_mode_off|data_usage_exceeded|unseat_sim_card|user_abroad_roaming_disabled_off[PERSONA:Easy],telecom_0080,80,5,pending,0,tau2_full_flash_telecom_0080,C:\Users\86132\Desktop\SafeDesk\benchmarks\tau2-bench\data\simulations\tau2_full_flash_telecom_0080\results.json,,2026-07-09T22:52:17
tau2_full_flash,telecom,telecom,none,[mms_issue]airplane_mode_on|bad_wifi_calling|break_app_storage_permission|data_mode_off|data_usage_exceeded|unseat_sim_card|user_abroad_roaming_disabled_off[PERSONA:Hard],telecom_0080,80,6,pending,0,tau2_full_flash_telecom_0080,C:\Users\86132\Desktop\SafeDesk\benchmarks\tau2-bench\data\simulations\tau2_full_flash_telecom_0080\results.json,,2026-07-09T22:52:17
tau2_full_flash,telecom,telecom,none,[mms_issue]airplane_mode_on|bad_wifi_calling|break_app_both_permissions|data_mode_off|data_usage_exceeded|unseat_sim_card|user_abroad_roaming_disabled_off[PERSONA:None],telecom_0080,80,7,pending,0,tau2_full_flash_telecom_0080,C:\Users\86132\Desktop\SafeDesk\benchmarks\tau2-bench\data\simulations\tau2_full_flash_telecom_0080\results.json,,2026-07-09T22:52:17
tau2_full_flash,telecom,telecom,none,[mms_issue]airplane_mode_on|break_apn_mms_setting|break_app_sms_permission|data_mode_off|data_usage_exceeded|unseat_sim_card|user_abroad_roaming_disabled_off[PERSONA:Easy],telecom_0080,80,8,pending,0,tau2_full_flash_telecom_0080,C:\Users\86132\Desktop\SafeDesk\benchmarks\tau2-bench\data\simulations\tau2_full_flash_telecom_0080\results.json,,2026-07-09T22:52:17
tau2_full_flash,telecom,telecom,none,[mms_issue]airplane_mode_on|break_apn_mms_setting|break_app_storage_permission|data_mode_off|data_usage_exceeded|unseat_sim_card|user_abroad_roaming_disabled_off[PERSONA:Hard],telecom_0080,80,9,pending,0,tau2_full_flash_telecom_0080,C:\Users\86132\Desktop\SafeDesk\benchmarks\tau2-bench\data\simulations\tau2_full_flash_telecom_0080\results.json,,2026-07-09T22:52:17
tau2_full_flash,telecom,telecom,none,[mms_issue]airplane_mode_on|break_apn_mms_setting|break_app_both_permissions|data_mode_off|data_usage_exceeded|unseat_sim_card|user_abroad_roaming_disabled_off[PERSONA:None],telecom_0080,80,10,pending,0,tau2_full_flash_telecom_0080,C:\Users\86132\Desktop\SafeDesk\benchmarks\tau2-bench\data\simulations\tau2_full_flash_telecom_0080\results.json,,2026-07-09T22:52:17
tau2_full_flash,telecom,telecom,none,[mms_issue]airplane_mode_on|bad_network_preference|bad_wifi_calling|break_apn_mms_setting|data_mode_off|data_usage_exceeded|unseat_sim_card[PERSONA:Easy],telecom_0080,80,11,pending,0,tau2_full_flash_telecom_0080,C:\Users\86132\Desktop\SafeDesk\benchmarks\tau2-bench\data\simulations\tau2_full_flash_telecom_0080\results.json,,2026-07-09T22:52:17
tau2_full_flash,telecom,telecom,none,[mms_issue]airplane_mode_on|bad_network_preference|bad_wifi_calling|break_app_sms_permission|data_mode_off|data_usage_exceeded|unseat_sim_card[PERSONA:Hard],telecom_0080,80,12,pending,0,tau2_full_flash_telecom_0080,C:\Users\86132\Desktop\SafeDesk\benchmarks\tau2-bench\data\simulations\tau2_full_flash_telecom_0080\results.json,,2026-07-09T22:52:17
tau2_full_flash,telecom,telecom,none,[mms_issue]airplane_mode_on|bad_network_preference|bad_wifi_calling|break_app_storage_permission|data_mode_off|data_usage_exceeded|unseat_sim_card[PERSONA:None],telecom_0080,80,13,pending,0,tau2_full_flash_telecom_0080,C:\Users\86132\Desktop\SafeDesk\benchmarks\tau2-bench\data\simulations\tau2_full_flash_telecom_0080\results.json,,2026-07-09T22:52:17
tau2_full_flash,telecom,telecom,none,[mms_issue]airplane_mode_on|bad_network_preference|bad_wifi_calling|break_app_both_permissions|data_mode_off|data_usage_exceeded|unseat_sim_card[PERSONA:Easy],telecom_0080,80,14,pending,0,tau2_full_flash_telecom_0080,C:\Users\86132\Desktop\SafeDesk\benchmarks\tau2-bench\data\simulations\tau2_full_flash_telecom_0080\results.json,,2026-07-09T22:52:17
tau2_full_flash,telecom,telecom,none,[mms_issue]airplane_mode_on|bad_network_preference|break_apn_mms_setting|break_app_sms_permission|data_mode_off|data_usage_exceeded|unseat_sim_card[PERSONA:Hard],telecom_0080,80,15,pending,0,tau2_full_flash_telecom_0080,C:\Users\86132\Desktop\SafeDesk\benchmarks\tau2-bench\data\simulations\tau2_full_flash_telecom_0080\results.json,,2026-07-09T22:52:17
tau2_full_flash,telecom,telecom,none,[mms_issue]airplane_mode_on|bad_network_preference|break_apn_mms_setting|break_app_storage_permission|data_mode_off|data_usage_exceeded|unseat_sim_card[PERSONA:None],telecom_0080,80,16,pending,0,tau2_full_flash_telecom_0080,C:\Users\86132\Desktop\SafeDesk\benchmarks\tau2-bench\data\simulations\tau2_full_flash_telecom_0080\results.json,,2026-07-09T22:52:17
tau2_full_flash,telecom,telecom,none,[mms_issue]airplane_mode_on|bad_network_preference|break_apn_mms_setting|break_app_both_permissions|data_mode_off|data_usage_exceeded|unseat_sim_card[PERSONA:Easy],telecom_0080,80,17,pending,0,tau2_full_flash_telecom_0080,C:\Users\86132\Desktop\SafeDesk\benchmarks\tau2-bench\data\simulations\tau2_full_flash_telecom_0080\results.json,,2026-07-09T22:52:17
tau2_full_flash,telecom,telecom,none,[mms_issue]airplane_mode_on|bad_wifi_calling|break_apn_mms_setting|break_app_sms_permission|data_mode_off|data_usage_exceeded|unseat_sim_card[PERSONA:Hard],telecom_0080,80,18,pending,0,tau2_full_flash_telecom_0080,C:\Users\86132\Desktop\SafeDesk\benchmarks\tau2-bench\data\simulations\tau2_full_flash_telecom_0080\results.json,,2026-07-09T22:52:17
tau2_full_flash,telecom,telecom,none,[mms_issue]airplane_mode_on|bad_wifi_calling|break_apn_mms_setting|break_app_storage_permission|data_mode_off|data_usage_exceeded|unseat_sim_card[PERSONA:None],telecom_0080,80,19,pending,0,tau2_full_flash_telecom_0080,C:\Users\86132\Desktop\SafeDesk\benchmarks\tau2-bench\data\simulations\tau2_full_flash_telecom_0080\results.json,,2026-07-09T22:52:17
tau2_full_flash,telecom,telecom,none,[mms_issue]airplane_mode_on|bad_wifi_calling|break_apn_mms_setting|break_app_both_permissions|data_mode_off|data_usage_exceeded|unseat_sim_card[PERSONA:Easy],telecom_0080,80,20,pending,0,tau2_full_flash_telecom_0080,C:\Users\86132\Desktop\SafeDesk\benchmarks\tau2-bench\data\simulations\tau2_full_flash_telecom_0080\results.json,,2026-07-09T22:52:17
tau2_full_flash,telecom,telecom,none,[mms_issue]airplane_mode_on|bad_network_preference|bad_wifi_calling|break_apn_mms_setting|data_mode_off|unseat_sim_card|user_abroad_roaming_enabled_off[PERSONA:None],telecom_0080,80,21,pending,0,tau2_full_flash_telecom_0080,C:\Users\86132\Desktop\SafeDesk\benchmarks\tau2-bench\data\simulations\tau2_full_flash_telecom_0080\results.json,,2026-07-09T22:52:17
tau2_full_flash,telecom,telecom,none,[mms_issue]airplane_mode_on|bad_network_preference|bad_wifi_calling|break_app_sms_permission|data_mode_off|unseat_sim_card|user_abroad_roaming_enabled_off[PERSONA:Easy],telecom_0080,80,22,pending,0,tau2_full_flash_telecom_0080,C:\Users\86132\Desktop\SafeDesk\benchmarks\tau2-bench\data\simulations\tau2_full_flash_telecom_0080\results.json,,2026-07-09T22:52:17
tau2_full_flash,telecom,telecom,none,[mms_issue]airplane_mode_on|bad_network_preference|bad_wifi_calling|break_app_storage_permission|data_mode_off|unseat_sim_card|user_abroad_roaming_enabled_off[PERSONA:Hard],telecom_0080,80,23,pending,0,tau2_full_flash_telecom_0080,C:\Users\86132\Desktop\SafeDesk\benchmarks\tau2-bench\data\simulations\tau2_full_flash_telecom_0080\results.json,,2026-07-09T22:52:17
tau2_full_flash,telecom,telecom,none,[mms_issue]airplane_mode_on|bad_network_preference|bad_wifi_calling|break_app_both_permissions|data_mode_off|unseat_sim_card|user_abroad_roaming_enabled_off[PERSONA:None],telecom_0080,80,24,pending,0,tau2_full_flash_telecom_0080,C:\Users\86132\Desktop\SafeDesk\benchmarks\tau2-bench\data\simulations\tau2_full_flash_telecom_0080\results.json,,2026-07-09T22:52:17
tau2_full_flash,telecom,telecom,none,[mms_issue]airplane_mode_on|bad_network_preference|break_apn_mms_setting|break_app_sms_permission|data_mode_off|unseat_sim_card|user_abroad_roaming_enabled_off[PERSONA:Easy],telecom_0081,81,0,pending,0,tau2_full_flash_telecom_0081,C:\Users\86132\Desktop\SafeDesk\benchmarks\tau2-bench\data\simulations\tau2_full_flash_telecom_0081\results.json,,2026-07-09T22:52:17
tau2_full_flash,telecom,telecom,none,[mms_issue]airplane_mode_on|bad_network_preference|break_apn_mms_setting|break_app_storage_permission|data_mode_off|unseat_sim_card|user_abroad_roaming_enabled_off[PERSONA:Hard],telecom_0081,81,1,pending,0,tau2_full_flash_telecom_0081,C:\Users\86132\Desktop\SafeDesk\benchmarks\tau2-bench\data\simulations\tau2_full_flash_telecom_0081\results.json,,2026-07-09T22:52:17
tau2_full_flash,telecom,telecom,none,[mms_issue]airplane_mode_on|bad_network_preference|break_apn_mms_setting|break_app_both_permissions|data_mode_off|unseat_sim_card|user_abroad_roaming_enabled_off[PERSONA:None],telecom_0081,81,2,pending,0,tau2_full_flash_telecom_0081,C:\Users\86132\Desktop\SafeDesk\benchmarks\tau2-bench\data\simulations\tau2_full_flash_telecom_0081\results.json,,2026-07-09T22:52:17
tau2_full_flash,telecom,telecom,none,[mms_issue]airplane_mode_on|bad_wifi_calling|break_apn_mms_setting|break_app_sms_permission|data_mode_off|unseat_sim_card|user_abroad_roaming_enabled_off[PERSONA:Easy],telecom_0081,81,3,pending,0,tau2_full_flash_telecom_0081,C:\Users\86132\Desktop\SafeDesk\benchmarks\tau2-bench\data\simulations\tau2_full_flash_telecom_0081\results.json,,2026-07-09T22:52:17
tau2_full_flash,telecom,telecom,none,[mms_issue]airplane_mode_on|bad_wifi_calling|break_apn_mms_setting|break_app_storage_permission|data_mode_off|unseat_sim_card|user_abroad_roaming_enabled_off[PERSONA:Hard],telecom_0081,81,4,pending,0,tau2_full_flash_telecom_0081,C:\Users\86132\Desktop\SafeDesk\benchmarks\tau2-bench\data\simulations\tau2_full_flash_telecom_0081\results.json,,2026-07-09T22:52:17
tau2_full_flash,telecom,telecom,none,[mms_issue]airplane_mode_on|bad_wifi_calling|break_apn_mms_setting|break_app_both_permissions|data_mode_off|unseat_sim_card|user_abroad_roaming_enabled_off[PERSONA:None],telecom_0081,81,5,pending,0,tau2_full_flash_telecom_0081,C:\Users\86132\Desktop\SafeDesk\benchmarks\tau2-bench\data\simulations\tau2_full_flash_telecom_0081\results.json,,2026-07-09T22:52:17
tau2_full_flash,telecom,telecom,none,[mms_issue]airplane_mode_on|bad_network_preference|bad_wifi_calling|break_apn_mms_setting|data_mode_off|unseat_sim_card|user_abroad_roaming_disabled_on[PERSONA:Easy],telecom_0081,81,6,pending,0,tau2_full_flash_telecom_0081,C:\Users\86132\Desktop\SafeDesk\benchmarks\tau2-bench\data\simulations\tau2_full_flash_telecom_0081\results.json,,2026-07-09T22:52:17
tau2_full_flash,telecom,telecom,none,[mms_issue]airplane_mode_on|bad_network_preference|bad_wifi_calling|break_app_sms_permission|data_mode_off|unseat_sim_card|user_abroad_roaming_disabled_on[PERSONA:Hard],telecom_0081,81,7,pending,0,tau2_full_flash_telecom_0081,C:\Users\86132\Desktop\SafeDesk\benchmarks\tau2-bench\data\simulations\tau2_full_flash_telecom_0081\results.json,,2026-07-09T22:52:17
tau2_full_flash,telecom,telecom,none,[mms_issue]airplane_mode_on|bad_network_preference|bad_wifi_calling|break_app_storage_permission|data_mode_off|unseat_sim_card|user_abroad_roaming_disabled_on[PERSONA:None],telecom_0081,81,8,pending,0,tau2_full_flash_telecom_0081,C:\Users\86132\Desktop\SafeDesk\benchmarks\tau2-bench\data\simulations\tau2_full_flash_telecom_0081\results.json,,2026-07-09T22:52:17
tau2_full_flash,telecom,telecom,none,[mms_issue]airplane_mode_on|bad_network_preference|bad_wifi_calling|break_app_both_permissions|data_mode_off|unseat_sim_card|user_abroad_roaming_disabled_on[PERSONA:Easy],telecom_0081,81,9,pending,0,tau2_full_flash_telecom_0081,C:\Users\86132\Desktop\SafeDesk\benchmarks\tau2-bench\data\simulations\tau2_full_flash_telecom_0081\results.json,,2026-07-09T22:52:17
tau2_full_flash,telecom,telecom,none,[mms_issue]airplane_mode_on|bad_network_preference|break_apn_mms_setting|break_app_sms_permission|data_mode_off|unseat_sim_card|user_abroad_roaming_disabled_on[PERSONA:Hard],telecom_0081,81,10,pending,0,tau2_full_flash_telecom_0081,C:\Users\86132\Desktop\SafeDesk\benchmarks\tau2-bench\data\simulations\tau2_full_flash_telecom_0081\results.json,,2026-07-09T22:52:17
tau2_full_flash,telecom,telecom,none,[mms_issue]airplane_mode_on|bad_network_preference|break_apn_mms_setting|break_app_storage_permission|data_mode_off|unseat_sim_card|user_abroad_roaming_disabled_on[PERSONA:None],telecom_0081,81,11,pending,0,tau2_full_flash_telecom_0081,C:\Users\86132\Desktop\SafeDesk\benchmarks\tau2-bench\data\simulations\tau2_full_flash_telecom_0081\results.json,,2026-07-09T22:52:17
tau2_full_flash,telecom,telecom,none,[mms_issue]airplane_mode_on|bad_network_preference|break_apn_mms_setting|break_app_both_permissions|data_mode_off|unseat_sim_card|user_abroad_roaming_disabled_on[PERSONA:Easy],telecom_0081,81,12,pending,0,tau2_full_flash_telecom_0081,C:\Users\86132\Desktop\SafeDesk\benchmarks\tau2-bench\data\simulations\tau2_full_flash_telecom_0081\results.json,,2026-07-09T22:52:17
tau2_full_flash,telecom,telecom,none,[mms_issue]airplane_mode_on|bad_wifi_calling|break_apn_mms_setting|break_app_sms_permission|data_mode_off|unseat_sim_card|user_abroad_roaming_disabled_on[PERSONA:Hard],telecom_0081,81,13,pending,0,tau2_full_flash_telecom_0081,C:\Users\86132\Desktop\SafeDesk\benchmarks\tau2-bench\data\simulations\tau2_full_flash_telecom_0081\results.json,,2026-07-09T22:52:17
tau2_full_flash,telecom,telecom,none,[mms_issue]airplane_mode_on|bad_wifi_calling|break_apn_mms_setting|break_app_storage_permission|data_mode_off|unseat_sim_card|user_abroad_roaming_disabled_on[PERSONA:None],telecom_0081,81,14,pending,0,tau2_full_flash_telecom_0081,C:\Users\86132\Desktop\SafeDesk\benchmarks\tau2-bench\data\simulations\tau2_full_flash_telecom_0081\results.json,,2026-07-09T22:52:17
tau2_full_flash,telecom,telecom,none,[mms_issue]airplane_mode_on|bad_wifi_calling|break_apn_mms_setting|break_app_both_permissions|data_mode_off|unseat_sim_card|user_abroad_roaming_disabled_on[PERSONA:Easy],telecom_0081,81,15,pending,0,tau2_full_flash_telecom_0081,C:\Users\86132\Desktop\SafeDesk\benchmarks\tau2-bench\data\simulations\tau2_full_flash_telecom_0081\results.json,,2026-07-09T22:52:17
tau2_full_flash,telecom,telecom,none,[mms_issue]airplane_mode_on|bad_network_preference|bad_wifi_calling|break_apn_mms_setting|data_mode_off|unseat_sim_card|user_abroad_roaming_disabled_off[PERSONA:Hard],telecom_0081,81,16,pending,0,tau2_full_flash_telecom_0081,C:\Users\86132\Desktop\SafeDesk\benchmarks\tau2-bench\data\simulations\tau2_full_flash_telecom_0081\results.json,,2026-07-09T22:52:17
tau2_full_flash,telecom,telecom,none,[mms_issue]airplane_mode_on|bad_network_preference|bad_wifi_calling|break_app_sms_permission|data_mode_off|unseat_sim_card|user_abroad_roaming_disabled_off[PERSONA:None],telecom_0081,81,17,pending,0,tau2_full_flash_telecom_0081,C:\Users\86132\Desktop\SafeDesk\benchmarks\tau2-bench\data\simulations\tau2_full_flash_telecom_0081\results.json,,2026-07-09T22:52:17
tau2_full_flash,telecom,telecom,none,[mms_issue]airplane_mode_on|bad_network_preference|bad_wifi_calling|break_app_storage_permission|data_mode_off|unseat_sim_card|user_abroad_roaming_disabled_off[PERSONA:Easy],telecom_0081,81,18,pending,0,tau2_full_flash_telecom_0081,C:\Users\86132\Desktop\SafeDesk\benchmarks\tau2-bench\data\simulations\tau2_full_flash_telecom_0081\results.json,,2026-07-09T22:52:17
tau2_full_flash,telecom,telecom,none,[mms_issue]airplane_mode_on|bad_network_preference|bad_wifi_calling|break_app_both_permissions|data_mode_off|unseat_sim_card|user_abroad_roaming_disabled_off[PERSONA:Hard],telecom_0081,81,19,pending,0,tau2_full_flash_telecom_0081,C:\Users\86132\Desktop\SafeDesk\benchmarks\tau2-bench\data\simulations\tau2_full_flash_telecom_0081\results.json,,2026-07-09T22:52:17
tau2_full_flash,telecom,telecom,none,[mms_issue]airplane_mode_on|bad_network_preference|break_apn_mms_setting|break_app_sms_permission|data_mode_off|unseat_sim_card|user_abroad_roaming_disabled_off[PERSONA:None],telecom_0081,81,20,pending,0,tau2_full_flash_telecom_0081,C:\Users\86132\Desktop\SafeDesk\benchmarks\tau2-bench\data\simulations\tau2_full_flash_telecom_0081\results.json,,2026-07-09T22:52:17
tau2_full_flash,telecom,telecom,none,[mms_issue]airplane_mode_on|bad_network_preference|break_apn_mms_setting|break_app_storage_permission|data_mode_off|unseat_sim_card|user_abroad_roaming_disabled_off[PERSONA:Easy],telecom_0081,81,21,pending,0,tau2_full_flash_telecom_0081,C:\Users\86132\Desktop\SafeDesk\benchmarks\tau2-bench\data\simulations\tau2_full_flash_telecom_0081\results.json,,2026-07-09T22:52:17
tau2_full_flash,telecom,telecom,none,[mms_issue]airplane_mode_on|bad_network_preference|break_apn_mms_setting|break_app_both_permissions|data_mode_off|unseat_sim_card|user_abroad_roaming_disabled_off[PERSONA:Hard],telecom_0081,81,22,pending,0,tau2_full_flash_telecom_0081,C:\Users\86132\Desktop\SafeDesk\benchmarks\tau2-bench\data\simulations\tau2_full_flash_telecom_0081\results.json,,2026-07-09T22:52:17
tau2_full_flash,telecom,telecom,none,[mms_issue]airplane_mode_on|bad_wifi_calling|break_apn_mms_setting|break_app_sms_permission|data_mode_off|unseat_sim_card|user_abroad_roaming_disabled_off[PERSONA:None],telecom_0081,81,23,pending,0,tau2_full_flash_telecom_0081,C:\Users\86132\Desktop\SafeDesk\benchmarks\tau2-bench\data\simulations\tau2_full_flash_telecom_0081\results.json,,2026-07-09T22:52:17
tau2_full_flash,telecom,telecom,none,[mms_issue]airplane_mode_on|bad_wifi_calling|break_apn_mms_setting|break_app_storage_permission|data_mode_off|unseat_sim_card|user_abroad_roaming_disabled_off[PERSONA:Easy],telecom_0081,81,24,pending,0,tau2_full_flash_telecom_0081,C:\Users\86132\Desktop\SafeDesk\benchmarks\tau2-bench\data\simulations\tau2_full_flash_telecom_0081\results.json,,2026-07-09T22:52:17
tau2_full_flash,telecom,telecom,none,[mms_issue]airplane_mode_on|bad_wifi_calling|break_apn_mms_setting|break_app_both_permissions|data_mode_off|unseat_sim_card|user_abroad_roaming_disabled_off[PERSONA:Hard],telecom_0082,82,0,pending,0,tau2_full_flash_telecom_0082,C:\Users\86132\Desktop\SafeDesk\benchmarks\tau2-bench\data\simulations\tau2_full_flash_telecom_0082\results.json,,2026-07-09T22:52:17
tau2_full_flash,telecom,telecom,none,[mms_issue]airplane_mode_on|bad_network_preference|bad_wifi_calling|break_apn_mms_setting|break_app_sms_permission|data_mode_off|unseat_sim_card[PERSONA:None],telecom_0082,82,1,pending,0,tau2_full_flash_telecom_0082,C:\Users\86132\Desktop\SafeDesk\benchmarks\tau2-bench\data\simulations\tau2_full_flash_telecom_0082\results.json,,2026-07-09T22:52:17
tau2_full_flash,telecom,telecom,none,[mms_issue]airplane_mode_on|bad_network_preference|bad_wifi_calling|break_apn_mms_setting|break_app_storage_permission|data_mode_off|unseat_sim_card[PERSONA:Easy],telecom_0082,82,2,pending,0,tau2_full_flash_telecom_0082,C:\Users\86132\Desktop\SafeDesk\benchmarks\tau2-bench\data\simulations\tau2_full_flash_telecom_0082\results.json,,2026-07-09T22:52:17
tau2_full_flash,telecom,telecom,none,[mms_issue]airplane_mode_on|bad_network_preference|bad_wifi_calling|break_apn_mms_setting|break_app_both_permissions|data_mode_off|unseat_sim_card[PERSONA:Hard],telecom_0082,82,3,pending,0,tau2_full_flash_telecom_0082,C:\Users\86132\Desktop\SafeDesk\benchmarks\tau2-bench\data\simulations\tau2_full_flash_telecom_0082\results.json,,2026-07-09T22:52:17
tau2_full_flash,telecom,telecom,none,[mms_issue]airplane_mode_on|bad_network_preference|bad_wifi_calling|break_apn_mms_setting|data_usage_exceeded|unseat_sim_card|user_abroad_roaming_enabled_off[PERSONA:None],telecom_0082,82,4,pending,0,tau2_full_flash_telecom_0082,C:\Users\86132\Desktop\SafeDesk\benchmarks\tau2-bench\data\simulations\tau2_full_flash_telecom_0082\results.json,,2026-07-09T22:52:17
tau2_full_flash,telecom,telecom,none,[mms_issue]airplane_mode_on|bad_network_preference|bad_wifi_calling|break_app_sms_permission|data_usage_exceeded|unseat_sim_card|user_abroad_roaming_enabled_off[PERSONA:Easy],telecom_0082,82,5,pending,0,tau2_full_flash_telecom_0082,C:\Users\86132\Desktop\SafeDesk\benchmarks\tau2-bench\data\simulations\tau2_full_flash_telecom_0082\results.json,,2026-07-09T22:52:17
tau2_full_flash,telecom,telecom,none,[mms_issue]airplane_mode_on|bad_network_preference|bad_wifi_calling|break_app_storage_permission|data_usage_exceeded|unseat_sim_card|user_abroad_roaming_enabled_off[PERSONA:Hard],telecom_0082,82,6,pending,0,tau2_full_flash_telecom_0082,C:\Users\86132\Desktop\SafeDesk\benchmarks\tau2-bench\data\simulations\tau2_full_flash_telecom_0082\results.json,,2026-07-09T22:52:17
tau2_full_flash,telecom,telecom,none,[mms_issue]airplane_mode_on|bad_network_preference|bad_wifi_calling|break_app_both_permissions|data_usage_exceeded|unseat_sim_card|user_abroad_roaming_enabled_off[PERSONA:None],telecom_0082,82,7,pending,0,tau2_full_flash_telecom_0082,C:\Users\86132\Desktop\SafeDesk\benchmarks\tau2-bench\data\simulations\tau2_full_flash_telecom_0082\results.json,,2026-07-09T22:52:17
tau2_full_flash,telecom,telecom,none,[mms_issue]airplane_mode_on|bad_network_preference|break_apn_mms_setting|break_app_sms_permission|data_usage_exceeded|unseat_sim_card|user_abroad_roaming_enabled_off[PERSONA:Easy],telecom_0082,82,8,pending,0,tau2_full_flash_telecom_0082,C:\Users\86132\Desktop\SafeDesk\benchmarks\tau2-bench\data\simulations\tau2_full_flash_telecom_0082\results.json,,2026-07-09T22:52:17
tau2_full_flash,telecom,telecom,none,[mms_issue]airplane_mode_on|bad_network_preference|break_apn_mms_setting|break_app_storage_permission|data_usage_exceeded|unseat_sim_card|user_abroad_roaming_enabled_off[PERSONA:Hard],telecom_0082,82,9,pending,0,tau2_full_flash_telecom_0082,C:\Users\86132\Desktop\SafeDesk\benchmarks\tau2-bench\data\simulations\tau2_full_flash_telecom_0082\results.json,,2026-07-09T22:52:17
tau2_full_flash,telecom,telecom,none,[mms_issue]airplane_mode_on|bad_network_preference|break_apn_mms_setting|break_app_both_permissions|data_usage_exceeded|unseat_sim_card|user_abroad_roaming_enabled_off[PERSONA:None],telecom_0082,82,10,pending,0,tau2_full_flash_telecom_0082,C:\Users\86132\Desktop\SafeDesk\benchmarks\tau2-bench\data\simulations\tau2_full_flash_telecom_0082\results.json,,2026-07-09T22:52:17
tau2_full_flash,telecom,telecom,none,[mms_issue]airplane_mode_on|bad_wifi_calling|break_apn_mms_setting|break_app_sms_permission|data_usage_exceeded|unseat_sim_card|user_abroad_roaming_enabled_off[PERSONA:Easy],telecom_0082,82,11,pending,0,tau2_full_flash_telecom_0082,C:\Users\86132\Desktop\SafeDesk\benchmarks\tau2-bench\data\simulations\tau2_full_flash_telecom_0082\results.json,,2026-07-09T22:52:17
tau2_full_flash,telecom,telecom,none,[mms_issue]airplane_mode_on|bad_wifi_calling|break_apn_mms_setting|break_app_storage_permission|data_usage_exceeded|unseat_sim_card|user_abroad_roaming_enabled_off[PERSONA:Hard],telecom_0082,82,12,pending,0,tau2_full_flash_telecom_0082,C:\Users\86132\Desktop\SafeDesk\benchmarks\tau2-bench\data\simulations\tau2_full_flash_telecom_0082\results.json,,2026-07-09T22:52:17
tau2_full_flash,telecom,telecom,none,[mms_issue]airplane_mode_on|bad_wifi_calling|break_apn_mms_setting|break_app_both_permissions|data_usage_exceeded|unseat_sim_card|user_abroad_roaming_enabled_off[PERSONA:None],telecom_0082,82,13,pending,0,tau2_full_flash_telecom_0082,C:\Users\86132\Desktop\SafeDesk\benchmarks\tau2-bench\data\simulations\tau2_full_flash_telecom_0082\results.json,,2026-07-09T22:52:17
tau2_full_flash,telecom,telecom,none,[mms_issue]airplane_mode_on|bad_network_preference|bad_wifi_calling|break_apn_mms_setting|data_usage_exceeded|unseat_sim_card|user_abroad_roaming_disabled_on[PERSONA:Easy],telecom_0082,82,14,pending,0,tau2_full_flash_telecom_0082,C:\Users\86132\Desktop\SafeDesk\benchmarks\tau2-bench\data\simulations\tau2_full_flash_telecom_0082\results.json,,2026-07-09T22:52:17
tau2_full_flash,telecom,telecom,none,[mms_issue]airplane_mode_on|bad_network_preference|bad_wifi_calling|break_app_sms_permission|data_usage_exceeded|unseat_sim_card|user_abroad_roaming_disabled_on[PERSONA:Hard],telecom_0082,82,15,pending,0,tau2_full_flash_telecom_0082,C:\Users\86132\Desktop\SafeDesk\benchmarks\tau2-bench\data\simulations\tau2_full_flash_telecom_0082\results.json,,2026-07-09T22:52:17
tau2_full_flash,telecom,telecom,none,[mms_issue]airplane_mode_on|bad_network_preference|bad_wifi_calling|break_app_storage_permission|data_usage_exceeded|unseat_sim_card|user_abroad_roaming_disabled_on[PERSONA:None],telecom_0082,82,16,pending,0,tau2_full_flash_telecom_0082,C:\Users\86132\Desktop\SafeDesk\benchmarks\tau2-bench\data\simulations\tau2_full_flash_telecom_0082\results.json,,2026-07-09T22:52:17
tau2_full_flash,telecom,telecom,none,[mms_issue]airplane_mode_on|bad_network_preference|bad_wifi_calling|break_app_both_permissions|data_usage_exceeded|unseat_sim_card|user_abroad_roaming_disabled_on[PERSONA:Easy],telecom_0082,82,17,pending,0,tau2_full_flash_telecom_0082,C:\Users\86132\Desktop\SafeDesk\benchmarks\tau2-bench\data\simulations\tau2_full_flash_telecom_0082\results.json,,2026-07-09T22:52:17
tau2_full_flash,telecom,telecom,none,[mms_issue]airplane_mode_on|bad_network_preference|break_apn_mms_setting|break_app_sms_permission|data_usage_exceeded|unseat_sim_card|user_abroad_roaming_disabled_on[PERSONA:Hard],telecom_0082,82,18,pending,0,tau2_full_flash_telecom_0082,C:\Users\86132\Desktop\SafeDesk\benchmarks\tau2-bench\data\simulations\tau2_full_flash_telecom_0082\results.json,,2026-07-09T22:52:17
tau2_full_flash,telecom,telecom,none,[mms_issue]airplane_mode_on|bad_network_preference|break_apn_mms_setting|break_app_storage_permission|data_usage_exceeded|unseat_sim_card|user_abroad_roaming_disabled_on[PERSONA:None],telecom_0082,82,19,pending,0,tau2_full_flash_telecom_0082,C:\Users\86132\Desktop\SafeDesk\benchmarks\tau2-bench\data\simulations\tau2_full_flash_telecom_0082\results.json,,2026-07-09T22:52:17
tau2_full_flash,telecom,telecom,none,[mms_issue]airplane_mode_on|bad_network_preference|break_apn_mms_setting|break_app_both_permissions|data_usage_exceeded|unseat_sim_card|user_abroad_roaming_disabled_on[PERSONA:Easy],telecom_0082,82,20,pending,0,tau2_full_flash_telecom_0082,C:\Users\86132\Desktop\SafeDesk\benchmarks\tau2-bench\data\simulations\tau2_full_flash_telecom_0082\results.json,,2026-07-09T22:52:17
tau2_full_flash,telecom,telecom,none,[mms_issue]airplane_mode_on|bad_wifi_calling|break_apn_mms_setting|break_app_sms_permission|data_usage_exceeded|unseat_sim_card|user_abroad_roaming_disabled_on[PERSONA:Hard],telecom_0082,82,21,pending,0,tau2_full_flash_telecom_0082,C:\Users\86132\Desktop\SafeDesk\benchmarks\tau2-bench\data\simulations\tau2_full_flash_telecom_0082\results.json,,2026-07-09T22:52:17
tau2_full_flash,telecom,telecom,none,[mms_issue]airplane_mode_on|bad_wifi_calling|break_apn_mms_setting|break_app_storage_permission|data_usage_exceeded|unseat_sim_card|user_abroad_roaming_disabled_on[PERSONA:None],telecom_0082,82,22,pending,0,tau2_full_flash_telecom_0082,C:\Users\86132\Desktop\SafeDesk\benchmarks\tau2-bench\data\simulations\tau2_full_flash_telecom_0082\results.json,,2026-07-09T22:52:17
tau2_full_flash,telecom,telecom,none,[mms_issue]airplane_mode_on|bad_wifi_calling|break_apn_mms_setting|break_app_both_permissions|data_usage_exceeded|unseat_sim_card|user_abroad_roaming_disabled_on[PERSONA:Easy],telecom_0082,82,23,pending,0,tau2_full_flash_telecom_0082,C:\Users\86132\Desktop\SafeDesk\benchmarks\tau2-bench\data\simulations\tau2_full_flash_telecom_0082\results.json,,2026-07-09T22:52:17
tau2_full_flash,telecom,telecom,none,[mms_issue]airplane_mode_on|bad_network_preference|bad_wifi_calling|break_apn_mms_setting|data_usage_exceeded|unseat_sim_card|user_abroad_roaming_disabled_off[PERSONA:Hard],telecom_0082,82,24,pending,0,tau2_full_flash_telecom_0082,C:\Users\86132\Desktop\SafeDesk\benchmarks\tau2-bench\data\simulations\tau2_full_flash_telecom_0082\results.json,,2026-07-09T22:52:17
tau2_full_flash,telecom,telecom,none,[mms_issue]airplane_mode_on|bad_network_preference|bad_wifi_calling|break_app_sms_permission|data_usage_exceeded|unseat_sim_card|user_abroad_roaming_disabled_off[PERSONA:None],telecom_0083,83,0,pending,0,tau2_full_flash_telecom_0083,C:\Users\86132\Desktop\SafeDesk\benchmarks\tau2-bench\data\simulations\tau2_full_flash_telecom_0083\results.json,,2026-07-09T22:52:17
tau2_full_flash,telecom,telecom,none,[mms_issue]airplane_mode_on|bad_network_preference|bad_wifi_calling|break_app_storage_permission|data_usage_exceeded|unseat_sim_card|user_abroad_roaming_disabled_off[PERSONA:Easy],telecom_0083,83,1,pending,0,tau2_full_flash_telecom_0083,C:\Users\86132\Desktop\SafeDesk\benchmarks\tau2-bench\data\simulations\tau2_full_flash_telecom_0083\results.json,,2026-07-09T22:52:17
tau2_full_flash,telecom,telecom,none,[mms_issue]airplane_mode_on|bad_network_preference|bad_wifi_calling|break_app_both_permissions|data_usage_exceeded|unseat_sim_card|user_abroad_roaming_disabled_off[PERSONA:Hard],telecom_0083,83,2,pending,0,tau2_full_flash_telecom_0083,C:\Users\86132\Desktop\SafeDesk\benchmarks\tau2-bench\data\simulations\tau2_full_flash_telecom_0083\results.json,,2026-07-09T22:52:17
tau2_full_flash,telecom,telecom,none,[mms_issue]airplane_mode_on|bad_network_preference|break_apn_mms_setting|break_app_sms_permission|data_usage_exceeded|unseat_sim_card|user_abroad_roaming_disabled_off[PERSONA:None],telecom_0083,83,3,pending,0,tau2_full_flash_telecom_0083,C:\Users\86132\Desktop\SafeDesk\benchmarks\tau2-bench\data\simulations\tau2_full_flash_telecom_0083\results.json,,2026-07-09T22:52:17
tau2_full_flash,telecom,telecom,none,[mms_issue]airplane_mode_on|bad_network_preference|break_apn_mms_setting|break_app_storage_permission|data_usage_exceeded|unseat_sim_card|user_abroad_roaming_disabled_off[PERSONA:Easy],telecom_0083,83,4,pending,0,tau2_full_flash_telecom_0083,C:\Users\86132\Desktop\SafeDesk\benchmarks\tau2-bench\data\simulations\tau2_full_flash_telecom_0083\results.json,,2026-07-09T22:52:17
tau2_full_flash,telecom,telecom,none,[mms_issue]airplane_mode_on|bad_network_preference|break_apn_mms_setting|break_app_both_permissions|data_usage_exceeded|unseat_sim_card|user_abroad_roaming_disabled_off[PERSONA:Hard],telecom_0083,83,5,pending,0,tau2_full_flash_telecom_0083,C:\Users\86132\Desktop\SafeDesk\benchmarks\tau2-bench\data\simulations\tau2_full_flash_telecom_0083\results.json,,2026-07-09T22:52:17
tau2_full_flash,telecom,telecom,none,[mms_issue]airplane_mode_on|bad_wifi_calling|break_apn_mms_setting|break_app_sms_permission|data_usage_exceeded|unseat_sim_card|user_abroad_roaming_disabled_off[PERSONA:None],telecom_0083,83,6,pending,0,tau2_full_flash_telecom_0083,C:\Users\86132\Desktop\SafeDesk\benchmarks\tau2-bench\data\simulations\tau2_full_flash_telecom_0083\results.json,,2026-07-09T22:52:17
tau2_full_flash,telecom,telecom,none,[mms_issue]airplane_mode_on|bad_wifi_calling|break_apn_mms_setting|break_app_storage_permission|data_usage_exceeded|unseat_sim_card|user_abroad_roaming_disabled_off[PERSONA:Easy],telecom_0083,83,7,pending,0,tau2_full_flash_telecom_0083,C:\Users\86132\Desktop\SafeDesk\benchmarks\tau2-bench\data\simulations\tau2_full_flash_telecom_0083\results.json,,2026-07-09T22:52:17
tau2_full_flash,telecom,telecom,none,[mms_issue]airplane_mode_on|bad_wifi_calling|break_apn_mms_setting|break_app_both_permissions|data_usage_exceeded|unseat_sim_card|user_abroad_roaming_disabled_off[PERSONA:Hard],telecom_0083,83,8,pending,0,tau2_full_flash_telecom_0083,C:\Users\86132\Desktop\SafeDesk\benchmarks\tau2-bench\data\simulations\tau2_full_flash_telecom_0083\results.json,,2026-07-09T22:52:17
tau2_full_flash,telecom,telecom,none,[mms_issue]airplane_mode_on|bad_network_preference|bad_wifi_calling|break_apn_mms_setting|break_app_sms_permission|data_usage_exceeded|unseat_sim_card[PERSONA:None],telecom_0083,83,9,pending,0,tau2_full_flash_telecom_0083,C:\Users\86132\Desktop\SafeDesk\benchmarks\tau2-bench\data\simulations\tau2_full_flash_telecom_0083\results.json,,2026-07-09T22:52:17
tau2_full_flash,telecom,telecom,none,[mms_issue]airplane_mode_on|bad_network_preference|bad_wifi_calling|break_apn_mms_setting|break_app_storage_permission|data_usage_exceeded|unseat_sim_card[PERSONA:Easy],telecom_0083,83,10,pending,0,tau2_full_flash_telecom_0083,C:\Users\86132\Desktop\SafeDesk\benchmarks\tau2-bench\data\simulations\tau2_full_flash_telecom_0083\results.json,,2026-07-09T22:52:17
tau2_full_flash,telecom,telecom,none,[mms_issue]airplane_mode_on|bad_network_preference|bad_wifi_calling|break_apn_mms_setting|break_app_both_permissions|data_usage_exceeded|unseat_sim_card[PERSONA:Hard],telecom_0083,83,11,pending,0,tau2_full_flash_telecom_0083,C:\Users\86132\Desktop\SafeDesk\benchmarks\tau2-bench\data\simulations\tau2_full_flash_telecom_0083\results.json,,2026-07-09T22:52:17
tau2_full_flash,telecom,telecom,none,[mms_issue]airplane_mode_on|bad_network_preference|bad_wifi_calling|break_apn_mms_setting|break_app_sms_permission|unseat_sim_card|user_abroad_roaming_enabled_off[PERSONA:None],telecom_0083,83,12,pending,0,tau2_full_flash_telecom_0083,C:\Users\86132\Desktop\SafeDesk\benchmarks\tau2-bench\data\simulations\tau2_full_flash_telecom_0083\results.json,,2026-07-09T22:52:17
tau2_full_flash,telecom,telecom,none,[mms_issue]airplane_mode_on|bad_network_preference|bad_wifi_calling|break_apn_mms_setting|break_app_storage_permission|unseat_sim_card|user_abroad_roaming_enabled_off[PERSONA:Easy],telecom_0083,83,13,pending,0,tau2_full_flash_telecom_0083,C:\Users\86132\Desktop\SafeDesk\benchmarks\tau2-bench\data\simulations\tau2_full_flash_telecom_0083\results.json,,2026-07-09T22:52:17
tau2_full_flash,telecom,telecom,none,[mms_issue]airplane_mode_on|bad_network_preference|bad_wifi_calling|break_apn_mms_setting|break_app_both_permissions|unseat_sim_card|user_abroad_roaming_enabled_off[PERSONA:Hard],telecom_0083,83,14,pending,0,tau2_full_flash_telecom_0083,C:\Users\86132\Desktop\SafeDesk\benchmarks\tau2-bench\data\simulations\tau2_full_flash_telecom_0083\results.json,,2026-07-09T22:52:17
tau2_full_flash,telecom,telecom,none,[mms_issue]airplane_mode_on|bad_network_preference|bad_wifi_calling|break_apn_mms_setting|break_app_sms_permission|unseat_sim_card|user_abroad_roaming_disabled_on[PERSONA:None],telecom_0083,83,15,pending,0,tau2_full_flash_telecom_0083,C:\Users\86132\Desktop\SafeDesk\benchmarks\tau2-bench\data\simulations\tau2_full_flash_telecom_0083\results.json,,2026-07-09T22:52:17
tau2_full_flash,telecom,telecom,none,[mms_issue]airplane_mode_on|bad_network_preference|bad_wifi_calling|break_apn_mms_setting|break_app_storage_permission|unseat_sim_card|user_abroad_roaming_disabled_on[PERSONA:Easy],telecom_0083,83,16,pending,0,tau2_full_flash_telecom_0083,C:\Users\86132\Desktop\SafeDesk\benchmarks\tau2-bench\data\simulations\tau2_full_flash_telecom_0083\results.json,,2026-07-09T22:52:17
tau2_full_flash,telecom,telecom,none,[mms_issue]airplane_mode_on|bad_network_preference|bad_wifi_calling|break_apn_mms_setting|break_app_both_permissions|unseat_sim_card|user_abroad_roaming_disabled_on[PERSONA:Hard],telecom_0083,83,17,pending,0,tau2_full_flash_telecom_0083,C:\Users\86132\Desktop\SafeDesk\benchmarks\tau2-bench\data\simulations\tau2_full_flash_telecom_0083\results.json,,2026-07-09T22:52:17
tau2_full_flash,telecom,telecom,none,[mms_issue]airplane_mode_on|bad_network_preference|bad_wifi_calling|break_apn_mms_setting|break_app_sms_permission|unseat_sim_card|user_abroad_roaming_disabled_off[PERSONA:None],telecom_0083,83,18,pending,0,tau2_full_flash_telecom_0083,C:\Users\86132\Desktop\SafeDesk\benchmarks\tau2-bench\data\simulations\tau2_full_flash_telecom_0083\results.json,,2026-07-09T22:52:17
tau2_full_flash,telecom,telecom,none,[mms_issue]airplane_mode_on|bad_network_preference|bad_wifi_calling|break_apn_mms_setting|break_app_storage_permission|unseat_sim_card|user_abroad_roaming_disabled_off[PERSONA:Easy],telecom_0083,83,19,pending,0,tau2_full_flash_telecom_0083,C:\Users\86132\Desktop\SafeDesk\benchmarks\tau2-bench\data\simulations\tau2_full_flash_telecom_0083\results.json,,2026-07-09T22:52:17
tau2_full_flash,telecom,telecom,none,[mms_issue]airplane_mode_on|bad_network_preference|bad_wifi_calling|break_apn_mms_setting|break_app_both_permissions|unseat_sim_card|user_abroad_roaming_disabled_off[PERSONA:Hard],telecom_0083,83,20,pending,0,tau2_full_flash_telecom_0083,C:\Users\86132\Desktop\SafeDesk\benchmarks\tau2-bench\data\simulations\tau2_full_flash_telecom_0083\results.json,,2026-07-09T22:52:17
tau2_full_flash,telecom,telecom,none,[mms_issue]airplane_mode_on|bad_network_preference|bad_wifi_calling|break_apn_mms_setting|data_mode_off|data_usage_exceeded|user_abroad_roaming_enabled_off[PERSONA:None],telecom_0083,83,21,pending,0,tau2_full_flash_telecom_0083,C:\Users\86132\Desktop\SafeDesk\benchmarks\tau2-bench\data\simulations\tau2_full_flash_telecom_0083\results.json,,2026-07-09T22:52:17
tau2_full_flash,telecom,telecom,none,[mms_issue]airplane_mode_on|bad_network_preference|bad_wifi_calling|break_app_sms_permission|data_mode_off|data_usage_exceeded|user_abroad_roaming_enabled_off[PERSONA:Easy],telecom_0083,83,22,pending,0,tau2_full_flash_telecom_0083,C:\Users\86132\Desktop\SafeDesk\benchmarks\tau2-bench\data\simulations\tau2_full_flash_telecom_0083\results.json,,2026-07-09T22:52:17
tau2_full_flash,telecom,telecom,none,[mms_issue]airplane_mode_on|bad_network_preference|bad_wifi_calling|break_app_storage_permission|data_mode_off|data_usage_exceeded|user_abroad_roaming_enabled_off[PERSONA:Hard],telecom_0083,83,23,pending,0,tau2_full_flash_telecom_0083,C:\Users\86132\Desktop\SafeDesk\benchmarks\tau2-bench\data\simulations\tau2_full_flash_telecom_0083\results.json,,2026-07-09T22:52:17
tau2_full_flash,telecom,telecom,none,[mms_issue]airplane_mode_on|bad_network_preference|bad_wifi_calling|break_app_both_permissions|data_mode_off|data_usage_exceeded|user_abroad_roaming_enabled_off[PERSONA:None],telecom_0083,83,24,pending,0,tau2_full_flash_telecom_0083,C:\Users\86132\Desktop\SafeDesk\benchmarks\tau2-bench\data\simulations\tau2_full_flash_telecom_0083\results.json,,2026-07-09T22:52:17
tau2_full_flash,telecom,telecom,none,[mms_issue]airplane_mode_on|bad_network_preference|break_apn_mms_setting|break_app_sms_permission|data_mode_off|data_usage_exceeded|user_abroad_roaming_enabled_off[PERSONA:Easy],telecom_0084,84,0,pending,0,tau2_full_flash_telecom_0084,C:\Users\86132\Desktop\SafeDesk\benchmarks\tau2-bench\data\simulations\tau2_full_flash_telecom_0084\results.json,,2026-07-09T22:52:17
tau2_full_flash,telecom,telecom,none,[mms_issue]airplane_mode_on|bad_network_preference|break_apn_mms_setting|break_app_storage_permission|data_mode_off|data_usage_exceeded|user_abroad_roaming_enabled_off[PERSONA:Hard],telecom_0084,84,1,pending,0,tau2_full_flash_telecom_0084,C:\Users\86132\Desktop\SafeDesk\benchmarks\tau2-bench\data\simulations\tau2_full_flash_telecom_0084\results.json,,2026-07-09T22:52:17
tau2_full_flash,telecom,telecom,none,[mms_issue]airplane_mode_on|bad_network_preference|break_apn_mms_setting|break_app_both_permissions|data_mode_off|data_usage_exceeded|user_abroad_roaming_enabled_off[PERSONA:None],telecom_0084,84,2,pending,0,tau2_full_flash_telecom_0084,C:\Users\86132\Desktop\SafeDesk\benchmarks\tau2-bench\data\simulations\tau2_full_flash_telecom_0084\results.json,,2026-07-09T22:52:17
tau2_full_flash,telecom,telecom,none,[mms_issue]airplane_mode_on|bad_wifi_calling|break_apn_mms_setting|break_app_sms_permission|data_mode_off|data_usage_exceeded|user_abroad_roaming_enabled_off[PERSONA:Easy],telecom_0084,84,3,pending,0,tau2_full_flash_telecom_0084,C:\Users\86132\Desktop\SafeDesk\benchmarks\tau2-bench\data\simulations\tau2_full_flash_telecom_0084\results.json,,2026-07-09T22:52:17
tau2_full_flash,telecom,telecom,none,[mms_issue]airplane_mode_on|bad_wifi_calling|break_apn_mms_setting|break_app_storage_permission|data_mode_off|data_usage_exceeded|user_abroad_roaming_enabled_off[PERSONA:Hard],telecom_0084,84,4,pending,0,tau2_full_flash_telecom_0084,C:\Users\86132\Desktop\SafeDesk\benchmarks\tau2-bench\data\simulations\tau2_full_flash_telecom_0084\results.json,,2026-07-09T22:52:17
tau2_full_flash,telecom,telecom,none,[mms_issue]airplane_mode_on|bad_wifi_calling|break_apn_mms_setting|break_app_both_permissions|data_mode_off|data_usage_exceeded|user_abroad_roaming_enabled_off[PERSONA:None],telecom_0084,84,5,pending,0,tau2_full_flash_telecom_0084,C:\Users\86132\Desktop\SafeDesk\benchmarks\tau2-bench\data\simulations\tau2_full_flash_telecom_0084\results.json,,2026-07-09T22:52:17
tau2_full_flash,telecom,telecom,none,[mms_issue]airplane_mode_on|bad_network_preference|bad_wifi_calling|break_apn_mms_setting|data_mode_off|data_usage_exceeded|user_abroad_roaming_disabled_on[PERSONA:Easy],telecom_0084,84,6,pending,0,tau2_full_flash_telecom_0084,C:\Users\86132\Desktop\SafeDesk\benchmarks\tau2-bench\data\simulations\tau2_full_flash_telecom_0084\results.json,,2026-07-09T22:52:17
tau2_full_flash,telecom,telecom,none,[mms_issue]airplane_mode_on|bad_network_preference|bad_wifi_calling|break_app_sms_permission|data_mode_off|data_usage_exceeded|user_abroad_roaming_disabled_on[PERSONA:Hard],telecom_0084,84,7,pending,0,tau2_full_flash_telecom_0084,C:\Users\86132\Desktop\SafeDesk\benchmarks\tau2-bench\data\simulations\tau2_full_flash_telecom_0084\results.json,,2026-07-09T22:52:17
tau2_full_flash,telecom,telecom,none,[mms_issue]airplane_mode_on|bad_network_preference|bad_wifi_calling|break_app_storage_permission|data_mode_off|data_usage_exceeded|user_abroad_roaming_disabled_on[PERSONA:None],telecom_0084,84,8,pending,0,tau2_full_flash_telecom_0084,C:\Users\86132\Desktop\SafeDesk\benchmarks\tau2-bench\data\simulations\tau2_full_flash_telecom_0084\results.json,,2026-07-09T22:52:17
tau2_full_flash,telecom,telecom,none,[mms_issue]airplane_mode_on|bad_network_preference|bad_wifi_calling|break_app_both_permissions|data_mode_off|data_usage_exceeded|user_abroad_roaming_disabled_on[PERSONA:Easy],telecom_0084,84,9,pending,0,tau2_full_flash_telecom_0084,C:\Users\86132\Desktop\SafeDesk\benchmarks\tau2-bench\data\simulations\tau2_full_flash_telecom_0084\results.json,,2026-07-09T22:52:17
tau2_full_flash,telecom,telecom,none,[mms_issue]airplane_mode_on|bad_network_preference|break_apn_mms_setting|break_app_sms_permission|data_mode_off|data_usage_exceeded|user_abroad_roaming_disabled_on[PERSONA:Hard],telecom_0084,84,10,pending,0,tau2_full_flash_telecom_0084,C:\Users\86132\Desktop\SafeDesk\benchmarks\tau2-bench\data\simulations\tau2_full_flash_telecom_0084\results.json,,2026-07-09T22:52:17
tau2_full_flash,telecom,telecom,none,[mms_issue]airplane_mode_on|bad_network_preference|break_apn_mms_setting|break_app_storage_permission|data_mode_off|data_usage_exceeded|user_abroad_roaming_disabled_on[PERSONA:None],telecom_0084,84,11,pending,0,tau2_full_flash_telecom_0084,C:\Users\86132\Desktop\SafeDesk\benchmarks\tau2-bench\data\simulations\tau2_full_flash_telecom_0084\results.json,,2026-07-09T22:52:17
tau2_full_flash,telecom,telecom,none,[mms_issue]airplane_mode_on|bad_network_preference|break_apn_mms_setting|break_app_both_permissions|data_mode_off|data_usage_exceeded|user_abroad_roaming_disabled_on[PERSONA:Easy],telecom_0084,84,12,pending,0,tau2_full_flash_telecom_0084,C:\Users\86132\Desktop\SafeDesk\benchmarks\tau2-bench\data\simulations\tau2_full_flash_telecom_0084\results.json,,2026-07-09T22:52:17
tau2_full_flash,telecom,telecom,none,[mms_issue]airplane_mode_on|bad_wifi_calling|break_apn_mms_setting|break_app_sms_permission|data_mode_off|data_usage_exceeded|user_abroad_roaming_disabled_on[PERSONA:Hard],telecom_0084,84,13,pending,0,tau2_full_flash_telecom_0084,C:\Users\86132\Desktop\SafeDesk\benchmarks\tau2-bench\data\simulations\tau2_full_flash_telecom_0084\results.json,,2026-07-09T22:52:17
tau2_full_flash,telecom,telecom,none,[mms_issue]airplane_mode_on|bad_wifi_calling|break_apn_mms_setting|break_app_storage_permission|data_mode_off|data_usage_exceeded|user_abroad_roaming_disabled_on[PERSONA:None],telecom_0084,84,14,pending,0,tau2_full_flash_telecom_0084,C:\Users\86132\Desktop\SafeDesk\benchmarks\tau2-bench\data\simulations\tau2_full_flash_telecom_0084\results.json,,2026-07-09T22:52:17
tau2_full_flash,telecom,telecom,none,[mms_issue]airplane_mode_on|bad_wifi_calling|break_apn_mms_setting|break_app_both_permissions|data_mode_off|data_usage_exceeded|user_abroad_roaming_disabled_on[PERSONA:Easy],telecom_0084,84,15,pending,0,tau2_full_flash_telecom_0084,C:\Users\86132\Desktop\SafeDesk\benchmarks\tau2-bench\data\simulations\tau2_full_flash_telecom_0084\results.json,,2026-07-09T22:52:17
tau2_full_flash,telecom,telecom,none,[mms_issue]airplane_mode_on|bad_network_preference|bad_wifi_calling|break_apn_mms_setting|data_mode_off|data_usage_exceeded|user_abroad_roaming_disabled_off[PERSONA:Hard],telecom_0084,84,16,pending,0,tau2_full_flash_telecom_0084,C:\Users\86132\Desktop\SafeDesk\benchmarks\tau2-bench\data\simulations\tau2_full_flash_telecom_0084\results.json,,2026-07-09T22:52:17
tau2_full_flash,telecom,telecom,none,[mms_issue]airplane_mode_on|bad_network_preference|bad_wifi_calling|break_app_sms_permission|data_mode_off|data_usage_exceeded|user_abroad_roaming_disabled_off[PERSONA:None],telecom_0084,84,17,pending,0,tau2_full_flash_telecom_0084,C:\Users\86132\Desktop\SafeDesk\benchmarks\tau2-bench\data\simulations\tau2_full_flash_telecom_0084\results.json,,2026-07-09T22:52:17
tau2_full_flash,telecom,telecom,none,[mms_issue]airplane_mode_on|bad_network_preference|bad_wifi_calling|break_app_storage_permission|data_mode_off|data_usage_exceeded|user_abroad_roaming_disabled_off[PERSONA:Easy],telecom_0084,84,18,pending,0,tau2_full_flash_telecom_0084,C:\Users\86132\Desktop\SafeDesk\benchmarks\tau2-bench\data\simulations\tau2_full_flash_telecom_0084\results.json,,2026-07-09T22:52:17
tau2_full_flash,telecom,telecom,none,[mms_issue]airplane_mode_on|bad_network_preference|bad_wifi_calling|break_app_both_permissions|data_mode_off|data_usage_exceeded|user_abroad_roaming_disabled_off[PERSONA:Hard],telecom_0084,84,19,pending,0,tau2_full_flash_telecom_0084,C:\Users\86132\Desktop\SafeDesk\benchmarks\tau2-bench\data\simulations\tau2_full_flash_telecom_0084\results.json,,2026-07-09T22:52:17
tau2_full_flash,telecom,telecom,none,[mms_issue]airplane_mode_on|bad_network_preference|break_apn_mms_setting|break_app_sms_permission|data_mode_off|data_usage_exceeded|user_abroad_roaming_disabled_off[PERSONA:None],telecom_0084,84,20,pending,0,tau2_full_flash_telecom_0084,C:\Users\86132\Desktop\SafeDesk\benchmarks\tau2-bench\data\simulations\tau2_full_flash_telecom_0084\results.json,,2026-07-09T22:52:17
tau2_full_flash,telecom,telecom,none,[mms_issue]airplane_mode_on|bad_network_preference|break_apn_mms_setting|break_app_storage_permission|data_mode_off|data_usage_exceeded|user_abroad_roaming_disabled_off[PERSONA:Easy],telecom_0084,84,21,pending,0,tau2_full_flash_telecom_0084,C:\Users\86132\Desktop\SafeDesk\benchmarks\tau2-bench\data\simulations\tau2_full_flash_telecom_0084\results.json,,2026-07-09T22:52:17
tau2_full_flash,telecom,telecom,none,[mms_issue]airplane_mode_on|bad_network_preference|break_apn_mms_setting|break_app_both_permissions|data_mode_off|data_usage_exceeded|user_abroad_roaming_disabled_off[PERSONA:Hard],telecom_0084,84,22,pending,0,tau2_full_flash_telecom_0084,C:\Users\86132\Desktop\SafeDesk\benchmarks\tau2-bench\data\simulations\tau2_full_flash_telecom_0084\results.json,,2026-07-09T22:52:17
tau2_full_flash,telecom,telecom,none,[mms_issue]airplane_mode_on|bad_wifi_calling|break_apn_mms_setting|break_app_sms_permission|data_mode_off|data_usage_exceeded|user_abroad_roaming_disabled_off[PERSONA:None],telecom_0084,84,23,pending,0,tau2_full_flash_telecom_0084,C:\Users\86132\Desktop\SafeDesk\benchmarks\tau2-bench\data\simulations\tau2_full_flash_telecom_0084\results.json,,2026-07-09T22:52:17
tau2_full_flash,telecom,telecom,none,[mms_issue]airplane_mode_on|bad_wifi_calling|break_apn_mms_setting|break_app_storage_permission|data_mode_off|data_usage_exceeded|user_abroad_roaming_disabled_off[PERSONA:Easy],telecom_0084,84,24,pending,0,tau2_full_flash_telecom_0084,C:\Users\86132\Desktop\SafeDesk\benchmarks\tau2-bench\data\simulations\tau2_full_flash_telecom_0084\results.json,,2026-07-09T22:52:17
tau2_full_flash,telecom,telecom,none,[mms_issue]airplane_mode_on|bad_wifi_calling|break_apn_mms_setting|break_app_both_permissions|data_mode_off|data_usage_exceeded|user_abroad_roaming_disabled_off[PERSONA:Hard],telecom_0085,85,0,pending,0,tau2_full_flash_telecom_0085,C:\Users\86132\Desktop\SafeDesk\benchmarks\tau2-bench\data\simulations\tau2_full_flash_telecom_0085\results.json,,2026-07-09T22:52:17
tau2_full_flash,telecom,telecom,none,[mms_issue]airplane_mode_on|bad_network_preference|bad_wifi_calling|break_apn_mms_setting|break_app_sms_permission|data_mode_off|data_usage_exceeded[PERSONA:None],telecom_0085,85,1,pending,0,tau2_full_flash_telecom_0085,C:\Users\86132\Desktop\SafeDesk\benchmarks\tau2-bench\data\simulations\tau2_full_flash_telecom_0085\results.json,,2026-07-09T22:52:17
tau2_full_flash,telecom,telecom,none,[mms_issue]airplane_mode_on|bad_network_preference|bad_wifi_calling|break_apn_mms_setting|break_app_storage_permission|data_mode_off|data_usage_exceeded[PERSONA:Easy],telecom_0085,85,2,pending,0,tau2_full_flash_telecom_0085,C:\Users\86132\Desktop\SafeDesk\benchmarks\tau2-bench\data\simulations\tau2_full_flash_telecom_0085\results.json,,2026-07-09T22:52:17
tau2_full_flash,telecom,telecom,none,[mms_issue]airplane_mode_on|bad_network_preference|bad_wifi_calling|break_apn_mms_setting|break_app_both_permissions|data_mode_off|data_usage_exceeded[PERSONA:Hard],telecom_0085,85,3,pending,0,tau2_full_flash_telecom_0085,C:\Users\86132\Desktop\SafeDesk\benchmarks\tau2-bench\data\simulations\tau2_full_flash_telecom_0085\results.json,,2026-07-09T22:52:17
tau2_full_flash,telecom,telecom,none,[mms_issue]airplane_mode_on|bad_network_preference|bad_wifi_calling|break_apn_mms_setting|break_app_sms_permission|data_mode_off|user_abroad_roaming_enabled_off[PERSONA:None],telecom_0085,85,4,pending,0,tau2_full_flash_telecom_0085,C:\Users\86132\Desktop\SafeDesk\benchmarks\tau2-bench\data\simulations\tau2_full_flash_telecom_0085\results.json,,2026-07-09T22:52:17
tau2_full_flash,telecom,telecom,none,[mms_issue]airplane_mode_on|bad_network_preference|bad_wifi_calling|break_apn_mms_setting|break_app_storage_permission|data_mode_off|user_abroad_roaming_enabled_off[PERSONA:Easy],telecom_0085,85,5,pending,0,tau2_full_flash_telecom_0085,C:\Users\86132\Desktop\SafeDesk\benchmarks\tau2-bench\data\simulations\tau2_full_flash_telecom_0085\results.json,,2026-07-09T22:52:17
tau2_full_flash,telecom,telecom,none,[mms_issue]airplane_mode_on|bad_network_preference|bad_wifi_calling|break_apn_mms_setting|break_app_both_permissions|data_mode_off|user_abroad_roaming_enabled_off[PERSONA:Hard],telecom_0085,85,6,pending,0,tau2_full_flash_telecom_0085,C:\Users\86132\Desktop\SafeDesk\benchmarks\tau2-bench\data\simulations\tau2_full_flash_telecom_0085\results.json,,2026-07-09T22:52:17
tau2_full_flash,telecom,telecom,none,[mms_issue]airplane_mode_on|bad_network_preference|bad_wifi_calling|break_apn_mms_setting|break_app_sms_permission|data_mode_off|user_abroad_roaming_disabled_on[PERSONA:None],telecom_0085,85,7,pending,0,tau2_full_flash_telecom_0085,C:\Users\86132\Desktop\SafeDesk\benchmarks\tau2-bench\data\simulations\tau2_full_flash_telecom_0085\results.json,,2026-07-09T22:52:17
tau2_full_flash,telecom,telecom,none,[mms_issue]airplane_mode_on|bad_network_preference|bad_wifi_calling|break_apn_mms_setting|break_app_storage_permission|data_mode_off|user_abroad_roaming_disabled_on[PERSONA:Easy],telecom_0085,85,8,pending,0,tau2_full_flash_telecom_0085,C:\Users\86132\Desktop\SafeDesk\benchmarks\tau2-bench\data\simulations\tau2_full_flash_telecom_0085\results.json,,2026-07-09T22:52:17
tau2_full_flash,telecom,telecom,none,[mms_issue]airplane_mode_on|bad_network_preference|bad_wifi_calling|break_apn_mms_setting|break_app_both_permissions|data_mode_off|user_abroad_roaming_disabled_on[PERSONA:Hard],telecom_0085,85,9,pending,0,tau2_full_flash_telecom_0085,C:\Users\86132\Desktop\SafeDesk\benchmarks\tau2-bench\data\simulations\tau2_full_flash_telecom_0085\results.json,,2026-07-09T22:52:17
tau2_full_flash,telecom,telecom,none,[mms_issue]airplane_mode_on|bad_network_preference|bad_wifi_calling|break_apn_mms_setting|break_app_sms_permission|data_mode_off|user_abroad_roaming_disabled_off[PERSONA:None],telecom_0085,85,10,pending,0,tau2_full_flash_telecom_0085,C:\Users\86132\Desktop\SafeDesk\benchmarks\tau2-bench\data\simulations\tau2_full_flash_telecom_0085\results.json,,2026-07-09T22:52:17
tau2_full_flash,telecom,telecom,none,[mms_issue]airplane_mode_on|bad_network_preference|bad_wifi_calling|break_apn_mms_setting|break_app_storage_permission|data_mode_off|user_abroad_roaming_disabled_off[PERSONA:Easy],telecom_0085,85,11,pending,0,tau2_full_flash_telecom_0085,C:\Users\86132\Desktop\SafeDesk\benchmarks\tau2-bench\data\simulations\tau2_full_flash_telecom_0085\results.json,,2026-07-09T22:52:17
tau2_full_flash,telecom,telecom,none,[mms_issue]airplane_mode_on|bad_network_preference|bad_wifi_calling|break_apn_mms_setting|break_app_both_permissions|data_mode_off|user_abroad_roaming_disabled_off[PERSONA:Hard],telecom_0085,85,12,pending,0,tau2_full_flash_telecom_0085,C:\Users\86132\Desktop\SafeDesk\benchmarks\tau2-bench\data\simulations\tau2_full_flash_telecom_0085\results.json,,2026-07-09T22:52:17
tau2_full_flash,telecom,telecom,none,[mms_issue]airplane_mode_on|bad_network_preference|bad_wifi_calling|break_apn_mms_setting|break_app_sms_permission|data_usage_exceeded|user_abroad_roaming_enabled_off[PERSONA:None],telecom_0085,85,13,pending,0,tau2_full_flash_telecom_0085,C:\Users\86132\Desktop\SafeDesk\benchmarks\tau2-bench\data\simulations\tau2_full_flash_telecom_0085\results.json,,2026-07-09T22:52:17
tau2_full_flash,telecom,telecom,none,[mms_issue]airplane_mode_on|bad_network_preference|bad_wifi_calling|break_apn_mms_setting|break_app_storage_permission|data_usage_exceeded|user_abroad_roaming_enabled_off[PERSONA:Easy],telecom_0085,85,14,pending,0,tau2_full_flash_telecom_0085,C:\Users\86132\Desktop\SafeDesk\benchmarks\tau2-bench\data\simulations\tau2_full_flash_telecom_0085\results.json,,2026-07-09T22:52:17
tau2_full_flash,telecom,telecom,none,[mms_issue]airplane_mode_on|bad_network_preference|bad_wifi_calling|break_apn_mms_setting|break_app_both_permissions|data_usage_exceeded|user_abroad_roaming_enabled_off[PERSONA:Hard],telecom_0085,85,15,pending,0,tau2_full_flash_telecom_0085,C:\Users\86132\Desktop\SafeDesk\benchmarks\tau2-bench\data\simulations\tau2_full_flash_telecom_0085\results.json,,2026-07-09T22:52:17
tau2_full_flash,telecom,telecom,none,[mms_issue]airplane_mode_on|bad_network_preference|bad_wifi_calling|break_apn_mms_setting|break_app_sms_permission|data_usage_exceeded|user_abroad_roaming_disabled_on[PERSONA:None],telecom_0085,85,16,pending,0,tau2_full_flash_telecom_0085,C:\Users\86132\Desktop\SafeDesk\benchmarks\tau2-bench\data\simulations\tau2_full_flash_telecom_0085\results.json,,2026-07-09T22:52:17
tau2_full_flash,telecom,telecom,none,[mms_issue]airplane_mode_on|bad_network_preference|bad_wifi_calling|break_apn_mms_setting|break_app_storage_permission|data_usage_exceeded|user_abroad_roaming_disabled_on[PERSONA:Easy],telecom_0085,85,17,pending,0,tau2_full_flash_telecom_0085,C:\Users\86132\Desktop\SafeDesk\benchmarks\tau2-bench\data\simulations\tau2_full_flash_telecom_0085\results.json,,2026-07-09T22:52:17
tau2_full_flash,telecom,telecom,none,[mms_issue]airplane_mode_on|bad_network_preference|bad_wifi_calling|break_apn_mms_setting|break_app_both_permissions|data_usage_exceeded|user_abroad_roaming_disabled_on[PERSONA:Hard],telecom_0085,85,18,pending,0,tau2_full_flash_telecom_0085,C:\Users\86132\Desktop\SafeDesk\benchmarks\tau2-bench\data\simulations\tau2_full_flash_telecom_0085\results.json,,2026-07-09T22:52:17
tau2_full_flash,telecom,telecom,none,[mms_issue]airplane_mode_on|bad_network_preference|bad_wifi_calling|break_apn_mms_setting|break_app_sms_permission|data_usage_exceeded|user_abroad_roaming_disabled_off[PERSONA:None],telecom_0085,85,19,pending,0,tau2_full_flash_telecom_0085,C:\Users\86132\Desktop\SafeDesk\benchmarks\tau2-bench\data\simulations\tau2_full_flash_telecom_0085\results.json,,2026-07-09T22:52:17
tau2_full_flash,telecom,telecom,none,[mms_issue]airplane_mode_on|bad_network_preference|bad_wifi_calling|break_apn_mms_setting|break_app_storage_permission|data_usage_exceeded|user_abroad_roaming_disabled_off[PERSONA:Easy],telecom_0085,85,20,pending,0,tau2_full_flash_telecom_0085,C:\Users\86132\Desktop\SafeDesk\benchmarks\tau2-bench\data\simulations\tau2_full_flash_telecom_0085\results.json,,2026-07-09T22:52:17
tau2_full_flash,telecom,telecom,none,[mms_issue]airplane_mode_on|bad_network_preference|bad_wifi_calling|break_apn_mms_setting|break_app_both_permissions|data_usage_exceeded|user_abroad_roaming_disabled_off[PERSONA:Hard],telecom_0085,85,21,pending,0,tau2_full_flash_telecom_0085,C:\Users\86132\Desktop\SafeDesk\benchmarks\tau2-bench\data\simulations\tau2_full_flash_telecom_0085\results.json,,2026-07-09T22:52:17
tau2_full_flash,telecom,telecom,none,[mms_issue]bad_network_preference|bad_wifi_calling|break_apn_mms_setting|data_mode_off|data_usage_exceeded|unseat_sim_card|user_abroad_roaming_enabled_off[PERSONA:None],telecom_0085,85,22,pending,0,tau2_full_flash_telecom_0085,C:\Users\86132\Desktop\SafeDesk\benchmarks\tau2-bench\data\simulations\tau2_full_flash_telecom_0085\results.json,,2026-07-09T22:52:17
tau2_full_flash,telecom,telecom,none,[mms_issue]bad_network_preference|bad_wifi_calling|break_app_sms_permission|data_mode_off|data_usage_exceeded|unseat_sim_card|user_abroad_roaming_enabled_off[PERSONA:Easy],telecom_0085,85,23,pending,0,tau2_full_flash_telecom_0085,C:\Users\86132\Desktop\SafeDesk\benchmarks\tau2-bench\data\simulations\tau2_full_flash_telecom_0085\results.json,,2026-07-09T22:52:17
tau2_full_flash,telecom,telecom,none,[mms_issue]bad_network_preference|bad_wifi_calling|break_app_storage_permission|data_mode_off|data_usage_exceeded|unseat_sim_card|user_abroad_roaming_enabled_off[PERSONA:Hard],telecom_0085,85,24,pending,0,tau2_full_flash_telecom_0085,C:\Users\86132\Desktop\SafeDesk\benchmarks\tau2-bench\data\simulations\tau2_full_flash_telecom_0085\results.json,,2026-07-09T22:52:17
tau2_full_flash,telecom,telecom,none,[mms_issue]bad_network_preference|bad_wifi_calling|break_app_both_permissions|data_mode_off|data_usage_exceeded|unseat_sim_card|user_abroad_roaming_enabled_off[PERSONA:None],telecom_0086,86,0,pending,0,tau2_full_flash_telecom_0086,C:\Users\86132\Desktop\SafeDesk\benchmarks\tau2-bench\data\simulations\tau2_full_flash_telecom_0086\results.json,,2026-07-09T22:52:17
tau2_full_flash,telecom,telecom,none,[mms_issue]bad_network_preference|break_apn_mms_setting|break_app_sms_permission|data_mode_off|data_usage_exceeded|unseat_sim_card|user_abroad_roaming_enabled_off[PERSONA:Easy],telecom_0086,86,1,pending,0,tau2_full_flash_telecom_0086,C:\Users\86132\Desktop\SafeDesk\benchmarks\tau2-bench\data\simulations\tau2_full_flash_telecom_0086\results.json,,2026-07-09T22:52:17
tau2_full_flash,telecom,telecom,none,[mms_issue]bad_network_preference|break_apn_mms_setting|break_app_storage_permission|data_mode_off|data_usage_exceeded|unseat_sim_card|user_abroad_roaming_enabled_off[PERSONA:Hard],telecom_0086,86,2,pending,0,tau2_full_flash_telecom_0086,C:\Users\86132\Desktop\SafeDesk\benchmarks\tau2-bench\data\simulations\tau2_full_flash_telecom_0086\results.json,,2026-07-09T22:52:17
tau2_full_flash,telecom,telecom,none,[mms_issue]bad_network_preference|break_apn_mms_setting|break_app_both_permissions|data_mode_off|data_usage_exceeded|unseat_sim_card|user_abroad_roaming_enabled_off[PERSONA:None],telecom_0086,86,3,pending,0,tau2_full_flash_telecom_0086,C:\Users\86132\Desktop\SafeDesk\benchmarks\tau2-bench\data\simulations\tau2_full_flash_telecom_0086\results.json,,2026-07-09T22:52:17
tau2_full_flash,telecom,telecom,none,[mms_issue]bad_wifi_calling|break_apn_mms_setting|break_app_sms_permission|data_mode_off|data_usage_exceeded|unseat_sim_card|user_abroad_roaming_enabled_off[PERSONA:Easy],telecom_0086,86,4,pending,0,tau2_full_flash_telecom_0086,C:\Users\86132\Desktop\SafeDesk\benchmarks\tau2-bench\data\simulations\tau2_full_flash_telecom_0086\results.json,,2026-07-09T22:52:17
tau2_full_flash,telecom,telecom,none,[mms_issue]bad_wifi_calling|break_apn_mms_setting|break_app_storage_permission|data_mode_off|data_usage_exceeded|unseat_sim_card|user_abroad_roaming_enabled_off[PERSONA:Hard],telecom_0086,86,5,pending,0,tau2_full_flash_telecom_0086,C:\Users\86132\Desktop\SafeDesk\benchmarks\tau2-bench\data\simulations\tau2_full_flash_telecom_0086\results.json,,2026-07-09T22:52:17
tau2_full_flash,telecom,telecom,none,[mms_issue]bad_wifi_calling|break_apn_mms_setting|break_app_both_permissions|data_mode_off|data_usage_exceeded|unseat_sim_card|user_abroad_roaming_enabled_off[PERSONA:None],telecom_0086,86,6,pending,0,tau2_full_flash_telecom_0086,C:\Users\86132\Desktop\SafeDesk\benchmarks\tau2-bench\data\simulations\tau2_full_flash_telecom_0086\results.json,,2026-07-09T22:52:17
tau2_full_flash,telecom,telecom,none,[mms_issue]bad_network_preference|bad_wifi_calling|break_apn_mms_setting|data_mode_off|data_usage_exceeded|unseat_sim_card|user_abroad_roaming_disabled_on[PERSONA:Easy],telecom_0086,86,7,pending,0,tau2_full_flash_telecom_0086,C:\Users\86132\Desktop\SafeDesk\benchmarks\tau2-bench\data\simulations\tau2_full_flash_telecom_0086\results.json,,2026-07-09T22:52:17
tau2_full_flash,telecom,telecom,none,[mms_issue]bad_network_preference|bad_wifi_calling|break_app_sms_permission|data_mode_off|data_usage_exceeded|unseat_sim_card|user_abroad_roaming_disabled_on[PERSONA:Hard],telecom_0086,86,8,pending,0,tau2_full_flash_telecom_0086,C:\Users\86132\Desktop\SafeDesk\benchmarks\tau2-bench\data\simulations\tau2_full_flash_telecom_0086\results.json,,2026-07-09T22:52:17
tau2_full_flash,telecom,telecom,none,[mms_issue]bad_network_preference|bad_wifi_calling|break_app_storage_permission|data_mode_off|data_usage_exceeded|unseat_sim_card|user_abroad_roaming_disabled_on[PERSONA:None],telecom_0086,86,9,pending,0,tau2_full_flash_telecom_0086,C:\Users\86132\Desktop\SafeDesk\benchmarks\tau2-bench\data\simulations\tau2_full_flash_telecom_0086\results.json,,2026-07-09T22:52:17
tau2_full_flash,telecom,telecom,none,[mms_issue]bad_network_preference|bad_wifi_calling|break_app_both_permissions|data_mode_off|data_usage_exceeded|unseat_sim_card|user_abroad_roaming_disabled_on[PERSONA:Easy],telecom_0086,86,10,pending,0,tau2_full_flash_telecom_0086,C:\Users\86132\Desktop\SafeDesk\benchmarks\tau2-bench\data\simulations\tau2_full_flash_telecom_0086\results.json,,2026-07-09T22:52:17
tau2_full_flash,telecom,telecom,none,[mms_issue]bad_network_preference|break_apn_mms_setting|break_app_sms_permission|data_mode_off|data_usage_exceeded|unseat_sim_card|user_abroad_roaming_disabled_on[PERSONA:Hard],telecom_0086,86,11,pending,0,tau2_full_flash_telecom_0086,C:\Users\86132\Desktop\SafeDesk\benchmarks\tau2-bench\data\simulations\tau2_full_flash_telecom_0086\results.json,,2026-07-09T22:52:17
tau2_full_flash,telecom,telecom,none,[mms_issue]bad_network_preference|break_apn_mms_setting|break_app_storage_permission|data_mode_off|data_usage_exceeded|unseat_sim_card|user_abroad_roaming_disabled_on[PERSONA:None],telecom_0086,86,12,pending,0,tau2_full_flash_telecom_0086,C:\Users\86132\Desktop\SafeDesk\benchmarks\tau2-bench\data\simulations\tau2_full_flash_telecom_0086\results.json,,2026-07-09T22:52:17
tau2_full_flash,telecom,telecom,none,[mms_issue]bad_network_preference|break_apn_mms_setting|break_app_both_permissions|data_mode_off|data_usage_exceeded|unseat_sim_card|user_abroad_roaming_disabled_on[PERSONA:Easy],telecom_0086,86,13,pending,0,tau2_full_flash_telecom_0086,C:\Users\86132\Desktop\SafeDesk\benchmarks\tau2-bench\data\simulations\tau2_full_flash_telecom_0086\results.json,,2026-07-09T22:52:17
tau2_full_flash,telecom,telecom,none,[mms_issue]bad_wifi_calling|break_apn_mms_setting|break_app_sms_permission|data_mode_off|data_usage_exceeded|unseat_sim_card|user_abroad_roaming_disabled_on[PERSONA:Hard],telecom_0086,86,14,pending,0,tau2_full_flash_telecom_0086,C:\Users\86132\Desktop\SafeDesk\benchmarks\tau2-bench\data\simulations\tau2_full_flash_telecom_0086\results.json,,2026-07-09T22:52:17
tau2_full_flash,telecom,telecom,none,[mms_issue]bad_wifi_calling|break_apn_mms_setting|break_app_storage_permission|data_mode_off|data_usage_exceeded|unseat_sim_card|user_abroad_roaming_disabled_on[PERSONA:None],telecom_0086,86,15,pending,0,tau2_full_flash_telecom_0086,C:\Users\86132\Desktop\SafeDesk\benchmarks\tau2-bench\data\simulations\tau2_full_flash_telecom_0086\results.json,,2026-07-09T22:52:17
tau2_full_flash,telecom,telecom,none,[mms_issue]bad_wifi_calling|break_apn_mms_setting|break_app_both_permissions|data_mode_off|data_usage_exceeded|unseat_sim_card|user_abroad_roaming_disabled_on[PERSONA:Easy],telecom_0086,86,16,pending,0,tau2_full_flash_telecom_0086,C:\Users\86132\Desktop\SafeDesk\benchmarks\tau2-bench\data\simulations\tau2_full_flash_telecom_0086\results.json,,2026-07-09T22:52:17
tau2_full_flash,telecom,telecom,none,[mms_issue]bad_network_preference|bad_wifi_calling|break_apn_mms_setting|data_mode_off|data_usage_exceeded|unseat_sim_card|user_abroad_roaming_disabled_off[PERSONA:Hard],telecom_0086,86,17,pending,0,tau2_full_flash_telecom_0086,C:\Users\86132\Desktop\SafeDesk\benchmarks\tau2-bench\data\simulations\tau2_full_flash_telecom_0086\results.json,,2026-07-09T22:52:17
tau2_full_flash,telecom,telecom,none,[mms_issue]bad_network_preference|bad_wifi_calling|break_app_sms_permission|data_mode_off|data_usage_exceeded|unseat_sim_card|user_abroad_roaming_disabled_off[PERSONA:None],telecom_0086,86,18,pending,0,tau2_full_flash_telecom_0086,C:\Users\86132\Desktop\SafeDesk\benchmarks\tau2-bench\data\simulations\tau2_full_flash_telecom_0086\results.json,,2026-07-09T22:52:17
tau2_full_flash,telecom,telecom,none,[mms_issue]bad_network_preference|bad_wifi_calling|break_app_storage_permission|data_mode_off|data_usage_exceeded|unseat_sim_card|user_abroad_roaming_disabled_off[PERSONA:Easy],telecom_0086,86,19,pending,0,tau2_full_flash_telecom_0086,C:\Users\86132\Desktop\SafeDesk\benchmarks\tau2-bench\data\simulations\tau2_full_flash_telecom_0086\results.json,,2026-07-09T22:52:17
tau2_full_flash,telecom,telecom,none,[mms_issue]bad_network_preference|bad_wifi_calling|break_app_both_permissions|data_mode_off|data_usage_exceeded|unseat_sim_card|user_abroad_roaming_disabled_off[PERSONA:Hard],telecom_0086,86,20,pending,0,tau2_full_flash_telecom_0086,C:\Users\86132\Desktop\SafeDesk\benchmarks\tau2-bench\data\simulations\tau2_full_flash_telecom_0086\results.json,,2026-07-09T22:52:17
tau2_full_flash,telecom,telecom,none,[mms_issue]bad_network_preference|break_apn_mms_setting|break_app_sms_permission|data_mode_off|data_usage_exceeded|unseat_sim_card|user_abroad_roaming_disabled_off[PERSONA:None],telecom_0086,86,21,pending,0,tau2_full_flash_telecom_0086,C:\Users\86132\Desktop\SafeDesk\benchmarks\tau2-bench\data\simulations\tau2_full_flash_telecom_0086\results.json,,2026-07-09T22:52:17
tau2_full_flash,telecom,telecom,none,[mms_issue]bad_network_preference|break_apn_mms_setting|break_app_storage_permission|data_mode_off|data_usage_exceeded|unseat_sim_card|user_abroad_roaming_disabled_off[PERSONA:Easy],telecom_0086,86,22,pending,0,tau2_full_flash_telecom_0086,C:\Users\86132\Desktop\SafeDesk\benchmarks\tau2-bench\data\simulations\tau2_full_flash_telecom_0086\results.json,,2026-07-09T22:52:17
tau2_full_flash,telecom,telecom,none,[mms_issue]bad_network_preference|break_apn_mms_setting|break_app_both_permissions|data_mode_off|data_usage_exceeded|unseat_sim_card|user_abroad_roaming_disabled_off[PERSONA:Hard],telecom_0086,86,23,pending,0,tau2_full_flash_telecom_0086,C:\Users\86132\Desktop\SafeDesk\benchmarks\tau2-bench\data\simulations\tau2_full_flash_telecom_0086\results.json,,2026-07-09T22:52:17
tau2_full_flash,telecom,telecom,none,[mms_issue]bad_wifi_calling|break_apn_mms_setting|break_app_sms_permission|data_mode_off|data_usage_exceeded|unseat_sim_card|user_abroad_roaming_disabled_off[PERSONA:None],telecom_0086,86,24,pending,0,tau2_full_flash_telecom_0086,C:\Users\86132\Desktop\SafeDesk\benchmarks\tau2-bench\data\simulations\tau2_full_flash_telecom_0086\results.json,,2026-07-09T22:52:17
tau2_full_flash,telecom,telecom,none,[mms_issue]bad_wifi_calling|break_apn_mms_setting|break_app_storage_permission|data_mode_off|data_usage_exceeded|unseat_sim_card|user_abroad_roaming_disabled_off[PERSONA:Easy],telecom_0087,87,0,pending,0,tau2_full_flash_telecom_0087,C:\Users\86132\Desktop\SafeDesk\benchmarks\tau2-bench\data\simulations\tau2_full_flash_telecom_0087\results.json,,2026-07-09T22:52:17
tau2_full_flash,telecom,telecom,none,[mms_issue]bad_wifi_calling|break_apn_mms_setting|break_app_both_permissions|data_mode_off|data_usage_exceeded|unseat_sim_card|user_abroad_roaming_disabled_off[PERSONA:Hard],telecom_0087,87,1,pending,0,tau2_full_flash_telecom_0087,C:\Users\86132\Desktop\SafeDesk\benchmarks\tau2-bench\data\simulations\tau2_full_flash_telecom_0087\results.json,,2026-07-09T22:52:17
tau2_full_flash,telecom,telecom,none,[mms_issue]bad_network_preference|bad_wifi_calling|break_apn_mms_setting|break_app_sms_permission|data_mode_off|data_usage_exceeded|unseat_sim_card[PERSONA:None],telecom_0087,87,2,pending,0,tau2_full_flash_telecom_0087,C:\Users\86132\Desktop\SafeDesk\benchmarks\tau2-bench\data\simulations\tau2_full_flash_telecom_0087\results.json,,2026-07-09T22:52:17
tau2_full_flash,telecom,telecom,none,[mms_issue]bad_network_preference|bad_wifi_calling|break_apn_mms_setting|break_app_storage_permission|data_mode_off|data_usage_exceeded|unseat_sim_card[PERSONA:Easy],telecom_0087,87,3,pending,0,tau2_full_flash_telecom_0087,C:\Users\86132\Desktop\SafeDesk\benchmarks\tau2-bench\data\simulations\tau2_full_flash_telecom_0087\results.json,,2026-07-09T22:52:17
tau2_full_flash,telecom,telecom,none,[mms_issue]bad_network_preference|bad_wifi_calling|break_apn_mms_setting|break_app_both_permissions|data_mode_off|data_usage_exceeded|unseat_sim_card[PERSONA:Hard],telecom_0087,87,4,pending,0,tau2_full_flash_telecom_0087,C:\Users\86132\Desktop\SafeDesk\benchmarks\tau2-bench\data\simulations\tau2_full_flash_telecom_0087\results.json,,2026-07-09T22:52:17
tau2_full_flash,telecom,telecom,none,[mms_issue]bad_network_preference|bad_wifi_calling|break_apn_mms_setting|break_app_sms_permission|data_mode_off|unseat_sim_card|user_abroad_roaming_enabled_off[PERSONA:None],telecom_0087,87,5,pending,0,tau2_full_flash_telecom_0087,C:\Users\86132\Desktop\SafeDesk\benchmarks\tau2-bench\data\simulations\tau2_full_flash_telecom_0087\results.json,,2026-07-09T22:52:17
tau2_full_flash,telecom,telecom,none,[mms_issue]bad_network_preference|bad_wifi_calling|break_apn_mms_setting|break_app_storage_permission|data_mode_off|unseat_sim_card|user_abroad_roaming_enabled_off[PERSONA:Easy],telecom_0087,87,6,pending,0,tau2_full_flash_telecom_0087,C:\Users\86132\Desktop\SafeDesk\benchmarks\tau2-bench\data\simulations\tau2_full_flash_telecom_0087\results.json,,2026-07-09T22:52:17
tau2_full_flash,telecom,telecom,none,[mms_issue]bad_network_preference|bad_wifi_calling|break_apn_mms_setting|break_app_both_permissions|data_mode_off|unseat_sim_card|user_abroad_roaming_enabled_off[PERSONA:Hard],telecom_0087,87,7,pending,0,tau2_full_flash_telecom_0087,C:\Users\86132\Desktop\SafeDesk\benchmarks\tau2-bench\data\simulations\tau2_full_flash_telecom_0087\results.json,,2026-07-09T22:52:17
tau2_full_flash,telecom,telecom,none,[mms_issue]bad_network_preference|bad_wifi_calling|break_apn_mms_setting|break_app_sms_permission|data_mode_off|unseat_sim_card|user_abroad_roaming_disabled_on[PERSONA:None],telecom_0087,87,8,pending,0,tau2_full_flash_telecom_0087,C:\Users\86132\Desktop\SafeDesk\benchmarks\tau2-bench\data\simulations\tau2_full_flash_telecom_0087\results.json,,2026-07-09T22:52:17
tau2_full_flash,telecom,telecom,none,[mms_issue]bad_network_preference|bad_wifi_calling|break_apn_mms_setting|break_app_storage_permission|data_mode_off|unseat_sim_card|user_abroad_roaming_disabled_on[PERSONA:Easy],telecom_0087,87,9,pending,0,tau2_full_flash_telecom_0087,C:\Users\86132\Desktop\SafeDesk\benchmarks\tau2-bench\data\simulations\tau2_full_flash_telecom_0087\results.json,,2026-07-09T22:52:17
tau2_full_flash,telecom,telecom,none,[mms_issue]bad_network_preference|bad_wifi_calling|break_apn_mms_setting|break_app_both_permissions|data_mode_off|unseat_sim_card|user_abroad_roaming_disabled_on[PERSONA:Hard],telecom_0087,87,10,pending,0,tau2_full_flash_telecom_0087,C:\Users\86132\Desktop\SafeDesk\benchmarks\tau2-bench\data\simulations\tau2_full_flash_telecom_0087\results.json,,2026-07-09T22:52:17
tau2_full_flash,telecom,telecom,none,[mms_issue]bad_network_preference|bad_wifi_calling|break_apn_mms_setting|break_app_sms_permission|data_mode_off|unseat_sim_card|user_abroad_roaming_disabled_off[PERSONA:None],telecom_0087,87,11,pending,0,tau2_full_flash_telecom_0087,C:\Users\86132\Desktop\SafeDesk\benchmarks\tau2-bench\data\simulations\tau2_full_flash_telecom_0087\results.json,,2026-07-09T22:52:17
tau2_full_flash,telecom,telecom,none,[mms_issue]bad_network_preference|bad_wifi_calling|break_apn_mms_setting|break_app_storage_permission|data_mode_off|unseat_sim_card|user_abroad_roaming_disabled_off[PERSONA:Easy],telecom_0087,87,12,pending,0,tau2_full_flash_telecom_0087,C:\Users\86132\Desktop\SafeDesk\benchmarks\tau2-bench\data\simulations\tau2_full_flash_telecom_0087\results.json,,2026-07-09T22:52:17
tau2_full_flash,telecom,telecom,none,[mms_issue]bad_network_preference|bad_wifi_calling|break_apn_mms_setting|break_app_both_permissions|data_mode_off|unseat_sim_card|user_abroad_roaming_disabled_off[PERSONA:Hard],telecom_0087,87,13,pending,0,tau2_full_flash_telecom_0087,C:\Users\86132\Desktop\SafeDesk\benchmarks\tau2-bench\data\simulations\tau2_full_flash_telecom_0087\results.json,,2026-07-09T22:52:17
tau2_full_flash,telecom,telecom,none,[mms_issue]bad_network_preference|bad_wifi_calling|break_apn_mms_setting|break_app_sms_permission|data_usage_exceeded|unseat_sim_card|user_abroad_roaming_enabled_off[PERSONA:None],telecom_0087,87,14,pending,0,tau2_full_flash_telecom_0087,C:\Users\86132\Desktop\SafeDesk\benchmarks\tau2-bench\data\simulations\tau2_full_flash_telecom_0087\results.json,,2026-07-09T22:52:17
tau2_full_flash,telecom,telecom,none,[mms_issue]bad_network_preference|bad_wifi_calling|break_apn_mms_setting|break_app_storage_permission|data_usage_exceeded|unseat_sim_card|user_abroad_roaming_enabled_off[PERSONA:Easy],telecom_0087,87,15,pending,0,tau2_full_flash_telecom_0087,C:\Users\86132\Desktop\SafeDesk\benchmarks\tau2-bench\data\simulations\tau2_full_flash_telecom_0087\results.json,,2026-07-09T22:52:17
tau2_full_flash,telecom,telecom,none,[mms_issue]bad_network_preference|bad_wifi_calling|break_apn_mms_setting|break_app_both_permissions|data_usage_exceeded|unseat_sim_card|user_abroad_roaming_enabled_off[PERSONA:Hard],telecom_0087,87,16,pending,0,tau2_full_flash_telecom_0087,C:\Users\86132\Desktop\SafeDesk\benchmarks\tau2-bench\data\simulations\tau2_full_flash_telecom_0087\results.json,,2026-07-09T22:52:17
tau2_full_flash,telecom,telecom,none,[mms_issue]bad_network_preference|bad_wifi_calling|break_apn_mms_setting|break_app_sms_permission|data_usage_exceeded|unseat_sim_card|user_abroad_roaming_disabled_on[PERSONA:None],telecom_0087,87,17,pending,0,tau2_full_flash_telecom_0087,C:\Users\86132\Desktop\SafeDesk\benchmarks\tau2-bench\data\simulations\tau2_full_flash_telecom_0087\results.json,,2026-07-09T22:52:17
tau2_full_flash,telecom,telecom,none,[mms_issue]bad_network_preference|bad_wifi_calling|break_apn_mms_setting|break_app_storage_permission|data_usage_exceeded|unseat_sim_card|user_abroad_roaming_disabled_on[PERSONA:Easy],telecom_0087,87,18,pending,0,tau2_full_flash_telecom_0087,C:\Users\86132\Desktop\SafeDesk\benchmarks\tau2-bench\data\simulations\tau2_full_flash_telecom_0087\results.json,,2026-07-09T22:52:17
tau2_full_flash,telecom,telecom,none,[mms_issue]bad_network_preference|bad_wifi_calling|break_apn_mms_setting|break_app_both_permissions|data_usage_exceeded|unseat_sim_card|user_abroad_roaming_disabled_on[PERSONA:Hard],telecom_0087,87,19,pending,0,tau2_full_flash_telecom_0087,C:\Users\86132\Desktop\SafeDesk\benchmarks\tau2-bench\data\simulations\tau2_full_flash_telecom_0087\results.json,,2026-07-09T22:52:17
tau2_full_flash,telecom,telecom,none,[mms_issue]bad_network_preference|bad_wifi_calling|break_apn_mms_setting|break_app_sms_permission|data_usage_exceeded|unseat_sim_card|user_abroad_roaming_disabled_off[PERSONA:None],telecom_0087,87,20,pending,0,tau2_full_flash_telecom_0087,C:\Users\86132\Desktop\SafeDesk\benchmarks\tau2-bench\data\simulations\tau2_full_flash_telecom_0087\results.json,,2026-07-09T22:52:17
tau2_full_flash,telecom,telecom,none,[mms_issue]bad_network_preference|bad_wifi_calling|break_apn_mms_setting|break_app_storage_permission|data_usage_exceeded|unseat_sim_card|user_abroad_roaming_disabled_off[PERSONA:Easy],telecom_0087,87,21,pending,0,tau2_full_flash_telecom_0087,C:\Users\86132\Desktop\SafeDesk\benchmarks\tau2-bench\data\simulations\tau2_full_flash_telecom_0087\results.json,,2026-07-09T22:52:17
tau2_full_flash,telecom,telecom,none,[mms_issue]bad_network_preference|bad_wifi_calling|break_apn_mms_setting|break_app_both_permissions|data_usage_exceeded|unseat_sim_card|user_abroad_roaming_disabled_off[PERSONA:Hard],telecom_0087,87,22,pending,0,tau2_full_flash_telecom_0087,C:\Users\86132\Desktop\SafeDesk\benchmarks\tau2-bench\data\simulations\tau2_full_flash_telecom_0087\results.json,,2026-07-09T22:52:17
tau2_full_flash,telecom,telecom,none,[mms_issue]bad_network_preference|bad_wifi_calling|break_apn_mms_setting|break_app_sms_permission|data_mode_off|data_usage_exceeded|user_abroad_roaming_enabled_off[PERSONA:None],telecom_0087,87,23,pending,0,tau2_full_flash_telecom_0087,C:\Users\86132\Desktop\SafeDesk\benchmarks\tau2-bench\data\simulations\tau2_full_flash_telecom_0087\results.json,,2026-07-09T22:52:17
tau2_full_flash,telecom,telecom,none,[mms_issue]bad_network_preference|bad_wifi_calling|break_apn_mms_setting|break_app_storage_permission|data_mode_off|data_usage_exceeded|user_abroad_roaming_enabled_off[PERSONA:Easy],telecom_0087,87,24,pending,0,tau2_full_flash_telecom_0087,C:\Users\86132\Desktop\SafeDesk\benchmarks\tau2-bench\data\simulations\tau2_full_flash_telecom_0087\results.json,,2026-07-09T22:52:17
tau2_full_flash,telecom,telecom,none,[mms_issue]bad_network_preference|bad_wifi_calling|break_apn_mms_setting|break_app_both_permissions|data_mode_off|data_usage_exceeded|user_abroad_roaming_enabled_off[PERSONA:Hard],telecom_0088,88,0,pending,0,tau2_full_flash_telecom_0088,C:\Users\86132\Desktop\SafeDesk\benchmarks\tau2-bench\data\simulations\tau2_full_flash_telecom_0088\results.json,,2026-07-09T22:52:17
tau2_full_flash,telecom,telecom,none,[mms_issue]bad_network_preference|bad_wifi_calling|break_apn_mms_setting|break_app_sms_permission|data_mode_off|data_usage_exceeded|user_abroad_roaming_disabled_on[PERSONA:None],telecom_0088,88,1,pending,0,tau2_full_flash_telecom_0088,C:\Users\86132\Desktop\SafeDesk\benchmarks\tau2-bench\data\simulations\tau2_full_flash_telecom_0088\results.json,,2026-07-09T22:52:17
tau2_full_flash,telecom,telecom,none,[mms_issue]bad_network_preference|bad_wifi_calling|break_apn_mms_setting|break_app_storage_permission|data_mode_off|data_usage_exceeded|user_abroad_roaming_disabled_on[PERSONA:Easy],telecom_0088,88,2,pending,0,tau2_full_flash_telecom_0088,C:\Users\86132\Desktop\SafeDesk\benchmarks\tau2-bench\data\simulations\tau2_full_flash_telecom_0088\results.json,,2026-07-09T22:52:17
tau2_full_flash,telecom,telecom,none,[mms_issue]bad_network_preference|bad_wifi_calling|break_apn_mms_setting|break_app_both_permissions|data_mode_off|data_usage_exceeded|user_abroad_roaming_disabled_on[PERSONA:Hard],telecom_0088,88,3,pending,0,tau2_full_flash_telecom_0088,C:\Users\86132\Desktop\SafeDesk\benchmarks\tau2-bench\data\simulations\tau2_full_flash_telecom_0088\results.json,,2026-07-09T22:52:17
tau2_full_flash,telecom,telecom,none,[mms_issue]bad_network_preference|bad_wifi_calling|break_apn_mms_setting|break_app_sms_permission|data_mode_off|data_usage_exceeded|user_abroad_roaming_disabled_off[PERSONA:None],telecom_0088,88,4,pending,0,tau2_full_flash_telecom_0088,C:\Users\86132\Desktop\SafeDesk\benchmarks\tau2-bench\data\simulations\tau2_full_flash_telecom_0088\results.json,,2026-07-09T22:52:17
tau2_full_flash,telecom,telecom,none,[mms_issue]bad_network_preference|bad_wifi_calling|break_apn_mms_setting|break_app_storage_permission|data_mode_off|data_usage_exceeded|user_abroad_roaming_disabled_off[PERSONA:Easy],telecom_0088,88,5,pending,0,tau2_full_flash_telecom_0088,C:\Users\86132\Desktop\SafeDesk\benchmarks\tau2-bench\data\simulations\tau2_full_flash_telecom_0088\results.json,,2026-07-09T22:52:17
tau2_full_flash,telecom,telecom,none,[mms_issue]bad_network_preference|bad_wifi_calling|break_apn_mms_setting|break_app_both_permissions|data_mode_off|data_usage_exceeded|user_abroad_roaming_disabled_off[PERSONA:Hard],telecom_0088,88,6,pending,0,tau2_full_flash_telecom_0088,C:\Users\86132\Desktop\SafeDesk\benchmarks\tau2-bench\data\simulations\tau2_full_flash_telecom_0088\results.json,,2026-07-09T22:52:17
tau2_full_flash,telecom,telecom,none,[mms_issue]airplane_mode_on|bad_network_preference|bad_wifi_calling|break_apn_mms_setting|data_mode_off|data_usage_exceeded|unseat_sim_card|user_abroad_roaming_enabled_off[PERSONA:None],telecom_0088,88,7,pending,0,tau2_full_flash_telecom_0088,C:\Users\86132\Desktop\SafeDesk\benchmarks\tau2-bench\data\simulations\tau2_full_flash_telecom_0088\results.json,,2026-07-09T22:52:17
tau2_full_flash,telecom,telecom,none,[mms_issue]airplane_mode_on|bad_network_preference|bad_wifi_calling|break_app_sms_permission|data_mode_off|data_usage_exceeded|unseat_sim_card|user_abroad_roaming_enabled_off[PERSONA:Easy],telecom_0088,88,8,pending,0,tau2_full_flash_telecom_0088,C:\Users\86132\Desktop\SafeDesk\benchmarks\tau2-bench\data\simulations\tau2_full_flash_telecom_0088\results.json,,2026-07-09T22:52:17
tau2_full_flash,telecom,telecom,none,[mms_issue]airplane_mode_on|bad_network_preference|bad_wifi_calling|break_app_storage_permission|data_mode_off|data_usage_exceeded|unseat_sim_card|user_abroad_roaming_enabled_off[PERSONA:Hard],telecom_0088,88,9,pending,0,tau2_full_flash_telecom_0088,C:\Users\86132\Desktop\SafeDesk\benchmarks\tau2-bench\data\simulations\tau2_full_flash_telecom_0088\results.json,,2026-07-09T22:52:17
tau2_full_flash,telecom,telecom,none,[mms_issue]airplane_mode_on|bad_network_preference|bad_wifi_calling|break_app_both_permissions|data_mode_off|data_usage_exceeded|unseat_sim_card|user_abroad_roaming_enabled_off[PERSONA:None],telecom_0088,88,10,pending,0,tau2_full_flash_telecom_0088,C:\Users\86132\Desktop\SafeDesk\benchmarks\tau2-bench\data\simulations\tau2_full_flash_telecom_0088\results.json,,2026-07-09T22:52:17
tau2_full_flash,telecom,telecom,none,[mms_issue]airplane_mode_on|bad_network_preference|break_apn_mms_setting|break_app_sms_permission|data_mode_off|data_usage_exceeded|unseat_sim_card|user_abroad_roaming_enabled_off[PERSONA:Easy],telecom_0088,88,11,pending,0,tau2_full_flash_telecom_0088,C:\Users\86132\Desktop\SafeDesk\benchmarks\tau2-bench\data\simulations\tau2_full_flash_telecom_0088\results.json,,2026-07-09T22:52:17
tau2_full_flash,telecom,telecom,none,[mms_issue]airplane_mode_on|bad_network_preference|break_apn_mms_setting|break_app_storage_permission|data_mode_off|data_usage_exceeded|unseat_sim_card|user_abroad_roaming_enabled_off[PERSONA:Hard],telecom_0088,88,12,pending,0,tau2_full_flash_telecom_0088,C:\Users\86132\Desktop\SafeDesk\benchmarks\tau2-bench\data\simulations\tau2_full_flash_telecom_0088\results.json,,2026-07-09T22:52:17
tau2_full_flash,telecom,telecom,none,[mms_issue]airplane_mode_on|bad_network_preference|break_apn_mms_setting|break_app_both_permissions|data_mode_off|data_usage_exceeded|unseat_sim_card|user_abroad_roaming_enabled_off[PERSONA:None],telecom_0088,88,13,pending,0,tau2_full_flash_telecom_0088,C:\Users\86132\Desktop\SafeDesk\benchmarks\tau2-bench\data\simulations\tau2_full_flash_telecom_0088\results.json,,2026-07-09T22:52:17
tau2_full_flash,telecom,telecom,none,[mms_issue]airplane_mode_on|bad_wifi_calling|break_apn_mms_setting|break_app_sms_permission|data_mode_off|data_usage_exceeded|unseat_sim_card|user_abroad_roaming_enabled_off[PERSONA:Easy],telecom_0088,88,14,pending,0,tau2_full_flash_telecom_0088,C:\Users\86132\Desktop\SafeDesk\benchmarks\tau2-bench\data\simulations\tau2_full_flash_telecom_0088\results.json,,2026-07-09T22:52:17
tau2_full_flash,telecom,telecom,none,[mms_issue]airplane_mode_on|bad_wifi_calling|break_apn_mms_setting|break_app_storage_permission|data_mode_off|data_usage_exceeded|unseat_sim_card|user_abroad_roaming_enabled_off[PERSONA:Hard],telecom_0088,88,15,pending,0,tau2_full_flash_telecom_0088,C:\Users\86132\Desktop\SafeDesk\benchmarks\tau2-bench\data\simulations\tau2_full_flash_telecom_0088\results.json,,2026-07-09T22:52:17
tau2_full_flash,telecom,telecom,none,[mms_issue]airplane_mode_on|bad_wifi_calling|break_apn_mms_setting|break_app_both_permissions|data_mode_off|data_usage_exceeded|unseat_sim_card|user_abroad_roaming_enabled_off[PERSONA:None],telecom_0088,88,16,pending,0,tau2_full_flash_telecom_0088,C:\Users\86132\Desktop\SafeDesk\benchmarks\tau2-bench\data\simulations\tau2_full_flash_telecom_0088\results.json,,2026-07-09T22:52:17
tau2_full_flash,telecom,telecom,none,[mms_issue]airplane_mode_on|bad_network_preference|bad_wifi_calling|break_apn_mms_setting|data_mode_off|data_usage_exceeded|unseat_sim_card|user_abroad_roaming_disabled_on[PERSONA:Easy],telecom_0088,88,17,pending,0,tau2_full_flash_telecom_0088,C:\Users\86132\Desktop\SafeDesk\benchmarks\tau2-bench\data\simulations\tau2_full_flash_telecom_0088\results.json,,2026-07-09T22:52:17
tau2_full_flash,telecom,telecom,none,[mms_issue]airplane_mode_on|bad_network_preference|bad_wifi_calling|break_app_sms_permission|data_mode_off|data_usage_exceeded|unseat_sim_card|user_abroad_roaming_disabled_on[PERSONA:Hard],telecom_0088,88,18,pending,0,tau2_full_flash_telecom_0088,C:\Users\86132\Desktop\SafeDesk\benchmarks\tau2-bench\data\simulations\tau2_full_flash_telecom_0088\results.json,,2026-07-09T22:52:17
tau2_full_flash,telecom,telecom,none,[mms_issue]airplane_mode_on|bad_network_preference|bad_wifi_calling|break_app_storage_permission|data_mode_off|data_usage_exceeded|unseat_sim_card|user_abroad_roaming_disabled_on[PERSONA:None],telecom_0088,88,19,pending,0,tau2_full_flash_telecom_0088,C:\Users\86132\Desktop\SafeDesk\benchmarks\tau2-bench\data\simulations\tau2_full_flash_telecom_0088\results.json,,2026-07-09T22:52:17
tau2_full_flash,telecom,telecom,none,[mms_issue]airplane_mode_on|bad_network_preference|bad_wifi_calling|break_app_both_permissions|data_mode_off|data_usage_exceeded|unseat_sim_card|user_abroad_roaming_disabled_on[PERSONA:Easy],telecom_0088,88,20,pending,0,tau2_full_flash_telecom_0088,C:\Users\86132\Desktop\SafeDesk\benchmarks\tau2-bench\data\simulations\tau2_full_flash_telecom_0088\results.json,,2026-07-09T22:52:17
tau2_full_flash,telecom,telecom,none,[mms_issue]airplane_mode_on|bad_network_preference|break_apn_mms_setting|break_app_sms_permission|data_mode_off|data_usage_exceeded|unseat_sim_card|user_abroad_roaming_disabled_on[PERSONA:Hard],telecom_0088,88,21,pending,0,tau2_full_flash_telecom_0088,C:\Users\86132\Desktop\SafeDesk\benchmarks\tau2-bench\data\simulations\tau2_full_flash_telecom_0088\results.json,,2026-07-09T22:52:17
tau2_full_flash,telecom,telecom,none,[mms_issue]airplane_mode_on|bad_network_preference|break_apn_mms_setting|break_app_storage_permission|data_mode_off|data_usage_exceeded|unseat_sim_card|user_abroad_roaming_disabled_on[PERSONA:None],telecom_0088,88,22,pending,0,tau2_full_flash_telecom_0088,C:\Users\86132\Desktop\SafeDesk\benchmarks\tau2-bench\data\simulations\tau2_full_flash_telecom_0088\results.json,,2026-07-09T22:52:17
tau2_full_flash,telecom,telecom,none,[mms_issue]airplane_mode_on|bad_network_preference|break_apn_mms_setting|break_app_both_permissions|data_mode_off|data_usage_exceeded|unseat_sim_card|user_abroad_roaming_disabled_on[PERSONA:Easy],telecom_0088,88,23,pending,0,tau2_full_flash_telecom_0088,C:\Users\86132\Desktop\SafeDesk\benchmarks\tau2-bench\data\simulations\tau2_full_flash_telecom_0088\results.json,,2026-07-09T22:52:17
tau2_full_flash,telecom,telecom,none,[mms_issue]airplane_mode_on|bad_wifi_calling|break_apn_mms_setting|break_app_sms_permission|data_mode_off|data_usage_exceeded|unseat_sim_card|user_abroad_roaming_disabled_on[PERSONA:Hard],telecom_0088,88,24,pending,0,tau2_full_flash_telecom_0088,C:\Users\86132\Desktop\SafeDesk\benchmarks\tau2-bench\data\simulations\tau2_full_flash_telecom_0088\results.json,,2026-07-09T22:52:17
tau2_full_flash,telecom,telecom,none,[mms_issue]airplane_mode_on|bad_wifi_calling|break_apn_mms_setting|break_app_storage_permission|data_mode_off|data_usage_exceeded|unseat_sim_card|user_abroad_roaming_disabled_on[PERSONA:None],telecom_0089,89,0,pending,0,tau2_full_flash_telecom_0089,C:\Users\86132\Desktop\SafeDesk\benchmarks\tau2-bench\data\simulations\tau2_full_flash_telecom_0089\results.json,,2026-07-09T22:52:17
tau2_full_flash,telecom,telecom,none,[mms_issue]airplane_mode_on|bad_wifi_calling|break_apn_mms_setting|break_app_both_permissions|data_mode_off|data_usage_exceeded|unseat_sim_card|user_abroad_roaming_disabled_on[PERSONA:Easy],telecom_0089,89,1,pending,0,tau2_full_flash_telecom_0089,C:\Users\86132\Desktop\SafeDesk\benchmarks\tau2-bench\data\simulations\tau2_full_flash_telecom_0089\results.json,,2026-07-09T22:52:17
tau2_full_flash,telecom,telecom,none,[mms_issue]airplane_mode_on|bad_network_preference|bad_wifi_calling|break_apn_mms_setting|data_mode_off|data_usage_exceeded|unseat_sim_card|user_abroad_roaming_disabled_off[PERSONA:Hard],telecom_0089,89,2,pending,0,tau2_full_flash_telecom_0089,C:\Users\86132\Desktop\SafeDesk\benchmarks\tau2-bench\data\simulations\tau2_full_flash_telecom_0089\results.json,,2026-07-09T22:52:17
tau2_full_flash,telecom,telecom,none,[mms_issue]airplane_mode_on|bad_network_preference|bad_wifi_calling|break_app_sms_permission|data_mode_off|data_usage_exceeded|unseat_sim_card|user_abroad_roaming_disabled_off[PERSONA:None],telecom_0089,89,3,pending,0,tau2_full_flash_telecom_0089,C:\Users\86132\Desktop\SafeDesk\benchmarks\tau2-bench\data\simulations\tau2_full_flash_telecom_0089\results.json,,2026-07-09T22:52:17
tau2_full_flash,telecom,telecom,none,[mms_issue]airplane_mode_on|bad_network_preference|bad_wifi_calling|break_app_storage_permission|data_mode_off|data_usage_exceeded|unseat_sim_card|user_abroad_roaming_disabled_off[PERSONA:Easy],telecom_0089,89,4,pending,0,tau2_full_flash_telecom_0089,C:\Users\86132\Desktop\SafeDesk\benchmarks\tau2-bench\data\simulations\tau2_full_flash_telecom_0089\results.json,,2026-07-09T22:52:17
tau2_full_flash,telecom,telecom,none,[mms_issue]airplane_mode_on|bad_network_preference|bad_wifi_calling|break_app_both_permissions|data_mode_off|data_usage_exceeded|unseat_sim_card|user_abroad_roaming_disabled_off[PERSONA:Hard],telecom_0089,89,5,pending,0,tau2_full_flash_telecom_0089,C:\Users\86132\Desktop\SafeDesk\benchmarks\tau2-bench\data\simulations\tau2_full_flash_telecom_0089\results.json,,2026-07-09T22:52:17
tau2_full_flash,telecom,telecom,none,[mms_issue]airplane_mode_on|bad_network_preference|break_apn_mms_setting|break_app_sms_permission|data_mode_off|data_usage_exceeded|unseat_sim_card|user_abroad_roaming_disabled_off[PERSONA:None],telecom_0089,89,6,pending,0,tau2_full_flash_telecom_0089,C:\Users\86132\Desktop\SafeDesk\benchmarks\tau2-bench\data\simulations\tau2_full_flash_telecom_0089\results.json,,2026-07-09T22:52:17
tau2_full_flash,telecom,telecom,none,[mms_issue]airplane_mode_on|bad_network_preference|break_apn_mms_setting|break_app_storage_permission|data_mode_off|data_usage_exceeded|unseat_sim_card|user_abroad_roaming_disabled_off[PERSONA:Easy],telecom_0089,89,7,pending,0,tau2_full_flash_telecom_0089,C:\Users\86132\Desktop\SafeDesk\benchmarks\tau2-bench\data\simulations\tau2_full_flash_telecom_0089\results.json,,2026-07-09T22:52:17
tau2_full_flash,telecom,telecom,none,[mms_issue]airplane_mode_on|bad_network_preference|break_apn_mms_setting|break_app_both_permissions|data_mode_off|data_usage_exceeded|unseat_sim_card|user_abroad_roaming_disabled_off[PERSONA:Hard],telecom_0089,89,8,pending,0,tau2_full_flash_telecom_0089,C:\Users\86132\Desktop\SafeDesk\benchmarks\tau2-bench\data\simulations\tau2_full_flash_telecom_0089\results.json,,2026-07-09T22:52:17
tau2_full_flash,telecom,telecom,none,[mms_issue]airplane_mode_on|bad_wifi_calling|break_apn_mms_setting|break_app_sms_permission|data_mode_off|data_usage_exceeded|unseat_sim_card|user_abroad_roaming_disabled_off[PERSONA:None],telecom_0089,89,9,pending,0,tau2_full_flash_telecom_0089,C:\Users\86132\Desktop\SafeDesk\benchmarks\tau2-bench\data\simulations\tau2_full_flash_telecom_0089\results.json,,2026-07-09T22:52:17
tau2_full_flash,telecom,telecom,none,[mms_issue]airplane_mode_on|bad_wifi_calling|break_apn_mms_setting|break_app_storage_permission|data_mode_off|data_usage_exceeded|unseat_sim_card|user_abroad_roaming_disabled_off[PERSONA:Easy],telecom_0089,89,10,pending,0,tau2_full_flash_telecom_0089,C:\Users\86132\Desktop\SafeDesk\benchmarks\tau2-bench\data\simulations\tau2_full_flash_telecom_0089\results.json,,2026-07-09T22:52:17
tau2_full_flash,telecom,telecom,none,[mms_issue]airplane_mode_on|bad_wifi_calling|break_apn_mms_setting|break_app_both_permissions|data_mode_off|data_usage_exceeded|unseat_sim_card|user_abroad_roaming_disabled_off[PERSONA:Hard],telecom_0089,89,11,pending,0,tau2_full_flash_telecom_0089,C:\Users\86132\Desktop\SafeDesk\benchmarks\tau2-bench\data\simulations\tau2_full_flash_telecom_0089\results.json,,2026-07-09T22:52:17
tau2_full_flash,telecom,telecom,none,[mms_issue]airplane_mode_on|bad_network_preference|bad_wifi_calling|break_apn_mms_setting|break_app_sms_permission|data_mode_off|data_usage_exceeded|unseat_sim_card[PERSONA:None],telecom_0089,89,12,pending,0,tau2_full_flash_telecom_0089,C:\Users\86132\Desktop\SafeDesk\benchmarks\tau2-bench\data\simulations\tau2_full_flash_telecom_0089\results.json,,2026-07-09T22:52:17
tau2_full_flash,telecom,telecom,none,[mms_issue]airplane_mode_on|bad_network_preference|bad_wifi_calling|break_apn_mms_setting|break_app_storage_permission|data_mode_off|data_usage_exceeded|unseat_sim_card[PERSONA:Easy],telecom_0089,89,13,pending,0,tau2_full_flash_telecom_0089,C:\Users\86132\Desktop\SafeDesk\benchmarks\tau2-bench\data\simulations\tau2_full_flash_telecom_0089\results.json,,2026-07-09T22:52:17
tau2_full_flash,telecom,telecom,none,[mms_issue]airplane_mode_on|bad_network_preference|bad_wifi_calling|break_apn_mms_setting|break_app_both_permissions|data_mode_off|data_usage_exceeded|unseat_sim_card[PERSONA:Hard],telecom_0089,89,14,pending,0,tau2_full_flash_telecom_0089,C:\Users\86132\Desktop\SafeDesk\benchmarks\tau2-bench\data\simulations\tau2_full_flash_telecom_0089\results.json,,2026-07-09T22:52:17
tau2_full_flash,telecom,telecom,none,[mms_issue]airplane_mode_on|bad_network_preference|bad_wifi_calling|break_apn_mms_setting|break_app_sms_permission|data_mode_off|unseat_sim_card|user_abroad_roaming_enabled_off[PERSONA:None],telecom_0089,89,15,pending,0,tau2_full_flash_telecom_0089,C:\Users\86132\Desktop\SafeDesk\benchmarks\tau2-bench\data\simulations\tau2_full_flash_telecom_0089\results.json,,2026-07-09T22:52:17
tau2_full_flash,telecom,telecom,none,[mms_issue]airplane_mode_on|bad_network_preference|bad_wifi_calling|break_apn_mms_setting|break_app_storage_permission|data_mode_off|unseat_sim_card|user_abroad_roaming_enabled_off[PERSONA:Easy],telecom_0089,89,16,pending,0,tau2_full_flash_telecom_0089,C:\Users\86132\Desktop\SafeDesk\benchmarks\tau2-bench\data\simulations\tau2_full_flash_telecom_0089\results.json,,2026-07-09T22:52:17
tau2_full_flash,telecom,telecom,none,[mms_issue]airplane_mode_on|bad_network_preference|bad_wifi_calling|break_apn_mms_setting|break_app_both_permissions|data_mode_off|unseat_sim_card|user_abroad_roaming_enabled_off[PERSONA:Hard],telecom_0089,89,17,pending,0,tau2_full_flash_telecom_0089,C:\Users\86132\Desktop\SafeDesk\benchmarks\tau2-bench\data\simulations\tau2_full_flash_telecom_0089\results.json,,2026-07-09T22:52:17
tau2_full_flash,telecom,telecom,none,[mms_issue]airplane_mode_on|bad_network_preference|bad_wifi_calling|break_apn_mms_setting|break_app_sms_permission|data_mode_off|unseat_sim_card|user_abroad_roaming_disabled_on[PERSONA:None],telecom_0089,89,18,pending,0,tau2_full_flash_telecom_0089,C:\Users\86132\Desktop\SafeDesk\benchmarks\tau2-bench\data\simulations\tau2_full_flash_telecom_0089\results.json,,2026-07-09T22:52:17
tau2_full_flash,telecom,telecom,none,[mms_issue]airplane_mode_on|bad_network_preference|bad_wifi_calling|break_apn_mms_setting|break_app_storage_permission|data_mode_off|unseat_sim_card|user_abroad_roaming_disabled_on[PERSONA:Easy],telecom_0089,89,19,pending,0,tau2_full_flash_telecom_0089,C:\Users\86132\Desktop\SafeDesk\benchmarks\tau2-bench\data\simulations\tau2_full_flash_telecom_0089\results.json,,2026-07-09T22:52:17
tau2_full_flash,telecom,telecom,none,[mms_issue]airplane_mode_on|bad_network_preference|bad_wifi_calling|break_apn_mms_setting|break_app_both_permissions|data_mode_off|unseat_sim_card|user_abroad_roaming_disabled_on[PERSONA:Hard],telecom_0089,89,20,pending,0,tau2_full_flash_telecom_0089,C:\Users\86132\Desktop\SafeDesk\benchmarks\tau2-bench\data\simulations\tau2_full_flash_telecom_0089\results.json,,2026-07-09T22:52:17
tau2_full_flash,telecom,telecom,none,[mms_issue]airplane_mode_on|bad_network_preference|bad_wifi_calling|break_apn_mms_setting|break_app_sms_permission|data_mode_off|unseat_sim_card|user_abroad_roaming_disabled_off[PERSONA:None],telecom_0089,89,21,pending,0,tau2_full_flash_telecom_0089,C:\Users\86132\Desktop\SafeDesk\benchmarks\tau2-bench\data\simulations\tau2_full_flash_telecom_0089\results.json,,2026-07-09T22:52:17
tau2_full_flash,telecom,telecom,none,[mms_issue]airplane_mode_on|bad_network_preference|bad_wifi_calling|break_apn_mms_setting|break_app_storage_permission|data_mode_off|unseat_sim_card|user_abroad_roaming_disabled_off[PERSONA:Easy],telecom_0089,89,22,pending,0,tau2_full_flash_telecom_0089,C:\Users\86132\Desktop\SafeDesk\benchmarks\tau2-bench\data\simulations\tau2_full_flash_telecom_0089\results.json,,2026-07-09T22:52:17
tau2_full_flash,telecom,telecom,none,[mms_issue]airplane_mode_on|bad_network_preference|bad_wifi_calling|break_apn_mms_setting|break_app_both_permissions|data_mode_off|unseat_sim_card|user_abroad_roaming_disabled_off[PERSONA:Hard],telecom_0089,89,23,pending,0,tau2_full_flash_telecom_0089,C:\Users\86132\Desktop\SafeDesk\benchmarks\tau2-bench\data\simulations\tau2_full_flash_telecom_0089\results.json,,2026-07-09T22:52:17
tau2_full_flash,telecom,telecom,none,[mms_issue]airplane_mode_on|bad_network_preference|bad_wifi_calling|break_apn_mms_setting|break_app_sms_permission|data_usage_exceeded|unseat_sim_card|user_abroad_roaming_enabled_off[PERSONA:None],telecom_0089,89,24,pending,0,tau2_full_flash_telecom_0089,C:\Users\86132\Desktop\SafeDesk\benchmarks\tau2-bench\data\simulations\tau2_full_flash_telecom_0089\results.json,,2026-07-09T22:52:17
tau2_full_flash,telecom,telecom,none,[mms_issue]airplane_mode_on|bad_network_preference|bad_wifi_calling|break_apn_mms_setting|break_app_storage_permission|data_usage_exceeded|unseat_sim_card|user_abroad_roaming_enabled_off[PERSONA:Easy],telecom_0090,90,0,pending,0,tau2_full_flash_telecom_0090,C:\Users\86132\Desktop\SafeDesk\benchmarks\tau2-bench\data\simulations\tau2_full_flash_telecom_0090\results.json,,2026-07-09T22:52:17
tau2_full_flash,telecom,telecom,none,[mms_issue]airplane_mode_on|bad_network_preference|bad_wifi_calling|break_apn_mms_setting|break_app_both_permissions|data_usage_exceeded|unseat_sim_card|user_abroad_roaming_enabled_off[PERSONA:Hard],telecom_0090,90,1,pending,0,tau2_full_flash_telecom_0090,C:\Users\86132\Desktop\SafeDesk\benchmarks\tau2-bench\data\simulations\tau2_full_flash_telecom_0090\results.json,,2026-07-09T22:52:17
tau2_full_flash,telecom,telecom,none,[mms_issue]airplane_mode_on|bad_network_preference|bad_wifi_calling|break_apn_mms_setting|break_app_sms_permission|data_usage_exceeded|unseat_sim_card|user_abroad_roaming_disabled_on[PERSONA:None],telecom_0090,90,2,pending,0,tau2_full_flash_telecom_0090,C:\Users\86132\Desktop\SafeDesk\benchmarks\tau2-bench\data\simulations\tau2_full_flash_telecom_0090\results.json,,2026-07-09T22:52:17
tau2_full_flash,telecom,telecom,none,[mms_issue]airplane_mode_on|bad_network_preference|bad_wifi_calling|break_apn_mms_setting|break_app_storage_permission|data_usage_exceeded|unseat_sim_card|user_abroad_roaming_disabled_on[PERSONA:Easy],telecom_0090,90,3,pending,0,tau2_full_flash_telecom_0090,C:\Users\86132\Desktop\SafeDesk\benchmarks\tau2-bench\data\simulations\tau2_full_flash_telecom_0090\results.json,,2026-07-09T22:52:17
tau2_full_flash,telecom,telecom,none,[mms_issue]airplane_mode_on|bad_network_preference|bad_wifi_calling|break_apn_mms_setting|break_app_both_permissions|data_usage_exceeded|unseat_sim_card|user_abroad_roaming_disabled_on[PERSONA:Hard],telecom_0090,90,4,pending,0,tau2_full_flash_telecom_0090,C:\Users\86132\Desktop\SafeDesk\benchmarks\tau2-bench\data\simulations\tau2_full_flash_telecom_0090\results.json,,2026-07-09T22:52:17
tau2_full_flash,telecom,telecom,none,[mms_issue]airplane_mode_on|bad_network_preference|bad_wifi_calling|break_apn_mms_setting|break_app_sms_permission|data_usage_exceeded|unseat_sim_card|user_abroad_roaming_disabled_off[PERSONA:None],telecom_0090,90,5,pending,0,tau2_full_flash_telecom_0090,C:\Users\86132\Desktop\SafeDesk\benchmarks\tau2-bench\data\simulations\tau2_full_flash_telecom_0090\results.json,,2026-07-09T22:52:17
tau2_full_flash,telecom,telecom,none,[mms_issue]airplane_mode_on|bad_network_preference|bad_wifi_calling|break_apn_mms_setting|break_app_storage_permission|data_usage_exceeded|unseat_sim_card|user_abroad_roaming_disabled_off[PERSONA:Easy],telecom_0090,90,6,pending,0,tau2_full_flash_telecom_0090,C:\Users\86132\Desktop\SafeDesk\benchmarks\tau2-bench\data\simulations\tau2_full_flash_telecom_0090\results.json,,2026-07-09T22:52:17
tau2_full_flash,telecom,telecom,none,[mms_issue]airplane_mode_on|bad_network_preference|bad_wifi_calling|break_apn_mms_setting|break_app_both_permissions|data_usage_exceeded|unseat_sim_card|user_abroad_roaming_disabled_off[PERSONA:Hard],telecom_0090,90,7,pending,0,tau2_full_flash_telecom_0090,C:\Users\86132\Desktop\SafeDesk\benchmarks\tau2-bench\data\simulations\tau2_full_flash_telecom_0090\results.json,,2026-07-09T22:52:17
tau2_full_flash,telecom,telecom,none,[mms_issue]airplane_mode_on|bad_network_preference|bad_wifi_calling|break_apn_mms_setting|break_app_sms_permission|data_mode_off|data_usage_exceeded|user_abroad_roaming_enabled_off[PERSONA:None],telecom_0090,90,8,pending,0,tau2_full_flash_telecom_0090,C:\Users\86132\Desktop\SafeDesk\benchmarks\tau2-bench\data\simulations\tau2_full_flash_telecom_0090\results.json,,2026-07-09T22:52:17
tau2_full_flash,telecom,telecom,none,[mms_issue]airplane_mode_on|bad_network_preference|bad_wifi_calling|break_apn_mms_setting|break_app_storage_permission|data_mode_off|data_usage_exceeded|user_abroad_roaming_enabled_off[PERSONA:Easy],telecom_0090,90,9,pending,0,tau2_full_flash_telecom_0090,C:\Users\86132\Desktop\SafeDesk\benchmarks\tau2-bench\data\simulations\tau2_full_flash_telecom_0090\results.json,,2026-07-09T22:52:17
tau2_full_flash,telecom,telecom,none,[mms_issue]airplane_mode_on|bad_network_preference|bad_wifi_calling|break_apn_mms_setting|break_app_both_permissions|data_mode_off|data_usage_exceeded|user_abroad_roaming_enabled_off[PERSONA:Hard],telecom_0090,90,10,pending,0,tau2_full_flash_telecom_0090,C:\Users\86132\Desktop\SafeDesk\benchmarks\tau2-bench\data\simulations\tau2_full_flash_telecom_0090\results.json,,2026-07-09T22:52:17
tau2_full_flash,telecom,telecom,none,[mms_issue]airplane_mode_on|bad_network_preference|bad_wifi_calling|break_apn_mms_setting|break_app_sms_permission|data_mode_off|data_usage_exceeded|user_abroad_roaming_disabled_on[PERSONA:None],telecom_0090,90,11,pending,0,tau2_full_flash_telecom_0090,C:\Users\86132\Desktop\SafeDesk\benchmarks\tau2-bench\data\simulations\tau2_full_flash_telecom_0090\results.json,,2026-07-09T22:52:17
tau2_full_flash,telecom,telecom,none,[mms_issue]airplane_mode_on|bad_network_preference|bad_wifi_calling|break_apn_mms_setting|break_app_storage_permission|data_mode_off|data_usage_exceeded|user_abroad_roaming_disabled_on[PERSONA:Easy],telecom_0090,90,12,pending,0,tau2_full_flash_telecom_0090,C:\Users\86132\Desktop\SafeDesk\benchmarks\tau2-bench\data\simulations\tau2_full_flash_telecom_0090\results.json,,2026-07-09T22:52:17
tau2_full_flash,telecom,telecom,none,[mms_issue]airplane_mode_on|bad_network_preference|bad_wifi_calling|break_apn_mms_setting|break_app_both_permissions|data_mode_off|data_usage_exceeded|user_abroad_roaming_disabled_on[PERSONA:Hard],telecom_0090,90,13,pending,0,tau2_full_flash_telecom_0090,C:\Users\86132\Desktop\SafeDesk\benchmarks\tau2-bench\data\simulations\tau2_full_flash_telecom_0090\results.json,,2026-07-09T22:52:17
tau2_full_flash,telecom,telecom,none,[mms_issue]airplane_mode_on|bad_network_preference|bad_wifi_calling|break_apn_mms_setting|break_app_sms_permission|data_mode_off|data_usage_exceeded|user_abroad_roaming_disabled_off[PERSONA:None],telecom_0090,90,14,pending,0,tau2_full_flash_telecom_0090,C:\Users\86132\Desktop\SafeDesk\benchmarks\tau2-bench\data\simulations\tau2_full_flash_telecom_0090\results.json,,2026-07-09T22:52:17
tau2_full_flash,telecom,telecom,none,[mms_issue]airplane_mode_on|bad_network_preference|bad_wifi_calling|break_apn_mms_setting|break_app_storage_permission|data_mode_off|data_usage_exceeded|user_abroad_roaming_disabled_off[PERSONA:Easy],telecom_0090,90,15,pending,0,tau2_full_flash_telecom_0090,C:\Users\86132\Desktop\SafeDesk\benchmarks\tau2-bench\data\simulations\tau2_full_flash_telecom_0090\results.json,,2026-07-09T22:52:17
tau2_full_flash,telecom,telecom,none,[mms_issue]airplane_mode_on|bad_network_preference|bad_wifi_calling|break_apn_mms_setting|break_app_both_permissions|data_mode_off|data_usage_exceeded|user_abroad_roaming_disabled_off[PERSONA:Hard],telecom_0090,90,16,pending,0,tau2_full_flash_telecom_0090,C:\Users\86132\Desktop\SafeDesk\benchmarks\tau2-bench\data\simulations\tau2_full_flash_telecom_0090\results.json,,2026-07-09T22:52:17
tau2_full_flash,telecom,telecom,none,[mms_issue]bad_network_preference|bad_wifi_calling|break_apn_mms_setting|break_app_sms_permission|data_mode_off|data_usage_exceeded|unseat_sim_card|user_abroad_roaming_enabled_off[PERSONA:None],telecom_0090,90,17,pending,0,tau2_full_flash_telecom_0090,C:\Users\86132\Desktop\SafeDesk\benchmarks\tau2-bench\data\simulations\tau2_full_flash_telecom_0090\results.json,,2026-07-09T22:52:17
tau2_full_flash,telecom,telecom,none,[mms_issue]bad_network_preference|bad_wifi_calling|break_apn_mms_setting|break_app_storage_permission|data_mode_off|data_usage_exceeded|unseat_sim_card|user_abroad_roaming_enabled_off[PERSONA:Easy],telecom_0090,90,18,pending,0,tau2_full_flash_telecom_0090,C:\Users\86132\Desktop\SafeDesk\benchmarks\tau2-bench\data\simulations\tau2_full_flash_telecom_0090\results.json,,2026-07-09T22:52:17
tau2_full_flash,telecom,telecom,none,[mms_issue]bad_network_preference|bad_wifi_calling|break_apn_mms_setting|break_app_both_permissions|data_mode_off|data_usage_exceeded|unseat_sim_card|user_abroad_roaming_enabled_off[PERSONA:Hard],telecom_0090,90,19,pending,0,tau2_full_flash_telecom_0090,C:\Users\86132\Desktop\SafeDesk\benchmarks\tau2-bench\data\simulations\tau2_full_flash_telecom_0090\results.json,,2026-07-09T22:52:17
tau2_full_flash,telecom,telecom,none,[mms_issue]bad_network_preference|bad_wifi_calling|break_apn_mms_setting|break_app_sms_permission|data_mode_off|data_usage_exceeded|unseat_sim_card|user_abroad_roaming_disabled_on[PERSONA:None],telecom_0090,90,20,pending,0,tau2_full_flash_telecom_0090,C:\Users\86132\Desktop\SafeDesk\benchmarks\tau2-bench\data\simulations\tau2_full_flash_telecom_0090\results.json,,2026-07-09T22:52:17
tau2_full_flash,telecom,telecom,none,[mms_issue]bad_network_preference|bad_wifi_calling|break_apn_mms_setting|break_app_storage_permission|data_mode_off|data_usage_exceeded|unseat_sim_card|user_abroad_roaming_disabled_on[PERSONA:Easy],telecom_0090,90,21,pending,0,tau2_full_flash_telecom_0090,C:\Users\86132\Desktop\SafeDesk\benchmarks\tau2-bench\data\simulations\tau2_full_flash_telecom_0090\results.json,,2026-07-09T22:52:17
tau2_full_flash,telecom,telecom,none,[mms_issue]bad_network_preference|bad_wifi_calling|break_apn_mms_setting|break_app_both_permissions|data_mode_off|data_usage_exceeded|unseat_sim_card|user_abroad_roaming_disabled_on[PERSONA:Hard],telecom_0090,90,22,pending,0,tau2_full_flash_telecom_0090,C:\Users\86132\Desktop\SafeDesk\benchmarks\tau2-bench\data\simulations\tau2_full_flash_telecom_0090\results.json,,2026-07-09T22:52:17
tau2_full_flash,telecom,telecom,none,[mms_issue]bad_network_preference|bad_wifi_calling|break_apn_mms_setting|break_app_sms_permission|data_mode_off|data_usage_exceeded|unseat_sim_card|user_abroad_roaming_disabled_off[PERSONA:None],telecom_0090,90,23,pending,0,tau2_full_flash_telecom_0090,C:\Users\86132\Desktop\SafeDesk\benchmarks\tau2-bench\data\simulations\tau2_full_flash_telecom_0090\results.json,,2026-07-09T22:52:17
tau2_full_flash,telecom,telecom,none,[mms_issue]bad_network_preference|bad_wifi_calling|break_apn_mms_setting|break_app_storage_permission|data_mode_off|data_usage_exceeded|unseat_sim_card|user_abroad_roaming_disabled_off[PERSONA:Easy],telecom_0090,90,24,pending,0,tau2_full_flash_telecom_0090,C:\Users\86132\Desktop\SafeDesk\benchmarks\tau2-bench\data\simulations\tau2_full_flash_telecom_0090\results.json,,2026-07-09T22:52:17
tau2_full_flash,telecom,telecom,none,[mms_issue]bad_network_preference|bad_wifi_calling|break_apn_mms_setting|break_app_both_permissions|data_mode_off|data_usage_exceeded|unseat_sim_card|user_abroad_roaming_disabled_off[PERSONA:Hard],telecom_0091,91,0,pending,0,tau2_full_flash_telecom_0091,C:\Users\86132\Desktop\SafeDesk\benchmarks\tau2-bench\data\simulations\tau2_full_flash_telecom_0091\results.json,,2026-07-09T22:52:17
tau2_full_flash,telecom,telecom,none,[mms_issue]airplane_mode_on|bad_network_preference|bad_wifi_calling|break_apn_mms_setting|break_app_sms_permission|data_mode_off|data_usage_exceeded|unseat_sim_card|user_abroad_roaming_enabled_off[PERSONA:None],telecom_0091,91,1,pending,0,tau2_full_flash_telecom_0091,C:\Users\86132\Desktop\SafeDesk\benchmarks\tau2-bench\data\simulations\tau2_full_flash_telecom_0091\results.json,,2026-07-09T22:52:17
tau2_full_flash,telecom,telecom,none,[mms_issue]airplane_mode_on|bad_network_preference|bad_wifi_calling|break_apn_mms_setting|break_app_storage_permission|data_mode_off|data_usage_exceeded|unseat_sim_card|user_abroad_roaming_enabled_off[PERSONA:Easy],telecom_0091,91,2,pending,0,tau2_full_flash_telecom_0091,C:\Users\86132\Desktop\SafeDesk\benchmarks\tau2-bench\data\simulations\tau2_full_flash_telecom_0091\results.json,,2026-07-09T22:52:17
tau2_full_flash,telecom,telecom,none,[mms_issue]airplane_mode_on|bad_network_preference|bad_wifi_calling|break_apn_mms_setting|break_app_both_permissions|data_mode_off|data_usage_exceeded|unseat_sim_card|user_abroad_roaming_enabled_off[PERSONA:Hard],telecom_0091,91,3,pending,0,tau2_full_flash_telecom_0091,C:\Users\86132\Desktop\SafeDesk\benchmarks\tau2-bench\data\simulations\tau2_full_flash_telecom_0091\results.json,,2026-07-09T22:52:17
tau2_full_flash,telecom,telecom,none,[mms_issue]airplane_mode_on|bad_network_preference|bad_wifi_calling|break_apn_mms_setting|break_app_sms_permission|data_mode_off|data_usage_exceeded|unseat_sim_card|user_abroad_roaming_disabled_on[PERSONA:None],telecom_0091,91,4,pending,0,tau2_full_flash_telecom_0091,C:\Users\86132\Desktop\SafeDesk\benchmarks\tau2-bench\data\simulations\tau2_full_flash_telecom_0091\results.json,,2026-07-09T22:52:17
tau2_full_flash,telecom,telecom,none,[mms_issue]airplane_mode_on|bad_network_preference|bad_wifi_calling|break_apn_mms_setting|break_app_storage_permission|data_mode_off|data_usage_exceeded|unseat_sim_card|user_abroad_roaming_disabled_on[PERSONA:Easy],telecom_0091,91,5,pending,0,tau2_full_flash_telecom_0091,C:\Users\86132\Desktop\SafeDesk\benchmarks\tau2-bench\data\simulations\tau2_full_flash_telecom_0091\results.json,,2026-07-09T22:52:17
tau2_full_flash,telecom,telecom,none,[mms_issue]airplane_mode_on|bad_network_preference|bad_wifi_calling|break_apn_mms_setting|break_app_both_permissions|data_mode_off|data_usage_exceeded|unseat_sim_card|user_abroad_roaming_disabled_on[PERSONA:Hard],telecom_0091,91,6,pending,0,tau2_full_flash_telecom_0091,C:\Users\86132\Desktop\SafeDesk\benchmarks\tau2-bench\data\simulations\tau2_full_flash_telecom_0091\results.json,,2026-07-09T22:52:17
tau2_full_flash,telecom,telecom,none,[mms_issue]airplane_mode_on|bad_network_preference|bad_wifi_calling|break_apn_mms_setting|break_app_sms_permission|data_mode_off|data_usage_exceeded|unseat_sim_card|user_abroad_roaming_disabled_off[PERSONA:None],telecom_0091,91,7,pending,0,tau2_full_flash_telecom_0091,C:\Users\86132\Desktop\SafeDesk\benchmarks\tau2-bench\data\simulations\tau2_full_flash_telecom_0091\results.json,,2026-07-09T22:52:17
tau2_full_flash,telecom,telecom,none,[mms_issue]airplane_mode_on|bad_network_preference|bad_wifi_calling|break_apn_mms_setting|break_app_storage_permission|data_mode_off|data_usage_exceeded|unseat_sim_card|user_abroad_roaming_disabled_off[PERSONA:Easy],telecom_0091,91,8,pending,0,tau2_full_flash_telecom_0091,C:\Users\86132\Desktop\SafeDesk\benchmarks\tau2-bench\data\simulations\tau2_full_flash_telecom_0091\results.json,,2026-07-09T22:52:17
tau2_full_flash,telecom,telecom,none,[mms_issue]airplane_mode_on|bad_network_preference|bad_wifi_calling|break_apn_mms_setting|break_app_both_permissions|data_mode_off|data_usage_exceeded|unseat_sim_card|user_abroad_roaming_disabled_off[PERSONA:Hard],telecom_0091,91,9,pending,0,tau2_full_flash_telecom_0091,C:\Users\86132\Desktop\SafeDesk\benchmarks\tau2-bench\data\simulations\tau2_full_flash_telecom_0091\results.json,,2026-07-09T22:52:17
